prompt_id,user_id,model_id,category_id,prompt_length,token_count,response_time_ms,estimated_cost,satisfaction_rating,created_at,prompt_complexity,task_completed,response_quality
1,100,5,8,4640,4000,2635,0.011433,5,2024-04-27 05:09:55,Complex,True,Good
2,12,1,3,934,1136,2446,0.012165,1,2024-01-17 21:12:19,Medium,False,Fair
3,46,2,1,570,949,1492,0.007023,5,2024-12-22 01:10:02,Medium,True,Excellent
4,94,4,3,336,332,2600,0.001758,4,2024-11-14 23:50:13,Simple,True,Good
5,94,5,4,112,146,2818,0.000429,5,2024-07-08 11:48:46,Simple,True,Good
6,39,4,4,981,871,1269,0.004377,2,2024-10-01 23:01:57,Medium,True,Fair
7,2,3,8,599,686,1146,0.00468,3,2024-07-05 09:33:23,Medium,True,Good
8,32,4,3,327,313,3206,0.00153,4,2024-07-29 05:15:16,Simple,True,Good
9,8,3,8,747,687,5926,0.005127,3,2024-10-31 13:23:25,Medium,True,Good
10,30,5,9,3952,3730,2724,0.011005,4,2024-09-26 18:39:18,Complex,True,Good
11,7,5,6,491,743,4995,0.002082,5,2024-02-19 00:40:47,Medium,True,Good
12,72,5,5,171,182,901,0.000587,5,2024-10-11 00:01:53,Simple,True,Good
13,89,2,2,374,547,2285,0.004428,5,2024-02-27 06:15:15,Medium,True,Excellent
14,62,3,8,480,676,2019,0.004435,4,2024-01-24 03:09:43,Medium,True,Good
15,22,1,6,997,1059,1888,0.00991,1,2024-01-15 13:11:53,Medium,False,Fair
16,20,2,5,1092,941,2203,0.007729,5,2024-06-08 00:14:47,Medium,True,Excellent
17,32,3,4,291,424,1150,0.003221,3,2024-11-27 12:17:10,Simple,False,Good
18,90,3,7,228,310,2418,0.002084,5,2024-06-12 23:38:31,Simple,True,Good
19,21,1,3,457,554,5659,0.005571,5,2024-03-11 03:21:41,Medium,True,Excellent
20,33,4,4,637,711,5990,0.00361,2,2024-12-15 18:20:53,Medium,True,Fair
21,88,1,7,234,300,2034,0.003071,4,2024-01-24 16:28:01,Simple,True,Excellent
22,91,5,6,175,271,1808,0.00076,5,2024-09-18 02:44:28,Simple,True,Good
23,40,2,1,1414,1234,1645,0.009647,5,2024-11-05 00:35:20,Medium,True,Excellent
24,83,4,9,599,588,2670,0.002782,4,2024-06-29 12:44:30,Medium,True,Good
25,98,3,4,3066,2720,1253,0.018357,4,2024-09-29 09:07:22,Complex,True,Good
26,5,4,6,220,354,1468,0.001619,3,2024-01-27 20:34:21,Simple,True,Good
27,8,4,2,551,667,1356,0.00315,5,2024-07-27 09:39:18,Medium,True,Good
28,26,5,3,807,889,3343,0.002543,5,2024-10-02 21:56:48,Medium,True,Good
29,19,5,6,193,314,5528,0.000882,4,2024-04-19 18:28:22,Simple,True,Good
30,48,2,6,231,272,2607,0.00218,5,2024-01-24 20:22:14,Simple,True,Excellent
31,4,3,5,943,788,6313,0.00518,5,2024-01-29 22:07:10,Medium,False,Good
32,88,1,5,362,462,2076,0.004411,3,2024-04-03 16:12:00,Simple,True,Good
33,90,5,1,584,969,3364,0.002984,4,2024-10-21 15:11:01,Medium,True,Good
34,13,4,7,489,588,5790,0.003204,4,2024-02-12 00:00:39,Medium,True,Good
35,34,5,5,261,297,1158,0.000931,4,2024-03-28 12:16:58,Simple,True,Good
36,63,1,3,446,686,1164,0.00726,5,2024-03-14 12:23:47,Medium,True,Excellent
37,96,4,7,147,228,4400,0.001063,3,2024-09-21 12:14:37,Simple,False,Good
38,21,2,2,1193,1179,500,0.009652,4,2024-11-19 23:28:31,Medium,True,Excellent
39,93,3,3,1421,1205,3697,0.008829,2,2024-03-06 17:47:25,Medium,True,Fair
40,54,1,9,326,289,3927,0.002719,3,2024-05-31 11:13:54,Simple,True,Good
41,20,2,7,178,215,1344,0.00183,4,2024-11-30 22:18:01,Simple,True,Excellent
42,11,5,2,331,537,2419,0.001498,4,2024-09-13 08:37:45,Medium,True,Good
43,21,5,5,743,792,2065,0.002355,2,2024-06-24 02:30:06,Medium,True,Fair
44,24,2,4,209,330,4560,0.00286,4,2024-01-03 11:01:04,Simple,True,Excellent
45,17,2,5,767,959,1309,0.007645,2,2024-08-25 13:56:46,Medium,True,Fair
46,97,4,4,448,404,4206,0.001999,5,2024-09-28 07:57:34,Simple,False,Good
47,47,2,2,745,943,1050,0.007058,4,2024-03-11 03:47:53,Medium,True,Excellent
48,36,1,2,506,457,3350,0.004223,2,2024-08-31 13:21:21,Simple,False,Fair
49,92,3,7,148,151,1074,0.001084,5,2024-02-20 00:42:43,Simple,False,Good
50,84,1,9,894,996,867,0.010244,5,2024-07-08 20:20:50,Medium,True,Excellent
51,43,3,3,2015,1853,925,0.013173,4,2024-08-08 13:59:25,Medium,True,Good
52,19,4,3,194,228,814,0.001195,4,2024-11-12 20:24:55,Simple,True,Good
53,30,1,4,439,619,1412,0.006165,4,2024-02-13 12:46:57,Medium,True,Excellent
54,59,3,5,268,350,1931,0.002411,4,2024-09-23 06:28:46,Simple,True,Good
55,44,5,1,242,342,2105,0.000971,4,2024-09-26 02:43:38,Simple,True,Good
56,100,4,9,669,948,2242,0.00488,5,2024-04-02 02:25:39,Medium,True,Good
57,99,1,9,172,282,3107,0.003011,4,2024-07-20 16:16:06,Simple,True,Excellent
58,92,3,2,800,674,2980,0.005046,4,2024-02-23 23:52:16,Medium,True,Good
59,86,4,9,1291,1191,1432,0.006174,5,2024-01-26 17:42:48,Medium,False,Good
60,71,3,2,1071,1041,1181,0.007393,5,2024-12-09 18:14:05,Medium,True,Good
61,64,2,2,1087,907,683,0.007056,5,2024-07-10 07:03:52,Medium,True,Excellent
62,9,4,4,1034,967,1836,0.005252,4,2024-12-10 12:38:49,Medium,True,Good
63,36,5,9,220,185,2209,0.00057,4,2024-09-03 07:39:00,Simple,True,Good
64,44,4,3,486,414,6442,0.002142,3,2024-12-02 07:32:14,Simple,False,Good
65,49,4,9,749,691,7199,0.003174,3,2024-12-03 10:59:09,Medium,True,Good
66,48,2,8,1071,1002,1077,0.007426,5,2024-02-17 11:11:25,Medium,True,Excellent
67,40,5,3,804,745,2092,0.002263,5,2024-08-01 06:00:36,Medium,False,Good
68,70,4,7,1307,1102,708,0.005297,4,2024-01-18 03:31:04,Medium,True,Good
69,61,2,1,415,504,1278,0.004127,5,2024-06-25 19:51:45,Medium,True,Excellent
70,33,3,5,618,710,2039,0.005179,5,2024-11-15 16:05:44,Medium,False,Good
71,8,3,9,696,757,2709,0.005168,5,2024-05-22 12:29:05,Medium,True,Good
72,22,4,9,477,532,2887,0.002652,5,2024-10-05 05:25:12,Medium,False,Good
73,94,4,9,297,460,1414,0.002393,1,2024-03-28 00:05:31,Simple,False,Fair
74,62,3,4,818,765,2034,0.004882,4,2024-04-04 01:52:25,Medium,True,Good
75,81,4,5,226,302,6897,0.001537,5,2024-12-23 01:55:56,Simple,True,Good
76,47,2,1,286,304,725,0.002567,4,2024-01-27 07:13:20,Simple,True,Excellent
77,53,4,8,1349,1330,2482,0.007144,4,2024-03-21 00:40:13,Medium,True,Good
78,79,1,3,809,792,1238,0.007983,3,2024-03-18 02:16:34,Medium,True,Good
79,38,2,7,159,226,1585,0.001776,4,2024-09-02 07:45:32,Simple,False,Excellent
80,20,4,8,655,582,1821,0.002804,5,2024-03-05 18:21:42,Medium,True,Good
81,83,3,5,489,642,3806,0.004482,3,2024-10-21 03:27:49,Medium,True,Good
82,69,2,8,237,279,575,0.002192,2,2024-12-21 06:30:54,Simple,True,Fair
83,48,3,8,388,461,665,0.003049,3,2024-01-07 18:28:14,Simple,True,Good
84,79,2,6,64,88,4507,0.000747,5,2024-10-14 13:01:53,Simple,True,Excellent
85,74,5,4,650,681,1241,0.001867,3,2024-10-07 21:04:23,Medium,True,Good
86,97,5,4,318,457,5146,0.001269,4,2024-05-17 01:40:49,Simple,True,Good
87,42,1,6,872,1327,3098,0.012903,4,2024-07-17 18:40:56,Medium,True,Excellent
88,93,4,3,651,758,955,0.003932,4,2024-01-07 16:05:09,Medium,False,Good
89,37,4,6,594,551,1025,0.002772,4,2024-03-19 23:04:12,Medium,True,Good
90,59,1,8,1636,2491,965,0.023281,4,2024-05-20 01:05:18,Complex,True,Excellent
91,6,5,3,191,241,678,0.000715,3,2024-10-04 11:43:19,Simple,True,Good
92,76,1,2,652,1055,664,0.011569,4,2024-11-29 10:07:03,Medium,True,Excellent
93,53,1,7,678,921,2147,0.010085,5,2024-04-05 12:18:02,Medium,True,Excellent
94,54,1,2,417,521,8073,0.005432,3,2024-01-31 16:26:08,Medium,True,Good
95,31,5,1,419,410,2435,0.001233,3,2024-01-05 11:55:11,Simple,True,Good
96,70,3,4,195,253,1119,0.001941,5,2024-08-30 01:33:13,Simple,True,Good
97,30,5,2,859,1020,1137,0.002761,3,2024-03-17 04:37:46,Medium,True,Good
98,12,4,9,357,587,2732,0.002868,4,2024-04-09 19:04:00,Medium,True,Good
99,29,1,7,562,637,1409,0.00692,4,2024-06-03 07:22:44,Medium,False,Excellent
100,89,3,9,503,624,508,0.004376,4,2024-11-30 03:48:50,Medium,True,Good
101,11,2,7,588,494,3420,0.003558,3,2024-03-28 15:19:51,Simple,True,Good
102,45,4,4,1902,2051,2744,0.00946,3,2024-01-03 07:55:22,Complex,False,Good
103,45,4,9,668,670,1999,0.003168,3,2024-09-26 04:36:11,Medium,False,Good
104,40,2,8,236,352,3220,0.002754,4,2024-04-25 07:16:09,Simple,True,Excellent
105,20,1,8,1280,1132,1309,0.01044,2,2024-01-07 10:07:15,Medium,True,Fair
106,7,3,6,152,203,2347,0.001498,3,2024-12-03 12:55:26,Simple,True,Good
107,15,5,7,1036,1453,1381,0.004748,5,2024-04-09 09:52:25,Medium,True,Good
108,43,1,4,814,725,2315,0.00773,5,2024-10-04 22:15:06,Medium,True,Excellent
109,33,1,7,1303,1202,2460,0.01115,5,2024-06-06 16:13:29,Medium,True,Excellent
110,7,2,8,342,314,3005,0.002431,4,2024-04-17 20:25:16,Simple,False,Excellent
111,66,5,8,442,488,1839,0.001596,3,2024-11-07 13:02:57,Simple,False,Good
112,13,4,4,1219,1121,599,0.005362,4,2024-10-07 22:30:42,Medium,False,Good
113,56,3,9,1143,1101,947,0.007485,3,2024-11-01 06:58:57,Medium,False,Good
114,87,5,4,329,400,3734,0.001136,5,2024-07-09 18:43:07,Simple,True,Good
115,32,3,3,1280,1395,1105,0.010285,4,2024-06-17 00:42:03,Medium,True,Good
116,22,5,1,326,292,724,0.000911,5,2024-09-23 18:59:24,Simple,True,Good
117,7,3,2,228,330,4730,0.002167,3,2024-10-08 21:28:13,Simple,True,Good
118,78,5,8,438,685,995,0.001866,4,2024-10-03 07:56:06,Medium,True,Good
119,85,1,6,636,548,811,0.005517,4,2024-12-19 18:31:37,Medium,True,Excellent
120,45,2,3,584,565,2749,0.004427,2,2024-03-13 17:33:25,Medium,True,Fair
121,25,5,9,135,224,3048,0.000666,4,2024-12-22 05:44:25,Simple,False,Good
122,36,2,1,2097,1826,3158,0.01436,1,2024-10-23 21:58:25,Medium,False,Fair
123,12,1,6,345,409,3181,0.003944,4,2024-07-19 04:01:39,Simple,True,Excellent
124,67,5,7,290,304,960,0.000873,5,2024-07-29 09:29:47,Simple,True,Good
125,1,3,2,3228,2740,845,0.017461,5,2024-12-14 16:24:08,Complex,False,Good
126,40,2,3,259,343,1552,0.002873,4,2024-01-15 12:11:24,Simple,True,Excellent
127,100,4,8,638,641,3995,0.003446,5,2024-02-14 10:58:48,Medium,False,Good
128,12,1,7,862,1049,4088,0.011033,4,2024-08-09 23:47:05,Medium,True,Excellent
129,72,1,7,1093,1033,2157,0.010129,4,2024-02-20 10:12:43,Medium,True,Excellent
130,31,4,5,252,227,1975,0.001073,3,2024-08-09 22:38:27,Simple,True,Good
131,34,2,4,371,361,1173,0.002653,5,2024-01-16 03:18:08,Simple,True,Excellent
132,67,2,6,374,492,6338,0.003974,3,2024-12-14 23:30:11,Simple,False,Good
133,38,1,9,1300,1215,3358,0.013298,4,2024-06-30 12:04:53,Medium,True,Excellent
134,90,3,7,173,282,1807,0.002043,5,2024-11-12 06:47:22,Simple,False,Good
135,31,3,2,452,515,2155,0.003406,3,2024-06-16 02:27:05,Medium,True,Good
136,61,3,7,1265,1079,1661,0.007531,3,2024-10-16 03:47:39,Medium,False,Good
137,52,4,2,772,654,2695,0.003525,4,2024-03-31 20:23:04,Medium,True,Good
138,33,3,7,578,800,2935,0.005141,4,2024-06-03 01:51:02,Medium,True,Good
139,97,4,5,95,88,1001,0.000417,2,2024-02-26 07:12:51,Simple,True,Fair
140,77,4,2,411,539,984,0.00252,4,2024-03-29 03:40:40,Medium,True,Good
141,38,3,1,209,281,500,0.002145,2,2024-09-25 09:53:36,Simple,True,Fair
142,47,3,5,905,955,1480,0.006782,5,2024-01-02 13:51:45,Medium,True,Good
143,52,1,2,362,314,5062,0.002969,4,2024-08-30 14:17:27,Simple,True,Excellent
144,83,4,1,395,433,3029,0.002192,3,2024-06-13 15:00:43,Simple,True,Good
145,24,1,7,524,707,2620,0.006904,1,2024-11-24 10:31:05,Medium,True,Fair
146,45,5,2,144,143,1636,0.000437,4,2024-05-10 13:42:15,Simple,True,Good
147,97,5,9,378,440,2728,0.001203,3,2024-07-14 20:45:44,Simple,True,Good
148,91,4,6,4045,4000,4510,0.019349,2,2024-06-04 10:49:16,Complex,True,Fair
149,63,5,3,1436,1484,744,0.004406,3,2024-08-16 23:15:54,Medium,True,Good
150,12,5,6,825,699,1565,0.002052,4,2024-03-08 08:17:38,Medium,True,Good
151,89,3,4,184,222,2192,0.001415,4,2024-04-03 01:20:36,Simple,True,Good
152,56,3,3,1380,1218,2203,0.008436,2,2024-06-09 00:56:42,Medium,True,Fair
153,76,4,8,703,1146,4062,0.005891,3,2024-10-13 13:24:13,Medium,False,Good
154,56,5,8,335,461,5844,0.001294,4,2024-01-26 13:39:36,Simple,True,Good
155,80,1,2,345,330,1582,0.003171,4,2024-02-22 02:06:35,Simple,True,Excellent
156,85,5,9,348,580,1389,0.001612,4,2024-06-07 01:20:35,Medium,True,Good
157,2,3,7,156,210,3411,0.00141,4,2024-06-05 22:43:35,Simple,False,Good
158,38,1,2,1626,2204,2443,0.022134,5,2024-07-25 21:26:44,Complex,True,Excellent
159,31,5,6,733,652,1449,0.002144,4,2024-09-27 12:29:16,Medium,True,Good
160,20,3,6,532,830,2569,0.005835,2,2024-08-31 00:42:28,Medium,True,Fair
161,5,3,6,570,529,1258,0.003473,4,2024-03-21 10:32:51,Medium,True,Good
162,96,4,4,105,100,1773,0.000494,3,2024-02-09 15:31:45,Simple,True,Good
163,45,2,7,1919,1611,1875,0.012613,3,2024-05-26 21:31:03,Medium,False,Good
164,11,3,7,149,204,1104,0.001363,1,2024-12-01 06:37:13,Simple,True,Fair
165,17,4,3,184,196,522,0.000973,2,2024-12-03 06:53:40,Simple,True,Fair
166,46,5,1,1534,1731,2007,0.005711,5,2024-03-09 05:16:21,Medium,True,Good
167,56,2,9,903,832,500,0.006259,1,2024-07-30 23:15:00,Medium,False,Fair
168,14,4,8,589,880,2748,0.004224,4,2024-11-20 04:47:57,Medium,True,Good
169,95,4,4,1642,1446,963,0.007143,5,2024-09-19 05:14:00,Medium,True,Good
170,53,5,6,174,245,3889,0.000767,5,2024-10-31 22:09:47,Simple,True,Good
171,62,3,7,1046,945,1512,0.006515,2,2024-03-09 04:14:18,Medium,False,Fair
172,87,5,4,911,1021,5191,0.003009,2,2024-12-25 20:54:59,Medium,False,Fair
173,1,4,1,696,746,2484,0.004072,5,2024-02-29 00:40:47,Medium,True,Good
174,15,1,3,1238,1162,2829,0.011911,5,2024-10-11 19:31:22,Medium,True,Excellent
175,82,1,7,504,545,1903,0.00592,3,2024-02-19 18:35:20,Medium,True,Good
176,54,5,5,175,160,821,0.000498,5,2024-05-13 07:57:16,Simple,False,Good
177,39,1,7,2583,3717,1251,0.039395,5,2024-11-08 10:52:41,Complex,True,Excellent
178,82,4,8,181,181,4064,0.000913,4,2024-11-26 21:57:40,Simple,True,Good
179,4,5,5,1384,2120,822,0.006943,3,2024-04-22 18:20:39,Complex,True,Good
180,47,2,9,674,616,1584,0.005142,5,2024-02-09 20:24:24,Medium,True,Excellent
181,86,1,6,401,484,1090,0.004719,5,2024-05-12 04:26:17,Simple,True,Excellent
182,4,3,2,396,336,1344,0.002508,2,2024-03-18 11:49:46,Simple,True,Fair
183,30,5,5,879,886,1612,0.002405,5,2024-02-02 14:13:02,Medium,True,Good
184,32,5,2,623,707,1984,0.001965,5,2024-08-01 22:10:03,Medium,True,Good
185,23,2,8,572,524,1222,0.004144,2,2024-01-13 16:21:15,Medium,True,Fair
186,58,3,4,269,330,1445,0.002334,4,2024-02-18 09:49:48,Simple,False,Good
187,11,3,7,411,595,765,0.004023,3,2024-01-05 00:59:08,Medium,False,Good
188,31,5,4,370,347,3257,0.001108,5,2024-12-13 09:12:15,Simple,True,Good
189,86,4,4,391,339,1945,0.001764,4,2024-10-17 15:39:07,Simple,True,Good
190,32,2,3,139,221,3851,0.001617,4,2024-09-21 05:26:47,Simple,True,Excellent
191,42,5,8,1221,1550,2109,0.004889,4,2024-11-11 16:04:44,Medium,False,Good
192,4,4,7,774,657,2391,0.003056,5,2024-12-18 11:39:34,Medium,True,Good
193,11,4,7,437,547,1180,0.002688,3,2024-09-26 14:05:29,Medium,True,Good
194,3,3,7,879,1101,1169,0.007004,2,2024-10-13 21:36:34,Medium,True,Fair
195,19,2,7,775,806,3881,0.006282,4,2024-05-21 04:19:50,Medium,True,Excellent
196,63,2,3,308,260,1657,0.002207,5,2024-11-03 15:25:47,Simple,True,Excellent
197,40,3,8,371,607,500,0.004297,2,2024-10-08 22:23:47,Medium,False,Fair
198,60,4,9,490,425,1887,0.002028,4,2024-01-18 15:50:39,Simple,False,Good
199,37,4,4,285,243,3296,0.001204,5,2024-12-17 10:09:35,Simple,True,Good
200,30,5,3,2166,1935,4394,0.005861,3,2024-12-20 20:03:58,Medium,False,Good
201,86,5,6,3074,2590,1517,0.007409,5,2024-04-16 16:31:54,Complex,True,Good
202,92,4,5,1441,1385,2218,0.006655,5,2024-06-19 03:01:35,Medium,True,Good
203,34,1,9,226,253,1025,0.002705,5,2024-12-02 02:48:29,Simple,True,Excellent
204,25,3,4,362,454,621,0.003008,2,2024-09-30 15:22:56,Simple,True,Fair
205,6,2,4,580,592,1842,0.004914,4,2024-11-05 02:27:51,Medium,True,Excellent
206,69,5,7,3116,4000,2171,0.011819,4,2024-11-04 18:52:08,Complex,True,Good
207,30,1,8,1495,1588,2528,0.015747,2,2024-01-23 01:43:13,Medium,True,Fair
208,30,4,4,399,372,1010,0.002033,4,2024-09-16 05:54:13,Simple,True,Good
209,67,5,5,283,402,1478,0.00111,5,2024-09-13 16:43:47,Simple,True,Good
210,46,5,6,1557,1361,3829,0.003956,3,2024-12-13 12:15:43,Medium,True,Good
211,40,4,4,427,457,1558,0.002509,5,2024-04-20 13:33:20,Simple,True,Good
212,56,3,9,353,344,1613,0.002191,2,2024-02-18 06:50:30,Simple,True,Fair
213,88,5,7,719,730,1297,0.002332,4,2024-06-04 19:18:41,Medium,True,Good
214,54,2,3,731,664,1232,0.005751,3,2024-10-07 18:50:51,Medium,True,Good
215,51,4,9,1449,1549,2075,0.007637,4,2024-01-05 00:39:39,Medium,True,Good
216,29,5,8,475,403,4247,0.001186,4,2024-09-04 07:22:57,Simple,False,Good
217,46,4,9,179,176,1671,0.000919,2,2024-07-03 09:35:51,Simple,True,Fair
218,100,4,7,2086,1782,3810,0.009285,3,2024-08-26 07:27:27,Medium,True,Good
219,33,5,5,727,1057,1768,0.002946,5,2024-09-30 06:49:52,Medium,False,Good
220,41,2,4,1374,1243,2821,0.009486,2,2024-11-28 03:05:44,Medium,True,Fair
221,5,2,9,837,1299,977,0.011095,4,2024-06-19 21:22:15,Medium,True,Excellent
222,100,4,2,1305,1329,1042,0.005999,3,2024-05-13 19:11:59,Medium,False,Good
223,2,5,9,282,243,1798,0.000695,5,2024-04-13 06:53:16,Simple,True,Good
224,44,5,8,580,572,3926,0.001609,4,2024-08-16 03:49:09,Medium,False,Good
225,75,2,2,495,518,2197,0.004065,5,2024-11-28 22:08:20,Medium,True,Excellent
226,39,5,7,279,294,857,0.000835,3,2024-02-13 14:26:53,Simple,False,Good
227,16,5,2,517,465,2574,0.001336,2,2024-10-12 01:18:14,Simple,True,Fair
228,4,2,7,3822,3765,954,0.032557,2,2024-12-10 13:26:02,Complex,True,Fair
229,50,3,4,1826,2161,1521,0.014401,4,2024-12-26 01:14:04,Complex,True,Good
230,94,5,1,1558,1639,740,0.005044,4,2024-12-02 10:49:16,Medium,True,Good
231,62,2,7,591,724,1991,0.005235,1,2024-08-23 07:42:15,Medium,True,Fair
232,71,1,9,343,438,1531,0.004043,3,2024-08-26 23:16:13,Simple,False,Good
233,12,2,4,538,601,1955,0.004808,4,2024-02-16 23:20:12,Medium,True,Excellent
234,46,1,8,169,158,845,0.001656,5,2024-12-04 05:07:58,Simple,False,Excellent
235,30,1,5,383,322,500,0.003227,4,2024-02-08 06:22:09,Simple,True,Excellent
236,24,1,7,246,228,2828,0.002436,2,2024-01-14 11:04:10,Simple,True,Fair
237,98,5,3,708,746,1031,0.002281,4,2024-04-17 23:49:44,Medium,True,Good
238,18,5,5,929,1163,1799,0.003504,4,2024-04-16 13:03:55,Medium,True,Good
239,64,3,1,191,310,2632,0.002386,3,2024-11-24 06:46:45,Simple,True,Good
240,47,2,9,1771,1536,1459,0.011885,5,2024-01-08 19:45:47,Medium,True,Excellent
241,7,5,3,704,1009,2155,0.002977,3,2024-09-12 17:47:59,Medium,False,Good
242,78,4,1,819,755,848,0.003626,1,2024-12-29 21:43:02,Medium,True,Fair
243,71,1,2,220,229,921,0.00207,1,2024-06-08 16:36:40,Simple,True,Fair
244,42,5,1,772,749,1735,0.002138,3,2024-05-30 20:08:03,Medium,False,Good
245,96,3,2,358,527,3932,0.003605,4,2024-06-23 02:19:50,Medium,True,Good
246,37,3,1,2001,1764,580,0.011559,4,2024-07-05 21:24:20,Medium,False,Good
247,7,4,4,134,133,1366,0.000703,3,2024-04-12 20:08:56,Simple,True,Good
248,64,3,1,571,819,2561,0.006253,5,2024-02-08 12:23:27,Medium,True,Good
249,77,2,1,486,497,501,0.003918,3,2024-10-19 02:15:43,Simple,False,Good
250,23,1,5,2682,2263,1189,0.020936,2,2024-09-01 02:37:14,Complex,False,Fair
251,94,2,7,659,773,1830,0.005876,4,2024-05-13 05:28:13,Medium,True,Excellent
252,53,1,6,561,476,3539,0.004808,3,2024-10-04 10:02:50,Simple,True,Good
253,52,2,8,911,1464,792,0.011414,4,2024-02-27 14:22:03,Medium,True,Excellent
254,38,5,5,63,98,1215,0.000316,4,2024-11-01 22:17:48,Simple,True,Good
255,5,3,4,617,765,2136,0.005746,4,2024-01-11 23:21:36,Medium,True,Good
256,74,3,1,637,773,3571,0.005014,4,2024-06-24 02:50:31,Medium,False,Good
257,42,3,3,1298,1233,1386,0.009041,4,2024-01-12 07:44:31,Medium,True,Good
258,31,3,1,240,226,1140,0.001634,4,2024-05-28 12:28:39,Simple,False,Good
259,85,5,9,1488,1389,1177,0.004223,5,2024-10-13 10:37:05,Medium,True,Good
260,59,4,9,1220,1339,2717,0.006296,5,2024-09-27 15:21:09,Medium,False,Good
261,2,1,5,2110,2760,1796,0.025319,4,2024-01-19 20:37:15,Complex,True,Excellent
262,69,3,1,93,117,6077,0.000856,3,2024-10-26 04:30:11,Simple,True,Good
263,56,4,1,419,616,1677,0.003133,1,2024-10-24 15:46:10,Medium,True,Fair
264,79,5,3,1914,1648,1466,0.005284,4,2024-08-09 14:22:51,Medium,True,Good
265,42,3,2,281,283,1462,0.001931,3,2024-04-21 02:58:03,Simple,True,Good
266,37,1,4,693,903,1428,0.008993,4,2024-06-10 12:49:54,Medium,True,Excellent
267,88,3,9,1552,2161,1007,0.014563,5,2024-08-25 03:01:57,Complex,True,Good
268,24,5,2,211,347,788,0.001039,3,2024-11-08 22:58:35,Simple,True,Good
269,18,4,1,2556,2308,5127,0.012144,4,2024-08-23 16:15:33,Complex,True,Good
270,7,3,5,563,486,1059,0.003237,4,2024-04-26 07:12:28,Simple,True,Good
271,51,4,7,119,171,4327,0.00092,3,2024-06-03 00:34:56,Simple,True,Good
272,81,1,6,860,934,2664,0.008559,3,2024-02-16 19:19:05,Medium,True,Good
273,64,1,4,533,461,3747,0.004992,4,2024-12-19 06:26:05,Simple,True,Excellent
274,98,4,5,398,612,878,0.003092,5,2024-11-19 11:39:29,Medium,False,Good
275,75,3,3,336,316,2117,0.002358,4,2024-03-06 21:44:58,Simple,False,Good
276,93,5,2,250,228,2482,0.000713,3,2024-08-12 00:25:02,Simple,True,Good
277,65,3,8,354,307,1352,0.002248,5,2024-04-28 23:41:18,Simple,True,Good
278,89,3,8,417,411,1478,0.002823,4,2024-07-22 10:41:17,Simple,True,Good
279,27,3,4,750,867,808,0.005659,5,2024-02-27 21:07:06,Medium,True,Good
280,92,1,4,397,373,778,0.003591,3,2024-01-14 10:12:06,Simple,True,Good
281,65,1,9,283,415,977,0.003747,4,2024-10-30 00:20:07,Simple,True,Excellent
282,40,2,2,602,659,2358,0.005214,2,2024-04-30 20:52:28,Medium,True,Fair
283,96,4,8,1563,2333,1345,0.011587,4,2024-12-12 01:20:20,Complex,True,Good
284,73,5,1,1204,1535,1291,0.0045,2,2024-06-10 22:06:55,Medium,True,Fair
285,26,3,5,248,370,2628,0.002536,4,2024-07-28 02:58:45,Simple,True,Good
286,6,4,3,1377,1224,3480,0.006596,5,2024-05-28 02:24:11,Medium,False,Good
287,67,2,5,602,860,1971,0.00668,2,2024-06-25 11:07:44,Medium,True,Fair
288,8,2,3,1998,2077,1345,0.017846,2,2024-05-29 21:29:26,Complex,True,Fair
289,65,4,6,248,328,1225,0.00168,5,2024-07-20 19:24:40,Simple,False,Good
290,36,1,8,173,240,1195,0.002291,3,2024-07-31 06:13:18,Simple,True,Good
291,38,5,8,1695,1833,676,0.00558,3,2024-05-22 11:37:21,Medium,True,Good
292,18,2,4,1256,2054,706,0.016818,3,2024-11-24 01:35:42,Complex,True,Good
293,58,1,7,1394,1271,500,0.012609,3,2024-05-11 02:45:48,Medium,True,Good
294,53,2,8,1618,2046,1186,0.016789,4,2024-10-02 05:01:20,Complex,False,Excellent
295,47,3,9,569,687,1716,0.005208,4,2024-08-09 01:42:05,Medium,False,Good
296,85,1,6,523,470,4576,0.004742,3,2024-09-10 07:32:45,Simple,True,Good
297,83,1,6,1221,1273,1743,0.011915,5,2024-10-05 00:32:22,Medium,True,Excellent
298,72,2,8,965,837,3198,0.006941,4,2024-06-09 08:07:13,Medium,True,Excellent
299,95,2,9,520,485,3032,0.003926,4,2024-08-10 03:23:11,Simple,False,Excellent
300,31,4,2,1467,1266,1261,0.006307,4,2024-03-18 14:04:04,Medium,True,Good
301,87,2,9,266,267,2216,0.002326,4,2024-08-30 06:21:08,Simple,True,Excellent
302,66,5,7,374,321,2344,0.000895,4,2024-07-01 11:59:32,Simple,False,Good
303,28,5,2,399,494,3323,0.001535,3,2024-08-19 05:05:27,Simple,True,Good
304,77,4,6,1153,1143,6446,0.005635,2,2024-11-15 03:43:27,Medium,False,Fair
305,54,1,2,980,1457,2495,0.014365,3,2024-02-25 02:21:29,Medium,True,Good
306,20,4,5,451,391,980,0.001824,5,2024-10-11 16:27:00,Simple,True,Good
307,10,2,4,774,874,4014,0.007304,3,2024-12-27 10:01:40,Medium,True,Good
308,65,4,6,706,1126,1672,0.005971,4,2024-12-29 08:48:35,Medium,True,Good
309,86,3,9,409,407,3642,0.002798,5,2024-02-18 03:15:41,Simple,False,Good
310,91,1,9,554,722,618,0.007687,3,2024-07-11 16:38:27,Medium,False,Good
311,65,5,6,1237,1784,500,0.005147,5,2024-12-14 01:50:22,Medium,True,Good
312,83,2,9,369,348,1416,0.002639,3,2024-03-28 09:56:48,Simple,True,Good
313,87,3,9,773,922,1306,0.007047,2,2024-05-21 12:50:57,Medium,True,Fair
314,43,4,6,357,370,1774,0.001918,5,2024-09-25 09:18:47,Simple,True,Good
315,41,4,5,828,1347,1480,0.007258,3,2024-09-21 17:55:34,Medium,True,Good
316,40,3,2,1836,2657,2129,0.016803,4,2024-03-08 02:15:29,Complex,False,Good
317,10,5,7,264,424,1398,0.001342,3,2024-08-03 12:44:46,Simple,True,Good
318,99,2,1,345,377,2700,0.002717,3,2024-07-21 02:44:39,Simple,False,Good
319,97,3,2,450,491,1639,0.003446,4,2024-08-23 09:03:04,Simple,True,Good
320,66,2,2,327,386,5400,0.003248,3,2024-04-22 11:46:14,Simple,True,Good
321,38,5,4,117,157,1476,0.000446,5,2024-02-02 02:22:43,Simple,True,Good
322,96,4,3,926,790,2193,0.004094,5,2024-04-13 07:18:53,Medium,False,Good
323,92,2,8,711,619,2849,0.005184,5,2024-01-22 12:47:28,Medium,True,Excellent
324,61,2,9,640,718,1603,0.006303,4,2024-03-02 06:55:37,Medium,True,Excellent
325,78,4,4,318,290,2215,0.001389,5,2024-05-21 00:14:31,Simple,False,Good
326,63,5,8,250,279,535,0.00079,2,2024-07-13 15:21:02,Simple,False,Fair
327,87,2,7,846,1184,1541,0.00956,4,2024-09-02 22:59:13,Medium,True,Excellent
328,54,5,7,256,427,1606,0.001338,4,2024-12-11 03:53:24,Simple,False,Good
329,17,4,2,354,546,1491,0.002675,5,2024-12-19 14:59:14,Medium,True,Good
330,82,4,3,411,528,2091,0.002757,2,2024-06-20 14:59:02,Medium,False,Fair
331,45,4,1,329,548,2490,0.002874,5,2024-05-24 13:59:05,Medium,True,Good
332,79,4,9,3869,3471,3292,0.018222,4,2024-06-06 00:05:57,Complex,True,Good
333,25,4,1,561,844,1933,0.004407,4,2024-01-14 14:39:53,Medium,True,Good
334,93,3,7,804,788,2938,0.005789,3,2024-03-29 12:03:08,Medium,True,Good
335,23,2,6,733,831,3703,0.006515,4,2024-02-09 23:12:12,Medium,True,Excellent
336,40,2,6,1369,1297,1614,0.01012,3,2024-01-19 10:08:26,Medium,True,Good
337,9,1,1,451,434,2446,0.004648,1,2024-11-06 19:08:52,Simple,True,Fair
338,25,1,3,2245,1962,948,0.018063,3,2024-11-07 04:02:03,Medium,False,Good
339,57,4,9,554,829,1756,0.003871,1,2024-12-03 13:14:35,Medium,True,Fair
340,3,4,5,539,543,1586,0.002515,4,2024-08-23 08:56:26,Medium,True,Good
341,56,4,8,1868,1809,3464,0.008465,2,2024-01-25 09:21:09,Medium,True,Fair
342,82,4,3,414,674,1334,0.003485,4,2024-11-02 13:59:00,Medium,True,Good
343,49,3,1,821,1156,2250,0.008399,4,2024-06-15 14:03:16,Medium,True,Good
344,6,5,2,338,446,1417,0.001279,5,2024-06-23 06:02:51,Simple,True,Good
345,19,4,8,485,726,669,0.003826,4,2024-04-08 05:21:45,Medium,True,Good
346,58,4,6,422,543,1531,0.002778,4,2024-04-12 15:49:02,Medium,True,Good
347,5,5,8,279,405,2757,0.001132,5,2024-12-16 14:49:51,Simple,True,Good
348,30,5,2,361,354,2087,0.001125,4,2024-12-14 20:09:05,Simple,True,Good
349,35,2,6,530,459,1429,0.003609,5,2024-10-01 17:28:47,Simple,True,Excellent
350,93,3,9,479,427,10083,0.003134,5,2024-07-15 13:43:08,Simple,True,Good
351,34,4,6,417,646,1098,0.003357,4,2024-12-03 09:28:00,Medium,True,Good
352,95,1,6,221,195,744,0.001758,4,2024-08-23 10:03:50,Simple,True,Excellent
353,34,5,5,336,301,1352,0.000849,4,2024-06-19 03:56:28,Simple,True,Good
354,11,1,4,342,523,3400,0.004796,4,2024-02-03 02:08:26,Medium,True,Excellent
355,25,2,6,291,429,2266,0.003629,2,2024-02-29 23:54:22,Simple,False,Fair
356,52,2,8,628,589,2602,0.004262,4,2024-05-07 10:19:50,Medium,True,Excellent
357,14,2,3,769,857,1842,0.006192,1,2024-06-05 05:28:11,Medium,True,Fair
358,93,2,5,625,560,5888,0.004189,5,2024-04-17 21:40:31,Medium,True,Excellent
359,97,4,9,557,649,910,0.003341,3,2024-11-15 08:59:09,Medium,True,Good
360,71,4,2,394,400,661,0.002163,5,2024-06-27 01:33:14,Simple,True,Good
361,73,3,9,320,382,748,0.002739,5,2024-02-11 08:12:32,Simple,True,Good
362,96,1,3,990,1234,6944,0.013481,3,2024-05-15 03:49:25,Medium,True,Good
363,90,1,7,739,730,1142,0.007285,3,2024-10-07 10:38:18,Medium,True,Good
364,44,2,1,247,356,838,0.002832,3,2024-05-18 15:07:17,Simple,True,Good
365,22,5,7,190,226,1553,0.000682,5,2024-02-02 07:03:17,Simple,False,Good
366,4,1,4,1315,1227,1421,0.01176,4,2024-04-06 10:05:49,Medium,True,Excellent
367,76,1,6,182,173,6438,0.001597,4,2024-08-27 18:11:32,Simple,True,Excellent
368,82,2,1,156,159,2607,0.001169,3,2024-03-27 15:05:07,Simple,True,Good
369,68,3,8,2478,2302,3719,0.017028,4,2024-05-04 19:57:21,Complex,True,Good
370,30,4,6,629,1047,551,0.005153,4,2024-12-06 15:43:32,Medium,True,Good
371,73,3,3,1003,1067,1177,0.007432,4,2024-06-22 13:16:53,Medium,True,Good
372,85,3,3,652,593,758,0.003918,4,2024-05-28 18:05:41,Medium,False,Good
373,34,5,6,266,250,981,0.00078,3,2024-10-19 21:05:40,Simple,True,Good
374,94,2,7,2229,2304,1049,0.018263,5,2024-12-16 09:38:46,Complex,True,Excellent
375,56,3,6,162,228,500,0.001568,4,2024-07-30 05:38:59,Simple,False,Good
376,37,4,8,1855,2153,2714,0.009851,2,2024-11-01 00:51:09,Complex,True,Fair
377,43,5,8,321,411,500,0.001125,4,2024-05-18 03:57:31,Simple,False,Good
378,32,2,9,304,282,1122,0.0022,4,2024-07-03 23:22:36,Simple,True,Excellent
379,15,5,8,2564,2520,1060,0.008079,3,2024-12-23 23:47:50,Complex,False,Good
380,83,2,9,634,954,642,0.007309,4,2024-11-23 19:19:30,Medium,True,Excellent
381,89,5,7,496,469,3341,0.001309,4,2024-12-20 04:20:35,Simple,True,Good
382,84,3,1,253,388,768,0.002767,4,2024-12-29 13:25:52,Simple,False,Good
383,95,5,4,1173,1023,2578,0.00303,4,2024-04-04 03:06:12,Medium,True,Good
384,89,2,8,463,742,3556,0.006039,5,2024-11-20 12:06:27,Medium,True,Excellent
385,85,4,4,386,432,2269,0.002073,3,2024-12-26 04:19:13,Simple,False,Good
386,14,5,1,164,273,1543,0.000867,3,2024-05-08 11:31:45,Simple,True,Good
387,22,1,5,434,631,500,0.006608,1,2024-02-20 04:01:43,Medium,True,Fair
388,57,1,6,415,394,2762,0.003831,4,2024-12-07 18:51:35,Simple,True,Excellent
389,74,4,6,137,196,1177,0.000949,3,2024-05-25 15:57:22,Simple,False,Good
390,47,1,1,701,649,11186,0.006643,4,2024-08-27 21:14:21,Medium,True,Excellent
391,71,2,1,995,1196,1302,0.009086,5,2024-10-20 14:50:06,Medium,True,Excellent
392,42,4,4,153,200,1456,0.000976,4,2024-04-25 06:32:14,Simple,True,Good
393,59,5,4,543,615,3494,0.00174,4,2024-07-21 01:43:06,Medium,True,Good
394,74,2,6,415,414,2996,0.003256,1,2024-01-30 16:48:53,Simple,True,Fair
395,60,4,3,1350,1307,1566,0.006284,4,2024-02-27 22:50:10,Medium,True,Good
396,20,5,7,907,1040,1450,0.003112,5,2024-12-11 17:15:12,Medium,True,Good
397,43,3,4,381,613,726,0.004212,3,2024-08-09 19:34:31,Medium,True,Good
398,58,5,3,476,621,3029,0.001912,4,2024-03-03 11:10:05,Medium,True,Good
399,40,1,5,560,904,1563,0.009605,5,2024-11-03 23:38:49,Medium,True,Excellent
400,39,5,3,1023,1221,1268,0.003525,4,2024-05-25 14:23:36,Medium,True,Good
401,11,1,5,395,512,796,0.005046,1,2024-10-12 07:38:19,Medium,True,Fair
402,67,1,7,857,969,1395,0.008868,5,2024-11-25 19:50:17,Medium,True,Excellent
403,38,2,4,777,709,2030,0.005165,3,2024-09-20 02:28:37,Medium,False,Good
404,55,4,4,365,599,2175,0.003093,4,2024-03-08 04:34:41,Medium,True,Good
405,89,3,3,684,1017,1715,0.007177,4,2024-10-23 05:50:12,Medium,False,Good
406,3,4,5,849,887,2007,0.004827,4,2024-04-21 06:05:55,Medium,False,Good
407,16,2,9,1072,905,1561,0.007457,3,2024-10-18 23:31:29,Medium,False,Good
408,44,2,7,969,1247,2637,0.009603,4,2024-10-16 12:04:45,Medium,True,Excellent
409,71,3,3,265,333,1640,0.002296,4,2024-01-24 10:02:13,Simple,False,Good
410,11,5,8,269,356,617,0.001007,5,2024-11-16 03:58:58,Simple,True,Good
411,91,3,8,326,518,4016,0.003822,4,2024-05-16 21:58:19,Medium,False,Good
412,48,4,2,1054,970,1798,0.005057,4,2024-05-31 08:16:44,Medium,True,Good
413,88,5,3,966,813,2690,0.002616,3,2024-06-28 15:29:06,Medium,False,Good
414,75,5,2,871,1417,2996,0.004485,5,2024-08-17 04:17:03,Medium,False,Good
415,20,2,8,3031,2678,3624,0.022915,4,2024-05-22 00:48:34,Complex,True,Excellent
416,28,5,5,175,178,1959,0.000541,3,2024-04-29 07:43:44,Simple,False,Good
417,33,1,6,1288,1246,1603,0.011722,3,2024-07-11 23:23:07,Medium,True,Good
418,32,4,5,123,201,1863,0.001042,4,2024-09-06 00:53:20,Simple,True,Good
419,3,3,7,280,392,500,0.002755,5,2024-10-21 05:39:16,Simple,True,Good
420,99,1,6,629,551,3463,0.005574,5,2024-01-06 01:31:28,Medium,True,Excellent
421,64,4,9,1044,993,2764,0.004854,5,2024-11-19 22:10:54,Medium,True,Good
422,73,3,4,522,679,955,0.004489,4,2024-11-13 07:31:40,Medium,True,Good
423,51,3,1,1383,1429,1580,0.009594,4,2024-03-30 14:01:11,Medium,False,Good
424,93,3,1,383,394,2021,0.003025,2,2024-12-15 00:24:06,Simple,True,Fair
425,90,1,2,2215,2031,2459,0.019908,5,2024-08-19 01:04:30,Complex,False,Excellent
426,71,1,6,733,772,1049,0.007521,1,2024-03-12 19:12:05,Medium,True,Fair
427,19,1,9,2314,2373,3118,0.02153,5,2024-02-23 21:42:29,Complex,True,Excellent
428,53,4,7,1655,1904,5492,0.010085,4,2024-01-15 05:19:02,Medium,True,Good
429,88,5,1,186,262,3099,0.000754,5,2024-03-27 00:40:08,Simple,True,Good
430,56,1,1,1164,1053,610,0.009716,5,2024-04-11 10:28:48,Medium,True,Excellent
431,51,2,7,502,776,1377,0.006205,4,2024-07-12 12:08:16,Medium,True,Excellent
432,90,3,7,178,149,2921,0.000994,4,2024-10-05 14:27:31,Simple,False,Good
433,11,1,9,469,524,1746,0.005068,5,2024-05-18 11:42:54,Medium,True,Excellent
434,1,3,8,1152,1024,1899,0.006866,5,2024-04-23 11:48:34,Medium,True,Good
435,43,5,7,854,825,854,0.002313,5,2024-06-05 22:19:41,Medium,True,Good
436,68,3,2,742,1048,1456,0.00799,3,2024-09-27 13:07:00,Medium,True,Good
437,98,1,5,253,293,1455,0.003019,5,2024-06-09 09:01:02,Simple,True,Excellent
438,9,4,7,639,1020,752,0.00462,1,2024-03-27 22:29:53,Medium,False,Fair
439,45,2,1,787,971,1438,0.007721,3,2024-04-09 09:05:33,Medium,True,Good
440,89,5,2,2390,2235,2800,0.007346,3,2024-11-29 03:23:09,Complex,True,Good
441,7,2,1,626,757,2957,0.005529,5,2024-11-12 23:05:00,Medium,True,Excellent
442,54,4,2,394,417,2408,0.002183,1,2024-05-30 22:48:36,Simple,True,Fair
443,17,4,7,509,525,1295,0.002578,5,2024-07-29 03:13:16,Medium,False,Good
444,78,5,7,794,721,1678,0.002357,5,2024-03-06 22:07:16,Medium,True,Good
445,62,4,4,1683,1552,2182,0.007365,4,2024-07-16 02:33:06,Medium,False,Good
446,24,3,6,539,766,1634,0.00543,5,2024-03-22 22:42:32,Medium,True,Good
447,22,3,8,1523,1487,589,0.010503,4,2024-11-14 13:31:54,Medium,True,Good
448,9,1,5,133,163,888,0.001538,5,2024-02-19 12:33:52,Simple,True,Excellent
449,82,5,7,576,609,549,0.001768,4,2024-10-02 13:39:11,Medium,True,Good
450,23,1,9,321,285,2728,0.00277,5,2024-01-24 21:46:27,Simple,True,Excellent
451,69,5,6,918,876,748,0.002887,5,2024-07-15 16:13:46,Medium,True,Good
452,3,3,4,804,983,4583,0.00723,5,2024-07-10 07:17:19,Medium,True,Good
453,42,1,6,2459,2722,2011,0.027725,2,2024-07-24 02:51:37,Complex,True,Fair
454,11,4,6,849,740,1702,0.00362,4,2024-01-09 04:54:17,Medium,True,Good
455,58,1,5,1250,1983,2484,0.019377,4,2024-10-18 16:22:48,Medium,True,Excellent
456,45,1,7,325,311,3005,0.002938,5,2024-11-15 20:33:56,Simple,True,Excellent
457,15,3,8,243,391,2587,0.002984,3,2024-05-15 01:17:16,Simple,True,Good
458,7,4,5,164,246,1688,0.001286,1,2024-07-11 13:14:55,Simple,True,Fair
459,84,5,9,2783,3335,881,0.010522,4,2024-04-13 05:45:53,Complex,True,Good
460,15,3,4,752,710,3648,0.004881,5,2024-04-09 19:30:44,Medium,False,Good
461,60,3,5,409,511,3461,0.003417,1,2024-03-20 19:49:19,Medium,True,Fair
462,64,1,9,938,839,1251,0.009219,4,2024-11-17 15:38:54,Medium,True,Excellent
463,88,2,1,398,346,2043,0.002909,2,2024-12-13 08:51:16,Simple,False,Fair
464,56,1,4,194,171,837,0.001718,4,2024-12-15 14:35:15,Simple,True,Excellent
465,20,4,7,446,691,868,0.00377,3,2024-10-22 14:08:45,Medium,True,Good
466,26,4,7,577,504,870,0.002301,2,2024-10-31 22:54:08,Medium,True,Fair
467,40,3,6,966,1446,3107,0.009929,5,2024-03-04 13:31:05,Medium,True,Good
468,5,5,7,760,825,2027,0.002639,5,2024-02-22 06:38:56,Medium,True,Good
469,56,2,1,319,413,901,0.003615,4,2024-08-03 07:15:28,Simple,True,Excellent
470,98,4,2,1661,2671,2621,0.013034,3,2024-10-07 07:14:25,Complex,False,Good
471,38,3,8,584,537,2364,0.003733,2,2024-09-20 15:11:30,Medium,True,Fair
472,76,5,6,895,1179,3977,0.003426,4,2024-07-23 13:46:28,Medium,True,Good
473,82,2,4,1637,1965,2825,0.016463,3,2024-11-15 10:36:36,Medium,True,Good
474,81,4,3,310,338,1899,0.001793,2,2024-03-16 04:55:06,Simple,False,Fair
475,18,2,7,631,859,1722,0.006815,4,2024-03-11 16:31:10,Medium,False,Excellent
476,10,5,3,668,639,500,0.001869,5,2024-04-24 15:13:17,Medium,False,Good
477,90,1,2,1609,1956,1642,0.020292,2,2024-03-12 12:50:21,Medium,True,Fair
478,29,3,4,1465,2017,3198,0.013432,5,2024-05-02 08:04:54,Complex,True,Good
479,88,3,2,485,804,6179,0.005517,4,2024-06-14 15:49:29,Medium,True,Good
480,75,4,9,390,370,9572,0.001986,2,2024-04-03 01:42:44,Simple,True,Fair
481,51,1,2,479,643,591,0.005981,4,2024-12-14 00:38:40,Medium,True,Excellent
482,70,5,5,422,366,1945,0.001114,4,2024-06-19 14:32:27,Simple,False,Good
483,66,2,8,125,166,1663,0.001207,1,2024-06-01 19:10:32,Simple,False,Fair
484,13,5,2,331,434,1174,0.001365,3,2024-05-29 03:50:13,Simple,True,Good
485,24,3,4,340,406,1121,0.00263,5,2024-07-19 01:30:05,Simple,True,Good
486,96,1,8,804,693,2142,0.007607,3,2024-01-30 11:13:38,Medium,True,Good
487,73,2,3,381,546,1879,0.004179,5,2024-02-26 20:49:18,Medium,True,Excellent
488,66,1,5,741,747,2545,0.007014,4,2024-04-07 11:45:09,Medium,True,Excellent
489,12,5,9,844,705,5571,0.001943,4,2024-02-26 06:56:03,Medium,False,Good
490,50,1,1,1749,2007,963,0.018818,2,2024-07-27 20:00:10,Complex,True,Fair
491,68,5,6,246,285,971,0.000809,4,2024-01-10 23:57:21,Simple,True,Good
492,77,4,4,713,1036,1261,0.004689,4,2024-05-06 08:56:59,Medium,True,Good
493,77,3,2,1588,1384,1036,0.010146,4,2024-04-29 23:28:23,Medium,True,Good
494,69,1,2,189,219,638,0.002286,4,2024-11-11 00:21:44,Simple,True,Excellent
495,26,1,1,138,187,1406,0.001787,4,2024-11-07 15:31:13,Simple,False,Excellent
496,21,3,5,2879,2539,2789,0.018326,5,2024-04-07 07:04:39,Complex,True,Good
497,84,4,7,431,658,1176,0.003115,5,2024-04-08 19:40:14,Medium,True,Good
498,81,4,5,363,475,1127,0.002175,5,2024-12-13 18:22:45,Simple,True,Good
499,57,4,8,499,453,2036,0.002398,4,2024-03-03 18:01:50,Simple,True,Good
500,92,5,6,1057,945,1455,0.002577,1,2024-09-18 00:35:24,Medium,True,Fair
501,71,3,7,606,949,1728,0.006733,4,2024-12-02 00:37:24,Medium,True,Good
502,49,3,9,321,459,2350,0.003175,3,2024-04-08 19:51:41,Simple,True,Good
503,7,5,8,371,421,1900,0.001258,5,2024-09-08 19:42:05,Simple,True,Good
504,93,5,7,511,593,3393,0.001825,1,2024-04-22 07:16:14,Medium,True,Fair
505,5,1,1,583,569,2238,0.005769,5,2024-03-18 18:13:21,Medium,True,Excellent
506,26,3,7,306,293,1577,0.001982,5,2024-06-03 07:05:19,Simple,True,Good
507,71,5,3,1225,1500,4085,0.004936,3,2024-07-17 16:53:43,Medium,False,Good
508,59,5,1,663,971,1308,0.003097,4,2024-03-12 14:05:47,Medium,True,Good
509,76,5,2,391,342,1102,0.001049,5,2024-01-19 13:28:10,Simple,True,Good
510,57,3,9,413,408,2255,0.002891,5,2024-06-29 19:19:05,Simple,True,Good
511,62,3,3,286,364,975,0.002686,2,2024-07-21 17:03:38,Simple,False,Fair
512,79,1,5,202,262,1168,0.002664,2,2024-05-29 14:40:23,Simple,False,Fair
513,60,4,7,91,140,730,0.000703,2,2024-12-30 03:56:13,Simple,True,Fair
514,49,4,1,222,303,1471,0.001583,3,2024-12-08 17:04:30,Simple,True,Good
515,74,3,8,1685,1877,2890,0.013348,4,2024-11-17 07:40:00,Medium,True,Good
516,30,1,7,515,699,693,0.007235,3,2024-11-22 20:04:12,Medium,True,Good
517,35,1,7,467,418,2651,0.004096,4,2024-05-15 22:43:36,Simple,True,Excellent
518,64,1,5,1186,1472,500,0.014273,5,2024-02-02 15:48:12,Medium,True,Excellent
519,66,5,4,1567,1565,1626,0.005032,4,2024-02-14 04:24:55,Medium,True,Good
520,58,4,3,1264,1143,1281,0.005906,5,2024-06-05 14:06:59,Medium,False,Good
521,94,5,6,549,577,875,0.001783,2,2024-10-26 02:58:12,Medium,True,Fair
522,67,4,8,532,640,4578,0.003405,5,2024-04-18 07:32:45,Medium,True,Good
523,61,3,1,1618,1510,2975,0.011499,4,2024-02-29 09:54:12,Medium,True,Good
524,6,1,9,332,341,1562,0.003713,4,2024-10-22 09:41:20,Simple,True,Excellent
525,61,2,1,419,398,2223,0.00324,2,2024-02-03 11:40:55,Simple,True,Fair
526,5,3,6,1147,1198,888,0.008639,5,2024-10-16 03:56:50,Medium,False,Good
527,63,5,6,295,413,3160,0.001357,4,2024-01-22 11:37:58,Simple,True,Good
528,100,1,3,1070,1304,873,0.012414,5,2024-03-18 21:46:31,Medium,True,Excellent
529,88,3,9,594,569,3804,0.003869,5,2024-09-24 07:42:57,Medium,True,Good
530,11,3,5,1544,1426,1450,0.009774,1,2024-06-07 20:05:52,Medium,True,Fair
531,55,4,9,875,1282,2257,0.006525,4,2024-02-04 05:35:29,Medium,True,Good
532,47,1,5,334,307,4988,0.003337,5,2024-04-23 12:35:06,Simple,True,Excellent
533,20,1,3,315,451,1683,0.004677,5,2024-07-31 22:28:04,Simple,True,Excellent
534,56,1,5,174,198,1341,0.002051,5,2024-09-05 20:21:31,Simple,True,Excellent
535,16,5,8,319,364,621,0.001173,4,2024-07-03 12:53:36,Simple,True,Good
536,84,1,8,913,816,1176,0.008317,5,2024-04-12 21:06:14,Medium,True,Excellent
537,79,3,8,1264,1151,1510,0.008485,5,2024-09-01 18:40:56,Medium,True,Good
538,41,4,1,1273,1327,1868,0.006433,3,2024-09-23 15:35:55,Medium,True,Good
539,12,2,5,565,527,1603,0.004368,4,2024-01-04 06:51:41,Medium,True,Excellent
540,40,1,7,355,332,1341,0.003238,3,2024-04-01 13:07:40,Simple,True,Good
541,51,5,2,813,1071,2946,0.002988,3,2024-12-09 11:47:50,Medium,False,Good
542,6,3,4,652,548,1713,0.003895,4,2024-07-29 16:21:20,Medium,False,Good
543,28,4,1,275,230,1341,0.001169,4,2024-07-18 00:33:27,Simple,True,Good
544,28,3,6,450,414,815,0.003066,2,2024-06-07 21:14:03,Simple,True,Fair
545,4,3,7,1619,1388,1600,0.009443,3,2024-03-19 09:23:04,Medium,True,Good
546,73,5,8,641,551,2882,0.00157,2,2024-03-12 21:27:19,Medium,True,Fair
547,49,2,8,283,315,2722,0.002705,4,2024-12-19 05:12:09,Simple,True,Excellent
548,69,3,5,98,123,1278,0.000911,4,2024-10-24 22:13:05,Simple,True,Good
549,20,5,3,109,147,3790,0.000451,2,2024-11-20 03:08:09,Simple,True,Fair
550,96,1,2,731,1010,1230,0.010136,3,2024-01-04 16:21:49,Medium,False,Good
551,47,2,6,599,604,1084,0.004354,5,2024-06-03 06:58:08,Medium,True,Excellent
552,84,3,3,537,803,2875,0.005676,2,2024-02-02 10:37:39,Medium,False,Fair
553,69,5,8,279,392,2279,0.001292,4,2024-12-17 00:58:14,Simple,True,Good
554,33,3,2,323,330,1484,0.002365,5,2024-01-08 23:38:14,Simple,True,Good
555,100,4,1,570,701,2861,0.003756,4,2024-04-28 22:15:49,Medium,False,Good
556,30,5,9,301,379,1694,0.001069,3,2024-05-12 19:13:33,Simple,False,Good
557,65,5,4,838,825,2871,0.002597,5,2024-02-03 16:00:06,Medium,True,Good
558,1,3,9,1712,1607,1639,0.011432,5,2024-01-18 11:32:48,Medium,True,Good
559,49,1,7,1645,2326,1123,0.024436,4,2024-11-09 12:53:31,Complex,False,Excellent
560,45,3,1,1034,1092,4748,0.007637,4,2024-02-04 05:18:49,Medium,True,Good
561,52,4,9,2109,2221,1700,0.010933,3,2024-10-02 13:07:01,Complex,False,Good
562,50,4,2,204,289,727,0.001571,4,2024-03-22 04:18:32,Simple,True,Good
563,63,5,3,287,447,602,0.00137,3,2024-06-02 11:52:26,Simple,False,Good
564,98,1,7,303,348,609,0.00332,3,2024-05-20 12:05:25,Simple,True,Good
565,25,4,8,642,764,3534,0.004122,1,2024-09-08 10:06:39,Medium,False,Fair
566,96,3,5,388,540,4354,0.003877,4,2024-06-15 09:57:37,Medium,True,Good
567,17,1,1,308,475,2660,0.004494,4,2024-02-03 07:49:37,Simple,True,Excellent
568,21,3,3,196,309,2087,0.001993,3,2024-01-01 18:29:38,Simple,True,Good
569,80,1,3,871,1069,2244,0.011197,4,2024-09-07 04:12:15,Medium,False,Excellent
570,56,5,8,1259,1261,2004,0.003767,4,2024-10-30 01:13:01,Medium,True,Good
571,38,1,4,642,646,2022,0.006299,2,2024-03-12 06:24:36,Medium,True,Fair
572,36,2,4,1264,1422,2309,0.011595,4,2024-04-16 01:49:08,Medium,True,Excellent
573,9,4,5,569,843,2066,0.004049,4,2024-10-01 02:06:43,Medium,True,Good
574,6,5,3,1150,1391,500,0.004263,4,2024-05-15 15:50:26,Medium,True,Good
575,37,4,7,464,390,1878,0.001796,5,2024-06-20 06:17:38,Simple,False,Good
576,68,5,7,686,667,746,0.001956,5,2024-05-05 19:17:44,Medium,False,Good
577,57,3,9,1867,1808,2030,0.011951,5,2024-10-14 15:36:35,Medium,True,Good
578,27,1,9,366,413,4232,0.004092,2,2024-10-31 18:50:50,Simple,True,Fair
579,9,3,5,892,1185,746,0.007777,4,2024-06-05 17:56:06,Medium,True,Good
580,55,2,7,77,129,1074,0.001034,2,2024-04-23 02:50:54,Simple,False,Fair
581,58,1,9,1077,1112,2996,0.011103,2,2024-11-20 11:42:21,Medium,True,Fair
582,58,1,3,740,770,2995,0.007612,3,2024-05-05 13:28:02,Medium,False,Good
583,60,2,7,419,527,3744,0.003931,3,2024-05-01 07:46:32,Medium,True,Good
584,46,2,6,1260,1106,1048,0.009327,3,2024-02-04 15:47:08,Medium,False,Good
585,73,2,3,581,579,1905,0.004267,2,2024-02-18 07:16:37,Medium,False,Fair
586,24,5,3,862,1104,1025,0.003514,2,2024-10-15 20:49:57,Medium,True,Fair
587,59,5,9,508,575,2566,0.001877,5,2024-10-12 04:05:04,Medium,False,Good
588,5,4,5,496,428,3181,0.002324,3,2024-10-31 18:46:20,Simple,True,Good
589,4,2,2,705,1043,1286,0.008978,5,2024-12-20 13:52:50,Medium,True,Excellent
590,67,3,5,533,594,2054,0.003766,4,2024-02-19 09:57:54,Medium,True,Good
591,39,5,2,470,593,950,0.001892,5,2024-02-16 00:57:59,Medium,True,Good
592,19,2,9,417,351,5269,0.002634,5,2024-07-20 06:11:42,Simple,True,Excellent
593,8,1,1,511,445,2506,0.004799,4,2024-02-01 05:38:23,Simple,True,Excellent
594,38,3,8,496,421,558,0.002751,4,2024-05-31 06:48:58,Simple,True,Good
595,48,1,1,1681,2569,1091,0.024628,5,2024-01-31 07:57:13,Complex,True,Excellent
596,29,3,1,710,641,1074,0.004478,2,2024-03-13 18:43:46,Medium,False,Fair
597,85,2,7,451,446,1693,0.003528,4,2024-02-17 14:36:49,Simple,True,Excellent
598,100,2,8,265,431,2387,0.003131,5,2024-05-20 10:59:02,Simple,True,Excellent
599,78,2,5,2034,1991,1466,0.016606,5,2024-12-28 09:07:29,Medium,True,Excellent
600,19,5,9,1071,1429,1229,0.003868,4,2024-10-26 01:10:09,Medium,True,Good
601,70,2,5,519,803,1262,0.006978,4,2024-02-23 07:35:54,Medium,True,Excellent
602,23,3,2,494,584,1742,0.004304,5,2024-06-20 18:40:42,Medium,True,Good
603,81,4,2,923,1486,2738,0.007987,4,2024-05-19 05:59:09,Medium,True,Good
604,56,4,6,769,843,1519,0.004482,4,2024-03-15 23:52:46,Medium,True,Good
605,29,4,2,1133,1121,3125,0.005505,1,2024-08-04 11:45:49,Medium,False,Fair
606,46,3,5,559,691,1302,0.004626,3,2024-09-11 02:43:05,Medium,True,Good
607,92,3,9,740,720,784,0.00521,3,2024-11-01 19:57:45,Medium,True,Good
608,43,1,9,1291,1274,557,0.011989,5,2024-11-15 23:16:07,Medium,True,Excellent
609,67,4,9,1121,1388,1055,0.00626,3,2024-02-03 05:11:42,Medium,True,Good
610,68,2,9,245,381,1383,0.002904,4,2024-02-13 20:31:01,Simple,True,Excellent
611,78,2,2,1109,975,1338,0.007802,2,2024-06-21 10:12:39,Medium,True,Fair
612,78,5,5,749,1120,3521,0.003664,4,2024-04-28 12:07:53,Medium,True,Good
613,74,1,1,984,1199,1002,0.012163,5,2024-02-28 09:20:54,Medium,True,Excellent
614,50,1,5,1135,1501,1290,0.015939,4,2024-08-08 09:16:54,Medium,True,Excellent
615,27,2,4,2811,2733,1400,0.019737,4,2024-02-29 03:55:13,Complex,False,Excellent
616,84,3,3,102,126,3375,0.000855,4,2024-11-02 21:53:46,Simple,True,Good
617,99,4,8,414,514,935,0.002386,3,2024-09-01 10:06:48,Medium,True,Good
618,56,1,6,219,294,4967,0.003222,3,2024-09-30 03:37:54,Simple,False,Good
619,13,3,2,316,527,1453,0.00381,3,2024-11-08 04:18:58,Medium,True,Good
620,4,3,6,466,686,2415,0.005123,4,2024-08-03 17:23:54,Medium,False,Good
621,28,5,7,306,262,2106,0.000796,4,2024-08-01 01:07:16,Simple,False,Good
622,34,3,2,396,355,1786,0.002351,1,2024-12-20 01:01:19,Simple,False,Fair
623,3,3,4,444,644,12000,0.004235,4,2024-09-08 08:03:55,Medium,False,Good
624,75,3,7,1299,1468,10358,0.010731,4,2024-03-17 01:33:19,Medium,True,Good
625,29,4,2,402,495,3296,0.002592,4,2024-05-12 09:51:24,Simple,True,Good
626,89,1,3,729,716,4556,0.006993,5,2024-04-24 19:04:40,Medium,True,Excellent
627,94,1,9,101,143,799,0.00136,4,2024-03-13 21:58:25,Simple,True,Excellent
628,44,2,6,187,180,3072,0.001538,2,2024-08-19 02:55:07,Simple,True,Fair
629,97,2,1,342,335,2207,0.002534,5,2024-06-04 01:52:53,Simple,True,Excellent
630,58,5,6,491,763,1538,0.002508,4,2024-01-12 04:29:57,Medium,True,Good
631,24,1,9,961,1157,1593,0.011762,3,2024-03-08 08:39:07,Medium,True,Good
632,72,5,8,1166,1228,1222,0.003517,4,2024-07-05 21:49:35,Medium,True,Good
633,61,3,3,627,840,2691,0.006194,3,2024-07-27 13:18:17,Medium,True,Good
634,93,3,4,227,201,1980,0.001515,4,2024-02-26 01:54:07,Simple,True,Good
635,87,5,1,520,480,1131,0.001356,3,2024-05-21 21:02:06,Simple,False,Good
636,4,5,8,3700,3398,3092,0.010852,3,2024-07-18 03:29:09,Complex,True,Good
637,60,2,8,1340,1323,5544,0.009968,5,2024-10-31 18:04:06,Medium,True,Excellent
638,42,5,4,721,986,1300,0.002745,5,2024-04-10 01:34:16,Medium,True,Good
639,92,1,6,1396,1687,1008,0.016719,4,2024-08-27 06:11:17,Medium,False,Excellent
640,4,4,1,214,257,2243,0.001227,4,2024-02-02 21:17:42,Simple,True,Good
641,63,2,4,921,980,1194,0.00737,4,2024-05-02 17:44:49,Medium,True,Excellent
642,32,4,4,371,444,1169,0.002255,5,2024-09-29 22:32:52,Simple,True,Good
643,9,3,4,941,835,1787,0.006265,2,2024-11-08 16:32:43,Medium,False,Fair
644,61,5,7,438,448,1710,0.001393,5,2024-04-11 02:42:53,Simple,True,Good
645,47,3,4,1315,1272,1709,0.008563,2,2024-07-04 23:11:24,Medium,False,Fair
646,1,3,7,424,544,1479,0.004027,4,2024-11-21 21:03:05,Medium,True,Good
647,84,4,6,1101,1781,2521,0.008635,4,2024-07-05 12:06:20,Medium,True,Good
648,2,1,4,1364,1406,2191,0.013676,4,2024-12-11 23:02:53,Medium,True,Excellent
649,14,4,8,144,202,1418,0.001111,4,2024-06-26 23:17:27,Simple,True,Good
650,90,3,4,742,679,3793,0.004681,1,2024-03-30 12:47:34,Medium,False,Fair
651,5,2,2,106,113,2729,0.000849,3,2024-09-19 16:02:55,Simple,True,Good
652,97,5,1,984,1351,984,0.004215,4,2024-07-17 02:56:34,Medium,True,Good
653,13,2,6,213,211,11858,0.001671,2,2024-08-27 17:53:09,Simple,False,Fair
654,81,5,2,640,591,1181,0.001722,5,2024-05-23 05:07:26,Medium,True,Good
655,79,1,4,403,661,3279,0.006363,3,2024-05-14 13:09:52,Medium,True,Good
656,68,1,1,336,359,4125,0.003395,3,2024-03-08 22:50:14,Simple,True,Good
657,12,2,1,147,189,1682,0.001657,4,2024-03-17 04:49:19,Simple,True,Excellent
658,44,1,8,505,617,4392,0.006474,3,2024-09-06 23:53:16,Medium,True,Good
659,22,5,2,524,546,1687,0.001632,4,2024-08-16 14:25:50,Medium,True,Good
660,2,1,4,571,479,500,0.005243,3,2024-02-04 03:03:20,Simple,True,Good
661,44,4,6,309,420,6958,0.001925,4,2024-01-13 08:47:44,Simple,True,Good
662,100,3,6,492,539,2865,0.004065,4,2024-01-14 06:14:44,Medium,True,Good
663,8,3,9,483,480,2095,0.003092,5,2024-06-25 20:17:21,Simple,True,Good
664,8,5,4,570,497,1104,0.001593,2,2024-07-08 12:32:28,Simple,True,Fair
665,63,1,4,658,813,1136,0.008491,4,2024-05-04 16:58:56,Medium,True,Excellent
666,97,5,8,1067,1205,2722,0.003696,4,2024-07-17 14:09:52,Medium,False,Good
667,45,3,3,235,346,1150,0.002522,4,2024-05-07 10:53:35,Simple,False,Good
668,86,1,5,1484,1425,3459,0.014736,4,2024-03-09 17:53:00,Medium,True,Excellent
669,85,4,4,376,463,1626,0.002495,4,2024-08-19 23:10:00,Simple,True,Good
670,4,5,8,511,485,4137,0.001373,4,2024-07-05 09:21:37,Simple,False,Good
671,8,1,9,1021,1064,2420,0.010047,1,2024-02-07 02:14:02,Medium,True,Fair
672,32,4,5,288,318,960,0.001722,4,2024-10-15 09:32:04,Simple,False,Good
673,10,3,7,1261,1161,4923,0.008068,5,2024-11-04 05:43:38,Medium,True,Good
674,84,5,6,62,89,691,0.000283,4,2024-06-04 11:35:19,Simple,True,Good
675,11,2,9,1094,939,1562,0.008071,4,2024-05-27 21:18:30,Medium,True,Excellent
676,95,5,3,287,310,2716,0.000941,3,2024-09-06 14:02:30,Simple,True,Good
677,94,4,2,253,237,3109,0.001222,5,2024-07-15 09:04:54,Simple,True,Good
678,5,4,4,316,442,4882,0.002085,3,2024-02-10 19:29:59,Simple,True,Good
679,47,5,8,545,521,3242,0.001528,4,2024-09-27 08:55:33,Medium,True,Good
680,18,1,4,281,437,1004,0.004509,2,2024-02-23 08:28:29,Simple,True,Fair
681,58,1,6,262,395,1875,0.00359,5,2024-12-14 21:54:58,Simple,True,Excellent
682,93,5,8,231,205,3512,0.000653,4,2024-08-04 08:53:41,Simple,False,Good
683,28,1,7,494,589,500,0.006171,2,2024-12-09 13:12:38,Medium,True,Fair
684,82,2,2,238,212,911,0.001598,4,2024-08-28 04:29:45,Simple,True,Excellent
685,74,2,2,318,275,2024,0.002393,4,2024-01-02 19:18:10,Simple,True,Excellent
686,49,2,8,335,524,2289,0.004413,3,2024-03-09 07:24:38,Medium,False,Good
687,46,5,9,321,363,3223,0.001059,4,2024-02-07 21:40:26,Simple,True,Good
688,42,2,2,306,368,1106,0.002789,4,2024-02-02 11:26:53,Simple,True,Excellent
689,11,4,1,983,832,982,0.004011,5,2024-03-28 13:46:37,Medium,True,Good
690,78,2,2,1231,1144,4484,0.009805,4,2024-03-24 19:35:16,Medium,True,Excellent
691,27,4,8,1341,1178,1084,0.006001,4,2024-03-04 22:10:02,Medium,False,Good
692,89,3,9,361,419,2563,0.003058,2,2024-07-31 09:22:26,Simple,True,Fair
693,96,1,7,359,521,4134,0.004982,1,2024-10-21 11:01:24,Medium,True,Fair
694,62,1,6,997,1601,3566,0.015804,5,2024-10-18 19:43:02,Medium,True,Excellent
695,36,4,4,1846,1863,1097,0.009771,4,2024-04-12 14:23:49,Medium,True,Good
696,61,4,5,248,389,2561,0.001801,5,2024-09-06 19:52:08,Simple,True,Good
697,37,1,9,1991,2130,1050,0.022059,4,2024-11-22 06:02:54,Complex,False,Excellent
698,63,5,4,395,514,2439,0.001675,4,2024-09-16 09:53:26,Medium,True,Good
699,63,5,9,339,562,500,0.001662,5,2024-06-09 19:51:52,Medium,True,Good
700,49,4,5,480,408,1376,0.001954,4,2024-12-01 10:50:13,Simple,True,Good
701,39,2,9,362,463,989,0.003611,4,2024-02-26 21:27:10,Simple,True,Excellent
702,61,4,4,556,505,500,0.002591,3,2024-03-15 10:27:23,Medium,True,Good
703,88,1,2,340,316,1295,0.003022,4,2024-08-25 23:45:25,Simple,False,Excellent
704,14,1,5,533,576,2861,0.005443,4,2024-04-11 05:17:01,Medium,True,Excellent
705,49,1,5,376,393,2450,0.003736,2,2024-10-16 14:09:24,Simple,True,Fair
706,1,1,1,290,483,799,0.004608,5,2024-10-16 06:44:41,Simple,True,Excellent
707,42,1,4,488,667,2338,0.006593,4,2024-03-23 17:10:35,Medium,True,Excellent
708,19,5,7,1680,1650,1728,0.004524,5,2024-02-22 02:35:52,Medium,True,Good
709,33,1,9,454,748,3566,0.008187,1,2024-05-24 00:05:38,Medium,True,Fair
710,54,1,2,492,682,706,0.006959,4,2024-04-23 08:02:52,Medium,True,Excellent
711,26,3,8,379,380,2793,0.0029,3,2024-01-25 20:56:38,Simple,True,Good
712,89,1,3,600,567,2412,0.005402,5,2024-01-01 14:25:52,Medium,True,Excellent
713,3,3,4,1342,1326,2121,0.008937,5,2024-07-24 14:55:14,Medium,True,Good
714,32,4,8,489,679,1684,0.003248,4,2024-01-21 17:54:31,Medium,True,Good
715,48,2,8,818,732,1697,0.006332,5,2024-01-05 22:37:41,Medium,True,Excellent
716,78,3,6,716,884,1599,0.006031,3,2024-12-22 09:56:50,Medium,True,Good
717,71,2,4,568,621,537,0.00517,3,2024-12-07 06:04:03,Medium,True,Good
718,46,3,9,341,560,1085,0.003973,3,2024-12-15 22:01:57,Medium,False,Good
719,19,2,1,341,383,1561,0.002939,5,2024-08-16 00:49:14,Simple,False,Excellent
720,68,1,7,303,501,3210,0.004822,3,2024-02-02 01:27:14,Medium,True,Good
721,98,3,1,557,790,1643,0.005043,5,2024-02-08 09:36:33,Medium,True,Good
722,66,5,1,255,313,506,0.000919,5,2024-12-07 19:42:19,Simple,True,Good
723,49,2,4,571,612,5545,0.005146,3,2024-11-09 07:10:38,Medium,True,Good
724,51,4,7,191,252,3408,0.00125,5,2024-03-01 17:07:58,Simple,True,Good
725,72,2,2,326,437,1169,0.003395,2,2024-10-21 02:46:20,Simple,False,Fair
726,37,4,3,1639,1728,2825,0.008909,4,2024-04-21 23:01:32,Medium,True,Good
727,87,1,2,469,399,2329,0.004339,4,2024-02-14 10:46:26,Simple,False,Excellent
728,35,3,6,297,321,3357,0.002397,4,2024-02-22 06:36:12,Simple,True,Good
729,29,5,8,1837,1803,1138,0.005397,5,2024-06-11 06:51:01,Medium,True,Good
730,50,3,4,1236,1667,1532,0.012814,5,2024-04-23 20:07:23,Medium,True,Good
731,32,4,3,603,705,3211,0.003295,4,2024-05-14 17:49:21,Medium,False,Good
732,43,5,8,566,801,798,0.002418,4,2024-03-08 22:29:13,Medium,False,Good
733,78,2,6,518,491,1410,0.00407,5,2024-12-12 19:44:57,Simple,True,Excellent
734,82,3,1,571,742,2772,0.005463,2,2024-12-01 10:40:11,Medium,False,Fair
735,59,2,8,2049,2295,3835,0.017272,3,2024-09-16 17:49:11,Complex,False,Good
736,54,1,2,514,484,1875,0.005222,3,2024-02-10 03:31:36,Simple,True,Good
737,17,3,4,1548,1385,1609,0.009315,2,2024-02-09 06:47:31,Medium,False,Fair
738,56,1,2,121,146,1397,0.00158,3,2024-09-04 08:45:08,Simple,True,Good
739,63,4,6,354,421,1974,0.002144,3,2024-07-12 03:19:31,Simple,False,Good
740,29,5,7,410,357,1024,0.001166,5,2024-03-04 17:45:55,Simple,True,Good
741,94,3,9,309,420,913,0.003127,3,2024-06-16 14:27:56,Simple,True,Good
742,51,5,8,1052,1751,2757,0.005311,3,2024-01-01 07:19:03,Medium,True,Good
743,64,2,7,194,171,1662,0.001498,5,2024-04-06 08:01:33,Simple,False,Excellent
744,42,4,2,1073,1346,2692,0.006981,3,2024-08-28 18:28:30,Medium,False,Good
745,34,2,3,770,702,1779,0.006021,3,2024-01-04 20:26:40,Medium,True,Good
746,71,3,9,273,363,858,0.002565,5,2024-08-22 05:26:46,Simple,True,Good
747,10,4,5,436,638,2134,0.003465,4,2024-12-25 19:16:53,Medium,True,Good
748,86,3,9,716,943,2930,0.006764,5,2024-06-23 20:48:18,Medium,True,Good
749,60,3,1,726,954,673,0.006305,3,2024-01-02 17:08:38,Medium,True,Good
750,75,1,5,245,223,3193,0.002156,2,2024-07-04 17:26:41,Simple,True,Fair
751,29,2,7,939,1146,1098,0.009168,4,2024-07-24 14:38:32,Medium,True,Excellent
752,32,1,3,274,336,1932,0.003294,1,2024-09-11 04:20:36,Simple,True,Fair
753,66,5,4,209,215,1175,0.000636,2,2024-04-21 13:03:52,Simple,True,Fair
754,82,2,2,805,855,1481,0.006909,4,2024-02-14 13:27:14,Medium,True,Excellent
755,90,5,4,664,892,834,0.002509,4,2024-06-03 02:36:18,Medium,True,Good
756,83,1,6,758,1081,6014,0.011885,4,2024-06-03 00:14:41,Medium,True,Excellent
757,37,2,4,237,367,2751,0.002827,5,2024-10-06 07:53:05,Simple,True,Excellent
758,2,3,4,286,255,1033,0.001884,4,2024-06-13 16:27:09,Simple,True,Good
759,94,1,7,898,988,1761,0.010779,2,2024-09-07 07:28:25,Medium,False,Fair
760,21,1,9,411,392,1972,0.004248,3,2024-03-11 06:49:10,Simple,True,Good
761,39,3,5,226,233,1755,0.0015,2,2024-01-08 09:32:26,Simple,True,Fair
762,39,2,9,1215,1536,2870,0.011447,2,2024-11-24 19:30:49,Medium,True,Fair
763,93,3,9,996,1075,2180,0.007342,4,2024-09-24 13:41:49,Medium,False,Good
764,71,4,5,1275,1806,715,0.008549,4,2024-08-28 04:45:26,Medium,True,Good
765,98,4,1,309,303,3068,0.001376,2,2024-04-06 10:24:21,Simple,True,Fair
766,85,1,4,2187,2183,2726,0.020022,2,2024-03-15 14:49:14,Complex,True,Fair
767,78,4,7,436,373,1656,0.002018,5,2024-10-30 12:39:25,Simple,True,Good
768,76,3,4,510,633,5664,0.004104,3,2024-10-14 01:59:57,Medium,True,Good
769,63,1,5,1462,1990,3837,0.019799,4,2024-10-04 23:36:06,Medium,True,Excellent
770,78,5,2,1548,1419,594,0.004241,3,2024-08-09 11:59:47,Medium,True,Good
771,61,1,4,176,266,1815,0.002864,4,2024-06-11 17:32:12,Simple,True,Excellent
772,43,1,5,562,539,4465,0.005009,4,2024-04-03 09:07:56,Medium,True,Excellent
773,32,3,8,1084,1149,2330,0.00725,1,2024-05-13 05:09:28,Medium,True,Fair
774,29,5,2,681,888,1767,0.002508,2,2024-01-26 03:56:18,Medium,True,Fair
775,13,4,6,680,571,1307,0.002629,5,2024-03-31 09:44:46,Medium,True,Good
776,82,5,2,396,650,898,0.002038,4,2024-10-26 08:09:37,Medium,True,Good
777,6,5,2,1473,1287,1542,0.004233,4,2024-08-05 16:55:51,Medium,True,Good
778,49,3,2,446,619,1186,0.004288,3,2024-05-23 01:15:04,Medium,False,Good
779,1,1,9,198,241,1604,0.002208,4,2024-12-02 06:02:48,Simple,True,Excellent
780,91,4,3,340,564,1541,0.002636,5,2024-02-12 20:36:40,Medium,False,Good
781,46,2,8,2002,1765,1628,0.015524,5,2024-08-03 22:56:07,Medium,True,Excellent
782,97,2,6,420,371,2741,0.003203,5,2024-05-24 17:35:58,Simple,True,Excellent
783,14,1,5,737,635,6019,0.006299,4,2024-02-03 04:21:14,Medium,False,Excellent
784,71,2,7,518,679,1262,0.00557,4,2024-12-12 17:33:26,Medium,True,Excellent
785,100,1,7,789,894,2526,0.00843,3,2024-08-28 10:18:20,Medium,True,Good
786,85,5,7,91,87,2329,0.00025,5,2024-06-26 10:52:18,Simple,True,Good
787,30,3,4,227,257,1991,0.001752,4,2024-09-04 01:37:51,Simple,True,Good
788,70,1,7,587,770,2606,0.008224,2,2024-10-24 12:48:20,Medium,True,Fair
789,54,2,1,318,349,5435,0.002965,1,2024-01-31 04:10:20,Simple,True,Fair
790,87,4,9,254,314,500,0.001624,3,2024-12-18 02:13:37,Simple,True,Good
791,11,5,5,865,896,1090,0.002497,2,2024-02-15 07:55:10,Medium,True,Fair
792,14,5,2,254,257,2858,0.000697,3,2024-03-04 08:48:29,Simple,False,Good
793,2,5,6,249,314,2288,0.001004,5,2024-07-05 17:59:45,Simple,True,Good
794,68,3,8,375,514,994,0.00328,4,2024-07-20 22:08:28,Medium,False,Good
795,74,5,8,148,196,500,0.000618,3,2024-05-21 23:01:58,Simple,False,Good
796,11,5,1,1625,1995,3401,0.005787,3,2024-01-09 15:49:28,Medium,False,Good
797,36,3,7,756,745,2200,0.004826,2,2024-02-07 07:41:06,Medium,True,Fair
798,37,3,5,647,906,2136,0.006892,2,2024-11-25 08:37:08,Medium,True,Fair
799,10,2,4,1385,1304,1718,0.011181,4,2024-02-03 19:12:51,Medium,True,Excellent
800,40,5,4,913,1136,696,0.003527,5,2024-11-05 14:19:10,Medium,False,Good
801,77,5,9,376,321,1598,0.001041,4,2024-03-18 16:35:40,Simple,True,Good
802,44,2,7,1104,1302,3211,0.010979,4,2024-12-08 01:24:35,Medium,True,Excellent
803,86,4,1,312,340,1372,0.001628,5,2024-05-22 20:54:23,Simple,True,Good
804,94,5,9,231,365,1478,0.001065,3,2024-11-06 11:54:08,Simple,False,Good
805,20,4,4,421,656,2097,0.003516,4,2024-10-17 23:40:34,Medium,True,Good
806,33,5,1,707,600,5387,0.001912,2,2024-11-29 07:38:00,Medium,True,Fair
807,39,5,9,349,394,5476,0.001269,4,2024-07-21 22:14:35,Simple,True,Good
808,51,5,1,198,303,1159,0.000968,4,2024-01-08 02:34:06,Simple,True,Good
809,53,4,7,589,682,9842,0.003336,5,2024-02-26 17:01:01,Medium,False,Good
810,36,4,4,485,469,1987,0.002203,4,2024-05-28 11:38:37,Simple,False,Good
811,76,4,1,60,67,2053,0.000318,4,2024-10-14 05:53:16,Simple,False,Good
812,25,4,1,456,454,2674,0.002169,3,2024-04-15 09:16:49,Simple,True,Good
813,50,3,2,1515,1563,1186,0.011135,4,2024-11-24 16:56:52,Medium,True,Good
814,66,2,4,179,212,5626,0.001599,5,2024-06-09 18:32:27,Simple,True,Excellent
815,69,2,7,387,465,2050,0.003702,3,2024-09-19 15:32:36,Simple,False,Good
816,50,2,3,311,359,1582,0.003117,1,2024-11-18 04:10:22,Simple,False,Fair
817,21,1,2,304,306,2070,0.003349,4,2024-10-06 14:38:42,Simple,True,Excellent
818,40,2,5,378,538,3705,0.004711,4,2024-10-02 06:38:32,Medium,True,Excellent
819,65,4,4,189,205,2434,0.001028,5,2024-10-09 04:29:25,Simple,True,Good
820,92,5,1,248,359,1452,0.001098,5,2024-09-12 07:21:19,Simple,False,Good
821,87,1,1,322,400,6047,0.003679,5,2024-01-02 14:36:03,Simple,False,Excellent
822,15,3,9,1220,1031,2752,0.006843,5,2024-06-29 23:40:31,Medium,True,Good
823,71,3,4,1428,1266,1616,0.00928,5,2024-07-08 02:47:41,Medium,True,Good
824,49,5,2,391,346,1626,0.000938,3,2024-02-07 17:06:35,Simple,True,Good
825,15,2,3,398,353,1532,0.002856,3,2024-07-08 16:14:01,Simple,True,Good
826,29,4,8,733,900,5264,0.004781,4,2024-02-01 00:52:29,Medium,True,Good
827,4,1,7,984,839,3781,0.007815,5,2024-08-17 18:30:24,Medium,True,Excellent
828,40,2,7,1590,1335,2880,0.011607,5,2024-12-02 12:20:53,Medium,False,Excellent
829,32,3,4,794,951,594,0.007319,5,2024-06-26 03:22:26,Medium,True,Good
830,63,3,4,419,575,1270,0.003714,4,2024-10-25 12:00:25,Medium,True,Good
831,90,2,7,1466,2035,1602,0.017572,4,2024-04-07 00:57:38,Complex,True,Excellent
832,99,4,3,1338,2121,566,0.009787,5,2024-09-05 14:57:10,Complex,True,Good
833,67,5,5,729,1061,3020,0.003014,4,2024-09-03 10:40:30,Medium,False,Good
834,49,2,7,801,678,1571,0.005616,5,2024-11-27 20:28:24,Medium,True,Excellent
835,34,3,5,1112,974,4987,0.007188,5,2024-11-20 08:46:28,Medium,True,Good
836,3,1,2,284,470,1622,0.005062,4,2024-05-08 09:25:08,Simple,True,Excellent
837,81,1,2,653,717,1404,0.007621,2,2024-06-17 19:18:27,Medium,False,Fair
838,18,2,8,1188,1227,4235,0.010088,4,2024-01-30 09:54:03,Medium,True,Excellent
839,97,5,5,974,1031,2188,0.002806,5,2024-10-21 21:06:10,Medium,False,Good
840,76,1,5,904,852,583,0.008879,4,2024-10-28 20:12:15,Medium,True,Excellent
841,76,2,2,259,325,662,0.002577,2,2024-08-12 12:34:47,Simple,True,Fair
842,74,3,8,1334,1335,859,0.009412,4,2024-03-01 22:06:37,Medium,False,Good
843,11,1,5,507,687,5044,0.00677,4,2024-08-03 02:13:57,Medium,True,Excellent
844,4,5,5,1140,1108,1946,0.00329,3,2024-04-26 12:13:20,Medium,False,Good
845,46,4,1,395,365,1232,0.001814,4,2024-12-28 01:49:40,Simple,True,Good
846,79,4,9,478,714,2308,0.003316,1,2024-12-24 04:31:24,Medium,True,Fair
847,22,1,9,562,538,979,0.005727,5,2024-04-16 13:15:55,Medium,False,Excellent
848,18,1,8,203,191,1462,0.00197,5,2024-06-13 10:06:40,Simple,True,Excellent
849,32,1,5,384,370,3811,0.003654,1,2024-12-27 04:29:14,Simple,True,Fair
850,16,3,4,1383,1695,546,0.010721,3,2024-03-11 14:50:56,Medium,False,Good
851,5,5,8,617,672,8489,0.00208,3,2024-06-25 16:33:35,Medium,True,Good
852,21,4,8,1795,1655,1427,0.008556,4,2024-07-13 13:05:22,Medium,True,Good
853,14,3,4,1311,1217,2008,0.008527,5,2024-08-25 20:50:45,Medium,True,Good
854,97,1,9,711,720,5278,0.007657,1,2024-03-06 06:51:23,Medium,False,Fair
855,19,4,9,377,334,3591,0.001567,4,2024-05-04 04:01:37,Simple,False,Good
856,47,5,2,350,367,2470,0.000997,3,2024-05-03 15:02:50,Simple,True,Good
857,75,5,4,559,560,1884,0.001548,4,2024-05-26 12:28:36,Medium,True,Good
858,69,4,9,3848,3545,1171,0.017361,5,2024-06-20 01:25:12,Complex,True,Good
859,64,5,1,1487,1930,1162,0.005278,1,2024-11-09 23:11:56,Medium,True,Fair
860,60,4,7,476,614,3881,0.002886,4,2024-11-20 18:43:59,Medium,True,Good
861,87,1,2,546,632,2146,0.006253,4,2024-03-11 00:05:48,Medium,True,Excellent
862,75,1,7,683,581,1816,0.0062,1,2024-10-28 08:30:28,Medium,True,Fair
863,86,1,5,950,1129,2791,0.01121,3,2024-11-16 07:59:59,Medium,False,Good
864,92,5,2,323,377,2873,0.001204,4,2024-01-17 18:45:55,Simple,True,Good
865,33,5,6,911,791,2995,0.002255,5,2024-07-29 14:21:12,Medium,True,Good
866,7,4,3,1061,955,2639,0.004939,3,2024-01-14 08:27:04,Medium,True,Good
867,35,2,7,322,425,1160,0.003119,2,2024-03-15 18:35:19,Simple,False,Fair
868,24,2,6,1123,1012,2093,0.008446,3,2024-06-12 10:17:25,Medium,True,Good
869,49,4,4,1573,1429,3294,0.00758,3,2024-04-10 05:32:11,Medium,True,Good
870,7,1,9,1272,1860,1543,0.017562,4,2024-09-17 15:59:48,Medium,True,Excellent
871,36,3,6,603,509,1924,0.003358,3,2024-11-11 10:07:28,Medium,True,Good
872,100,1,6,213,342,2852,0.003606,4,2024-11-02 07:24:17,Simple,True,Excellent
873,86,2,3,1971,2858,2975,0.023753,3,2024-05-01 08:23:25,Complex,True,Good
874,71,2,7,1176,1569,1303,0.012052,4,2024-02-11 16:45:41,Medium,True,Excellent
875,10,3,8,892,1167,2228,0.007611,4,2024-10-29 13:23:03,Medium,True,Good
876,44,1,6,244,218,1705,0.002069,4,2024-10-06 13:13:35,Simple,True,Excellent
877,92,1,3,339,365,4555,0.003572,2,2024-02-10 20:43:38,Simple,True,Fair
878,79,2,6,131,121,1281,0.001032,5,2024-01-24 13:41:38,Simple,True,Excellent
879,65,4,9,575,689,1064,0.003339,2,2024-07-21 19:30:06,Medium,False,Fair
880,89,4,6,1055,1543,3674,0.008013,4,2024-11-06 02:22:07,Medium,True,Good
881,78,1,7,539,841,1361,0.007999,5,2024-07-22 06:44:43,Medium,True,Excellent
882,59,3,6,333,311,2283,0.00239,3,2024-11-07 11:05:53,Simple,True,Good
883,19,1,4,730,874,2253,0.008887,3,2024-11-20 18:19:59,Medium,True,Good
884,46,1,3,536,563,2392,0.005258,4,2024-05-03 00:09:01,Medium,True,Excellent
885,59,2,2,513,459,2342,0.00359,5,2024-12-03 07:53:23,Simple,True,Excellent
886,43,4,8,914,783,1657,0.003632,4,2024-10-15 13:05:01,Medium,True,Good
887,89,2,2,225,318,1297,0.002375,2,2024-09-19 10:02:11,Simple,True,Fair
888,48,1,9,559,842,2493,0.007623,3,2024-04-22 21:01:21,Medium,False,Good
889,48,2,2,926,1184,1705,0.009202,4,2024-06-19 22:04:45,Medium,False,Excellent
890,85,1,3,242,358,873,0.003708,3,2024-03-27 07:32:37,Simple,True,Good
891,64,1,8,537,662,7474,0.006879,3,2024-07-28 10:11:49,Medium,True,Good
892,87,3,8,416,359,2156,0.002452,1,2024-02-24 10:36:43,Simple,True,Fair
893,21,2,5,338,354,3836,0.002982,5,2024-04-20 12:36:42,Simple,True,Excellent
894,67,2,9,382,575,5947,0.004239,3,2024-02-01 17:24:57,Medium,True,Good
895,28,5,7,831,735,1582,0.002083,4,2024-09-12 16:49:00,Medium,True,Good
896,88,5,6,527,543,556,0.001776,4,2024-05-20 10:53:03,Medium,True,Good
897,9,2,4,441,574,3022,0.004717,4,2024-03-15 15:00:38,Medium,True,Excellent
898,60,3,1,349,441,1986,0.003196,4,2024-07-31 20:24:03,Simple,True,Good
899,12,1,5,380,348,1748,0.003312,3,2024-03-18 11:15:14,Simple,True,Good
900,89,1,8,454,394,3335,0.004006,3,2024-06-11 17:05:16,Simple,True,Good
901,93,2,5,257,314,1652,0.002552,4,2024-03-20 19:41:21,Simple,True,Excellent
902,80,1,3,4658,4000,2234,0.037473,4,2024-08-06 06:15:34,Complex,True,Excellent
903,15,2,3,488,591,1235,0.004593,5,2024-02-07 04:40:45,Medium,True,Excellent
904,49,4,6,529,505,1654,0.002538,3,2024-08-01 17:48:31,Medium,True,Good
905,51,4,3,1715,1623,3974,0.008461,5,2024-08-03 23:11:15,Medium,True,Good
906,51,4,1,1321,1869,788,0.009413,4,2024-07-14 08:04:49,Medium,False,Good
907,4,3,2,521,527,651,0.003505,2,2024-07-23 14:06:32,Medium,True,Fair
908,81,4,7,4108,4000,2391,0.02129,2,2024-12-20 22:06:19,Complex,True,Fair
909,95,1,6,238,319,1312,0.003354,5,2024-03-21 13:27:59,Simple,True,Excellent
910,66,3,9,868,1334,500,0.008807,5,2024-05-09 05:10:16,Medium,False,Good
911,99,2,8,165,268,1100,0.002132,3,2024-09-17 07:17:01,Simple,True,Good
912,10,3,9,143,149,2914,0.00098,5,2024-11-02 00:36:28,Simple,True,Good
913,35,2,7,273,317,1467,0.002748,3,2024-02-29 17:59:49,Simple,True,Good
914,42,1,1,1208,1102,2107,0.010707,2,2024-09-19 21:24:31,Medium,False,Fair
915,68,5,7,1161,1336,6290,0.004234,5,2024-12-26 03:35:08,Medium,True,Good
916,70,5,2,852,737,1890,0.002022,5,2024-11-02 12:14:50,Medium,True,Good
917,100,2,2,1634,1583,500,0.011724,5,2024-09-06 04:09:26,Medium,True,Excellent
918,90,1,2,247,369,1942,0.003469,5,2024-10-12 18:25:31,Simple,True,Excellent
919,62,5,8,196,167,2438,0.000471,2,2024-07-22 04:13:31,Simple,False,Fair
920,61,2,7,1278,1404,1371,0.011666,2,2024-01-11 02:03:03,Medium,True,Fair
921,87,1,8,157,244,1605,0.002627,4,2024-04-02 20:20:11,Simple,True,Excellent
922,17,4,8,422,578,828,0.003002,4,2024-10-09 20:43:27,Medium,False,Good
923,9,3,6,140,141,891,0.000892,3,2024-12-10 03:07:07,Simple,True,Good
924,16,1,6,105,135,1252,0.001385,5,2024-01-23 15:18:11,Simple,False,Excellent
925,58,3,9,613,844,3471,0.006091,2,2024-03-28 09:11:13,Medium,True,Fair
926,40,3,7,1540,1939,1237,0.014157,5,2024-05-10 21:19:57,Medium,True,Good
927,44,5,7,182,243,1797,0.00066,5,2024-11-20 18:00:01,Simple,True,Good
928,46,2,3,120,127,1072,0.001056,1,2024-09-10 14:38:44,Simple,True,Fair
929,21,5,2,1075,984,810,0.003061,4,2024-07-05 17:38:01,Medium,True,Good
930,60,5,7,230,281,1220,0.000922,2,2024-12-22 06:05:00,Simple,True,Fair
931,99,5,4,385,431,8752,0.001341,4,2024-07-26 06:37:04,Simple,False,Good
932,2,5,4,312,397,2036,0.001169,3,2024-10-01 16:53:25,Simple,True,Good
933,68,1,8,420,642,1446,0.007006,4,2024-09-11 23:52:28,Medium,True,Excellent
934,24,2,9,363,452,2865,0.003644,5,2024-09-28 11:55:12,Simple,True,Excellent
935,86,4,8,1055,885,1543,0.004444,4,2024-09-29 05:53:24,Medium,True,Good
936,27,1,7,1129,1591,2201,0.015073,5,2024-02-13 02:58:38,Medium,True,Excellent
937,67,3,9,379,421,2724,0.002774,2,2024-11-21 12:24:34,Simple,False,Fair
938,61,3,3,740,1117,1033,0.007872,4,2024-06-12 07:26:35,Medium,False,Good
939,90,1,1,622,630,1702,0.006427,3,2024-01-29 07:23:16,Medium,True,Good
940,52,1,2,3341,3679,2857,0.04034,3,2024-04-16 08:56:08,Complex,True,Good
941,64,4,4,454,458,2327,0.002333,1,2024-02-19 09:12:36,Simple,True,Fair
942,4,2,4,2224,2534,881,0.018419,4,2024-05-30 15:35:55,Complex,True,Excellent
943,34,4,4,836,1108,3365,0.005807,3,2024-07-09 09:22:16,Medium,True,Good
944,68,2,5,351,463,3499,0.004009,3,2024-06-05 14:35:41,Simple,True,Good
945,26,1,4,400,482,2297,0.005027,3,2024-08-05 18:02:18,Simple,True,Good
946,59,5,2,1014,1077,1437,0.003143,5,2024-01-15 00:42:13,Medium,False,Good
947,17,3,9,508,562,3143,0.00427,5,2024-12-17 00:42:16,Medium,False,Good
948,17,4,8,407,461,679,0.002394,4,2024-09-20 05:10:05,Simple,True,Good
949,89,3,5,257,247,4419,0.001663,4,2024-04-23 17:18:38,Simple,True,Good
950,14,4,8,444,631,3006,0.003102,5,2024-08-31 03:05:15,Medium,True,Good
951,2,4,8,331,462,500,0.002475,5,2024-05-07 08:19:30,Simple,False,Good
952,63,5,2,272,395,876,0.001292,4,2024-06-13 11:42:19,Simple,True,Good
953,69,2,5,441,616,3313,0.005271,4,2024-11-15 03:18:17,Medium,True,Excellent
954,61,5,8,512,564,714,0.001847,3,2024-12-28 22:38:05,Medium,True,Good
955,12,5,1,415,434,2032,0.001352,2,2024-12-18 21:28:21,Simple,True,Fair
956,85,1,1,565,622,1332,0.005688,4,2024-02-29 04:57:39,Medium,True,Excellent
957,100,2,1,495,513,3331,0.0038,4,2024-04-18 07:55:22,Medium,True,Excellent
958,81,2,1,904,754,889,0.006587,3,2024-10-07 11:54:34,Medium,False,Good
959,73,4,1,197,243,2475,0.001141,1,2024-07-13 12:16:07,Simple,True,Fair
960,92,4,3,1270,1081,3844,0.005575,4,2024-01-31 04:01:37,Medium,False,Good
961,57,3,3,907,768,2373,0.004897,5,2024-01-16 04:18:50,Medium,True,Good
962,98,5,6,533,745,1523,0.002371,5,2024-09-03 13:46:51,Medium,True,Good
963,32,4,5,308,260,2993,0.001235,2,2024-02-15 06:34:56,Simple,True,Fair
964,15,2,2,325,437,3624,0.00378,5,2024-11-05 08:38:21,Simple,False,Excellent
965,16,1,4,290,470,961,0.004283,5,2024-01-28 20:10:53,Simple,True,Excellent
966,58,1,7,820,796,1686,0.007529,5,2024-08-10 09:38:47,Medium,True,Excellent
967,35,1,4,300,280,616,0.00274,4,2024-06-02 21:12:05,Simple,True,Excellent
968,58,5,7,583,824,1299,0.002511,4,2024-07-31 20:12:28,Medium,True,Good
969,100,2,1,531,779,2143,0.005711,4,2024-02-14 08:59:58,Medium,True,Excellent
970,8,3,2,731,927,1668,0.007127,4,2024-09-18 16:08:22,Medium,True,Good
971,91,5,2,821,731,1161,0.002267,5,2024-01-09 03:19:20,Medium,True,Good
972,5,1,6,1993,1662,1411,0.017859,4,2024-11-11 02:58:55,Medium,True,Excellent
973,72,2,5,1436,1430,2041,0.0123,5,2024-01-22 12:31:30,Medium,True,Excellent
974,76,5,5,670,1048,4801,0.003248,3,2024-09-29 00:10:23,Medium,True,Good
975,86,4,5,230,375,3305,0.001807,5,2024-10-20 10:27:15,Simple,True,Good
976,1,2,1,486,445,2373,0.003817,4,2024-07-21 11:08:34,Simple,False,Excellent
977,24,5,4,547,528,2181,0.001472,4,2024-08-12 01:08:39,Medium,False,Good
978,76,1,9,272,266,2702,0.002531,1,2024-03-12 23:59:08,Simple,True,Fair
979,35,2,4,373,340,2404,0.002667,4,2024-06-29 14:18:53,Simple,True,Excellent
980,28,5,8,447,654,1622,0.001992,5,2024-01-29 17:23:08,Medium,True,Good
981,55,3,9,787,1177,3893,0.007705,5,2024-05-16 10:28:29,Medium,True,Good
982,10,3,7,1671,1856,500,0.012021,3,2024-11-13 11:37:17,Medium,False,Good
983,62,5,8,1395,1415,2051,0.004192,2,2024-03-23 19:50:55,Medium,True,Fair
984,69,5,8,377,602,6053,0.001897,4,2024-11-08 02:05:07,Medium,False,Good
985,6,1,7,1399,1924,5120,0.017521,4,2024-08-05 18:55:35,Medium,True,Excellent
986,62,1,4,513,465,3334,0.004522,4,2024-03-11 18:08:56,Simple,True,Excellent
987,47,3,7,99,160,1097,0.00116,4,2024-04-28 05:07:20,Simple,True,Good
988,95,3,6,517,478,1658,0.003582,4,2024-05-05 22:02:18,Simple,True,Good
989,27,3,6,235,317,5047,0.002043,4,2024-04-25 23:36:00,Simple,True,Good
990,85,3,4,482,619,980,0.003996,1,2024-01-08 15:00:49,Medium,True,Fair
991,50,4,3,185,273,2116,0.00132,4,2024-03-28 18:58:11,Simple,True,Good
992,90,4,1,356,508,2584,0.00246,4,2024-08-06 03:42:20,Medium,True,Good
993,8,3,2,473,431,2684,0.002816,2,2024-11-25 15:02:37,Simple,True,Fair
994,13,2,4,1235,1443,1183,0.012215,3,2024-06-06 01:49:37,Medium,False,Good
995,16,3,8,812,1084,2244,0.00738,5,2024-06-19 23:57:14,Medium,False,Good
996,90,1,5,861,834,898,0.008396,5,2024-09-15 12:19:59,Medium,True,Excellent
997,57,4,4,1342,1372,3916,0.006554,5,2024-05-26 17:11:13,Medium,False,Good
998,41,5,6,216,206,2909,0.000619,2,2024-10-02 09:09:24,Simple,True,Fair
999,57,2,3,4308,4000,1856,0.029483,3,2024-06-07 15:28:42,Complex,False,Good
1000,73,4,8,1054,1482,2051,0.007427,4,2024-12-20 14:36:17,Medium,True,Good
1001,63,5,3,212,208,3642,0.00064,4,2024-04-24 07:58:31,Simple,False,Good
1002,80,4,3,1197,1137,1737,0.00605,4,2024-06-18 02:48:54,Medium,True,Good
1003,18,2,4,371,519,600,0.00447,4,2024-06-18 19:03:56,Medium,True,Excellent
1004,23,2,4,1775,1919,6745,0.016448,5,2024-04-11 02:32:34,Medium,True,Excellent
1005,2,3,3,507,467,2354,0.00355,5,2024-07-23 08:12:42,Simple,False,Good
1006,50,2,1,94,142,1438,0.001152,4,2024-10-31 15:58:49,Simple,True,Excellent
1007,29,3,8,789,885,1253,0.006453,3,2024-07-24 22:38:53,Medium,False,Good
1008,85,5,6,245,397,1228,0.001165,1,2024-10-09 00:27:35,Simple,True,Fair
1009,22,1,7,541,653,6651,0.00595,3,2024-08-13 17:46:34,Medium,True,Good
1010,80,5,5,1014,1226,1404,0.00397,3,2024-11-10 22:14:12,Medium,True,Good
1011,3,5,8,678,901,5371,0.002576,4,2024-03-02 02:44:03,Medium,True,Good
1012,98,4,6,529,501,1551,0.002576,5,2024-03-16 19:41:01,Medium,False,Good
1013,19,5,2,813,1190,1841,0.003848,4,2024-08-09 12:50:13,Medium,True,Good
1014,48,1,4,665,919,1895,0.00955,5,2024-09-06 11:05:00,Medium,True,Excellent
1015,26,1,3,556,533,11287,0.00565,4,2024-12-02 13:30:36,Medium,True,Excellent
1016,35,4,6,395,333,1464,0.001712,5,2024-10-05 16:08:43,Simple,False,Good
1017,68,1,2,914,934,3062,0.010209,4,2024-07-23 01:31:30,Medium,True,Excellent
1018,88,1,8,502,578,1534,0.00567,3,2024-12-13 16:35:31,Medium,False,Good
1019,84,4,7,493,622,1508,0.003284,5,2024-02-27 06:39:14,Medium,True,Good
1020,83,4,2,570,892,858,0.004286,4,2024-12-13 13:49:47,Medium,True,Good
1021,2,5,1,511,486,2403,0.001355,4,2024-10-26 18:33:07,Simple,True,Good
1022,61,5,9,927,947,1779,0.002795,3,2024-08-13 20:15:56,Medium,True,Good
1023,42,5,4,872,1048,500,0.003326,4,2024-05-22 00:58:32,Medium,False,Good
1024,7,1,3,475,596,1148,0.006082,1,2024-04-22 03:49:36,Medium,True,Fair
1025,27,4,3,646,930,2466,0.005023,1,2024-08-28 20:06:05,Medium,True,Fair
1026,54,4,9,1311,2049,1090,0.0099,3,2024-05-28 09:29:06,Complex,True,Good
1027,2,2,2,174,171,4202,0.001315,4,2024-09-14 08:34:14,Simple,True,Excellent
1028,96,5,1,680,618,1465,0.00196,5,2024-07-03 15:52:47,Medium,True,Good
1029,40,4,2,702,1044,581,0.005331,4,2024-01-27 08:16:20,Medium,False,Good
1030,96,4,5,440,394,1867,0.001812,4,2024-12-30 23:46:33,Simple,True,Good
1031,98,4,8,623,580,1971,0.003011,3,2024-08-04 23:57:00,Medium,True,Good
1032,96,2,7,1179,1025,1881,0.00796,5,2024-02-03 19:13:50,Medium,False,Excellent
1033,43,5,8,244,356,1200,0.001048,3,2024-06-05 09:54:13,Simple,True,Good
1034,75,4,5,504,808,4071,0.004248,4,2024-07-30 07:10:31,Medium,True,Good
1035,60,4,1,362,531,5428,0.002847,3,2024-03-03 13:35:38,Medium,True,Good
1036,14,3,3,462,454,1418,0.003286,3,2024-05-19 21:52:01,Simple,True,Good
1037,36,2,1,737,615,7228,0.005336,4,2024-03-17 03:10:32,Medium,True,Excellent
1038,36,4,8,235,385,1077,0.001767,4,2024-05-30 17:44:10,Simple,True,Good
1039,90,1,7,1448,1270,2606,0.013501,2,2024-11-14 09:54:11,Medium,True,Fair
1040,74,4,9,279,300,2384,0.001612,2,2024-07-06 09:36:09,Simple,True,Fair
1041,15,5,4,800,1178,1861,0.003276,4,2024-05-02 00:12:53,Medium,True,Good
1042,90,2,7,741,895,2107,0.00679,5,2024-07-30 11:45:06,Medium,True,Excellent
1043,11,1,3,628,526,1213,0.005116,4,2024-06-21 02:14:57,Medium,True,Excellent
1044,73,1,1,697,765,1954,0.008258,1,2024-07-03 20:45:00,Medium,True,Fair
1045,45,1,6,359,376,2513,0.003738,5,2024-08-03 00:25:39,Simple,True,Excellent
1046,39,5,1,352,428,2125,0.001317,4,2024-10-01 09:16:52,Simple,True,Good
1047,7,3,5,1980,2251,1015,0.016989,4,2024-12-26 04:45:48,Complex,True,Good
1048,46,2,3,421,523,2192,0.004264,4,2024-08-18 06:12:11,Medium,True,Excellent
1049,37,3,5,306,465,2761,0.003401,5,2024-08-29 02:11:21,Simple,True,Good
1050,92,1,6,234,361,665,0.003456,4,2024-02-13 10:25:47,Simple,True,Excellent
1051,7,2,7,170,280,1336,0.00232,5,2024-10-01 04:42:27,Simple,True,Excellent
1052,18,4,6,1008,1601,2434,0.008013,5,2024-05-01 08:14:48,Medium,False,Good
1053,83,2,3,203,178,869,0.001354,5,2024-11-26 05:21:49,Simple,True,Excellent
1054,7,4,6,590,639,2998,0.003128,3,2024-01-21 13:27:00,Medium,True,Good
1055,47,4,6,248,304,2217,0.001561,3,2024-06-15 08:14:05,Simple,True,Good
1056,8,2,7,422,395,1826,0.002908,4,2024-06-07 21:01:53,Simple,True,Excellent
1057,54,4,7,404,559,4887,0.002804,5,2024-08-04 05:39:29,Medium,True,Good
1058,74,1,7,255,361,1355,0.003898,5,2024-12-25 20:24:42,Simple,True,Excellent
1059,63,2,9,1411,1484,1492,0.011526,4,2024-02-05 21:47:57,Medium,True,Excellent
1060,90,5,1,1109,1124,899,0.003364,3,2024-02-14 05:06:10,Medium,False,Good
1061,2,2,2,190,279,2313,0.002209,3,2024-07-18 22:47:11,Simple,True,Good
1062,14,2,7,705,614,813,0.004696,5,2024-03-14 07:37:00,Medium,True,Excellent
1063,37,2,6,698,597,4199,0.004437,5,2024-08-31 02:37:31,Medium,True,Excellent
1064,1,5,1,658,1012,3103,0.002753,4,2024-08-26 11:00:27,Medium,True,Good
1065,13,3,7,372,356,2236,0.002267,4,2024-08-19 11:30:23,Simple,True,Good
1066,88,1,6,817,987,1172,0.009601,1,2024-04-24 05:39:26,Medium,False,Fair
1067,1,4,5,782,840,887,0.004124,2,2024-04-07 22:32:12,Medium,False,Fair
1068,38,1,5,522,728,1411,0.006857,4,2024-02-20 09:30:55,Medium,True,Excellent
1069,68,5,1,2703,2404,1398,0.007277,5,2024-07-15 21:25:05,Complex,True,Good
1070,91,2,6,634,605,1060,0.005211,3,2024-12-21 21:57:31,Medium,True,Good
1071,19,5,9,1247,1575,796,0.004926,4,2024-10-15 07:56:57,Medium,True,Good
1072,53,4,4,434,419,613,0.002083,5,2024-10-25 19:41:46,Simple,True,Good
1073,20,2,9,258,243,2745,0.002077,4,2024-11-18 08:11:29,Simple,True,Excellent
1074,41,3,8,586,843,3014,0.005892,4,2024-06-10 06:33:04,Medium,True,Good
1075,78,2,2,1138,1066,2278,0.008231,2,2024-06-17 11:29:56,Medium,True,Fair
1076,79,1,9,571,664,500,0.006127,4,2024-11-01 04:38:33,Medium,True,Excellent
1077,53,1,5,633,601,1147,0.006448,5,2024-06-25 21:45:22,Medium,True,Excellent
1078,54,4,6,998,886,2659,0.004641,5,2024-08-04 23:45:14,Medium,False,Good
1079,78,3,7,379,455,1119,0.002904,1,2024-02-04 19:19:14,Simple,True,Fair
1080,20,5,7,858,1268,1733,0.003808,3,2024-06-25 10:46:34,Medium,False,Good
1081,92,1,8,304,358,3209,0.003926,3,2024-05-31 01:52:48,Simple,True,Good
1082,63,3,7,779,839,4025,0.005878,4,2024-04-12 08:51:17,Medium,True,Good
1083,99,5,9,292,428,2321,0.001237,3,2024-12-03 16:08:17,Simple,True,Good
1084,96,2,9,910,850,2723,0.007389,2,2024-02-18 09:39:10,Medium,True,Fair
1085,53,3,4,145,150,891,0.000991,1,2024-12-07 04:00:05,Simple,True,Fair
1086,24,1,3,1119,1202,4335,0.012492,4,2024-11-03 06:44:14,Medium,True,Excellent
1087,100,1,3,367,587,1804,0.006035,2,2024-01-18 11:43:22,Medium,True,Fair
1088,23,4,8,1124,1589,1772,0.007972,3,2024-04-07 01:48:09,Medium,True,Good
1089,84,5,4,768,832,967,0.002423,4,2024-03-13 19:37:24,Medium,False,Good
1090,3,2,4,227,312,1127,0.002367,2,2024-07-12 16:36:28,Simple,True,Fair
1091,41,4,9,779,967,2375,0.005098,5,2024-05-14 18:02:11,Medium,False,Good
1092,42,3,3,2729,2338,1653,0.016066,5,2024-11-10 18:12:56,Complex,True,Good
1093,37,3,4,317,364,2272,0.002432,5,2024-09-22 18:29:37,Simple,True,Good
1094,50,3,5,1088,1312,500,0.009186,3,2024-08-29 21:36:29,Medium,True,Good
1095,78,5,5,1897,1679,1181,0.005336,5,2024-03-05 06:41:36,Medium,False,Good
1096,91,2,1,493,436,1638,0.00381,4,2024-10-24 13:55:58,Simple,True,Excellent
1097,4,5,7,436,444,1269,0.001257,4,2024-01-06 10:10:07,Simple,True,Good
1098,47,3,2,280,304,3653,0.002101,5,2024-08-02 10:11:53,Simple,False,Good
1099,73,5,7,434,674,2142,0.001894,4,2024-04-01 16:21:17,Medium,True,Good
1100,36,5,8,575,628,913,0.00192,5,2024-06-10 22:55:01,Medium,True,Good
1101,33,3,6,1426,1475,1910,0.009775,3,2024-11-28 22:48:52,Medium,True,Good
1102,33,4,4,633,563,1043,0.002925,4,2024-06-23 04:09:00,Medium,True,Good
1103,44,2,2,921,824,2422,0.006231,5,2024-10-10 15:45:15,Medium,True,Excellent
1104,90,5,7,199,182,3689,0.000493,5,2024-03-03 03:13:31,Simple,True,Good
1105,54,4,5,1234,1059,3568,0.0055,1,2024-02-10 18:31:05,Medium,False,Fair
1106,53,4,2,612,764,948,0.004069,5,2024-11-01 03:34:19,Medium,True,Good
1107,31,4,1,441,649,2653,0.003443,4,2024-01-27 13:06:04,Medium,True,Good
1108,77,5,4,443,656,2357,0.001822,3,2024-03-16 22:55:14,Medium,True,Good
1109,86,4,4,591,563,1685,0.002624,5,2024-09-18 01:57:08,Medium,True,Good
1110,70,4,4,1467,1721,6515,0.007926,3,2024-05-30 00:36:51,Medium,True,Good
1111,14,4,9,288,414,1009,0.001979,5,2024-01-20 09:40:29,Simple,True,Good
1112,20,1,1,4196,3849,2008,0.03919,4,2024-01-31 19:21:18,Complex,True,Excellent
1113,49,4,3,460,455,652,0.002202,5,2024-05-27 21:47:45,Simple,True,Good
1114,53,1,2,2933,3433,1978,0.03412,4,2024-11-08 19:36:04,Complex,True,Excellent
1115,9,1,9,646,1039,3494,0.009458,3,2024-02-17 18:10:15,Medium,True,Good
1116,89,4,2,799,714,2443,0.003554,4,2024-09-18 23:16:18,Medium,True,Good
1117,91,3,7,1616,1369,1465,0.009182,5,2024-10-27 15:39:24,Medium,False,Good
1118,59,1,7,464,657,8086,0.00702,3,2024-08-06 17:09:43,Medium,False,Good
1119,92,5,6,377,488,1011,0.001536,4,2024-02-10 02:41:18,Simple,True,Good
1120,69,1,4,648,585,3771,0.006393,3,2024-10-15 15:19:18,Medium,True,Good
1121,50,4,3,160,193,2828,0.000884,4,2024-12-20 20:49:43,Simple,True,Good
1122,2,2,3,217,277,2413,0.002389,4,2024-02-20 04:24:45,Simple,True,Excellent
1123,22,2,5,446,386,743,0.002967,2,2024-10-03 15:55:11,Simple,True,Fair
1124,21,2,7,463,529,1059,0.004593,4,2024-04-21 14:21:43,Medium,False,Excellent
1125,51,4,6,297,328,2208,0.001702,4,2024-07-03 10:12:18,Simple,True,Good
1126,78,4,7,1004,959,1975,0.005066,4,2024-01-19 19:59:00,Medium,False,Good
1127,80,5,6,3103,2865,1719,0.008347,5,2024-06-08 23:45:40,Complex,False,Good
1128,95,4,9,207,297,641,0.001624,4,2024-03-19 04:47:01,Simple,False,Good
1129,83,1,4,677,567,3677,0.005964,2,2024-10-25 02:05:00,Medium,True,Fair
1130,87,1,7,567,802,944,0.008772,1,2024-08-01 07:37:42,Medium,False,Fair
1131,14,1,5,399,565,997,0.005298,5,2024-02-12 12:53:44,Medium,True,Excellent
1132,50,3,8,486,611,2236,0.004291,4,2024-05-30 21:29:22,Medium,True,Good
1133,57,5,2,1117,1363,1390,0.003886,3,2024-04-06 01:50:02,Medium,False,Good
1134,79,1,8,318,526,1838,0.005682,5,2024-07-02 05:07:20,Medium,True,Excellent
1135,40,2,8,489,509,907,0.003897,5,2024-06-19 15:48:25,Medium,False,Excellent
1136,24,4,1,439,412,500,0.001883,4,2024-06-13 23:27:51,Simple,False,Good
1137,4,4,3,207,245,1164,0.001254,3,2024-10-15 16:16:57,Simple,True,Good
1138,15,3,5,521,659,500,0.004653,4,2024-01-17 02:36:38,Medium,True,Good
1139,89,4,6,313,318,966,0.001661,5,2024-07-29 17:07:07,Simple,True,Good
1140,29,2,9,3122,3827,2460,0.033566,2,2024-10-11 00:36:27,Complex,True,Fair
1141,12,5,5,605,832,3293,0.002337,2,2024-07-23 09:45:14,Medium,True,Fair
1142,30,3,2,420,358,3294,0.002264,3,2024-02-16 07:55:03,Simple,False,Good
1143,56,4,3,650,745,2002,0.003812,4,2024-08-19 07:25:46,Medium,False,Good
1144,10,3,7,725,1005,3826,0.006548,5,2024-09-16 01:59:09,Medium,True,Good
1145,89,4,3,141,162,1743,0.000752,4,2024-04-13 07:29:30,Simple,True,Good
1146,3,1,2,3593,4000,4055,0.043156,5,2024-03-29 20:32:08,Complex,True,Excellent
1147,78,3,5,770,743,1291,0.005445,4,2024-05-14 00:41:24,Medium,True,Good
1148,96,3,8,380,383,5849,0.002755,4,2024-10-25 01:47:39,Simple,True,Good
1149,43,5,9,979,840,1047,0.002283,5,2024-03-17 21:19:04,Medium,True,Good
1150,88,1,7,1012,1038,1369,0.009815,5,2024-08-30 09:19:15,Medium,True,Excellent
1151,20,5,6,328,354,1385,0.001157,4,2024-08-13 05:34:37,Simple,True,Good
1152,95,2,1,272,341,686,0.002556,4,2024-06-10 19:24:07,Simple,False,Excellent
1153,63,2,2,663,991,1849,0.007146,2,2024-11-17 06:55:08,Medium,True,Fair
1154,78,3,9,118,138,500,0.001054,5,2024-11-27 05:14:51,Simple,False,Good
1155,5,3,1,918,905,4377,0.006317,5,2024-03-19 20:09:39,Medium,True,Good
1156,52,4,7,3053,3712,1648,0.019901,4,2024-03-31 22:26:27,Complex,True,Good
1157,18,2,1,742,709,910,0.006009,1,2024-11-06 11:59:58,Medium,True,Fair
1158,90,3,2,102,170,2005,0.001156,5,2024-09-26 00:27:17,Simple,True,Good
1159,70,5,4,249,379,2039,0.001094,4,2024-11-30 11:43:34,Simple,True,Good
1160,79,5,4,726,793,760,0.002295,3,2024-12-14 15:33:25,Medium,False,Good
1161,17,3,1,1224,1279,2653,0.008129,3,2024-02-08 18:56:44,Medium,True,Good
1162,74,5,4,1516,2040,3019,0.006497,5,2024-07-09 05:09:53,Complex,False,Good
1163,28,1,6,416,367,1318,0.003402,4,2024-10-18 15:08:04,Simple,True,Excellent
1164,42,5,8,450,574,891,0.001566,5,2024-02-24 19:35:30,Medium,True,Good
1165,31,5,2,796,1021,1981,0.00327,2,2024-04-15 04:18:25,Medium,True,Fair
1166,89,1,6,2372,2546,1342,0.026645,5,2024-11-02 11:49:58,Complex,True,Excellent
1167,100,5,2,341,432,5066,0.001217,5,2024-08-30 13:02:08,Simple,True,Good
1168,68,2,7,1033,1097,876,0.00885,4,2024-08-13 21:11:58,Medium,True,Excellent
1169,56,1,2,354,336,2578,0.003158,2,2024-01-29 09:31:13,Simple,True,Fair
1170,78,4,9,337,440,1654,0.002398,4,2024-11-08 14:23:27,Simple,True,Good
1171,32,2,2,368,457,7804,0.003469,2,2024-08-01 03:13:35,Simple,True,Fair
1172,84,3,5,166,246,856,0.001715,4,2024-11-04 21:39:13,Simple,True,Good
1173,49,2,6,599,553,2392,0.004492,5,2024-08-22 21:33:31,Medium,False,Excellent
1174,51,3,5,546,456,680,0.003331,3,2024-03-04 21:38:34,Simple,True,Good
1175,30,3,1,600,504,1028,0.003387,4,2024-05-30 22:22:44,Medium,False,Good
1176,80,2,3,1414,1416,3461,0.010567,3,2024-11-06 13:47:56,Medium,True,Good
1177,70,5,6,380,359,1478,0.00117,3,2024-12-09 07:10:49,Simple,False,Good
1178,89,5,3,1312,1178,3658,0.003735,5,2024-07-09 09:01:08,Medium,False,Good
1179,7,1,9,259,328,4413,0.003543,5,2024-03-13 20:50:11,Simple,True,Excellent
1180,8,5,7,798,1212,6381,0.0034,4,2024-01-07 07:21:23,Medium,False,Good
1181,75,3,3,1274,1195,669,0.008859,5,2024-02-21 00:07:29,Medium,True,Good
1182,40,1,3,603,657,2205,0.007059,5,2024-01-27 07:15:46,Medium,True,Excellent
1183,90,1,3,869,811,2883,0.00836,1,2024-05-08 01:13:39,Medium,True,Fair
1184,80,5,3,492,504,2124,0.001475,5,2024-01-24 02:49:00,Medium,True,Good
1185,86,5,5,545,511,550,0.001666,4,2024-11-08 00:01:41,Medium,True,Good
1186,89,1,5,391,490,939,0.004535,4,2024-01-04 10:37:20,Simple,True,Excellent
1187,18,1,6,562,887,6650,0.009371,2,2024-05-07 17:39:42,Medium,True,Fair
1188,17,5,9,427,644,1788,0.001942,5,2024-09-05 06:51:41,Medium,True,Good
1189,74,5,4,616,569,1601,0.001585,3,2024-04-04 21:19:30,Medium,True,Good
1190,25,2,9,556,560,1791,0.004726,5,2024-01-23 00:12:07,Medium,True,Excellent
1191,18,5,4,1150,1180,1749,0.003837,5,2024-02-17 00:30:54,Medium,True,Good
1192,16,2,2,400,491,1017,0.004232,4,2024-11-04 12:50:32,Simple,False,Excellent
1193,9,3,7,477,452,2133,0.00334,5,2024-01-11 05:13:03,Simple,True,Good
1194,32,4,9,1424,1337,2051,0.006903,4,2024-07-14 19:02:09,Medium,False,Good
1195,95,3,6,677,806,2067,0.006052,4,2024-05-23 20:24:06,Medium,False,Good
1196,36,4,2,137,215,1536,0.00099,5,2024-06-28 22:58:39,Simple,True,Good
1197,92,5,9,805,976,2588,0.0029,4,2024-04-20 11:19:00,Medium,True,Good
1198,76,4,9,505,728,1531,0.003291,5,2024-07-24 20:57:21,Medium,True,Good
1199,61,1,8,861,1145,1389,0.012286,4,2024-07-16 17:24:02,Medium,True,Excellent
1200,71,5,5,1773,2128,1883,0.006385,5,2024-09-12 21:35:47,Complex,True,Good
1201,52,3,3,1053,1231,1244,0.008193,5,2024-06-24 05:57:37,Medium,True,Good
1202,29,2,6,487,555,2547,0.004056,5,2024-11-02 10:07:19,Medium,True,Excellent
1203,28,2,8,521,581,1271,0.004495,3,2024-07-14 03:19:46,Medium,False,Good
1204,13,3,8,2091,2708,2404,0.018647,5,2024-07-11 16:41:13,Complex,False,Good
1205,25,4,6,840,986,925,0.004629,5,2024-12-18 04:54:55,Medium,False,Good
1206,70,3,5,351,513,1396,0.003668,5,2024-01-03 19:16:26,Medium,True,Good
1207,90,4,1,495,468,1216,0.002191,3,2024-02-02 21:35:12,Simple,False,Good
1208,78,5,3,1127,1231,1540,0.00358,4,2024-07-19 11:19:56,Medium,True,Good
1209,87,3,7,1241,1964,2316,0.014562,4,2024-12-03 16:45:48,Medium,True,Good
1210,76,2,2,502,520,1414,0.004016,2,2024-08-04 17:45:35,Medium,True,Fair
1211,82,2,1,146,133,2915,0.001041,2,2024-05-13 13:07:48,Simple,False,Fair
1212,74,1,1,173,145,2423,0.001561,3,2024-04-16 15:00:22,Simple,True,Good
1213,59,2,6,405,606,1800,0.00474,4,2024-12-03 10:29:38,Medium,True,Excellent
1214,68,1,6,1005,1021,2797,0.010764,4,2024-12-16 14:10:02,Medium,True,Excellent
1215,44,4,7,258,402,3714,0.00221,5,2024-12-15 07:10:09,Simple,False,Good
1216,40,4,4,529,464,2052,0.002424,4,2024-09-29 20:52:27,Simple,True,Good
1217,92,2,4,538,798,3061,0.006223,4,2024-08-15 23:06:52,Medium,True,Excellent
1218,9,3,1,990,1004,3099,0.006997,4,2024-09-11 04:10:26,Medium,False,Good
1219,4,4,6,686,837,843,0.004342,3,2024-09-05 18:33:39,Medium,True,Good
1220,28,2,1,617,546,3104,0.004129,5,2024-07-25 22:07:49,Medium,True,Excellent
1221,92,2,8,130,141,1335,0.001087,5,2024-09-14 07:48:42,Simple,True,Excellent
1222,80,3,9,226,268,4175,0.002012,5,2024-07-11 23:47:50,Simple,True,Good
1223,24,2,2,696,978,1431,0.008451,4,2024-09-09 21:44:18,Medium,True,Excellent
1224,40,1,7,1379,1873,1779,0.018927,3,2024-08-28 00:20:08,Medium,True,Good
1225,94,2,9,1794,1709,1598,0.013762,4,2024-10-30 10:40:24,Medium,True,Excellent
1226,37,4,3,537,543,1322,0.002957,3,2024-04-26 02:50:10,Medium,True,Good
1227,93,5,3,1557,1708,2772,0.005074,3,2024-12-17 23:34:53,Medium,True,Good
1228,24,1,7,527,624,2145,0.006722,4,2024-09-08 17:21:08,Medium,True,Excellent
1229,82,4,5,861,966,2284,0.004411,5,2024-09-19 10:11:21,Medium,False,Good
1230,65,1,5,4413,4000,3000,0.037967,3,2024-03-05 17:30:49,Complex,True,Good
1231,75,3,9,878,1151,1568,0.008817,2,2024-12-24 20:21:54,Medium,True,Fair
1232,86,2,7,565,511,1692,0.004053,5,2024-07-26 02:51:49,Medium,True,Excellent
1233,32,5,2,236,218,2206,0.000665,5,2024-11-19 01:50:39,Simple,True,Good
1234,27,2,9,418,497,1085,0.003764,4,2024-12-06 21:01:52,Simple,False,Excellent
1235,48,4,3,469,665,2602,0.003071,4,2024-01-22 18:49:11,Medium,False,Good
1236,12,5,4,899,900,3127,0.002709,3,2024-12-08 08:48:04,Medium,True,Good
1237,83,3,8,169,162,1463,0.001029,5,2024-08-17 09:28:53,Simple,True,Good
1238,29,3,6,332,501,1539,0.003621,4,2024-05-06 18:02:51,Medium,True,Good
1239,1,4,3,1169,1092,547,0.005754,4,2024-10-21 12:44:22,Medium,True,Good
1240,25,5,7,547,563,1438,0.001646,2,2024-07-25 01:29:24,Medium,False,Fair
1241,54,4,8,2224,2937,1009,0.014348,3,2024-01-31 20:49:21,Complex,True,Good
1242,78,1,5,574,517,3857,0.004831,4,2024-08-11 01:58:19,Medium,True,Excellent
1243,74,5,6,154,206,5678,0.000644,4,2024-03-26 05:47:32,Simple,True,Good
1244,19,4,8,693,1020,1746,0.005565,1,2024-05-21 10:11:55,Medium,True,Fair
1245,32,2,2,1574,1574,1967,0.011784,5,2024-11-21 19:36:52,Medium,True,Excellent
1246,23,3,6,228,207,1270,0.001517,4,2024-11-12 23:04:42,Simple,True,Good
1247,97,1,3,275,301,2497,0.003105,4,2024-10-11 18:36:12,Simple,True,Excellent
1248,26,3,1,792,1036,1498,0.006704,3,2024-06-04 15:57:34,Medium,True,Good
1249,17,4,3,569,576,3051,0.002783,4,2024-02-25 03:45:37,Medium,True,Good
1250,8,3,9,314,349,4307,0.002202,5,2024-03-16 05:09:16,Simple,True,Good
1251,25,4,8,785,751,1719,0.00355,4,2024-03-23 17:52:59,Medium,True,Good
1252,63,4,7,217,252,2176,0.001268,2,2024-12-23 21:53:24,Simple,True,Fair
1253,22,1,5,859,862,1285,0.008008,2,2024-07-09 21:22:30,Medium,True,Fair
1254,89,2,2,1263,1263,1910,0.010002,4,2024-01-26 04:38:50,Medium,True,Excellent
1255,23,1,4,1048,920,3200,0.009233,2,2024-09-23 01:51:37,Medium,True,Fair
1256,86,1,6,61,91,996,0.000908,3,2024-05-14 05:35:14,Simple,True,Good
1257,39,4,8,554,834,807,0.004533,2,2024-03-02 11:01:05,Medium,False,Fair
1258,14,4,1,620,598,7004,0.002975,4,2024-10-04 04:05:39,Medium,True,Good
1259,91,3,2,520,613,2266,0.004473,4,2024-11-26 18:12:32,Medium,True,Good
1260,34,3,3,632,646,1894,0.004205,3,2024-05-27 16:33:56,Medium,True,Good
1261,31,2,5,159,233,1597,0.002017,2,2024-02-25 20:12:42,Simple,True,Fair
1262,79,5,7,1818,1682,2085,0.005245,3,2024-05-21 08:29:06,Medium,True,Good
1263,75,4,7,800,1191,2591,0.006173,4,2024-04-24 10:07:57,Medium,True,Good
1264,43,1,6,1293,1861,1832,0.017071,4,2024-03-20 23:12:42,Medium,True,Excellent
1265,80,3,2,498,676,932,0.004523,1,2024-03-07 19:02:32,Medium,True,Fair
1266,2,5,5,277,445,6400,0.001387,4,2024-05-18 02:22:14,Simple,True,Good
1267,74,3,7,810,790,1816,0.005293,4,2024-01-02 23:46:18,Medium,True,Good
1268,58,3,1,180,245,2424,0.00184,1,2024-03-01 13:55:00,Simple,True,Fair
1269,49,4,9,671,574,1057,0.003072,5,2024-07-16 11:18:37,Medium,False,Good
1270,78,2,7,438,369,2557,0.002682,2,2024-07-16 21:11:06,Simple,True,Fair
1271,33,2,3,1060,906,914,0.007882,3,2024-06-24 14:47:21,Medium,False,Good
1272,86,3,5,1238,1480,1644,0.010855,4,2024-09-03 18:59:19,Medium,True,Good
1273,2,3,5,1135,1121,1085,0.007472,3,2024-04-13 12:53:01,Medium,True,Good
1274,47,1,3,326,306,2830,0.003255,4,2024-11-17 20:32:38,Simple,True,Excellent
1275,25,3,4,1076,995,1835,0.006523,5,2024-12-17 04:28:36,Medium,False,Good
1276,24,2,5,375,371,995,0.002779,4,2024-07-09 20:09:58,Simple,True,Excellent
1277,77,2,5,287,339,773,0.002588,5,2024-07-13 05:58:12,Simple,True,Excellent
1278,19,3,4,1172,1279,2896,0.009224,4,2024-09-13 12:43:25,Medium,False,Good
1279,19,5,7,640,599,3112,0.001891,3,2024-06-06 14:09:32,Medium,True,Good
1280,36,5,2,244,247,1688,0.00072,5,2024-11-27 03:03:11,Simple,False,Good
1281,86,2,7,479,605,4439,0.004461,2,2024-09-09 04:32:05,Medium,False,Fair
1282,34,2,3,1422,1294,2189,0.010186,3,2024-06-17 08:25:30,Medium,True,Good
1283,5,2,7,456,449,2359,0.003385,3,2024-05-07 18:04:40,Simple,True,Good
1284,2,1,1,842,720,1771,0.006936,4,2024-11-16 15:14:46,Medium,True,Excellent
1285,81,3,3,119,126,3624,0.000872,4,2024-01-05 13:10:36,Simple,True,Good
1286,63,2,5,825,1058,6911,0.008378,1,2024-07-05 15:32:04,Medium,True,Fair
1287,27,1,9,338,290,670,0.002674,5,2024-08-14 20:42:48,Simple,True,Excellent
1288,26,4,4,678,621,2215,0.00304,2,2024-09-23 03:02:17,Medium,True,Fair
1289,61,5,7,1572,1452,2523,0.004074,4,2024-08-22 05:19:19,Medium,True,Good
1290,66,3,6,435,516,670,0.003887,4,2024-06-11 18:34:06,Medium,False,Good
1291,58,3,9,838,857,2585,0.005728,4,2024-02-22 21:13:08,Medium,True,Good
1292,46,3,4,465,411,971,0.002954,3,2024-05-29 18:24:10,Simple,False,Good
1293,46,3,8,405,484,3296,0.003185,3,2024-07-24 07:44:04,Simple,True,Good
1294,94,4,7,227,278,3089,0.001518,1,2024-07-01 09:47:10,Simple,True,Fair
1295,1,1,5,670,910,5817,0.00928,1,2024-07-13 05:39:59,Medium,False,Fair
1296,21,3,2,1806,1808,1053,0.011685,3,2024-06-12 16:05:17,Medium,True,Good
1297,90,3,1,357,315,2671,0.002324,5,2024-03-27 06:01:54,Simple,True,Good
1298,39,2,7,626,916,1657,0.007079,2,2024-09-13 19:11:33,Medium,True,Fair
1299,93,2,2,84,135,1073,0.001126,4,2024-10-03 16:45:19,Simple,True,Excellent
1300,23,5,3,1809,1713,2064,0.004946,4,2024-02-05 11:06:41,Medium,True,Good
1301,39,2,9,124,107,500,0.000794,2,2024-12-19 04:02:12,Simple,False,Fair
1302,58,3,2,430,531,2662,0.00371,4,2024-10-10 21:13:17,Medium,True,Good
1303,83,5,2,583,646,1002,0.001836,4,2024-07-26 21:13:26,Medium,True,Good
1304,100,1,8,302,266,1691,0.0026,4,2024-07-26 20:06:44,Simple,True,Excellent
1305,47,1,7,375,425,1262,0.003946,2,2024-02-04 09:29:41,Simple,True,Fair
1306,100,2,4,814,772,3419,0.006596,5,2024-01-29 17:28:39,Medium,True,Excellent
1307,97,3,8,293,245,5438,0.001756,4,2024-09-01 00:29:39,Simple,True,Good
1308,47,4,8,451,546,2015,0.002692,4,2024-07-21 03:34:28,Medium,True,Good
1309,54,5,9,587,495,834,0.001508,4,2024-01-31 11:39:00,Simple,True,Good
1310,41,1,8,455,547,5176,0.005296,5,2024-03-28 23:26:31,Medium,True,Excellent
1311,12,2,4,568,600,1293,0.00506,1,2024-05-20 06:13:01,Medium,True,Fair
1312,71,5,7,459,617,2773,0.002031,3,2024-06-29 14:05:10,Medium,False,Good
1313,52,1,1,416,435,3572,0.004113,4,2024-05-04 15:08:55,Simple,True,Excellent
1314,70,5,6,596,822,2100,0.002229,2,2024-11-21 23:22:06,Medium,True,Fair
1315,59,5,3,420,440,1648,0.001257,3,2024-10-01 13:02:58,Simple,False,Good
1316,47,5,9,569,601,2453,0.00167,3,2024-11-27 05:21:00,Medium,False,Good
1317,81,1,8,681,919,2661,0.008614,3,2024-12-18 06:55:28,Medium,False,Good
1318,42,1,6,525,657,3101,0.007144,5,2024-03-02 02:42:28,Medium,True,Excellent
1319,30,5,4,352,363,1247,0.001185,5,2024-07-03 22:39:27,Simple,True,Good
1320,90,3,8,614,910,1422,0.006263,5,2024-10-10 11:04:15,Medium,False,Good
1321,87,4,9,612,844,2789,0.003825,5,2024-02-06 10:46:55,Medium,True,Good
1322,5,1,2,906,1236,1492,0.013481,4,2024-12-15 21:21:44,Medium,True,Excellent
1323,64,3,9,503,748,2576,0.004792,3,2024-01-22 18:33:19,Medium,True,Good
1324,34,5,5,1059,1068,996,0.003127,4,2024-11-15 16:48:17,Medium,True,Good
1325,45,3,7,2161,1919,554,0.014397,5,2024-11-10 14:20:45,Medium,True,Good
1326,32,5,2,374,543,1401,0.001684,5,2024-03-28 03:33:24,Medium,True,Good
1327,17,1,1,496,422,1488,0.004418,4,2024-12-10 15:10:12,Simple,True,Excellent
1328,27,4,8,518,615,2858,0.00303,4,2024-12-14 02:11:47,Medium,True,Good
1329,62,5,3,1790,1842,500,0.005305,3,2024-01-05 02:56:00,Medium,True,Good
1330,30,1,2,658,1045,1269,0.010556,4,2024-04-04 15:45:23,Medium,False,Excellent
1331,79,1,1,437,514,4475,0.004651,4,2024-11-30 04:08:29,Medium,True,Excellent
1332,38,2,8,315,511,2332,0.004229,3,2024-12-24 01:50:53,Medium,True,Good
1333,64,5,5,816,1064,2150,0.003223,4,2024-06-18 05:15:46,Medium,True,Good
1334,38,2,3,1073,1295,2347,0.010278,4,2024-11-14 03:26:24,Medium,True,Excellent
1335,17,3,4,437,543,4063,0.003657,3,2024-02-27 10:53:49,Medium,True,Good
1336,32,5,9,784,785,1620,0.002387,4,2024-06-29 02:59:48,Medium,True,Good
1337,90,3,7,339,459,958,0.002977,4,2024-04-11 22:30:46,Simple,True,Good
1338,72,2,4,1353,1240,4206,0.009625,4,2024-11-21 13:38:12,Medium,True,Excellent
1339,43,1,1,1615,1725,1658,0.018374,4,2024-09-14 03:50:10,Medium,True,Excellent
1340,25,3,9,1574,1388,865,0.009323,4,2024-01-10 23:24:01,Medium,True,Good
1341,89,3,1,371,424,1391,0.002902,3,2024-04-13 21:25:12,Simple,False,Good
1342,30,2,6,221,243,4392,0.001853,4,2024-05-29 00:35:28,Simple,False,Excellent
1343,23,5,5,443,639,4462,0.001864,4,2024-10-08 02:41:38,Medium,True,Good
1344,6,3,4,1697,1757,5934,0.011544,5,2024-06-27 22:56:31,Medium,False,Good
1345,79,1,6,1863,1691,2455,0.015743,3,2024-07-31 05:24:52,Medium,False,Good
1346,42,2,6,202,176,1474,0.001447,5,2024-01-04 10:17:02,Simple,True,Excellent
1347,80,4,3,599,725,4045,0.003852,3,2024-05-24 20:28:12,Medium,True,Good
1348,74,1,8,471,422,1694,0.004354,5,2024-12-09 08:06:56,Simple,True,Excellent
1349,77,1,4,1220,1306,850,0.01295,5,2024-09-04 09:47:35,Medium,True,Excellent
1350,71,1,8,385,498,2422,0.005041,5,2024-11-18 14:52:28,Simple,True,Excellent
1351,59,2,2,1198,1284,2014,0.01027,3,2024-11-08 02:06:23,Medium,True,Good
1352,33,4,3,1633,1669,953,0.007737,4,2024-06-10 19:15:28,Medium,True,Good
1353,30,2,2,119,158,2640,0.001186,5,2024-10-26 12:04:13,Simple,False,Excellent
1354,41,4,2,969,899,616,0.004858,2,2024-05-24 18:51:18,Medium,True,Fair
1355,7,2,5,360,366,1228,0.002809,4,2024-06-29 17:20:54,Simple,False,Excellent
1356,72,2,3,205,289,4089,0.0023,3,2024-01-30 10:33:47,Simple,False,Good
1357,39,2,4,131,142,2928,0.001042,5,2024-02-17 00:56:08,Simple,True,Excellent
1358,66,2,3,1272,1642,1666,0.01385,4,2024-11-16 15:41:39,Medium,True,Excellent
1359,31,4,9,1056,1005,930,0.005408,3,2024-07-06 18:35:00,Medium,True,Good
1360,49,4,6,715,971,1008,0.005248,3,2024-02-05 14:15:49,Medium,True,Good
1361,59,4,1,1991,1786,3112,0.009138,5,2024-07-31 19:51:21,Medium,True,Good
1362,94,4,4,464,547,777,0.002863,3,2024-09-22 04:06:28,Medium,True,Good
1363,60,2,4,1121,1205,1337,0.010593,3,2024-07-03 13:57:00,Medium,True,Good
1364,3,1,5,512,746,1576,0.007436,4,2024-11-20 21:33:27,Medium,True,Excellent
1365,78,5,5,621,786,1386,0.002578,3,2024-10-09 18:47:50,Medium,False,Good
1366,7,1,4,114,145,1791,0.001484,4,2024-12-21 08:18:36,Simple,True,Excellent
1367,26,4,7,1484,1470,2337,0.007232,4,2024-07-31 14:23:44,Medium,True,Good
1368,81,5,5,362,370,1005,0.00119,2,2024-08-21 19:55:48,Simple,False,Fair
1369,74,3,6,330,447,2699,0.002993,4,2024-02-03 15:42:41,Simple,True,Good
1370,7,1,7,194,206,4812,0.002203,4,2024-08-05 12:09:47,Simple,True,Excellent
1371,13,4,1,240,383,1491,0.001783,5,2024-03-22 17:23:23,Simple,True,Good
1372,74,1,7,1375,1988,1441,0.021035,5,2024-03-09 08:13:55,Medium,True,Excellent
1373,70,3,7,333,476,865,0.003012,4,2024-10-05 07:05:30,Simple,True,Good
1374,47,1,7,284,267,5677,0.002897,5,2024-03-17 18:15:49,Simple,True,Excellent
1375,97,5,2,1002,881,2647,0.002841,4,2024-05-13 20:03:55,Medium,True,Good
1376,34,2,9,506,587,500,0.004255,3,2024-04-19 03:13:08,Medium,True,Good
1377,21,4,5,3434,3071,650,0.016753,4,2024-03-29 07:06:28,Complex,False,Good
1378,46,5,4,605,537,1204,0.001751,3,2024-12-02 12:23:27,Medium,True,Good
1379,27,1,1,717,976,1106,0.008807,2,2024-02-09 00:07:15,Medium,True,Fair
1380,8,5,7,426,396,1705,0.00127,5,2024-06-20 11:04:46,Simple,True,Good
1381,1,2,9,1347,1131,1507,0.009895,5,2024-07-03 03:13:21,Medium,True,Excellent
1382,45,2,6,443,427,631,0.003652,5,2024-03-06 18:01:08,Simple,True,Excellent
1383,35,2,8,162,179,761,0.001447,4,2024-01-05 00:50:46,Simple,True,Excellent
1384,78,1,2,332,440,2624,0.004304,4,2024-07-22 01:13:31,Simple,True,Excellent
1385,59,5,2,324,319,3323,0.001031,4,2024-12-21 11:30:55,Simple,True,Good
1386,74,2,1,1150,1407,1596,0.010333,1,2024-07-23 23:27:29,Medium,False,Fair
1387,45,3,3,1521,1314,1294,0.008827,4,2024-10-07 14:48:02,Medium,True,Good
1388,7,2,4,73,121,4201,0.001036,3,2024-04-25 14:28:04,Simple,True,Good
1389,76,2,3,230,338,4501,0.002796,5,2024-12-25 23:06:45,Simple,True,Excellent
1390,84,1,1,259,320,500,0.003196,3,2024-12-30 03:54:08,Simple,True,Good
1391,44,3,4,799,693,584,0.005263,3,2024-05-09 22:18:25,Medium,False,Good
1392,29,4,4,798,1013,825,0.005307,1,2024-02-21 13:05:42,Medium,True,Fair
1393,75,3,3,463,499,4280,0.003194,4,2024-12-09 11:22:03,Simple,True,Good
1394,87,5,2,401,369,2972,0.001082,3,2024-03-19 08:31:13,Simple,True,Good
1395,20,3,7,778,1190,1175,0.008252,4,2024-05-15 13:46:43,Medium,False,Good
1396,57,3,2,534,644,3533,0.004344,4,2024-07-07 10:22:35,Medium,False,Good
1397,52,2,5,625,582,3380,0.004485,4,2024-04-06 22:55:46,Medium,True,Excellent
1398,87,3,8,1672,1543,3279,0.011271,5,2024-10-19 22:59:38,Medium,True,Good
1399,28,5,2,673,1112,3654,0.003224,2,2024-06-02 18:55:14,Medium,True,Fair
1400,1,2,9,384,363,1926,0.002883,3,2024-06-19 01:22:57,Simple,True,Good
1401,32,5,9,356,315,1494,0.000864,2,2024-01-20 02:22:51,Simple,True,Fair
1402,19,2,3,324,447,2827,0.003612,5,2024-02-26 21:48:01,Simple,True,Excellent
1403,30,2,4,448,479,3167,0.003713,4,2024-07-27 16:52:33,Simple,True,Excellent
1404,19,2,1,70,89,4938,0.000764,3,2024-03-31 12:00:10,Simple,True,Good
1405,82,3,2,276,394,530,0.002975,4,2024-11-27 18:59:43,Simple,True,Good
1406,6,3,4,1049,925,2937,0.007034,5,2024-06-29 06:30:22,Medium,True,Good
1407,10,5,1,730,912,5866,0.002895,5,2024-12-08 10:50:35,Medium,True,Good
1408,36,1,2,472,539,1710,0.005542,4,2024-04-19 11:09:24,Medium,True,Excellent
1409,14,2,3,719,650,950,0.005254,4,2024-12-28 23:44:52,Medium,True,Excellent
1410,100,2,9,357,302,3797,0.002253,2,2024-12-08 10:45:48,Simple,False,Fair
1411,55,5,2,579,778,1260,0.002474,5,2024-05-30 15:54:18,Medium,False,Good
1412,77,4,7,729,664,3348,0.003366,4,2024-03-11 11:48:51,Medium,True,Good
1413,98,5,9,268,408,1708,0.001282,2,2024-10-03 05:17:03,Simple,True,Fair
1414,29,1,7,970,1118,3408,0.011049,3,2024-03-08 21:03:27,Medium,True,Good
1415,86,5,2,123,108,933,0.000334,4,2024-10-25 05:56:15,Simple,False,Good
1416,22,5,4,843,1338,977,0.003615,5,2024-02-01 23:42:39,Medium,True,Good
1417,29,3,1,475,600,4968,0.003928,2,2024-03-16 10:23:24,Medium,False,Fair
1418,53,4,8,646,887,2109,0.004542,5,2024-06-27 06:57:34,Medium,False,Good
1419,81,4,6,531,716,1806,0.003491,3,2024-01-18 21:13:52,Medium,True,Good
1420,19,4,3,851,734,3701,0.003988,4,2024-01-19 22:59:05,Medium,False,Good
1421,26,1,4,277,234,1676,0.002235,5,2024-02-19 08:52:14,Simple,True,Excellent
1422,60,3,3,685,700,2436,0.004856,5,2024-06-12 08:35:30,Medium,True,Good
1423,80,1,7,651,683,1365,0.007002,1,2024-09-10 11:15:28,Medium,True,Fair
1424,90,2,8,1499,1779,3045,0.014791,4,2024-02-06 14:46:52,Medium,True,Excellent
1425,33,1,2,687,704,2321,0.007355,5,2024-01-31 00:20:31,Medium,True,Excellent
1426,12,5,4,2051,2346,2052,0.007617,3,2024-10-12 11:44:02,Complex,True,Good
1427,59,5,8,868,826,1027,0.002479,4,2024-08-20 10:20:05,Medium,True,Good
1428,97,2,6,1024,1024,1825,0.008642,3,2024-01-23 03:52:38,Medium,True,Good
1429,32,4,3,272,260,7416,0.001388,4,2024-05-19 20:41:12,Simple,False,Good
1430,12,5,2,591,536,2975,0.001752,4,2024-11-17 11:52:10,Medium,False,Good
1431,94,5,4,311,325,5137,0.000974,4,2024-08-11 02:04:10,Simple,True,Good
1432,73,2,5,591,972,865,0.008423,5,2024-05-04 11:04:17,Medium,True,Excellent
1433,32,1,8,437,370,710,0.003479,4,2024-02-25 05:20:05,Simple,True,Excellent
1434,99,1,9,290,419,6888,0.004218,4,2024-04-17 13:48:28,Simple,True,Excellent
1435,76,1,9,112,109,500,0.00113,5,2024-02-14 13:01:06,Simple,True,Excellent
1436,2,1,9,342,316,1442,0.003041,3,2024-04-28 04:46:35,Simple,True,Good
1437,26,2,6,604,618,834,0.005102,4,2024-12-03 22:35:12,Medium,True,Excellent
1438,44,1,3,594,960,1745,0.010428,4,2024-04-24 19:25:36,Medium,True,Excellent
1439,66,5,9,178,218,2356,0.000681,1,2024-03-26 02:22:48,Simple,True,Fair
1440,75,5,8,502,688,1713,0.002166,5,2024-09-07 15:51:42,Medium,False,Good
1441,33,1,6,130,197,1889,0.00199,5,2024-04-07 11:55:45,Simple,True,Excellent
1442,46,4,1,251,302,805,0.001608,1,2024-09-21 21:11:18,Simple,False,Fair
1443,81,3,6,331,549,1440,0.003976,3,2024-08-11 15:12:54,Medium,True,Good
1444,48,2,4,1209,1166,1637,0.009453,5,2024-12-12 17:05:47,Medium,True,Excellent
1445,35,5,9,2536,4000,8939,0.011559,4,2024-08-02 11:30:43,Complex,True,Good
1446,17,1,8,341,318,920,0.0032,4,2024-11-18 07:04:07,Simple,True,Excellent
1447,49,5,9,1127,960,1428,0.002922,2,2024-05-11 00:12:54,Medium,True,Fair
1448,48,1,1,637,925,740,0.009766,5,2024-01-16 19:41:01,Medium,True,Excellent
1449,11,3,4,624,978,2572,0.006799,2,2024-07-05 23:12:03,Medium,True,Fair
1450,85,5,1,450,533,2538,0.001618,4,2024-06-22 23:39:31,Medium,True,Good
1451,46,4,8,320,291,1478,0.001369,5,2024-01-27 09:20:03,Simple,False,Good
1452,55,5,7,365,352,2985,0.001035,5,2024-05-26 05:37:21,Simple,False,Good
1453,61,2,8,224,262,764,0.002067,1,2024-08-19 15:41:07,Simple,True,Fair
1454,12,3,1,377,396,5113,0.002567,4,2024-09-06 16:06:13,Simple,True,Good
1455,12,1,7,381,401,1487,0.003738,5,2024-04-27 17:10:54,Simple,True,Excellent
1456,81,4,3,341,307,3053,0.001413,5,2024-02-19 19:00:14,Simple,True,Good
1457,87,1,9,466,402,1026,0.00414,2,2024-03-11 23:29:54,Simple,False,Fair
1458,35,5,9,818,820,1452,0.002501,4,2024-07-12 00:06:54,Medium,True,Good
1459,46,1,7,241,322,2077,0.003486,5,2024-06-18 23:14:17,Simple,True,Excellent
1460,60,1,6,1003,885,2939,0.009734,4,2024-06-23 08:59:30,Medium,True,Excellent
1461,87,2,1,389,644,3082,0.004978,3,2024-04-14 20:05:58,Medium,False,Good
1462,17,1,8,406,382,2296,0.003988,3,2024-05-14 19:50:47,Simple,True,Good
1463,56,4,2,257,251,665,0.001235,2,2024-02-19 10:41:11,Simple,True,Fair
1464,40,4,5,486,438,2403,0.002142,5,2024-12-20 05:02:44,Simple,False,Good
1465,80,2,7,466,631,1255,0.004837,4,2024-12-20 07:59:41,Medium,True,Excellent
1466,45,1,7,183,162,1200,0.001503,4,2024-08-09 21:52:43,Simple,True,Excellent
1467,35,1,9,931,1389,2981,0.013876,5,2024-11-02 15:33:05,Medium,True,Excellent
1468,37,5,4,628,591,2029,0.001764,4,2024-02-01 09:18:10,Medium,True,Good
1469,23,4,4,405,383,2490,0.001954,5,2024-05-12 23:11:55,Simple,True,Good
1470,94,4,5,864,780,735,0.003656,4,2024-03-03 01:19:46,Medium,True,Good
1471,7,5,7,301,344,5295,0.000952,4,2024-06-16 16:12:26,Simple,True,Good
1472,36,3,8,743,726,3433,0.005446,5,2024-04-01 21:37:12,Medium,False,Good
1473,52,1,2,699,753,1000,0.007938,1,2024-11-27 01:57:31,Medium,True,Fair
1474,84,2,8,1024,941,2605,0.007352,3,2024-06-19 21:56:53,Medium,True,Good
1475,80,4,2,793,1245,3031,0.006711,2,2024-05-30 21:38:45,Medium,False,Fair
1476,48,4,7,290,297,2566,0.00137,3,2024-10-09 14:03:36,Simple,True,Good
1477,37,4,6,1090,1748,728,0.009081,4,2024-12-22 22:53:28,Medium,True,Good
1478,92,5,4,754,651,1852,0.001771,4,2024-04-30 07:13:58,Medium,True,Good
1479,86,1,8,237,290,1358,0.003074,5,2024-08-07 18:36:23,Simple,False,Excellent
1480,55,4,1,537,829,5701,0.004205,5,2024-12-19 23:33:47,Medium,True,Good
1481,35,1,8,353,555,1906,0.005632,4,2024-04-12 02:25:43,Medium,True,Excellent
1482,58,3,9,496,423,514,0.003142,3,2024-08-18 11:21:14,Simple,False,Good
1483,84,1,6,345,530,1074,0.004818,4,2024-08-23 23:29:53,Medium,True,Excellent
1484,63,2,8,1019,1217,668,0.008867,3,2024-10-13 13:47:32,Medium,True,Good
1485,73,3,9,313,280,2538,0.001784,1,2024-04-21 18:24:54,Simple,True,Fair
1486,94,1,4,409,521,2114,0.005363,5,2024-11-16 09:03:28,Medium,True,Excellent
1487,15,5,8,936,932,1182,0.002797,1,2024-08-25 18:00:45,Medium,False,Fair
1488,54,1,4,637,776,1592,0.007576,4,2024-11-26 09:52:36,Medium,True,Excellent
1489,54,1,3,413,384,1601,0.003879,1,2024-01-29 09:22:07,Simple,True,Fair
1490,5,2,5,1070,1424,800,0.010465,4,2024-11-05 02:36:11,Medium,True,Excellent
1491,10,3,9,2882,4000,4291,0.029774,4,2024-03-25 01:06:53,Complex,False,Good
1492,12,5,8,287,398,1643,0.001139,5,2024-03-20 22:38:37,Simple,True,Good
1493,70,5,9,372,472,2042,0.001471,5,2024-04-25 09:50:19,Simple,True,Good
1494,64,2,4,555,661,4012,0.005413,5,2024-07-22 14:08:52,Medium,False,Excellent
1495,55,1,8,1074,1755,3509,0.018131,5,2024-10-28 17:10:47,Medium,True,Excellent
1496,29,1,5,511,533,2001,0.005612,4,2024-08-09 17:50:18,Medium,False,Excellent
1497,12,2,5,423,372,1249,0.003223,4,2024-05-06 16:03:53,Simple,True,Excellent
1498,18,4,1,1958,1698,2581,0.008145,2,2024-07-31 01:06:20,Medium,True,Fair
1499,64,1,9,284,313,3490,0.003035,4,2024-02-03 08:18:57,Simple,True,Excellent
1500,75,2,7,535,682,4119,0.005164,3,2024-05-01 08:04:00,Medium,True,Good
1501,43,2,2,292,413,1346,0.003112,3,2024-12-16 14:22:53,Simple,False,Good
1502,18,4,8,710,797,2359,0.004107,3,2024-10-24 10:43:58,Medium,True,Good
1503,59,2,9,493,508,628,0.00423,3,2024-01-23 16:18:45,Medium,True,Good
1504,4,3,8,991,1110,1358,0.008283,5,2024-03-15 12:20:29,Medium,True,Good
1505,27,3,6,3023,3903,879,0.026971,5,2024-04-13 02:20:26,Complex,True,Good
1506,76,4,8,731,850,1646,0.003856,5,2024-09-13 12:03:49,Medium,True,Good
1507,5,3,2,894,962,1358,0.006317,4,2024-10-23 08:29:47,Medium,False,Good
1508,66,2,9,927,1213,2149,0.00995,4,2024-09-19 12:20:47,Medium,True,Excellent
1509,27,3,5,287,246,1088,0.001753,4,2024-12-26 21:19:30,Simple,True,Good
1510,97,4,6,396,357,2368,0.001934,1,2024-05-16 03:35:26,Simple,False,Fair
1511,46,4,4,952,808,2651,0.00396,4,2024-05-22 11:32:01,Medium,True,Good
1512,66,1,8,249,349,1448,0.003427,2,2024-11-07 03:33:14,Simple,True,Fair
1513,30,5,8,524,508,1509,0.001573,4,2024-11-22 06:09:37,Medium,True,Good
1514,35,5,4,804,710,3872,0.002232,1,2024-05-09 02:29:56,Medium,True,Fair
1515,84,4,6,497,777,4590,0.004153,4,2024-11-29 22:01:16,Medium,True,Good
1516,41,5,1,605,723,800,0.002269,4,2024-03-05 12:20:02,Medium,True,Good
1517,46,4,9,773,996,1351,0.004552,4,2024-01-30 00:12:04,Medium,True,Good
1518,35,4,3,234,196,3275,0.000931,5,2024-10-21 14:00:54,Simple,True,Good
1519,61,2,1,464,590,609,0.004864,4,2024-07-09 20:09:35,Medium,True,Excellent
1520,60,1,4,205,250,2331,0.00263,5,2024-06-22 20:38:31,Simple,True,Excellent
1521,75,3,8,368,308,2764,0.002082,4,2024-01-26 06:19:31,Simple,True,Good
1522,83,2,1,687,1040,1627,0.009087,4,2024-05-14 00:45:14,Medium,True,Excellent
1523,52,1,3,661,841,1857,0.007929,3,2024-09-27 07:30:31,Medium,True,Good
1524,87,1,5,819,703,8143,0.007512,5,2024-10-10 07:28:25,Medium,True,Excellent
1525,95,4,9,284,426,2514,0.002212,4,2024-12-27 22:51:25,Simple,True,Good
1526,82,2,7,991,1203,4507,0.01012,4,2024-10-19 01:13:19,Medium,False,Excellent
1527,67,4,3,477,728,3084,0.003814,3,2024-03-06 00:32:14,Medium,True,Good
1528,3,4,9,1085,986,1627,0.005087,4,2024-08-14 18:22:17,Medium,False,Good
1529,87,1,5,704,738,1967,0.007541,3,2024-07-31 21:29:16,Medium,False,Good
1530,73,3,8,515,537,1909,0.003467,1,2024-11-18 20:52:29,Medium,False,Fair
1531,18,3,9,138,120,4626,0.000847,3,2024-10-03 22:14:41,Simple,True,Good
1532,4,1,7,519,566,1484,0.005625,2,2024-03-14 17:37:39,Medium,True,Fair
1533,97,1,8,909,877,1296,0.008991,3,2024-01-07 01:06:19,Medium,False,Good
1534,88,2,8,766,1018,1249,0.008146,4,2024-07-17 12:19:39,Medium,True,Excellent
1535,63,1,7,1321,1396,3685,0.012617,3,2024-07-10 01:51:53,Medium,True,Good
1536,44,3,9,455,612,1644,0.004391,4,2024-09-16 03:14:02,Medium,True,Good
1537,72,2,7,320,357,1168,0.003084,3,2024-10-19 17:19:51,Simple,False,Good
1538,81,3,8,498,681,543,0.004795,4,2024-09-18 01:20:20,Medium,False,Good
1539,60,1,3,841,951,3512,0.00983,4,2024-04-23 01:55:40,Medium,True,Excellent
1540,76,5,9,480,676,2145,0.001931,3,2024-03-04 14:38:17,Medium,False,Good
1541,13,3,5,435,508,614,0.003343,5,2024-03-31 15:57:57,Medium,True,Good
1542,50,4,3,1327,1324,1096,0.006342,3,2024-03-19 02:49:00,Medium,False,Good
1543,52,1,6,217,252,2870,0.002616,2,2024-11-06 00:50:47,Simple,False,Fair
1544,34,3,7,293,379,1355,0.002845,4,2024-05-29 13:58:29,Simple,True,Good
1545,52,4,4,715,604,1747,0.003088,1,2024-04-30 03:11:17,Medium,True,Fair
1546,56,5,9,442,666,2850,0.002145,3,2024-03-08 06:50:13,Medium,True,Good
1547,4,2,8,1098,934,1117,0.006872,5,2024-11-24 21:26:18,Medium,True,Excellent
1548,28,5,2,273,327,1044,0.000953,4,2024-08-04 18:47:07,Simple,True,Good
1549,40,1,2,160,158,1334,0.001454,4,2024-02-27 22:02:06,Simple,True,Excellent
1550,36,4,9,158,245,1952,0.001294,1,2024-10-18 14:10:16,Simple,False,Fair
1551,83,5,6,442,462,3498,0.001324,2,2024-09-14 21:27:02,Simple,True,Fair
1552,58,2,1,600,509,1887,0.003774,4,2024-08-02 16:54:43,Medium,True,Excellent
1553,53,5,9,448,475,705,0.001444,4,2024-07-31 14:25:17,Simple,True,Good
1554,2,4,9,341,325,997,0.001672,4,2024-09-09 12:30:21,Simple,True,Good
1555,12,5,4,507,518,1549,0.001454,5,2024-05-16 09:46:14,Medium,True,Good
1556,50,2,1,904,1120,1196,0.0094,4,2024-10-16 15:33:22,Medium,True,Excellent
1557,22,2,8,388,337,2135,0.002469,1,2024-12-18 13:00:22,Simple,True,Fair
1558,84,3,2,240,206,5824,0.001563,5,2024-03-26 11:52:19,Simple,True,Good
1559,1,2,8,1460,1796,3252,0.01324,3,2024-05-09 03:19:00,Medium,False,Good
1560,33,1,2,301,269,2388,0.002765,3,2024-05-09 06:29:28,Simple,True,Good
1561,67,5,4,751,627,719,0.001971,4,2024-02-21 14:33:17,Medium,True,Good
1562,29,3,8,964,963,1211,0.006499,4,2024-10-02 06:53:47,Medium,True,Good
1563,44,2,4,331,345,1597,0.002584,4,2024-12-06 09:33:27,Simple,True,Excellent
1564,85,2,8,780,1098,2203,0.008748,5,2024-10-28 06:50:42,Medium,True,Excellent
1565,67,2,1,1056,1261,508,0.00984,4,2024-06-07 20:40:46,Medium,True,Excellent
1566,49,1,6,370,426,1657,0.00434,2,2024-11-06 23:02:32,Simple,True,Fair
1567,44,4,8,270,359,1387,0.001645,5,2024-04-05 07:21:22,Simple,True,Good
1568,70,4,1,224,262,3900,0.001402,3,2024-10-30 22:27:17,Simple,True,Good
1569,90,2,7,656,987,2693,0.007896,4,2024-12-26 11:05:31,Medium,False,Excellent
1570,82,1,1,214,299,1743,0.003037,4,2024-05-26 19:20:03,Simple,True,Excellent
1571,15,5,3,396,564,820,0.001673,4,2024-09-03 09:33:11,Medium,False,Good
1572,96,2,6,326,512,1118,0.004354,5,2024-07-24 15:12:56,Medium,True,Excellent
1573,60,5,8,247,299,1072,0.000945,3,2024-12-02 00:36:01,Simple,True,Good
1574,63,5,5,421,404,2509,0.001167,1,2024-03-11 17:41:34,Simple,True,Fair
1575,84,3,2,1768,1524,2216,0.009965,2,2024-02-02 10:58:35,Medium,False,Fair
1576,69,1,6,3384,4000,830,0.040002,1,2024-01-26 03:25:52,Complex,True,Fair
1577,37,4,2,194,317,2324,0.001598,2,2024-02-15 07:05:45,Simple,False,Fair
1578,88,4,1,1185,1603,649,0.007721,3,2024-06-16 20:59:07,Medium,False,Good
1579,77,3,9,597,928,1061,0.006129,3,2024-11-07 16:22:28,Medium,True,Good
1580,49,1,4,590,503,1278,0.004734,4,2024-12-04 10:48:38,Medium,True,Excellent
1581,3,5,2,346,424,968,0.001283,4,2024-09-03 01:44:53,Simple,False,Good
1582,1,2,9,3701,3125,1909,0.027389,4,2024-05-03 19:45:25,Complex,True,Excellent
1583,32,4,7,486,415,500,0.002177,5,2024-06-17 03:17:29,Simple,True,Good
1584,59,3,9,856,1086,2178,0.00712,3,2024-12-29 03:32:40,Medium,True,Good
1585,58,4,6,127,169,1323,0.00083,3,2024-09-03 10:56:13,Simple,True,Good
1586,77,2,8,354,533,2625,0.003875,5,2024-06-04 00:14:55,Medium,True,Excellent
1587,66,5,7,82,124,1563,0.00037,2,2024-12-26 21:53:57,Simple,True,Fair
1588,99,2,5,428,640,604,0.005421,2,2024-11-24 21:08:34,Medium,True,Fair
1589,81,1,2,548,779,1735,0.007612,4,2024-09-25 18:32:35,Medium,True,Excellent
1590,11,5,2,207,205,1462,0.000615,1,2024-06-10 12:09:47,Simple,True,Fair
1591,95,2,6,274,451,1587,0.003347,4,2024-04-08 02:23:55,Simple,True,Excellent
1592,41,4,3,332,391,2605,0.00181,4,2024-08-29 00:33:08,Simple,True,Good
1593,27,5,5,143,128,1363,0.000364,3,2024-02-02 20:14:02,Simple,True,Good
1594,80,4,1,959,955,2408,0.00523,5,2024-06-03 15:45:25,Medium,True,Good
1595,13,5,4,401,561,1279,0.00172,4,2024-12-29 16:15:47,Medium,True,Good
1596,25,4,1,410,500,830,0.00234,5,2024-01-13 09:24:28,Medium,True,Good
1597,88,4,2,1011,1107,2214,0.006003,2,2024-03-27 10:08:20,Medium,True,Fair
1598,31,1,7,411,353,2204,0.003645,4,2024-08-06 04:32:23,Simple,True,Excellent
1599,49,3,2,164,158,910,0.001036,5,2024-04-16 05:40:33,Simple,True,Good
1600,22,2,9,834,1326,4079,0.010083,4,2024-10-03 18:41:30,Medium,True,Excellent
1601,71,2,6,286,351,1250,0.003083,4,2024-12-11 19:08:45,Simple,True,Excellent
1602,96,2,3,291,349,1414,0.00291,3,2024-09-15 15:20:59,Simple,True,Good
1603,13,5,2,572,512,2068,0.001644,4,2024-08-20 12:22:54,Medium,True,Good
1604,20,5,7,1043,1237,1532,0.003455,5,2024-06-20 05:49:48,Medium,True,Good
1605,99,3,2,518,651,859,0.004606,5,2024-03-01 04:59:37,Medium,True,Good
1606,87,3,5,132,161,4758,0.001199,3,2024-01-05 03:15:29,Simple,True,Good
1607,73,5,4,714,1014,1221,0.002862,3,2024-05-31 18:50:28,Medium,True,Good
1608,89,5,9,542,524,1565,0.001531,4,2024-08-08 00:39:03,Medium,True,Good
1609,97,2,2,2388,2479,1159,0.021402,5,2024-07-16 01:46:01,Complex,True,Excellent
1610,13,4,2,999,913,1399,0.004313,3,2024-11-09 15:56:26,Medium,True,Good
1611,90,5,7,951,1134,6255,0.00335,4,2024-01-15 14:41:10,Medium,False,Good
1612,79,5,9,996,909,623,0.002882,5,2024-10-17 02:17:06,Medium,False,Good
1613,100,4,4,424,365,2365,0.001752,5,2024-01-18 12:55:49,Simple,True,Good
1614,83,4,4,1006,1145,1494,0.005325,3,2024-04-13 21:30:19,Medium,True,Good
1615,55,4,6,205,338,664,0.001735,2,2024-07-31 23:57:43,Simple,True,Fair
1616,98,5,8,193,198,5891,0.000628,4,2024-05-24 10:02:17,Simple,True,Good
1617,84,3,5,279,427,1234,0.003251,4,2024-02-28 23:19:05,Simple,True,Good
1618,60,1,5,429,397,3088,0.003591,1,2024-09-16 11:42:50,Simple,True,Fair
1619,21,1,5,347,298,3886,0.003052,4,2024-09-11 03:59:53,Simple,True,Excellent
1620,95,2,4,4071,3509,2526,0.025311,5,2024-02-21 18:43:15,Complex,True,Excellent
1621,62,2,2,132,125,954,0.001095,4,2024-10-22 07:19:21,Simple,True,Excellent
1622,81,3,9,513,666,3816,0.004898,4,2024-05-12 16:26:09,Medium,True,Good
1623,44,4,2,390,415,2228,0.002194,4,2024-10-21 00:22:25,Simple,True,Good
1624,38,1,3,795,1213,913,0.012106,4,2024-08-01 17:32:07,Medium,True,Excellent
1625,53,4,4,379,492,1769,0.002291,5,2024-07-08 07:22:20,Simple,True,Good
1626,68,1,6,137,151,622,0.001654,4,2024-03-25 14:15:37,Simple,True,Excellent
1627,98,5,6,697,821,5116,0.0023,3,2024-10-30 03:27:15,Medium,True,Good
1628,76,2,2,1103,1153,1341,0.00954,3,2024-08-07 17:59:32,Medium,True,Good
1629,39,2,1,719,803,1845,0.00696,1,2024-11-29 21:54:02,Medium,True,Fair
1630,10,2,7,806,916,2392,0.007163,3,2024-09-06 04:49:40,Medium,True,Good
1631,13,1,3,253,237,608,0.002192,3,2024-12-16 11:01:21,Simple,False,Good
1632,18,5,8,779,962,3210,0.003039,2,2024-01-11 03:27:33,Medium,False,Fair
1633,2,1,2,401,419,1576,0.004078,4,2024-04-06 06:36:28,Simple,True,Excellent
1634,11,1,4,764,864,2264,0.009418,5,2024-06-28 18:40:12,Medium,False,Excellent
1635,59,4,1,232,335,2294,0.001626,5,2024-01-10 04:06:06,Simple,True,Good
1636,73,2,3,338,527,1011,0.004136,5,2024-01-10 14:57:27,Medium,True,Excellent
1637,49,3,9,440,487,2067,0.003666,1,2024-06-05 18:46:50,Simple,False,Fair
1638,91,3,8,774,988,3036,0.006588,3,2024-02-01 08:40:59,Medium,False,Good
1639,81,4,6,340,330,1728,0.001584,5,2024-05-03 18:17:02,Simple,True,Good
1640,26,5,4,351,354,3148,0.001132,4,2024-06-19 06:26:18,Simple,True,Good
1641,73,3,3,658,837,1891,0.005756,3,2024-07-29 04:07:13,Medium,False,Good
1642,25,2,5,262,268,4170,0.002221,3,2024-02-07 08:45:40,Simple,False,Good
1643,25,2,6,276,358,1121,0.002973,5,2024-07-04 11:10:44,Simple,True,Excellent
1644,40,2,6,481,634,2741,0.005097,4,2024-04-12 18:03:35,Medium,True,Excellent
1645,60,5,2,622,742,1184,0.002047,3,2024-08-26 08:00:29,Medium,True,Good
1646,94,4,4,456,384,2091,0.002039,3,2024-09-16 13:33:41,Simple,False,Good
1647,5,1,4,878,741,1745,0.00709,5,2024-08-30 12:00:43,Medium,True,Excellent
1648,34,1,5,318,357,1169,0.003333,5,2024-10-01 20:47:02,Simple,True,Excellent
1649,95,2,9,312,297,3700,0.002405,3,2024-01-02 17:10:51,Simple,False,Good
1650,41,4,9,265,269,2558,0.001361,5,2024-12-16 20:49:59,Simple,False,Good
1651,49,1,8,519,463,671,0.004556,5,2024-12-14 03:35:06,Simple,True,Excellent
1652,59,3,7,791,1306,1059,0.008359,3,2024-02-10 00:50:37,Medium,False,Good
1653,7,2,8,960,827,1608,0.006253,5,2024-12-04 22:45:54,Medium,True,Excellent
1654,73,5,9,665,945,1022,0.002836,4,2024-10-06 11:41:33,Medium,True,Good
1655,84,5,6,721,735,4313,0.002192,4,2024-11-24 22:37:44,Medium,True,Good
1656,18,3,2,276,400,6119,0.002818,4,2024-11-30 04:28:50,Simple,True,Good
1657,31,2,1,756,899,500,0.00678,2,2024-12-16 07:45:08,Medium,True,Fair
1658,5,4,9,993,890,1343,0.00463,2,2024-03-30 07:50:09,Medium,True,Fair
1659,5,3,9,1138,1084,3862,0.007936,4,2024-07-15 06:54:01,Medium,True,Good
1660,5,2,2,755,822,900,0.006689,3,2024-07-30 17:04:28,Medium,True,Good
1661,18,3,1,457,404,4109,0.002764,3,2024-07-07 14:41:29,Simple,True,Good
1662,94,5,3,394,401,2107,0.001298,3,2024-04-21 05:08:51,Simple,True,Good
1663,58,1,3,443,510,500,0.00552,3,2024-01-12 11:13:05,Medium,False,Good
1664,12,2,2,210,263,3032,0.002271,4,2024-01-03 13:03:32,Simple,True,Excellent
1665,95,3,4,581,544,3530,0.003663,4,2024-02-22 10:08:13,Medium,True,Good
1666,38,5,5,138,157,1605,0.000459,5,2024-08-26 21:53:50,Simple,True,Good
1667,87,5,4,1645,1833,3878,0.005238,4,2024-01-21 07:35:47,Medium,False,Good
1668,41,2,2,605,783,3101,0.006595,5,2024-09-02 04:46:24,Medium,True,Excellent
1669,26,4,7,2910,2706,1639,0.013813,4,2024-12-12 07:54:49,Complex,True,Good
1670,93,1,1,720,937,993,0.00933,5,2024-07-18 18:35:14,Medium,True,Excellent
1671,35,2,5,633,677,1063,0.005088,5,2024-06-26 04:51:15,Medium,True,Excellent
1672,32,4,2,789,804,1556,0.004057,5,2024-09-30 22:05:49,Medium,True,Good
1673,91,4,1,2674,2408,1032,0.012601,3,2024-01-14 22:38:00,Complex,True,Good
1674,39,1,9,1843,1976,1286,0.01797,3,2024-01-19 19:03:45,Medium,True,Good
1675,93,5,2,599,552,2952,0.001586,5,2024-10-19 20:41:24,Medium,True,Good
1676,1,5,5,136,143,5109,0.00045,4,2024-03-11 06:15:26,Simple,True,Good
1677,48,3,5,129,135,2957,0.00091,5,2024-11-26 20:08:00,Simple,True,Good
1678,60,2,1,397,653,2234,0.005043,2,2024-10-27 04:40:28,Medium,False,Fair
1679,61,4,9,699,1056,1971,0.005069,3,2024-04-18 07:50:19,Medium,True,Good
1680,47,5,3,624,1026,2874,0.002827,5,2024-02-14 01:48:48,Medium,True,Good
1681,82,2,2,1259,1416,2725,0.011996,3,2024-07-30 04:46:35,Medium,False,Good
1682,96,3,9,1007,1451,1265,0.010746,5,2024-01-28 20:00:28,Medium,True,Good
1683,74,1,9,333,362,1019,0.00326,3,2024-06-03 13:25:21,Simple,True,Good
1684,79,4,2,344,316,1088,0.001496,5,2024-11-10 15:24:03,Simple,True,Good
1685,4,2,7,342,493,500,0.003987,5,2024-03-26 12:35:52,Simple,False,Excellent
1686,78,4,3,239,243,1859,0.001234,3,2024-12-11 13:32:13,Simple,True,Good
1687,76,2,3,962,978,1067,0.007991,3,2024-07-12 14:08:13,Medium,True,Good
1688,60,3,7,395,362,1578,0.002388,4,2024-09-05 00:51:01,Simple,False,Good
1689,40,2,3,510,645,1996,0.005066,2,2024-01-09 13:04:07,Medium,True,Fair
1690,76,1,6,477,575,3283,0.005746,3,2024-11-14 23:36:24,Medium,True,Good
1691,16,4,1,327,363,2020,0.001996,4,2024-09-05 09:25:58,Simple,True,Good
1692,87,4,3,959,1158,4853,0.006177,3,2024-11-25 17:23:32,Medium,True,Good
1693,96,1,8,2947,2592,2138,0.028332,3,2024-01-05 21:06:41,Complex,False,Good
1694,24,4,5,268,273,10852,0.001408,5,2024-05-20 23:54:35,Simple,True,Good
1695,99,2,4,73,73,2905,0.000618,4,2024-10-30 11:39:57,Simple,True,Excellent
1696,29,2,4,595,837,3446,0.006558,1,2024-07-15 04:00:58,Medium,False,Fair
1697,13,4,7,558,644,2482,0.003224,3,2024-09-08 18:45:57,Medium,False,Good
1698,43,2,4,1172,1038,2107,0.007757,4,2024-06-14 21:31:36,Medium,True,Excellent
1699,21,2,6,888,778,1661,0.006164,5,2024-06-13 09:40:57,Medium,True,Excellent
1700,37,2,6,870,968,3108,0.00701,1,2024-09-13 12:14:59,Medium,True,Fair
1701,66,5,9,726,751,678,0.002409,4,2024-04-02 16:49:09,Medium,True,Good
1702,100,4,2,343,335,2162,0.001828,4,2024-05-15 04:44:28,Simple,True,Good
1703,72,3,1,360,339,7945,0.002326,5,2024-07-20 15:40:30,Simple,False,Good
1704,83,4,1,803,681,3658,0.003654,4,2024-06-17 20:20:22,Medium,True,Good
1705,27,2,5,618,967,2111,0.007578,4,2024-02-17 12:26:09,Medium,True,Excellent
1706,7,1,2,285,462,1827,0.00477,3,2024-07-09 06:45:39,Simple,True,Good
1707,15,4,7,685,586,1639,0.002751,5,2024-10-12 06:20:45,Medium,True,Good
1708,15,3,1,1662,2177,630,0.015621,2,2024-08-04 21:47:47,Complex,True,Fair
1709,7,5,2,105,106,864,0.000338,3,2024-10-04 08:32:19,Simple,False,Good
1710,86,1,1,163,199,2841,0.002048,3,2024-06-17 20:26:22,Simple,True,Good
1711,7,4,1,179,243,1947,0.00124,4,2024-01-17 03:33:01,Simple,True,Good
1712,60,5,5,1158,1016,2650,0.003211,3,2024-10-25 21:52:36,Medium,True,Good
1713,88,2,7,1016,1385,1817,0.011775,3,2024-05-30 12:39:09,Medium,False,Good
1714,25,5,1,887,743,2712,0.002294,5,2024-12-18 14:18:31,Medium,False,Good
1715,8,2,9,228,302,1404,0.002234,4,2024-04-07 13:47:11,Simple,True,Excellent
1716,76,4,2,304,281,988,0.00139,1,2024-03-07 14:46:24,Simple,True,Fair
1717,76,2,9,524,630,4415,0.005124,3,2024-01-24 23:54:24,Medium,True,Good
1718,79,4,9,1713,1682,1093,0.008484,4,2024-03-16 15:37:46,Medium,True,Good
1719,65,1,3,1677,1546,527,0.014426,4,2024-08-02 10:45:08,Medium,True,Excellent
1720,87,2,8,444,621,3379,0.005357,4,2024-11-18 10:35:52,Medium,True,Excellent
1721,42,1,5,234,261,3580,0.002721,4,2024-11-21 23:38:18,Simple,True,Excellent
1722,59,4,3,554,912,1131,0.004602,4,2024-03-27 16:14:47,Medium,False,Good
1723,33,5,3,338,312,4013,0.000938,3,2024-07-05 18:55:15,Simple,False,Good
1724,80,2,6,664,781,4349,0.005639,4,2024-10-18 12:40:23,Medium,True,Excellent
1725,99,5,1,715,968,5173,0.003177,4,2024-09-26 16:57:05,Medium,True,Good
1726,60,4,3,392,330,1852,0.001563,4,2024-12-26 23:58:20,Simple,True,Good
1727,48,3,9,216,338,2949,0.002194,5,2024-07-13 12:27:19,Simple,True,Good
1728,59,2,1,1610,1984,1198,0.016493,4,2024-01-03 00:44:35,Medium,True,Excellent
1729,90,2,2,366,502,2207,0.003951,2,2024-04-30 05:03:24,Medium,True,Fair
1730,63,3,3,185,188,2226,0.001251,4,2024-09-28 10:55:25,Simple,True,Good
1731,1,5,7,351,561,3298,0.001728,5,2024-09-03 01:07:45,Medium,True,Good
1732,55,5,4,725,1033,910,0.002824,4,2024-03-18 19:48:33,Medium,False,Good
1733,10,1,5,2032,1824,3044,0.016757,5,2024-05-23 18:34:50,Medium,True,Excellent
1734,46,3,6,991,1266,9129,0.008383,4,2024-07-26 18:59:25,Medium,True,Good
1735,68,3,1,908,804,2745,0.005873,1,2024-07-24 05:33:56,Medium,True,Fair
1736,50,5,3,1189,1190,1849,0.003308,3,2024-10-31 17:45:39,Medium,True,Good
1737,72,2,6,355,356,2061,0.002817,5,2024-08-06 13:55:23,Simple,False,Excellent
1738,12,2,1,396,464,1685,0.003906,5,2024-09-07 16:00:52,Simple,True,Excellent
1739,7,2,9,1244,1067,2111,0.008389,4,2024-07-17 10:05:21,Medium,False,Excellent
1740,97,2,6,521,495,1536,0.004155,1,2024-03-04 02:31:06,Simple,False,Fair
1741,26,3,4,1098,1338,1650,0.009708,3,2024-04-07 09:02:38,Medium,True,Good
1742,100,3,1,284,353,852,0.002688,5,2024-09-21 04:52:21,Simple,True,Good
1743,94,5,4,422,505,2001,0.001653,4,2024-09-16 06:09:12,Medium,False,Good
1744,70,4,8,1074,1125,4396,0.006149,2,2024-11-30 11:39:04,Medium,True,Fair
1745,31,4,4,409,383,3353,0.002054,1,2024-10-10 17:38:41,Simple,True,Fair
1746,28,3,9,1557,2406,2335,0.016533,5,2024-05-30 01:30:54,Complex,False,Good
1747,45,5,7,355,344,1557,0.001026,3,2024-11-07 22:58:51,Simple,True,Good
1748,41,1,1,717,1063,676,0.009829,4,2024-09-09 22:28:21,Medium,True,Excellent
1749,39,3,1,619,942,1879,0.006032,2,2024-02-14 08:59:07,Medium,False,Fair
1750,63,2,6,374,334,4290,0.002674,4,2024-08-08 21:07:37,Simple,True,Excellent
1751,46,3,7,398,361,6134,0.002649,4,2024-11-25 10:24:16,Simple,True,Good
1752,10,1,6,646,650,2156,0.00697,4,2024-06-26 20:07:59,Medium,True,Excellent
1753,40,5,1,146,211,858,0.000645,4,2024-12-27 00:22:21,Simple,True,Good
1754,88,4,7,102,148,1413,0.000701,1,2024-05-29 10:09:54,Simple,False,Fair
1755,27,4,4,1333,1535,1235,0.006949,5,2024-09-16 15:31:00,Medium,True,Good
1756,90,4,4,736,732,2886,0.003358,3,2024-12-01 00:18:15,Medium,True,Good
1757,17,2,5,269,311,2659,0.002593,3,2024-08-19 15:13:54,Simple,False,Good
1758,14,1,6,685,735,2927,0.007757,3,2024-03-20 20:55:43,Medium,True,Good
1759,17,5,2,523,438,2372,0.001229,3,2024-05-30 12:25:29,Simple,True,Good
1760,21,5,1,1166,1037,1490,0.003262,2,2024-01-17 11:02:40,Medium,True,Fair
1761,79,5,8,508,596,3001,0.001681,3,2024-03-28 04:16:50,Medium,True,Good
1762,98,2,8,638,836,1028,0.006999,4,2024-09-27 21:20:19,Medium,True,Excellent
1763,72,1,1,545,491,1789,0.004755,4,2024-06-06 08:17:14,Simple,True,Excellent
1764,80,5,5,306,297,1035,0.000951,4,2024-01-22 15:17:41,Simple,False,Good
1765,26,2,3,543,456,844,0.003988,4,2024-09-05 10:53:52,Simple,True,Excellent
1766,21,1,5,947,918,2185,0.009487,3,2024-11-21 05:33:13,Medium,True,Good
1767,85,5,7,1044,1492,2998,0.004699,3,2024-11-08 09:33:10,Medium,False,Good
1768,97,2,3,541,546,1211,0.004736,1,2024-01-30 04:05:26,Medium,False,Fair
1769,95,1,5,283,312,865,0.00328,4,2024-04-29 14:20:15,Simple,True,Excellent
1770,28,3,1,765,657,1423,0.004945,5,2024-07-15 19:32:23,Medium,False,Good
1771,90,2,6,3219,3823,3159,0.033538,4,2024-08-25 05:32:50,Complex,False,Excellent
1772,62,3,4,540,608,2579,0.004673,4,2024-01-06 22:14:41,Medium,True,Good
1773,52,5,2,155,134,2735,0.000369,1,2024-11-06 06:58:41,Simple,False,Fair
1774,1,5,6,1340,1585,2820,0.005086,4,2024-02-09 02:36:34,Medium,False,Good
1775,38,3,5,372,547,1610,0.003471,4,2024-01-26 15:51:20,Medium,True,Good
1776,87,2,8,1254,1089,1917,0.009031,1,2024-07-10 00:51:17,Medium,True,Fair
1777,38,4,3,140,168,4856,0.000843,3,2024-05-07 05:28:57,Simple,True,Good
1778,15,1,8,892,894,1571,0.008554,3,2024-05-05 02:24:06,Medium,True,Good
1779,47,3,6,1072,1216,2233,0.008254,3,2024-06-12 15:31:21,Medium,True,Good
1780,47,5,8,3497,3132,2682,0.008643,5,2024-09-18 04:33:13,Complex,True,Good
1781,49,5,3,96,142,814,0.000445,4,2024-11-25 09:40:55,Simple,False,Good
1782,48,4,4,643,864,1361,0.004393,2,2024-07-17 00:55:59,Medium,True,Fair
1783,7,3,7,195,266,3100,0.001817,5,2024-07-02 03:05:57,Simple,True,Good
1784,2,3,3,666,808,694,0.005648,3,2024-05-08 14:20:44,Medium,True,Good
1785,45,4,2,540,495,2495,0.002305,3,2024-07-28 17:05:42,Simple,True,Good
1786,77,4,9,352,477,1547,0.002524,3,2024-04-26 14:59:30,Simple,False,Good
1787,63,1,4,1306,2109,1365,0.021009,5,2024-07-04 13:57:50,Complex,True,Excellent
1788,20,2,6,556,711,985,0.006184,4,2024-04-15 07:23:39,Medium,True,Excellent
1789,55,2,4,1397,1209,1647,0.009344,1,2024-11-03 19:18:18,Medium,True,Fair
1790,59,5,8,273,259,6154,0.000701,5,2024-02-21 06:07:35,Simple,False,Good
1791,88,5,3,1155,1279,1529,0.00414,5,2024-07-14 11:23:50,Medium,True,Good
1792,19,1,1,308,334,500,0.003213,4,2024-01-09 18:35:41,Simple,True,Excellent
1793,45,1,5,664,857,1412,0.008686,4,2024-08-02 06:31:09,Medium,False,Excellent
1794,40,2,4,225,291,1199,0.002444,3,2024-09-03 10:42:48,Simple,True,Good
1795,42,2,4,332,299,2325,0.002563,4,2024-09-02 15:24:50,Simple,False,Excellent
1796,30,2,6,406,462,818,0.003492,3,2024-05-08 00:13:37,Simple,True,Good
1797,69,3,4,1971,1676,1644,0.012824,4,2024-04-23 09:24:32,Medium,True,Good
1798,83,3,1,980,918,1389,0.006163,5,2024-05-11 21:46:14,Medium,True,Good
1799,54,5,4,175,233,1855,0.000672,3,2024-09-22 06:22:08,Simple,True,Good
1800,35,1,5,272,428,7283,0.004317,3,2024-07-08 18:35:55,Simple,True,Good
1801,24,5,2,1773,1984,9492,0.006003,5,2024-09-06 10:54:25,Medium,True,Good
1802,58,2,2,507,620,982,0.005162,3,2024-06-15 23:46:20,Medium,True,Good
1803,38,4,6,324,317,906,0.001442,4,2024-03-25 06:22:33,Simple,True,Good
1804,18,2,5,337,325,1094,0.002723,4,2024-12-16 10:00:42,Simple,True,Excellent
1805,57,5,3,768,993,4958,0.003211,3,2024-06-09 15:48:11,Medium,True,Good
1806,68,3,2,321,357,2086,0.002724,5,2024-11-27 05:58:53,Simple,True,Good
1807,87,1,4,171,218,925,0.002022,5,2024-09-07 05:39:10,Simple,True,Excellent
1808,4,5,1,1158,1708,1901,0.004854,4,2024-07-04 19:54:36,Medium,True,Good
1809,63,1,5,1515,1414,666,0.015355,4,2024-11-05 09:40:38,Medium,True,Excellent
1810,1,2,9,440,571,1064,0.004328,4,2024-06-21 04:51:18,Medium,True,Excellent
1811,89,2,8,122,196,1208,0.001716,4,2024-09-04 23:18:25,Simple,True,Excellent
1812,66,4,3,301,393,2079,0.001871,5,2024-11-05 17:36:20,Simple,False,Good
1813,87,4,6,3370,3313,8580,0.016152,5,2024-03-12 17:39:34,Complex,False,Good
1814,96,5,8,650,620,1558,0.001986,4,2024-01-04 07:05:29,Medium,True,Good
1815,69,5,6,181,228,2164,0.000661,4,2024-05-08 04:49:41,Simple,True,Good
1816,57,5,9,558,686,1631,0.002076,4,2024-11-05 00:31:07,Medium,True,Good
1817,81,3,2,815,857,1614,0.006227,4,2024-11-22 03:50:43,Medium,False,Good
1818,13,2,2,668,640,513,0.005575,4,2024-06-09 14:18:43,Medium,True,Excellent
1819,75,3,2,470,484,1208,0.003404,4,2024-02-17 21:53:05,Simple,True,Good
1820,30,4,9,1871,2077,2473,0.010635,3,2024-10-06 22:09:50,Complex,True,Good
1821,66,5,6,543,583,2115,0.001699,5,2024-09-19 01:45:00,Medium,True,Good
1822,100,3,4,1568,1959,2834,0.015046,4,2024-07-20 14:57:53,Medium,False,Good
1823,54,5,3,1096,1019,1613,0.003334,3,2024-01-24 07:45:46,Medium,True,Good
1824,69,2,9,251,287,7583,0.002373,5,2024-10-15 18:31:32,Simple,True,Excellent
1825,36,4,1,811,1089,2149,0.005439,2,2024-08-29 11:51:28,Medium,True,Fair
1826,34,5,4,969,1111,1439,0.003395,4,2024-01-19 15:54:13,Medium,True,Good
1827,9,2,3,157,145,2187,0.001194,3,2024-01-01 12:42:24,Simple,True,Good
1828,10,4,1,528,736,2056,0.003982,5,2024-10-08 14:12:18,Medium,True,Good
1829,4,2,8,1458,1289,1261,0.010391,5,2024-04-27 08:56:13,Medium,True,Excellent
1830,71,4,2,1451,2177,3113,0.011786,3,2024-02-29 19:25:51,Complex,True,Good
1831,86,1,8,829,1287,5199,0.011798,5,2024-10-11 20:28:24,Medium,True,Excellent
1832,98,5,8,876,918,787,0.002663,4,2024-12-19 16:46:33,Medium,True,Good
1833,72,4,7,1069,1508,1231,0.008146,3,2024-09-17 08:08:01,Medium,True,Good
1834,85,1,6,470,496,2958,0.005083,5,2024-04-06 08:24:14,Simple,True,Excellent
1835,34,1,7,600,614,2192,0.005573,4,2024-01-06 22:40:44,Medium,True,Excellent
1836,82,3,1,880,892,868,0.005667,4,2024-11-24 18:07:14,Medium,True,Good
1837,92,3,2,470,506,1720,0.003252,5,2024-03-10 18:03:46,Medium,True,Good
1838,50,5,8,1421,1867,1258,0.00549,4,2024-08-06 16:20:28,Medium,False,Good
1839,36,1,3,1011,1540,3032,0.01621,5,2024-05-02 05:59:49,Medium,True,Excellent
1840,64,3,5,519,530,1343,0.004056,5,2024-03-27 22:06:01,Medium,False,Good
1841,3,3,2,522,452,1137,0.002906,2,2024-03-24 09:14:41,Simple,True,Fair
1842,17,5,5,400,582,3008,0.001802,2,2024-11-24 04:26:04,Medium,True,Fair
1843,55,1,9,691,963,1650,0.009108,4,2024-02-24 03:10:36,Medium,True,Excellent
1844,20,4,8,637,654,2604,0.003258,3,2024-08-27 11:09:28,Medium,True,Good
1845,67,3,6,295,271,2101,0.001909,5,2024-07-12 18:07:52,Simple,True,Good
1846,14,5,5,207,217,1560,0.000708,1,2024-01-22 19:36:00,Simple,False,Fair
1847,54,1,4,163,210,1267,0.002037,5,2024-05-04 15:51:56,Simple,True,Excellent
1848,48,3,6,467,418,1509,0.002845,5,2024-07-25 16:44:19,Simple,True,Good
1849,69,5,8,1290,1254,1415,0.003885,5,2024-05-26 19:18:18,Medium,True,Good
1850,82,5,9,1013,1206,2884,0.003395,4,2024-04-28 08:13:02,Medium,False,Good
1851,84,2,3,451,378,1909,0.002762,4,2024-06-03 08:45:52,Simple,True,Excellent
1852,6,3,8,650,585,1226,0.004503,1,2024-12-25 22:17:10,Medium,True,Fair
1853,2,2,4,362,598,516,0.004662,4,2024-04-29 20:20:21,Medium,True,Excellent
1854,4,4,8,651,759,3724,0.003669,3,2024-01-06 01:32:58,Medium,True,Good
1855,26,2,9,869,748,1975,0.005832,5,2024-05-29 11:45:09,Medium,True,Excellent
1856,13,1,7,185,217,2986,0.002286,5,2024-09-28 06:24:47,Simple,True,Excellent
1857,100,1,4,1080,922,3760,0.009696,4,2024-03-30 02:18:15,Medium,True,Excellent
1858,85,3,4,1050,1509,1307,0.010054,4,2024-02-15 11:27:28,Medium,True,Good
1859,70,3,8,636,533,4219,0.003975,4,2024-04-24 11:02:44,Medium,True,Good
1860,95,1,2,182,195,2193,0.001865,2,2024-12-04 22:40:44,Simple,True,Fair
1861,40,4,4,200,321,1114,0.00146,5,2024-02-06 18:04:54,Simple,False,Good
1862,76,5,4,1200,1053,1709,0.002991,4,2024-06-09 00:10:55,Medium,True,Good
1863,47,2,4,570,681,3695,0.005439,4,2024-02-01 00:02:33,Medium,True,Excellent
1864,9,3,1,1376,1300,2416,0.008999,4,2024-01-01 20:18:21,Medium,False,Good
1865,33,2,6,1008,862,3122,0.006373,4,2024-08-28 09:19:57,Medium,True,Excellent
1866,93,5,7,313,309,762,0.000965,4,2024-03-27 13:05:35,Simple,True,Good
1867,10,2,1,640,590,2734,0.004713,5,2024-01-25 20:55:04,Medium,True,Excellent
1868,69,3,7,1613,1441,1901,0.010192,1,2024-05-09 01:38:29,Medium,True,Fair
1869,35,3,3,1281,1309,2291,0.008777,2,2024-07-22 10:16:20,Medium,False,Fair
1870,63,1,9,146,236,2216,0.002244,1,2024-06-24 23:16:13,Simple,True,Fair
1871,90,1,1,908,1371,1261,0.013128,3,2024-10-12 07:58:59,Medium,False,Good
1872,93,5,7,611,815,1421,0.002538,3,2024-10-15 06:06:30,Medium,True,Good
1873,56,3,6,430,527,1535,0.003509,4,2024-05-15 09:27:46,Medium,True,Good
1874,99,1,2,622,645,866,0.006888,2,2024-09-21 00:30:21,Medium,True,Fair
1875,64,4,6,1146,1167,3424,0.006191,5,2024-07-11 17:42:05,Medium,True,Good
1876,90,4,8,1260,1237,1041,0.006633,3,2024-12-04 10:00:07,Medium,True,Good
1877,24,3,3,636,952,3267,0.006289,4,2024-06-25 16:48:26,Medium,False,Good
1878,24,4,5,541,815,1128,0.004204,1,2024-10-23 15:00:21,Medium,True,Fair
1879,11,2,4,429,423,4223,0.003257,4,2024-08-05 15:44:15,Simple,True,Excellent
1880,94,5,7,418,554,1181,0.0016,5,2024-09-14 19:27:03,Medium,False,Good
1881,32,1,9,359,349,1246,0.003584,4,2024-12-29 00:39:26,Simple,True,Excellent
1882,22,4,1,642,902,542,0.00468,3,2024-12-11 17:59:46,Medium,False,Good
1883,14,3,4,156,229,715,0.001591,5,2024-06-23 20:31:56,Simple,True,Good
1884,12,4,7,770,966,967,0.005294,3,2024-07-17 23:23:57,Medium,False,Good
1885,12,2,3,188,162,1573,0.001392,4,2024-08-21 00:46:24,Simple,False,Excellent
1886,14,2,6,734,761,1230,0.005781,1,2024-08-24 00:29:01,Medium,False,Fair
1887,58,4,3,448,400,3760,0.002112,5,2024-01-17 15:46:34,Simple,False,Good
1888,30,5,3,1976,1669,2189,0.005037,3,2024-10-26 15:53:29,Medium,True,Good
1889,71,1,2,419,434,2642,0.003948,5,2024-09-17 05:02:37,Simple,True,Excellent
1890,29,2,5,769,654,1758,0.005683,5,2024-08-07 11:00:28,Medium,True,Excellent
1891,19,4,5,1415,1300,788,0.006317,3,2024-03-04 06:18:16,Medium,False,Good
1892,96,4,8,617,655,1929,0.003059,5,2024-04-06 19:02:30,Medium,True,Good
1893,72,4,7,3399,3523,1326,0.017055,5,2024-09-01 22:08:54,Complex,True,Good
1894,29,5,8,663,1040,2029,0.002974,2,2024-02-09 14:28:30,Medium,False,Fair
1895,93,3,3,428,561,2018,0.004291,5,2024-07-18 12:53:37,Medium,True,Good
1896,17,3,6,1398,2088,2096,0.014195,5,2024-09-24 13:37:19,Complex,False,Good
1897,86,1,5,342,290,1076,0.002961,2,2024-02-24 08:08:57,Simple,False,Fair
1898,89,5,3,1544,1538,1781,0.00504,2,2024-05-28 20:47:57,Medium,False,Fair
1899,77,1,5,1263,1081,1039,0.01166,4,2024-03-05 22:56:59,Medium,True,Excellent
1900,74,5,1,388,459,694,0.001248,5,2024-09-30 11:15:19,Simple,False,Good
1901,100,2,5,1177,1612,806,0.011915,4,2024-02-13 19:25:39,Medium,True,Excellent
1902,38,5,9,784,938,1124,0.002951,4,2024-10-07 23:34:41,Medium,True,Good
1903,11,3,8,640,666,2052,0.004347,5,2024-04-23 06:45:42,Medium,True,Good
1904,52,2,3,445,441,1400,0.003518,4,2024-02-20 02:57:56,Simple,True,Excellent
1905,77,3,9,423,435,3116,0.00331,5,2024-09-13 01:47:02,Simple,True,Good
1906,51,4,8,1776,1697,508,0.009042,1,2024-04-15 05:39:14,Medium,True,Fair
1907,96,1,9,380,551,1241,0.004998,5,2024-07-20 07:24:54,Medium,True,Excellent
1908,47,1,6,634,845,2451,0.007815,3,2024-05-26 00:38:07,Medium,True,Good
1909,90,3,9,740,733,3914,0.005355,4,2024-05-09 06:42:23,Medium,True,Good
1910,91,3,5,340,373,1591,0.002758,3,2024-11-26 10:23:33,Simple,True,Good
1911,41,1,3,2097,2599,1009,0.026659,5,2024-06-19 17:06:19,Complex,True,Excellent
1912,5,1,5,1737,2118,3393,0.019172,3,2024-10-10 08:26:18,Complex,True,Good
1913,21,5,4,349,315,1574,0.000927,5,2024-10-09 22:22:01,Simple,False,Good
1914,52,4,5,816,740,1869,0.003855,2,2024-12-29 20:47:21,Medium,False,Fair
1915,38,4,3,1387,1392,1753,0.006771,3,2024-06-18 20:37:04,Medium,False,Good
1916,34,2,5,235,312,2604,0.002406,3,2024-02-12 05:01:48,Simple,True,Good
1917,64,5,9,205,205,500,0.000586,5,2024-12-06 13:34:25,Simple,False,Good
1918,21,3,5,470,626,1146,0.004143,5,2024-06-18 13:31:21,Medium,False,Good
1919,95,5,8,730,925,1310,0.002875,5,2024-02-22 18:35:13,Medium,True,Good
1920,29,1,4,305,335,863,0.003683,4,2024-01-16 06:37:00,Simple,True,Excellent
1921,15,3,7,528,708,2463,0.004474,5,2024-04-18 13:05:44,Medium,True,Good
1922,68,4,2,308,321,1014,0.001652,5,2024-08-19 20:55:34,Simple,False,Good
1923,93,3,4,668,847,2604,0.006099,4,2024-02-26 01:48:31,Medium,True,Good
1924,1,1,2,294,272,3802,0.002842,4,2024-10-11 16:25:50,Simple,True,Excellent
1925,51,1,8,555,718,1623,0.007472,2,2024-12-29 09:02:09,Medium,False,Fair
1926,8,4,7,866,833,1004,0.003923,5,2024-08-19 14:23:49,Medium,True,Good
1927,72,1,5,730,1122,4965,0.011583,5,2024-11-24 23:18:49,Medium,False,Excellent
1928,15,2,9,154,236,964,0.001789,2,2024-07-22 11:46:44,Simple,False,Fair
1929,77,3,5,403,636,593,0.004833,4,2024-02-06 10:02:26,Medium,True,Good
1930,74,2,5,419,489,1234,0.003873,5,2024-05-20 01:05:32,Simple,True,Excellent
1931,9,1,5,662,1025,6572,0.011115,5,2024-12-21 23:54:52,Medium,True,Excellent
1932,91,5,2,1619,1990,1252,0.005653,3,2024-09-25 07:06:54,Medium,True,Good
1933,3,3,3,256,222,4320,0.001563,4,2024-12-13 02:09:07,Simple,True,Good
1934,59,3,2,452,531,1203,0.003724,3,2024-03-14 04:50:03,Medium,True,Good
1935,93,1,3,191,252,1055,0.002604,4,2024-12-09 04:47:56,Simple,False,Excellent
1936,33,1,9,593,656,2191,0.006871,3,2024-09-09 16:21:55,Medium,False,Good
1937,29,3,7,1113,936,2480,0.006177,2,2024-07-11 21:34:45,Medium,False,Fair
1938,74,3,2,1148,1403,2583,0.009514,4,2024-01-24 14:55:13,Medium,True,Good
1939,16,1,1,483,412,2559,0.004067,4,2024-07-19 20:57:12,Simple,True,Excellent
1940,99,3,4,1272,1138,707,0.007174,5,2024-11-25 15:58:11,Medium,True,Good
1941,17,5,8,717,1052,2158,0.003285,5,2024-09-30 22:38:34,Medium,True,Good
1942,2,2,7,294,427,1500,0.003348,4,2024-01-14 16:52:39,Simple,True,Excellent
1943,14,5,9,695,607,2275,0.0018,4,2024-09-03 05:49:02,Medium,False,Good
1944,14,5,4,834,987,1243,0.002941,5,2024-05-03 05:00:41,Medium,True,Good
1945,57,5,9,1459,1388,2659,0.003816,5,2024-09-23 07:02:20,Medium,True,Good
1946,7,3,3,738,616,2113,0.004668,3,2024-03-10 05:03:59,Medium,True,Good
1947,84,5,5,196,287,3351,0.00082,4,2024-11-16 06:43:46,Simple,True,Good
1948,38,4,4,1373,1442,977,0.007584,3,2024-05-20 23:57:42,Medium,False,Good
1949,4,5,9,879,971,4010,0.002895,2,2024-12-20 20:37:47,Medium,False,Fair
1950,100,4,5,184,287,1360,0.001458,4,2024-03-01 13:50:58,Simple,True,Good
1951,13,1,7,669,854,3364,0.009294,2,2024-04-27 22:10:44,Medium,False,Fair
1952,7,2,1,125,126,1631,0.00103,4,2024-02-17 10:13:51,Simple,True,Excellent
1953,83,1,5,538,450,895,0.004714,3,2024-05-21 15:10:51,Simple,True,Good
1954,33,2,8,796,956,1526,0.006893,4,2024-01-11 06:35:20,Medium,True,Excellent
1955,75,1,2,94,84,2106,0.000875,4,2024-05-28 21:31:59,Simple,False,Excellent
1956,76,1,9,1241,1079,1427,0.009734,5,2024-06-06 20:24:53,Medium,True,Excellent
1957,27,3,7,287,396,1145,0.002554,3,2024-01-08 02:28:28,Simple,True,Good
1958,1,5,8,704,643,971,0.001775,5,2024-12-11 10:32:55,Medium,True,Good
1959,98,1,1,1184,1040,1771,0.009377,2,2024-03-23 07:12:01,Medium,True,Fair
1960,85,1,9,291,483,944,0.005153,5,2024-03-25 20:30:33,Simple,True,Excellent
1961,3,5,7,259,406,500,0.001175,4,2024-03-30 05:54:35,Simple,True,Good
1962,59,1,7,559,778,2722,0.00844,2,2024-04-03 16:01:38,Medium,False,Fair
1963,77,2,5,281,394,5556,0.003171,3,2024-05-26 20:36:59,Simple,True,Good
1964,88,5,5,505,642,2290,0.002066,5,2024-06-21 11:02:58,Medium,True,Good
1965,66,4,9,180,294,1149,0.001348,2,2024-10-27 10:55:09,Simple,False,Fair
1966,81,5,1,524,519,5016,0.001711,3,2024-06-21 11:12:59,Medium,True,Good
1967,91,1,6,287,478,1389,0.005022,4,2024-12-04 12:31:12,Simple,True,Excellent
1968,12,2,1,618,701,3201,0.005937,4,2024-02-03 12:48:46,Medium,True,Excellent
1969,69,1,9,463,595,1134,0.006512,5,2024-05-31 12:10:42,Medium,True,Excellent
1970,20,3,5,575,613,1343,0.003938,3,2024-10-19 23:28:47,Medium,False,Good
1971,40,3,1,354,582,2559,0.004469,5,2024-07-13 18:27:49,Medium,True,Good
1972,30,1,5,611,627,2886,0.00595,3,2024-02-23 11:04:35,Medium,False,Good
1973,5,2,2,853,851,1555,0.006997,5,2024-05-09 02:52:12,Medium,True,Excellent
1974,100,3,7,363,435,3510,0.002787,4,2024-03-26 16:12:01,Simple,False,Good
1975,47,1,7,1512,1829,1054,0.019697,4,2024-08-14 21:27:43,Medium,True,Excellent
1976,62,3,7,481,574,1897,0.004279,5,2024-01-08 05:00:45,Medium,True,Good
1977,4,5,7,148,166,1795,0.000486,4,2024-01-24 22:49:52,Simple,True,Good
1978,13,3,6,462,596,3475,0.004224,5,2024-02-07 06:48:39,Medium,True,Good
1979,71,2,3,1123,1029,3922,0.007605,5,2024-04-25 23:54:00,Medium,True,Excellent
1980,81,1,2,498,725,3863,0.007541,5,2024-09-20 18:34:27,Medium,True,Excellent
1981,7,5,2,195,229,2171,0.000627,4,2024-01-09 14:19:50,Simple,True,Good
1982,3,4,5,286,449,757,0.002283,5,2024-09-08 13:52:25,Simple,False,Good
1983,69,1,9,979,859,1427,0.008835,3,2024-11-06 03:13:12,Medium,False,Good
1984,72,5,3,476,562,936,0.001752,5,2024-04-02 05:56:43,Medium,True,Good
1985,11,4,9,214,240,6789,0.001247,4,2024-11-09 07:44:04,Simple,True,Good
1986,43,2,8,574,682,1137,0.005022,3,2024-04-08 07:17:36,Medium,True,Good
1987,64,2,8,183,187,1340,0.001566,3,2024-09-24 13:30:32,Simple,True,Good
1988,10,2,2,435,471,805,0.003737,5,2024-10-02 08:20:23,Simple,True,Excellent
1989,49,1,2,664,614,1319,0.006426,2,2024-11-22 15:12:52,Medium,True,Fair
1990,29,4,1,1015,933,1599,0.004727,4,2024-05-10 13:05:54,Medium,True,Good
1991,68,5,3,857,745,2360,0.002321,4,2024-01-22 09:52:04,Medium,False,Good
1992,21,5,3,453,603,1814,0.001827,5,2024-10-18 14:29:09,Medium,False,Good
1993,9,2,3,2210,2062,2829,0.016221,3,2024-09-14 20:10:10,Complex,True,Good
1994,11,2,1,1574,2013,1030,0.014992,4,2024-04-23 04:51:33,Complex,False,Excellent
1995,26,1,4,180,258,2253,0.002771,5,2024-11-11 02:16:29,Simple,True,Excellent
1996,3,1,5,653,604,1052,0.005593,4,2024-11-22 01:26:40,Medium,True,Excellent
1997,93,5,7,224,281,2737,0.000876,4,2024-12-25 13:12:40,Simple,False,Good
1998,64,1,4,805,822,743,0.008498,3,2024-01-28 22:24:36,Medium,True,Good
1999,13,2,8,1329,1757,3673,0.01375,2,2024-06-01 22:29:37,Medium,True,Fair
2000,33,4,8,850,854,1158,0.004161,4,2024-10-28 11:50:55,Medium,True,Good
