prompt_id,user_id,model_id,category_id,prompt_length,token_count,response_time_ms,estimated_cost,satisfaction_rating,created_at,prompt_complexity,task_completed,response_quality
1,179,3,8,208,262,4033,0.0018,1,2024-11-22 19:53:50,Simple,True,Fair
2,70,5,7,314,482,2524,0.001355,2,2024-10-30 08:57:43,Simple,True,Fair
3,130,2,7,576,519,1795,0.004396,2,2024-12-07 00:32:23,Medium,True,Fair
4,153,2,3,1075,1428,1761,0.012077,4,2024-10-30 23:17:54,Medium,True,Excellent
5,239,1,2,404,373,3716,0.004032,1,2024-11-16 21:46:56,Simple,True,Fair
6,110,1,5,1415,1541,1096,0.014107,5,2024-11-24 03:55:29,Medium,True,Excellent
7,10,2,7,1013,1242,4912,0.010042,5,2024-10-15 21:10:17,Medium,True,Excellent
8,200,3,7,832,1169,3429,0.008189,4,2024-12-13 05:01:38,Medium,False,Good
9,152,2,5,934,793,2592,0.006768,5,2024-10-26 06:53:51,Medium,True,Excellent
10,250,3,9,159,233,1013,0.001755,2,2024-12-20 20:31:49,Simple,True,Fair
11,40,3,3,444,470,2192,0.003109,3,2024-10-08 21:05:27,Simple,False,Good
12,81,5,6,198,297,2833,0.000811,4,2024-12-07 18:09:20,Simple,True,Good
13,261,1,8,482,614,2016,0.00561,3,2024-10-31 09:18:17,Medium,True,Good
14,289,4,3,484,424,1476,0.001917,4,2024-11-22 12:39:43,Simple,True,Good
15,284,4,7,847,846,1836,0.004238,3,2024-10-13 10:30:37,Medium,True,Good
16,250,1,2,538,530,1292,0.005437,1,2024-12-19 06:23:11,Medium,True,Fair
17,70,4,6,886,879,1531,0.004739,2,2024-11-27 10:10:07,Medium,False,Fair
18,218,1,9,408,556,2177,0.005318,5,2024-12-06 12:05:40,Medium,True,Excellent
19,182,2,6,2122,2069,1542,0.017853,5,2024-12-09 10:44:16,Complex,True,Excellent
20,62,2,8,1184,1109,3460,0.009374,3,2024-10-27 04:16:05,Medium,True,Good
21,279,1,6,492,440,1654,0.004103,4,2024-10-19 12:34:17,Simple,True,Excellent
22,242,5,1,1458,1882,3498,0.005816,4,2024-10-06 05:59:24,Medium,True,Good
23,81,1,4,491,453,2479,0.004975,3,2024-10-05 22:10:14,Simple,True,Good
24,160,1,8,2085,1882,1363,0.018862,4,2024-10-31 03:57:15,Medium,True,Excellent
25,156,5,1,511,448,832,0.001396,4,2024-10-08 09:27:46,Simple,False,Good
26,247,5,6,2085,2417,2082,0.007169,4,2024-10-11 06:32:52,Complex,True,Good
27,141,3,8,297,307,1811,0.002358,2,2024-10-31 14:56:09,Simple,True,Fair
28,246,4,7,323,439,1097,0.002373,4,2024-11-27 19:57:20,Simple,True,Good
29,93,3,9,295,285,3113,0.002,2,2024-12-25 23:27:10,Simple,True,Fair
30,30,3,1,1317,1131,6783,0.00796,4,2024-10-04 06:21:47,Medium,False,Good
31,254,3,8,347,360,2700,0.002292,5,2024-11-17 18:15:02,Simple,True,Good
32,274,3,8,375,584,1964,0.003966,4,2024-12-16 21:30:10,Medium,True,Good
33,234,5,4,743,731,1617,0.002269,1,2024-10-24 13:21:50,Medium,True,Fair
34,233,5,9,214,231,2031,0.000643,5,2024-12-28 03:45:20,Simple,True,Good
35,129,1,9,149,188,2006,0.001756,5,2024-10-21 10:36:15,Simple,True,Excellent
36,101,4,5,459,405,7960,0.002122,4,2024-11-19 07:09:52,Simple,True,Good
37,147,3,4,358,397,852,0.002916,4,2024-12-22 22:14:44,Simple,False,Good
38,39,1,7,453,406,1800,0.004195,3,2024-10-21 14:04:29,Simple,False,Good
39,248,1,2,252,272,1866,0.002843,5,2024-12-03 13:57:44,Simple,True,Excellent
40,177,4,5,115,108,5958,0.000533,5,2024-10-18 09:03:40,Simple,False,Good
41,97,2,9,730,1017,641,0.00831,4,2024-10-16 01:00:50,Medium,False,Excellent
42,24,4,9,1682,2333,1165,0.012128,5,2024-12-12 12:51:00,Complex,True,Good
43,261,4,9,996,1027,2588,0.005269,2,2024-10-29 09:10:25,Medium,False,Fair
44,38,3,9,677,786,6505,0.00557,4,2024-12-07 07:17:46,Medium,False,Good
45,94,2,8,3557,3530,1676,0.02885,4,2024-12-04 22:17:49,Complex,True,Excellent
46,62,3,1,376,421,877,0.002858,4,2024-11-19 20:47:15,Simple,False,Good
47,187,1,8,651,662,1965,0.00674,5,2024-11-03 01:08:22,Medium,True,Excellent
48,211,5,3,488,449,2991,0.001223,4,2024-11-08 14:56:01,Simple,False,Good
49,37,4,5,327,489,804,0.002613,5,2024-12-21 04:15:27,Simple,False,Good
50,110,1,1,349,375,1237,0.003825,3,2024-10-15 10:11:44,Simple,True,Good
51,126,3,9,767,744,1215,0.005138,4,2024-12-17 14:36:05,Medium,True,Good
52,54,3,2,333,326,3016,0.002353,5,2024-12-12 01:51:27,Simple,False,Good
53,32,4,4,288,387,2052,0.001826,4,2024-11-11 09:34:43,Simple,True,Good
54,120,3,3,1117,1256,2743,0.008256,4,2024-10-01 00:21:58,Medium,False,Good
55,60,5,8,290,270,2388,0.000888,3,2024-10-25 01:19:08,Simple,True,Good
56,215,2,3,436,478,1123,0.003839,5,2024-10-30 04:37:07,Simple,False,Excellent
57,36,3,1,184,191,1112,0.001385,3,2024-12-13 15:03:00,Simple,True,Good
58,288,3,8,91,100,529,0.000691,5,2024-10-21 13:13:55,Simple,False,Good
59,70,5,1,496,668,1830,0.002036,3,2024-12-23 18:06:13,Medium,False,Good
60,177,3,4,199,261,3085,0.001955,1,2024-11-20 17:37:59,Simple,False,Fair
61,104,3,2,201,174,2407,0.001209,5,2024-11-19 13:59:32,Simple,True,Good
62,147,4,9,751,729,868,0.003974,3,2024-10-04 04:20:38,Medium,True,Good
63,239,2,1,1815,1526,3378,0.011296,4,2024-11-09 20:33:52,Medium,True,Excellent
64,172,5,5,102,170,2051,0.000493,1,2024-11-12 10:50:46,Simple,True,Fair
65,49,4,3,560,525,838,0.002592,4,2024-11-26 18:37:19,Medium,True,Good
66,127,1,6,1121,972,1265,0.009625,3,2024-10-13 07:37:18,Medium,True,Good
67,252,3,6,1085,937,7764,0.006899,4,2024-12-07 19:47:35,Medium,True,Good
68,243,2,4,660,715,2833,0.00613,5,2024-11-27 10:36:15,Medium,True,Excellent
69,161,2,8,2061,2034,8010,0.014998,2,2024-11-30 01:35:07,Complex,True,Fair
70,222,4,6,1850,2202,3995,0.011816,4,2024-10-09 12:30:10,Complex,True,Good
71,7,2,5,1021,949,2080,0.006867,2,2024-12-04 17:48:05,Medium,True,Fair
72,166,4,8,384,413,2102,0.002085,5,2024-11-02 16:37:06,Simple,False,Good
73,167,4,1,544,462,1748,0.002493,5,2024-11-21 10:34:51,Simple,True,Good
74,3,1,3,580,712,1575,0.006949,2,2024-11-17 02:42:04,Medium,True,Fair
75,223,2,5,251,221,1028,0.001613,5,2024-11-17 22:59:51,Simple,True,Excellent
76,164,2,1,1687,2414,1128,0.018198,3,2024-10-03 09:00:25,Complex,False,Good
77,19,4,9,709,1058,2263,0.005417,3,2024-12-23 00:10:32,Medium,True,Good
78,249,4,3,1137,1256,1136,0.006246,4,2024-10-20 16:51:54,Medium,True,Good
79,147,3,2,1665,1926,751,0.012301,4,2024-10-27 23:16:37,Medium,True,Good
80,178,4,8,298,273,944,0.001339,4,2024-12-03 15:37:31,Simple,True,Good
81,287,5,4,1757,1704,1780,0.004947,4,2024-12-03 07:22:08,Medium,True,Good
82,146,3,8,1775,2346,1380,0.015432,4,2024-10-01 18:55:23,Complex,False,Good
83,28,3,8,774,958,1889,0.006214,1,2024-12-07 13:31:10,Medium,False,Fair
84,108,1,8,702,589,916,0.005345,4,2024-11-22 22:12:22,Medium,True,Excellent
85,195,4,6,266,332,2088,0.001753,1,2024-11-05 17:46:30,Simple,True,Fair
86,167,1,3,1145,1274,4781,0.011952,4,2024-10-27 14:15:09,Medium,True,Excellent
87,300,3,6,248,333,2614,0.002379,5,2024-11-13 18:48:10,Simple,False,Good
88,174,1,1,620,671,624,0.007158,4,2024-11-20 08:43:40,Medium,True,Excellent
89,57,3,2,891,856,1413,0.005784,3,2024-11-19 21:49:47,Medium,True,Good
90,243,3,6,505,426,2191,0.002895,2,2024-10-09 18:21:42,Simple,True,Fair
91,133,3,2,614,733,2522,0.004677,4,2024-12-05 06:49:39,Medium,True,Good
92,111,3,3,1454,1778,1478,0.011325,4,2024-10-22 18:49:46,Medium,True,Good
93,66,5,2,896,1266,2072,0.003841,4,2024-12-15 09:27:42,Medium,False,Good
94,38,4,7,729,1185,1804,0.006348,4,2024-11-12 09:15:26,Medium,True,Good
95,277,1,5,635,632,1753,0.006673,3,2024-10-22 02:40:36,Medium,True,Good
96,65,1,7,1614,1383,5152,0.013196,3,2024-10-14 15:47:30,Medium,True,Good
97,203,1,5,183,204,933,0.001965,2,2024-11-11 14:18:13,Simple,True,Fair
98,262,4,6,289,250,2194,0.001193,4,2024-11-01 00:04:45,Simple,True,Good
99,285,3,3,433,537,1753,0.003947,5,2024-10-03 05:26:40,Medium,True,Good
100,225,4,8,1126,1230,2209,0.006652,4,2024-12-07 19:39:44,Medium,True,Good
101,211,2,4,826,883,1316,0.006922,4,2024-11-26 14:54:18,Medium,True,Excellent
102,166,1,5,1054,1325,7372,0.013223,3,2024-10-09 17:43:30,Medium,False,Good
103,67,5,9,95,134,3105,0.000433,5,2024-11-05 10:37:27,Simple,True,Good
104,176,2,9,1095,1338,4073,0.009809,3,2024-10-14 00:24:59,Medium,True,Good
105,290,5,9,138,227,4482,0.000685,5,2024-11-24 00:58:17,Simple,True,Good
106,64,2,1,525,587,3377,0.004428,4,2024-10-16 01:58:10,Medium,True,Excellent
107,24,1,4,837,772,1009,0.007989,1,2024-11-28 01:59:41,Medium,True,Fair
108,15,1,2,196,219,4391,0.002169,5,2024-12-12 11:21:28,Simple,True,Excellent
109,254,4,1,445,391,1895,0.001905,5,2024-11-18 11:01:33,Simple,False,Good
110,293,4,9,272,317,1299,0.00153,4,2024-10-18 05:59:05,Simple,True,Good
111,37,4,6,523,708,1412,0.003702,3,2024-12-11 23:50:20,Medium,True,Good
112,108,2,8,552,541,3244,0.004499,2,2024-10-11 02:11:14,Medium,True,Fair
113,210,3,5,764,711,5192,0.004705,4,2024-12-11 20:11:45,Medium,True,Good
114,41,5,7,671,924,2112,0.002634,3,2024-11-03 05:03:46,Medium,True,Good
115,21,4,3,421,412,1390,0.001879,5,2024-11-18 04:09:15,Simple,True,Good
116,69,5,8,1165,1367,3441,0.004481,4,2024-11-18 14:11:04,Medium,True,Good
117,241,2,8,417,557,4976,0.004054,5,2024-10-05 17:41:57,Medium,False,Excellent
118,82,2,1,367,521,5018,0.004238,2,2024-10-12 04:49:22,Medium,True,Fair
119,174,2,1,577,495,1876,0.004037,3,2024-11-02 23:07:54,Simple,True,Good
120,164,3,2,453,405,586,0.002915,4,2024-12-14 21:26:42,Simple,False,Good
121,41,3,3,360,475,1788,0.003032,3,2024-12-03 07:36:30,Simple,True,Good
122,103,2,5,664,725,4798,0.006204,2,2024-11-25 04:59:48,Medium,False,Fair
123,151,5,6,2038,2155,2117,0.006855,5,2024-11-15 18:57:45,Complex,False,Good
124,291,4,2,578,488,1672,0.002246,5,2024-11-17 14:21:00,Simple,True,Good
125,174,5,7,278,360,1255,0.00116,3,2024-11-15 23:04:48,Simple,True,Good
126,176,3,2,748,823,1958,0.006086,4,2024-12-29 14:20:03,Medium,True,Good
127,64,5,7,420,427,3866,0.001374,5,2024-11-14 13:47:36,Simple,True,Good
128,51,4,8,376,332,1745,0.001681,5,2024-12-16 13:37:32,Simple,False,Good
129,193,3,3,432,395,3437,0.003016,4,2024-11-15 05:50:07,Simple,False,Good
130,218,1,5,544,454,3594,0.004878,1,2024-10-06 17:54:49,Simple,True,Fair
131,203,3,6,1003,861,1547,0.005464,1,2024-10-03 00:18:25,Medium,True,Fair
132,245,1,2,487,603,2960,0.006428,2,2024-11-16 03:28:55,Medium,True,Fair
133,231,5,5,449,379,1172,0.001054,4,2024-10-07 07:59:56,Simple,True,Good
134,151,4,1,268,256,1752,0.00133,4,2024-12-06 22:45:58,Simple,True,Good
135,233,5,6,1101,1252,2763,0.004086,3,2024-12-22 18:04:52,Medium,True,Good
136,3,5,4,336,281,1258,0.000797,4,2024-12-27 13:27:18,Simple,True,Good
137,259,3,7,671,595,1197,0.004047,4,2024-10-03 16:43:24,Medium,True,Good
138,261,2,7,1258,1130,3623,0.009125,1,2024-11-01 13:48:33,Medium,True,Fair
139,283,3,5,683,603,1215,0.003924,2,2024-11-16 18:14:29,Medium,True,Fair
140,54,1,5,745,818,970,0.00872,4,2024-11-20 08:54:49,Medium,True,Excellent
141,116,5,8,229,278,1551,0.000887,4,2024-10-01 08:57:37,Simple,True,Good
142,35,4,9,306,347,4424,0.001832,4,2024-12-22 03:54:25,Simple,True,Good
143,112,1,7,252,401,1781,0.003898,4,2024-11-22 13:28:22,Simple,True,Excellent
144,153,3,1,141,181,4099,0.001196,4,2024-12-16 01:31:50,Simple,True,Good
145,99,3,4,2349,2221,1540,0.016939,3,2024-11-01 18:53:45,Complex,False,Good
146,21,4,4,839,771,2406,0.003999,4,2024-10-14 01:36:35,Medium,True,Good
147,192,5,8,533,476,2238,0.001434,3,2024-10-21 14:52:32,Simple,True,Good
148,280,1,4,702,911,1983,0.009245,4,2024-12-07 19:09:20,Medium,True,Excellent
149,131,1,5,219,271,2206,0.002698,2,2024-11-01 09:35:20,Simple,True,Fair
150,167,5,6,696,849,3280,0.002527,2,2024-11-16 15:52:28,Medium,True,Fair
151,153,5,9,278,416,886,0.00117,4,2024-11-26 23:03:25,Simple,False,Good
152,26,2,9,1556,1425,3450,0.012341,4,2024-11-09 06:29:44,Medium,True,Excellent
153,79,5,7,279,255,1157,0.000807,4,2024-12-01 15:32:52,Simple,True,Good
154,82,2,5,353,317,1257,0.00243,1,2024-10-11 09:40:21,Simple,True,Fair
155,45,1,7,315,466,1002,0.004411,4,2024-10-09 02:39:07,Simple,True,Excellent
156,75,1,4,1312,1160,1028,0.011658,4,2024-11-28 09:52:28,Medium,True,Excellent
157,120,4,8,745,705,2366,0.003587,3,2024-12-08 11:35:51,Medium,True,Good
158,125,2,6,132,217,2497,0.001906,3,2024-10-30 05:58:40,Simple,True,Good
159,98,2,6,718,612,2218,0.004697,3,2024-11-15 04:35:31,Medium,True,Good
160,101,3,6,306,413,1885,0.003132,1,2024-12-22 06:39:07,Simple,True,Fair
161,238,2,8,151,149,1065,0.00125,5,2024-12-23 04:38:40,Simple,True,Excellent
162,265,3,7,242,383,1116,0.002658,4,2024-11-08 01:47:45,Simple,False,Good
163,254,2,2,790,659,1717,0.004891,3,2024-10-13 01:30:01,Medium,True,Good
164,70,3,6,1193,1277,4151,0.009501,4,2024-11-25 20:32:03,Medium,False,Good
165,212,2,7,250,233,3392,0.002025,5,2024-10-12 22:09:01,Simple,True,Excellent
166,122,3,8,405,375,2284,0.002662,2,2024-11-04 11:48:57,Simple,True,Fair
167,214,5,8,91,113,3059,0.000342,5,2024-10-21 08:01:52,Simple,True,Good
168,56,1,3,3054,4000,2886,0.038074,5,2024-12-05 22:07:51,Complex,True,Excellent
169,214,2,7,1175,997,2383,0.007945,3,2024-11-29 17:09:59,Medium,False,Good
170,101,3,7,757,768,1527,0.005832,4,2024-10-16 21:27:07,Medium,True,Good
171,226,2,5,221,357,1237,0.003107,5,2024-10-20 22:59:45,Simple,True,Excellent
172,284,4,6,410,378,989,0.001984,4,2024-12-17 15:30:32,Simple,True,Good
173,241,3,9,396,386,1197,0.002676,4,2024-11-21 06:58:26,Simple,True,Good
174,165,5,8,313,515,3380,0.001651,3,2024-11-23 11:57:30,Medium,True,Good
175,256,3,7,303,443,2907,0.003287,4,2024-10-26 03:38:58,Simple,False,Good
176,209,3,9,1678,1538,2987,0.010967,3,2024-11-13 07:45:57,Medium,True,Good
177,269,2,8,383,358,2758,0.002954,3,2024-12-15 12:11:12,Simple,True,Good
178,142,3,5,724,654,676,0.004896,5,2024-11-30 04:38:22,Medium,True,Good
179,163,2,3,489,409,1111,0.003172,3,2024-11-07 06:09:45,Simple,True,Good
180,20,3,8,383,402,2005,0.00256,4,2024-11-17 13:32:32,Simple,True,Good
181,61,1,7,236,214,881,0.001933,3,2024-12-16 03:16:42,Simple,True,Good
182,172,4,7,1986,2503,3431,0.011978,3,2024-12-21 13:29:16,Complex,True,Good
183,286,4,8,315,422,826,0.001986,3,2024-10-14 06:14:16,Simple,True,Good
184,282,2,3,171,219,7579,0.001638,3,2024-10-23 19:25:40,Simple,True,Good
185,201,1,4,428,591,850,0.005441,5,2024-10-25 01:40:27,Medium,True,Excellent
186,130,5,6,164,210,1442,0.00066,5,2024-11-20 22:31:02,Simple,True,Good
187,165,2,7,541,590,2168,0.004652,5,2024-10-10 15:00:15,Medium,True,Excellent
188,33,5,4,593,557,839,0.001575,2,2024-10-13 15:32:10,Medium,True,Fair
189,60,2,4,432,399,1419,0.003177,3,2024-12-27 01:19:18,Simple,True,Good
190,32,5,7,477,530,2461,0.001547,1,2024-10-09 20:59:30,Medium,True,Fair
191,204,3,9,956,1447,1404,0.01098,4,2024-11-06 23:27:34,Medium,False,Good
192,149,1,9,1067,1650,1691,0.016436,4,2024-12-04 19:22:03,Medium,True,Excellent
193,4,5,3,404,513,2554,0.001428,4,2024-12-02 10:36:42,Medium,False,Good
194,193,1,4,644,550,571,0.005317,4,2024-10-11 10:08:41,Medium,True,Excellent
195,61,2,8,829,1016,2486,0.008058,5,2024-12-15 01:09:57,Medium,True,Excellent
196,262,4,4,788,1064,1796,0.005183,3,2024-11-16 10:58:43,Medium,True,Good
197,117,3,1,471,456,1475,0.003193,3,2024-10-12 01:10:11,Simple,True,Good
198,290,5,5,533,778,2088,0.002179,2,2024-10-16 08:31:10,Medium,True,Fair
199,91,4,2,613,645,2871,0.003078,4,2024-12-13 11:55:38,Medium,True,Good
200,99,1,7,703,915,646,0.008501,5,2024-10-22 01:02:48,Medium,True,Excellent
201,269,1,5,116,162,7530,0.001558,3,2024-12-10 13:35:09,Simple,True,Good
202,96,2,6,1167,1292,2116,0.009752,4,2024-10-20 07:09:06,Medium,True,Excellent
203,110,5,5,430,392,1259,0.001171,5,2024-10-06 12:44:01,Simple,True,Good
204,233,1,4,607,686,595,0.007446,5,2024-10-25 17:01:00,Medium,True,Excellent
205,221,4,2,862,829,1403,0.00419,2,2024-10-18 19:54:20,Medium,True,Fair
206,124,2,8,283,326,1013,0.002624,4,2024-10-02 23:25:16,Simple,True,Excellent
207,75,1,1,538,504,3354,0.005454,1,2024-11-22 23:16:27,Medium,False,Fair
208,88,5,9,337,407,1755,0.001284,2,2024-10-26 18:51:29,Simple,False,Fair
209,23,5,7,1134,1667,2729,0.005366,4,2024-11-02 23:07:38,Medium,True,Good
210,11,4,5,197,281,1518,0.001313,3,2024-12-13 08:19:33,Simple,False,Good
211,264,5,6,1037,1362,3021,0.003991,5,2024-11-26 19:16:39,Medium,True,Good
212,251,3,2,521,577,2971,0.003697,4,2024-10-20 10:19:00,Medium,True,Good
213,13,2,8,720,818,2094,0.006575,4,2024-12-14 18:41:54,Medium,True,Excellent
214,129,3,4,258,425,1204,0.003216,4,2024-12-22 15:27:15,Simple,True,Good
215,149,5,1,438,366,3147,0.001187,4,2024-11-07 16:20:47,Simple,True,Good
216,135,5,1,547,560,1932,0.001621,3,2024-10-16 21:52:55,Medium,True,Good
217,229,4,6,205,188,2261,0.000954,5,2024-11-04 06:06:36,Simple,True,Good
218,294,4,4,421,582,1729,0.003104,4,2024-11-25 07:06:54,Medium,False,Good
219,87,5,1,692,1075,1024,0.003237,4,2024-11-29 05:44:46,Medium,True,Good
220,293,1,9,1240,1267,867,0.012028,4,2024-11-18 06:02:46,Medium,True,Excellent
221,85,3,4,401,600,869,0.004224,1,2024-12-03 21:04:32,Medium,True,Fair
222,35,2,8,229,247,2007,0.002173,3,2024-12-13 08:03:15,Simple,True,Good
223,66,5,3,156,157,3998,0.000443,4,2024-10-12 17:14:51,Simple,True,Good
224,146,4,6,412,601,6715,0.003254,4,2024-12-22 23:28:47,Medium,False,Good
225,163,3,6,343,419,890,0.002919,5,2024-10-16 03:24:00,Simple,True,Good
226,128,2,6,90,132,1765,0.001035,4,2024-11-25 10:09:18,Simple,True,Excellent
227,39,4,7,386,342,4359,0.001771,5,2024-12-30 22:33:11,Simple,True,Good
228,125,1,1,340,395,2107,0.003727,2,2024-11-25 16:04:28,Simple,False,Fair
229,187,4,7,803,1228,1695,0.005738,4,2024-10-19 03:14:53,Medium,True,Good
230,110,2,4,627,703,1913,0.006145,4,2024-11-23 12:32:58,Medium,False,Excellent
231,174,5,8,173,165,2221,0.000458,3,2024-12-21 19:45:37,Simple,True,Good
232,27,4,4,1359,1162,5347,0.006104,1,2024-10-01 00:25:27,Medium,True,Fair
233,286,1,4,114,100,1651,0.000959,4,2024-10-23 09:21:32,Simple,True,Excellent
234,174,3,8,762,1022,2685,0.007225,2,2024-12-07 00:03:01,Medium,True,Fair
235,199,3,3,327,397,3082,0.002718,4,2024-11-05 16:22:17,Simple,False,Good
236,206,2,1,382,614,4665,0.005251,5,2024-10-21 18:10:54,Medium,True,Excellent
237,64,1,8,1667,1444,1514,0.014375,3,2024-12-08 01:58:12,Medium,False,Good
238,247,3,5,831,1146,2162,0.007849,4,2024-11-13 16:13:58,Medium,False,Good
239,157,2,7,1244,1380,2369,0.010773,4,2024-12-03 07:41:06,Medium,True,Excellent
240,296,3,4,351,340,1230,0.002265,3,2024-10-31 09:09:11,Simple,True,Good
241,234,4,3,244,214,810,0.001008,4,2024-10-16 06:45:52,Simple,True,Good
242,297,1,6,672,575,3167,0.005738,5,2024-12-07 06:08:35,Medium,True,Excellent
243,202,3,9,437,459,1872,0.002994,4,2024-10-14 15:19:05,Simple,True,Good
244,96,2,4,3708,4000,1013,0.030993,2,2024-10-12 19:42:21,Complex,True,Fair
245,279,5,1,1175,1009,1545,0.00296,3,2024-11-24 06:46:42,Medium,True,Good
246,39,2,8,502,614,1567,0.004736,4,2024-12-29 09:26:39,Medium,True,Excellent
247,125,1,3,692,775,1065,0.00735,3,2024-12-01 00:33:37,Medium,True,Good
248,124,4,9,442,637,1830,0.003131,2,2024-12-16 02:30:20,Medium,False,Fair
249,207,3,3,479,621,897,0.004345,5,2024-10-19 02:54:04,Medium,True,Good
250,12,5,2,1029,905,2084,0.002625,3,2024-11-20 06:16:34,Medium,True,Good
251,25,2,5,2962,2632,557,0.019909,5,2024-10-25 23:35:20,Complex,True,Excellent
252,191,4,5,3259,2887,3413,0.013253,1,2024-10-22 01:30:19,Complex,True,Fair
253,254,1,7,510,437,5132,0.004803,5,2024-11-15 22:37:17,Simple,True,Excellent
254,235,2,3,956,1130,2597,0.008529,5,2024-12-10 12:13:58,Medium,True,Excellent
255,152,4,5,539,473,942,0.0023,5,2024-12-15 18:16:16,Simple,False,Good
256,251,3,5,162,226,1848,0.00173,3,2024-12-29 08:16:39,Simple,True,Good
257,13,5,9,1090,1487,4984,0.004844,2,2024-10-23 03:31:32,Medium,True,Fair
258,182,1,1,399,586,1285,0.00598,5,2024-12-26 20:19:36,Medium,True,Excellent
259,170,5,8,341,425,540,0.001376,5,2024-11-15 22:25:47,Simple,True,Good
260,50,1,3,390,381,2303,0.003607,2,2024-10-09 03:07:57,Simple,False,Fair
261,4,1,6,735,856,2349,0.008093,5,2024-10-15 23:28:11,Medium,True,Excellent
262,169,4,7,211,240,3685,0.001175,4,2024-12-21 12:38:52,Simple,True,Good
263,124,2,7,1535,1367,974,0.011282,3,2024-12-20 14:27:35,Medium,False,Good
264,103,2,8,313,438,955,0.003226,3,2024-10-25 23:17:51,Simple,True,Good
265,33,3,7,271,415,2476,0.002754,3,2024-10-11 01:17:56,Simple,False,Good
266,170,1,3,336,535,1064,0.00584,4,2024-12-08 23:35:29,Medium,True,Excellent
267,26,1,7,668,724,928,0.007055,4,2024-12-10 23:15:50,Medium,True,Excellent
268,300,2,6,981,1082,1938,0.008122,4,2024-10-24 10:19:07,Medium,True,Excellent
269,18,1,1,274,443,1302,0.00457,5,2024-10-01 03:47:42,Simple,True,Excellent
270,4,3,1,1284,1074,1574,0.007142,2,2024-12-13 08:04:53,Medium,True,Fair
271,194,3,7,234,266,1273,0.001885,4,2024-11-10 22:36:32,Simple,True,Good
272,1,1,3,423,354,1601,0.003534,3,2024-12-24 20:18:58,Simple,True,Good
273,59,4,2,783,935,2628,0.004492,4,2024-10-31 07:16:42,Medium,True,Good
274,162,1,8,486,489,1287,0.005256,4,2024-12-15 13:03:12,Simple,True,Excellent
275,17,2,9,2619,2677,826,0.021209,2,2024-12-19 10:03:36,Complex,True,Fair
276,40,4,2,586,503,1293,0.002301,4,2024-11-09 13:07:02,Medium,False,Good
277,195,2,6,739,754,1673,0.005766,4,2024-12-29 03:28:10,Medium,True,Excellent
278,156,2,3,252,215,2619,0.001852,3,2024-11-14 06:20:23,Simple,True,Good
279,205,1,3,210,278,993,0.002737,4,2024-12-24 18:30:57,Simple,True,Excellent
280,29,3,2,449,404,1394,0.002645,4,2024-10-23 19:05:35,Simple,True,Good
281,114,4,7,600,554,4921,0.002629,3,2024-10-01 06:16:58,Medium,True,Good
282,235,3,4,244,404,1406,0.002657,2,2024-11-06 05:11:27,Simple,True,Fair
283,134,5,1,251,258,2637,0.000767,5,2024-10-03 10:48:16,Simple,True,Good
284,161,4,8,669,1004,2886,0.005435,3,2024-10-21 03:16:53,Medium,True,Good
285,242,2,7,268,371,6964,0.00295,4,2024-11-27 19:53:01,Simple,True,Excellent
286,33,1,6,313,451,666,0.004771,3,2024-12-30 20:16:57,Simple,True,Good
287,177,3,1,1414,2063,2596,0.013122,4,2024-12-07 19:51:50,Complex,True,Good
288,78,2,4,1371,1372,1644,0.011593,3,2024-12-29 23:25:05,Medium,True,Good
289,75,4,9,177,280,2666,0.001272,5,2024-12-04 04:30:24,Simple,True,Good
290,233,1,6,538,593,2586,0.006129,4,2024-11-11 09:42:30,Medium,True,Excellent
291,112,2,6,222,190,1919,0.001402,4,2024-11-07 20:12:32,Simple,True,Excellent
292,21,1,9,204,332,1001,0.003497,4,2024-10-16 16:09:01,Simple,True,Excellent
293,143,2,4,571,522,1358,0.004204,4,2024-11-19 09:42:13,Medium,True,Excellent
294,25,3,1,159,171,7248,0.001133,4,2024-12-28 23:44:28,Simple,True,Good
295,38,3,8,568,517,2899,0.003554,2,2024-12-12 19:24:28,Medium,True,Fair
296,171,2,5,486,625,5633,0.005313,3,2024-10-07 02:19:30,Medium,True,Good
297,234,2,2,338,282,2548,0.002066,3,2024-11-02 09:14:38,Simple,False,Good
298,86,3,9,1775,2006,1115,0.014966,3,2024-12-25 05:37:06,Complex,True,Good
299,53,1,6,221,249,1019,0.002573,4,2024-10-07 22:59:50,Simple,True,Excellent
300,7,1,9,1598,1416,1850,0.012767,4,2024-11-11 19:28:25,Medium,True,Excellent
301,192,3,6,301,400,771,0.002793,3,2024-10-16 15:08:25,Simple,False,Good
302,168,5,4,570,542,5011,0.00174,1,2024-10-25 21:19:41,Medium,False,Fair
303,235,3,1,332,383,3196,0.002894,4,2024-10-06 21:15:39,Simple,True,Good
304,192,2,9,537,505,6776,0.003761,4,2024-10-08 17:01:38,Medium,False,Excellent
305,270,4,1,299,308,1610,0.001404,4,2024-11-11 10:59:39,Simple,True,Good
306,232,3,9,594,566,916,0.0042,3,2024-12-03 16:45:09,Medium,True,Good
307,46,4,1,985,958,1234,0.004423,2,2024-12-10 11:32:40,Medium,True,Fair
308,21,2,9,347,298,1702,0.002326,2,2024-10-26 13:46:24,Simple,True,Fair
309,87,5,3,597,536,2189,0.001502,5,2024-10-26 17:02:19,Medium,False,Good
310,262,5,9,586,617,857,0.00179,4,2024-12-19 05:49:43,Medium,True,Good
311,188,4,5,589,577,1558,0.00315,4,2024-10-25 23:10:24,Medium,False,Good
312,296,2,6,553,524,1080,0.003836,5,2024-10-01 18:14:19,Medium,True,Excellent
313,44,2,9,299,395,2390,0.002963,4,2024-12-26 18:21:16,Simple,True,Excellent
314,165,4,5,402,488,2017,0.002668,4,2024-10-10 21:59:35,Simple,True,Good
315,168,5,8,193,280,5220,0.000909,5,2024-10-09 04:29:04,Simple,True,Good
316,279,3,4,1288,1248,1765,0.009279,3,2024-10-20 00:37:27,Medium,True,Good
317,199,5,4,786,1070,2946,0.003531,2,2024-11-10 01:50:17,Medium,True,Fair
318,92,3,9,558,500,1219,0.003804,2,2024-12-06 09:32:12,Medium,True,Fair
319,255,4,8,547,505,1421,0.002375,3,2024-10-15 13:46:42,Medium,True,Good
320,214,4,7,479,446,4488,0.002388,3,2024-10-16 00:30:22,Simple,False,Good
321,232,2,1,506,779,1394,0.005726,4,2024-11-15 21:22:23,Medium,True,Excellent
322,61,1,2,497,503,3337,0.004569,4,2024-10-21 02:09:56,Medium,True,Excellent
323,77,1,9,101,138,5323,0.001506,3,2024-11-06 23:40:15,Simple,True,Good
324,112,4,9,1768,1868,3628,0.008453,2,2024-12-18 07:07:11,Medium,True,Fair
325,240,2,4,194,303,5460,0.002464,3,2024-11-05 06:05:35,Simple,True,Good
326,19,4,6,1119,1404,2906,0.007262,4,2024-12-07 05:06:12,Medium,True,Good
327,273,5,9,240,204,684,0.000661,4,2024-11-21 00:49:46,Simple,False,Good
328,205,4,1,279,365,1754,0.001807,3,2024-10-02 20:10:51,Simple,True,Good
329,170,2,7,782,1116,3285,0.00946,5,2024-10-08 09:21:26,Medium,True,Excellent
330,105,5,9,364,392,1896,0.001208,4,2024-12-01 19:43:53,Simple,True,Good
331,155,3,2,2410,3351,2477,0.024287,5,2024-11-22 20:08:30,Complex,False,Good
332,9,5,2,182,210,1194,0.000635,3,2024-12-24 11:38:03,Simple,True,Good
333,112,1,4,1641,1586,813,0.016689,3,2024-10-15 00:53:35,Medium,True,Good
334,296,1,8,1802,1550,971,0.014443,3,2024-10-23 07:39:52,Medium,True,Good
335,256,2,1,360,583,1570,0.004719,3,2024-10-23 23:23:53,Medium,False,Good
336,238,2,8,582,564,5072,0.004549,3,2024-10-20 17:33:43,Medium,False,Good
337,183,1,9,301,253,3310,0.002738,3,2024-11-04 22:41:30,Simple,False,Good
338,177,3,5,584,596,771,0.004169,5,2024-11-18 09:45:10,Medium,False,Good
339,253,2,2,296,355,3224,0.002867,3,2024-10-30 01:31:16,Simple,True,Good
340,220,3,1,195,239,2707,0.001782,4,2024-11-26 20:42:51,Simple,False,Good
341,195,5,9,380,339,640,0.000991,4,2024-12-10 18:58:35,Simple,True,Good
342,105,4,1,680,735,2142,0.003579,2,2024-10-07 22:27:08,Medium,True,Fair
343,284,2,1,669,760,2670,0.006492,4,2024-10-18 03:03:41,Medium,False,Excellent
344,235,5,1,749,1026,2168,0.003106,2,2024-11-20 12:09:42,Medium,True,Fair
345,205,4,9,591,686,4565,0.003234,5,2024-12-27 21:28:42,Medium,False,Good
346,151,1,4,303,332,6334,0.003237,5,2024-12-12 07:18:41,Simple,True,Excellent
347,169,5,9,186,187,880,0.000533,2,2024-12-17 11:22:32,Simple,True,Fair
348,241,3,3,1547,2139,1174,0.014288,5,2024-10-12 01:33:58,Complex,True,Good
349,41,5,6,221,275,1920,0.000862,3,2024-10-29 21:42:14,Simple,False,Good
350,91,3,9,1729,1605,4421,0.010619,2,2024-10-10 21:00:15,Medium,True,Fair
351,273,3,2,731,790,2343,0.005224,4,2024-10-21 19:11:03,Medium,True,Good
352,58,5,7,217,225,500,0.000659,5,2024-10-16 08:08:03,Simple,True,Good
353,161,3,5,364,482,1405,0.003565,5,2024-11-17 16:12:10,Simple,False,Good
354,231,5,2,382,379,2251,0.001165,5,2024-10-31 05:05:26,Simple,True,Good
355,25,4,7,234,302,2708,0.001534,5,2024-10-02 13:58:12,Simple,True,Good
356,147,2,5,379,562,1813,0.004381,3,2024-12-17 09:57:17,Medium,True,Good
357,123,3,5,983,1150,948,0.007304,5,2024-10-11 10:48:30,Medium,True,Good
358,78,1,4,1290,1093,1212,0.011174,4,2024-11-21 04:02:04,Medium,False,Excellent
359,118,3,9,756,724,1140,0.005176,5,2024-12-17 07:52:05,Medium,True,Good
360,232,4,8,272,334,981,0.001622,3,2024-10-31 23:59:19,Simple,True,Good
361,135,3,9,193,216,568,0.001534,5,2024-11-18 05:59:20,Simple,True,Good
362,64,2,8,527,697,2451,0.005914,2,2024-11-06 22:51:26,Medium,True,Fair
363,287,4,7,641,540,1907,0.002868,4,2024-10-01 15:58:32,Medium,True,Good
364,112,4,6,197,241,6213,0.001293,4,2024-11-18 09:39:54,Simple,True,Good
365,284,3,4,1533,1933,1469,0.01473,2,2024-11-13 16:33:35,Medium,True,Fair
366,246,5,2,1435,1886,1468,0.00589,4,2024-12-24 11:47:40,Medium,False,Good
367,244,3,7,658,555,1167,0.003766,4,2024-11-14 08:41:25,Medium,False,Good
368,153,3,2,319,388,2266,0.002946,2,2024-10-19 13:54:49,Simple,True,Fair
369,284,3,9,916,983,1142,0.007352,3,2024-10-15 12:36:05,Medium,True,Good
370,114,4,4,590,544,1968,0.00284,5,2024-12-26 14:22:51,Medium,True,Good
371,223,3,3,244,402,500,0.002741,3,2024-10-27 12:52:53,Simple,False,Good
372,1,5,2,364,338,1607,0.001007,5,2024-11-17 09:05:58,Simple,True,Good
373,147,2,8,674,591,2851,0.004302,5,2024-12-27 11:42:04,Medium,True,Excellent
374,218,2,7,436,707,2366,0.005997,1,2024-10-21 03:32:22,Medium,True,Fair
375,155,3,4,388,488,925,0.003313,4,2024-10-01 06:36:50,Simple,True,Good
376,218,1,5,2519,2416,2226,0.021978,3,2024-12-02 14:16:10,Complex,True,Good
377,10,1,4,887,802,5447,0.008619,4,2024-12-23 21:41:31,Medium,True,Excellent
378,28,2,6,341,492,2182,0.004072,4,2024-10-01 12:36:12,Simple,False,Excellent
379,125,4,3,411,622,2219,0.00327,5,2024-10-07 01:36:20,Medium,False,Good
380,132,4,3,210,290,1799,0.001411,5,2024-10-04 09:21:19,Simple,True,Good
381,296,5,2,227,344,2523,0.000982,4,2024-11-13 11:06:20,Simple,False,Good
382,4,1,7,643,796,937,0.007497,5,2024-12-03 13:54:32,Medium,True,Excellent
383,200,1,8,1563,2086,4436,0.019061,4,2024-10-24 11:59:49,Complex,True,Excellent
384,49,1,3,365,370,1949,0.003897,4,2024-11-05 09:44:25,Simple,True,Excellent
385,267,3,4,2120,1824,2174,0.011501,4,2024-11-04 13:05:53,Medium,True,Good
386,47,4,4,848,798,1381,0.004011,3,2024-10-07 18:13:10,Medium,True,Good
387,164,2,7,400,532,3203,0.003922,5,2024-12-15 23:54:09,Medium,True,Excellent
388,175,4,8,1471,1564,1654,0.008458,2,2024-10-01 03:57:54,Medium,True,Fair
389,57,5,8,486,576,1759,0.001857,4,2024-12-25 21:46:30,Medium,True,Good
390,99,2,3,798,717,2957,0.006081,3,2024-12-29 23:31:10,Medium,True,Good
391,271,3,5,298,282,500,0.001786,4,2024-11-04 08:34:25,Simple,False,Good
392,25,5,8,683,612,2350,0.001809,2,2024-12-08 06:45:22,Medium,True,Fair
393,275,1,1,374,621,2192,0.005912,2,2024-10-17 13:47:10,Medium,True,Fair
394,9,3,9,227,274,1581,0.001744,1,2024-11-26 23:17:09,Simple,True,Fair
395,174,5,1,262,256,1614,0.000725,4,2024-11-04 05:17:02,Simple,True,Good
396,10,4,9,175,187,3142,0.000963,4,2024-11-18 18:05:56,Simple,True,Good
397,135,2,9,1283,1172,1120,0.009349,4,2024-10-26 22:35:13,Medium,True,Excellent
398,257,2,2,131,202,1721,0.00156,3,2024-10-28 18:17:57,Simple,True,Good
399,160,2,1,833,1254,2326,0.010153,4,2024-10-05 20:39:29,Medium,True,Excellent
400,159,4,2,716,632,778,0.003439,4,2024-11-07 01:39:35,Medium,True,Good
401,192,3,7,765,1213,2479,0.008814,4,2024-12-21 03:30:16,Medium,True,Good
402,212,4,7,1645,1439,500,0.006887,5,2024-10-09 01:16:26,Medium,False,Good
403,241,2,8,439,451,804,0.003529,4,2024-10-10 05:45:09,Simple,True,Excellent
404,75,5,1,262,434,1003,0.001197,4,2024-11-29 16:09:09,Simple,True,Good
405,265,3,1,995,1232,1974,0.008233,5,2024-11-24 01:50:04,Medium,True,Good
406,284,1,2,228,377,1488,0.00387,3,2024-12-28 02:21:34,Simple,True,Good
407,50,2,2,1242,1157,1980,0.00893,2,2024-10-08 16:04:28,Medium,False,Fair
408,235,2,5,265,268,2373,0.001941,3,2024-10-18 14:52:07,Simple,False,Good
409,224,1,8,597,704,2497,0.007448,5,2024-10-31 06:22:58,Medium,True,Excellent
410,206,2,2,285,242,1324,0.001778,4,2024-10-14 02:15:21,Simple,True,Excellent
411,50,3,3,176,257,1623,0.001663,2,2024-12-25 15:57:07,Simple,True,Fair
412,21,5,8,1126,1074,1203,0.003165,4,2024-10-14 13:52:32,Medium,True,Good
413,271,1,6,1481,1952,4551,0.017892,2,2024-12-08 14:52:20,Medium,False,Fair
414,286,2,8,393,361,2209,0.00308,4,2024-10-21 16:27:20,Simple,True,Excellent
415,2,3,9,340,493,1374,0.003719,3,2024-11-05 20:41:30,Simple,True,Good
416,4,5,2,1870,2120,1164,0.006221,5,2024-12-11 17:18:24,Complex,True,Good
417,88,4,4,953,867,1917,0.003994,5,2024-12-29 00:22:55,Medium,True,Good
418,222,1,7,702,682,3678,0.006949,4,2024-11-28 01:48:09,Medium,True,Excellent
419,208,3,6,879,879,1180,0.006485,5,2024-12-02 21:04:23,Medium,False,Good
420,210,5,5,1723,1829,2838,0.005481,1,2024-10-08 12:20:39,Medium,True,Fair
421,34,3,1,721,840,4268,0.006076,5,2024-11-11 20:45:25,Medium,True,Good
422,181,4,5,826,788,1478,0.003786,4,2024-10-15 09:39:15,Medium,False,Good
423,120,4,7,367,344,1504,0.00187,3,2024-10-06 17:18:37,Simple,False,Good
424,98,4,6,290,272,2626,0.001478,2,2024-12-01 14:10:17,Simple,True,Fair
425,248,2,6,717,704,1223,0.005658,5,2024-10-07 20:18:16,Medium,True,Excellent
426,28,3,5,1337,1212,6054,0.008854,4,2024-10-22 13:34:07,Medium,False,Good
427,131,2,9,494,580,1781,0.004518,1,2024-10-30 22:30:07,Medium,False,Fair
428,201,1,2,513,475,1979,0.004362,3,2024-11-06 10:13:52,Simple,True,Good
429,158,5,7,177,264,1844,0.000785,1,2024-10-07 00:20:44,Simple,False,Fair
430,258,1,4,753,807,1730,0.008327,1,2024-12-16 06:53:09,Medium,True,Fair
431,171,4,5,525,498,2298,0.002618,4,2024-10-23 14:52:23,Simple,False,Good
432,190,1,7,251,269,2365,0.002735,3,2024-12-05 20:32:52,Simple,False,Good
433,229,2,6,161,220,1397,0.001936,4,2024-10-22 17:55:13,Simple,True,Excellent
434,246,1,7,726,1051,1397,0.010139,4,2024-12-07 08:46:38,Medium,True,Excellent
435,221,5,8,709,754,1501,0.002187,3,2024-11-17 10:07:17,Medium,True,Good
436,114,2,7,909,766,1345,0.005804,4,2024-10-06 21:47:51,Medium,True,Excellent
437,257,2,3,505,556,1508,0.004272,4,2024-12-10 18:15:51,Medium,True,Excellent
438,184,1,9,415,480,959,0.004452,4,2024-12-09 15:01:39,Simple,True,Excellent
439,134,2,7,1785,1835,2679,0.013749,5,2024-10-07 06:59:34,Medium,True,Excellent
440,290,2,9,259,274,3362,0.002256,4,2024-11-24 01:43:12,Simple,True,Excellent
441,31,3,6,646,607,2272,0.004634,3,2024-12-09 08:58:22,Medium,False,Good
442,190,5,2,399,584,1554,0.001628,3,2024-10-04 09:10:09,Medium,True,Good
443,44,5,4,985,907,1260,0.002756,2,2024-11-12 00:13:47,Medium,False,Fair
444,9,4,1,659,662,2156,0.003368,3,2024-10-24 05:49:59,Medium,False,Good
445,189,5,3,851,768,818,0.002518,1,2024-11-02 05:38:33,Medium,True,Fair
446,294,3,7,1090,1370,1057,0.009404,4,2024-12-07 05:57:49,Medium,True,Good
447,173,4,3,677,623,1679,0.003142,3,2024-11-15 11:29:08,Medium,True,Good
448,137,3,3,1143,1220,2226,0.008124,4,2024-10-11 01:40:15,Medium,False,Good
449,261,3,3,383,451,1712,0.003366,4,2024-12-18 22:17:46,Simple,True,Good
450,250,4,3,620,887,5937,0.004215,5,2024-10-20 14:48:44,Medium,True,Good
451,222,4,9,1184,1077,2610,0.005721,3,2024-11-18 08:30:59,Medium,True,Good
452,6,4,6,662,615,3038,0.003129,4,2024-11-18 04:15:37,Medium,True,Good
453,283,4,6,251,341,3231,0.001626,5,2024-10-30 05:48:03,Simple,True,Good
454,289,3,1,481,610,757,0.004402,3,2024-10-09 10:51:42,Medium,False,Good
455,139,4,6,1269,1846,684,0.009035,4,2024-10-23 05:04:57,Medium,True,Good
456,258,3,6,1799,1527,2080,0.010065,5,2024-10-26 23:02:06,Medium,True,Good
457,144,3,2,332,407,888,0.002878,4,2024-12-04 07:19:39,Simple,True,Good
458,224,2,9,524,456,1203,0.003595,4,2024-11-21 01:58:32,Simple,True,Excellent
459,57,2,2,465,647,2995,0.005447,3,2024-10-28 19:13:47,Medium,False,Good
460,173,3,1,1363,1972,1734,0.015068,3,2024-11-01 04:07:29,Medium,True,Good
461,126,2,6,263,260,2509,0.002074,4,2024-11-15 13:28:35,Simple,True,Excellent
462,208,2,6,332,446,3439,0.003282,3,2024-11-21 22:02:48,Simple,False,Good
463,93,4,9,109,142,942,0.000685,3,2024-10-27 22:48:00,Simple,False,Good
464,73,2,8,877,996,1046,0.008122,4,2024-12-22 09:11:56,Medium,True,Excellent
465,88,4,9,502,471,3283,0.002361,5,2024-11-14 17:48:02,Simple,True,Good
466,95,2,9,1080,1153,1040,0.009272,4,2024-12-20 16:55:32,Medium,True,Excellent
467,17,2,2,761,1080,1000,0.009051,4,2024-10-12 12:50:31,Medium,True,Excellent
468,281,1,4,348,393,865,0.004054,4,2024-10-08 22:31:12,Simple,True,Excellent
469,236,4,7,190,169,689,0.000879,2,2024-11-28 17:44:33,Simple,True,Fair
470,78,3,4,896,930,758,0.006195,5,2024-10-22 17:58:50,Medium,True,Good
471,12,3,7,272,411,788,0.002882,4,2024-12-25 19:03:44,Simple,True,Good
472,153,5,7,219,257,2953,0.000715,4,2024-11-14 04:27:40,Simple,False,Good
473,195,2,1,892,978,8383,0.007259,4,2024-12-01 01:05:03,Medium,True,Excellent
474,213,1,9,259,419,922,0.004579,1,2024-11-23 15:50:13,Simple,True,Fair
475,171,5,9,490,629,500,0.00201,2,2024-10-01 21:53:01,Medium,True,Fair
476,135,1,7,334,444,706,0.004345,5,2024-10-29 17:36:59,Simple,True,Excellent
477,91,1,4,805,1323,4489,0.0138,5,2024-10-08 22:41:16,Medium,True,Excellent
478,199,2,1,480,480,1541,0.003849,4,2024-10-08 17:28:39,Simple,True,Excellent
479,1,4,3,479,408,2059,0.001939,4,2024-12-10 10:42:14,Simple,True,Good
480,131,3,1,414,653,1055,0.004568,4,2024-10-11 09:56:19,Medium,False,Good
481,115,3,3,580,610,2382,0.00386,4,2024-11-04 02:21:28,Medium,True,Good
482,36,1,3,973,1301,3245,0.012565,3,2024-11-20 16:15:18,Medium,True,Good
483,251,4,5,1264,2030,2126,0.010446,3,2024-12-03 08:30:21,Complex,True,Good
484,97,2,1,136,142,2112,0.001084,5,2024-12-19 16:26:03,Simple,True,Excellent
485,137,4,5,422,368,1743,0.001857,3,2024-10-24 13:31:17,Simple,True,Good
486,257,4,8,1826,1844,2008,0.008623,4,2024-11-21 02:44:37,Medium,False,Good
487,55,5,1,1222,1424,1307,0.004146,2,2024-12-06 02:58:08,Medium,False,Fair
488,264,3,5,547,532,2894,0.003973,3,2024-11-26 07:59:20,Medium,True,Good
489,143,5,9,361,475,663,0.001422,5,2024-10-08 05:13:03,Simple,True,Good
490,149,4,1,294,483,1716,0.00226,5,2024-10-14 10:32:10,Simple,False,Good
491,92,2,5,339,442,1475,0.003363,4,2024-11-21 11:58:47,Simple,True,Excellent
492,46,3,5,396,493,1281,0.003451,3,2024-12-13 18:16:05,Simple,True,Good
493,4,1,2,242,285,2986,0.002614,4,2024-10-14 17:52:58,Simple,True,Excellent
494,171,3,5,382,380,922,0.002908,2,2024-10-02 02:24:36,Simple,True,Fair
495,47,5,1,572,526,1362,0.001567,5,2024-10-06 19:44:58,Medium,True,Good
496,144,1,7,425,697,500,0.007433,3,2024-12-16 04:20:33,Medium,True,Good
497,205,4,5,1030,1525,2894,0.007841,4,2024-10-05 17:21:20,Medium,False,Good
498,273,2,9,451,660,2488,0.005299,5,2024-12-14 13:28:36,Medium,True,Excellent
499,158,4,6,484,775,3422,0.003965,2,2024-10-12 23:10:28,Medium,True,Fair
500,148,2,5,1378,1379,4109,0.011597,5,2024-12-22 15:10:32,Medium,True,Excellent
501,295,1,1,676,805,1324,0.007333,4,2024-11-27 00:18:55,Medium,True,Excellent
502,30,2,6,919,1283,514,0.010818,4,2024-12-08 07:23:16,Medium,True,Excellent
503,286,3,7,107,92,801,0.000681,3,2024-11-01 00:19:04,Simple,True,Good
504,65,2,8,324,538,1087,0.004443,3,2024-12-23 17:17:45,Medium,True,Good
505,149,4,3,269,368,2015,0.001908,4,2024-10-13 10:04:45,Simple,True,Good
506,52,1,4,414,393,2044,0.004176,3,2024-11-19 00:40:06,Simple,True,Good
507,223,5,1,229,286,805,0.000799,4,2024-11-02 11:36:39,Simple,True,Good
508,60,2,7,878,1198,2143,0.009433,3,2024-10-24 08:41:35,Medium,True,Good
509,26,2,4,253,385,4041,0.003381,4,2024-10-31 02:33:55,Simple,True,Excellent
510,257,4,9,352,303,1921,0.001396,4,2024-12-12 17:19:11,Simple,True,Good
511,134,2,4,172,259,1978,0.002095,3,2024-12-14 14:38:07,Simple,True,Good
512,32,5,6,714,1122,1000,0.003478,4,2024-12-01 02:12:26,Medium,True,Good
513,239,4,1,930,1031,3281,0.005396,4,2024-12-25 00:11:20,Medium,False,Good
514,130,3,5,149,173,1219,0.001228,1,2024-12-19 06:08:40,Simple,True,Fair
515,115,3,6,988,1553,2502,0.010011,4,2024-11-05 22:26:39,Medium,True,Good
516,39,1,7,974,1352,1008,0.013273,3,2024-12-03 14:51:30,Medium,True,Good
517,51,4,7,403,594,955,0.002701,1,2024-12-05 19:52:16,Medium,True,Fair
518,232,2,3,1467,1372,1979,0.011282,3,2024-12-15 12:55:29,Medium,True,Good
519,93,2,5,1446,1341,3364,0.010703,5,2024-10-09 04:30:24,Medium,True,Excellent
520,37,2,4,983,862,2864,0.007428,2,2024-10-16 02:13:45,Medium,True,Fair
521,201,5,7,2010,2341,1783,0.007126,4,2024-10-06 07:22:06,Complex,False,Good
522,126,3,5,541,619,854,0.004079,3,2024-12-02 09:59:10,Medium,False,Good
523,148,3,2,696,1108,1082,0.008278,4,2024-11-21 17:30:15,Medium,True,Good
524,269,2,2,360,374,748,0.002776,4,2024-12-04 02:53:11,Simple,True,Excellent
525,279,2,3,537,694,3248,0.005506,4,2024-10-04 15:21:17,Medium,True,Excellent
526,295,2,9,882,1055,2890,0.009098,2,2024-12-27 21:55:40,Medium,True,Fair
527,203,2,5,512,786,1681,0.005663,3,2024-12-10 01:00:02,Medium,True,Good
528,284,3,9,1466,1468,2084,0.009653,3,2024-10-14 19:42:32,Medium,True,Good
529,74,1,2,258,389,581,0.003698,4,2024-12-28 18:07:02,Simple,True,Excellent
530,76,1,9,660,588,3607,0.006165,4,2024-12-01 21:21:53,Medium,True,Excellent
531,211,5,9,361,483,1659,0.001368,4,2024-11-21 23:23:10,Simple,True,Good
532,160,5,8,1448,1527,1926,0.004186,3,2024-11-30 22:29:58,Medium,True,Good
533,208,3,2,953,841,1158,0.006292,2,2024-11-20 16:51:05,Medium,False,Fair
534,63,4,7,721,704,2231,0.003286,5,2024-10-12 19:55:07,Medium,True,Good
535,86,3,3,1733,1779,2053,0.011721,5,2024-11-27 15:08:09,Medium,True,Good
536,229,1,7,336,536,3987,0.005833,4,2024-12-25 06:52:26,Medium,True,Excellent
537,236,4,8,388,543,2323,0.002717,5,2024-10-19 05:48:20,Medium,True,Good
538,171,4,8,453,681,778,0.0032,4,2024-11-14 12:47:01,Medium,False,Good
539,157,5,2,192,244,2519,0.000748,4,2024-10-17 15:19:35,Simple,True,Good
540,203,3,9,455,468,1056,0.003232,4,2024-10-25 04:16:42,Simple,False,Good
541,11,3,3,1967,2134,2151,0.014243,3,2024-11-30 07:27:41,Complex,True,Good
542,235,2,3,1877,2505,3511,0.021958,4,2024-11-02 16:07:28,Complex,True,Excellent
543,104,5,4,520,819,1894,0.002665,4,2024-10-26 02:28:40,Medium,True,Good
544,20,4,5,381,630,2859,0.003206,5,2024-10-10 09:40:06,Medium,True,Good
545,199,1,1,214,301,4414,0.002751,4,2024-10-04 14:37:25,Simple,True,Excellent
546,272,2,5,243,308,1209,0.002423,5,2024-10-25 02:58:45,Simple,True,Excellent
547,300,4,7,635,566,700,0.002902,5,2024-11-22 09:07:52,Medium,False,Good
548,89,3,7,627,846,1529,0.006197,4,2024-10-12 17:40:33,Medium,True,Good
549,148,4,1,465,546,2226,0.002669,2,2024-11-05 05:13:15,Medium,True,Fair
550,177,1,5,131,149,3603,0.001395,4,2024-11-24 03:31:39,Simple,True,Excellent
551,178,1,1,1222,1378,1755,0.013627,3,2024-10-03 22:29:53,Medium,True,Good
552,96,1,9,1471,1474,2710,0.014078,5,2024-11-28 21:01:10,Medium,True,Excellent
553,149,2,3,579,756,4562,0.00643,5,2024-10-19 23:32:20,Medium,True,Excellent
554,288,4,5,218,211,847,0.001096,4,2024-11-22 12:28:23,Simple,True,Good
555,253,3,3,228,378,3616,0.00261,5,2024-12-16 06:34:16,Simple,True,Good
556,125,1,2,3944,4000,1962,0.037953,4,2024-11-10 05:32:53,Complex,False,Excellent
557,222,5,2,584,550,1818,0.001525,4,2024-10-07 07:24:59,Medium,True,Good
558,94,3,5,824,1135,1196,0.007469,4,2024-11-26 16:43:06,Medium,True,Good
559,227,1,9,543,685,1455,0.00736,4,2024-10-31 17:14:24,Medium,True,Excellent
560,97,4,7,69,71,1314,0.000326,4,2024-10-05 21:30:43,Simple,True,Good
561,241,3,8,173,147,1560,0.000947,4,2024-10-28 11:30:24,Simple,True,Good
562,186,5,9,151,203,1182,0.000605,5,2024-10-23 04:55:04,Simple,True,Good
563,218,2,7,218,362,1184,0.002759,4,2024-12-16 18:36:44,Simple,True,Excellent
564,141,4,6,1215,1049,1265,0.005387,4,2024-12-19 12:44:32,Medium,True,Good
565,156,1,8,2738,2916,1845,0.027481,5,2024-11-22 03:24:05,Complex,True,Excellent
566,213,5,7,290,385,1709,0.001192,1,2024-12-26 13:51:35,Simple,True,Fair
567,65,2,2,1037,1627,2785,0.013224,4,2024-10-15 16:16:05,Medium,True,Excellent
568,195,1,9,543,776,2678,0.008026,4,2024-10-19 19:35:28,Medium,True,Excellent
569,3,2,7,513,514,1765,0.004053,4,2024-10-14 12:41:12,Medium,True,Excellent
570,97,5,6,349,293,2977,0.000832,3,2024-11-12 02:35:33,Simple,False,Good
571,9,3,6,651,719,706,0.004851,4,2024-10-18 23:19:16,Medium,False,Good
572,239,2,4,988,931,3549,0.007548,2,2024-11-22 23:57:49,Medium,False,Fair
573,232,1,3,677,651,1950,0.006947,3,2024-12-14 10:21:21,Medium,True,Good
574,53,1,8,656,645,2187,0.006581,5,2024-12-10 15:39:59,Medium,True,Excellent
575,39,1,9,562,643,3228,0.006531,4,2024-11-07 14:32:52,Medium,True,Excellent
576,155,4,4,700,694,1540,0.003758,4,2024-10-01 00:14:08,Medium,True,Good
577,192,2,3,1111,1228,712,0.010431,4,2024-11-18 09:44:01,Medium,False,Excellent
578,201,1,3,629,654,1406,0.005921,4,2024-12-12 10:19:05,Medium,True,Excellent
579,45,5,5,760,750,4839,0.002389,5,2024-12-15 20:25:50,Medium,True,Good
580,116,4,8,361,526,4888,0.002818,1,2024-12-29 13:46:16,Medium,True,Fair
581,53,2,3,1682,1662,1791,0.013427,1,2024-10-21 03:49:13,Medium,True,Fair
582,153,2,9,477,452,1334,0.003921,4,2024-12-26 01:53:30,Simple,True,Excellent
583,260,5,6,412,573,953,0.001875,5,2024-10-07 01:18:37,Medium,True,Good
584,112,4,9,901,963,1020,0.0044,5,2024-12-24 06:17:17,Medium,True,Good
585,3,2,4,541,496,1132,0.004204,4,2024-11-07 07:38:47,Simple,True,Excellent
586,201,1,8,215,222,909,0.002368,4,2024-12-06 03:41:50,Simple,True,Excellent
587,59,3,3,499,507,1805,0.003569,5,2024-11-02 13:53:20,Medium,True,Good
588,248,4,7,332,395,1813,0.001901,4,2024-10-28 06:02:49,Simple,True,Good
589,195,1,3,136,178,1968,0.001787,3,2024-10-13 14:45:37,Simple,True,Good
590,139,2,6,405,411,8279,0.003489,5,2024-12-08 02:05:17,Simple,True,Excellent
591,155,2,1,542,520,1855,0.004203,5,2024-10-02 04:13:38,Medium,True,Excellent
592,285,1,1,300,382,2501,0.003849,2,2024-12-08 11:30:46,Simple,False,Fair
593,82,3,9,218,205,4576,0.001431,4,2024-12-25 01:37:41,Simple,True,Good
594,63,2,2,1444,1387,877,0.010865,4,2024-10-28 11:24:51,Medium,True,Excellent
595,275,2,2,592,691,3618,0.005953,5,2024-12-10 04:54:36,Medium,True,Excellent
596,265,5,3,410,421,3277,0.001263,2,2024-10-12 12:16:46,Simple,True,Fair
597,230,3,6,164,160,826,0.00122,3,2024-12-26 04:32:10,Simple,False,Good
598,175,1,9,1258,1365,1824,0.012998,5,2024-10-03 08:15:40,Medium,False,Excellent
599,222,5,5,487,579,1641,0.001681,4,2024-11-05 03:31:21,Medium,True,Good
600,15,3,7,298,324,1063,0.002474,4,2024-12-28 18:43:45,Simple,True,Good
601,125,2,9,2585,2256,1176,0.016759,4,2024-12-08 22:34:42,Complex,True,Excellent
602,152,3,9,543,603,3068,0.003959,3,2024-11-22 17:44:48,Medium,False,Good
603,150,2,8,1306,1998,3471,0.015818,3,2024-11-04 00:47:47,Medium,True,Good
604,150,1,3,323,354,1302,0.003835,3,2024-12-21 13:29:40,Simple,True,Good
605,62,2,9,2838,3247,3449,0.024929,3,2024-12-04 08:02:07,Complex,True,Good
606,60,5,1,1457,1450,1880,0.003934,5,2024-11-20 13:10:42,Medium,True,Good
607,173,2,9,208,286,2395,0.00236,3,2024-11-15 14:47:13,Simple,True,Good
608,36,1,2,304,277,1996,0.00296,4,2024-10-13 22:15:33,Simple,True,Excellent
609,112,2,3,1630,1548,11091,0.011187,4,2024-10-21 13:38:11,Medium,True,Excellent
610,299,5,5,1438,1566,3149,0.004981,4,2024-11-18 02:01:58,Medium,False,Good
611,103,2,1,1452,1451,4978,0.011024,4,2024-10-16 12:49:33,Medium,True,Excellent
612,5,2,5,1322,1440,1028,0.012174,2,2024-11-20 07:45:48,Medium,True,Fair
613,38,3,1,348,300,4098,0.002132,5,2024-12-06 18:59:11,Simple,True,Good
614,257,2,3,333,294,2941,0.002323,4,2024-11-06 12:30:45,Simple,True,Excellent
615,185,3,4,544,592,2084,0.004173,4,2024-10-13 16:02:37,Medium,True,Good
616,40,3,7,1094,1111,1121,0.008221,4,2024-11-02 03:52:10,Medium,True,Good
617,108,2,3,844,1006,3245,0.007545,4,2024-11-17 00:06:39,Medium,True,Excellent
618,216,3,6,225,241,1178,0.001538,5,2024-11-05 13:25:21,Simple,False,Good
619,298,2,5,829,713,655,0.005594,3,2024-10-14 19:48:46,Medium,True,Good
620,174,5,3,653,579,2368,0.001832,3,2024-12-26 16:56:58,Medium,True,Good
621,45,4,5,434,369,3921,0.001798,4,2024-12-30 19:05:38,Simple,True,Good
622,74,2,7,326,398,1861,0.003402,1,2024-12-15 20:52:04,Simple,True,Fair
623,68,3,5,231,271,1708,0.001996,5,2024-11-17 11:21:15,Simple,True,Good
624,256,3,8,335,509,1262,0.003602,4,2024-12-23 08:00:15,Medium,False,Good
625,198,3,5,2504,2325,653,0.016642,5,2024-10-28 20:53:28,Complex,False,Good
626,288,5,4,256,246,1723,0.000665,4,2024-11-14 00:52:50,Simple,True,Good
627,144,3,4,242,349,822,0.002656,3,2024-10-18 06:45:50,Simple,True,Good
628,72,1,4,1055,928,4472,0.008568,4,2024-11-12 05:01:06,Medium,True,Excellent
629,210,2,7,635,696,1998,0.005846,3,2024-11-04 08:30:30,Medium,True,Good
630,131,2,6,250,226,1453,0.001868,5,2024-11-28 04:44:52,Simple,True,Excellent
631,187,4,6,1609,1380,1786,0.007242,5,2024-11-21 15:51:11,Medium,True,Good
632,20,5,7,717,762,1840,0.002501,4,2024-11-29 21:28:11,Medium,True,Good
633,171,2,2,990,866,2741,0.00685,5,2024-11-18 13:30:00,Medium,True,Excellent
634,1,1,8,4513,4000,1962,0.039986,5,2024-12-28 14:20:40,Complex,True,Excellent
635,271,1,9,307,363,1658,0.003357,5,2024-11-08 12:44:21,Simple,True,Excellent
636,259,5,6,241,244,695,0.000783,5,2024-12-10 03:40:20,Simple,False,Good
637,116,4,5,1116,1203,2970,0.006079,4,2024-10-17 16:53:22,Medium,True,Good
638,254,2,4,536,517,4913,0.004362,3,2024-10-06 07:57:12,Medium,True,Good
639,222,3,9,832,930,1551,0.006124,5,2024-11-16 17:23:43,Medium,True,Good
640,219,5,8,319,302,3097,0.000892,4,2024-12-13 20:02:07,Simple,False,Good
641,180,2,3,461,643,2323,0.004692,1,2024-10-02 03:13:29,Medium,True,Fair
642,5,2,5,835,797,1424,0.005982,4,2024-12-25 07:35:51,Medium,True,Excellent
643,300,1,5,1153,1045,1472,0.01097,4,2024-10-18 15:12:42,Medium,True,Excellent
644,278,3,9,3892,3459,3672,0.025626,4,2024-12-19 11:41:18,Complex,True,Good
645,36,1,5,769,848,941,0.008127,2,2024-12-20 20:14:23,Medium,True,Fair
646,223,2,6,192,216,896,0.001692,3,2024-12-09 06:36:32,Simple,True,Good
647,13,3,2,821,921,1928,0.006356,3,2024-11-17 02:21:12,Medium,True,Good
648,166,5,3,1016,1374,3749,0.0045,5,2024-10-26 15:26:26,Medium,True,Good
649,124,1,8,670,670,1488,0.007161,2,2024-12-08 09:26:10,Medium,True,Fair
650,204,3,2,598,818,3259,0.005492,4,2024-12-25 21:17:30,Medium,False,Good
651,281,4,1,671,647,1145,0.003558,2,2024-10-04 15:37:06,Medium,True,Fair
652,177,3,3,423,568,1181,0.004015,5,2024-12-19 13:11:27,Medium,True,Good
653,154,5,3,609,733,2980,0.002339,3,2024-11-29 01:37:22,Medium,True,Good
654,16,3,1,757,633,501,0.004645,5,2024-10-25 06:19:01,Medium,True,Good
655,202,3,2,102,166,5842,0.001267,5,2024-10-04 22:18:19,Simple,True,Good
656,117,3,1,747,863,2051,0.0063,2,2024-11-04 19:08:30,Medium,True,Fair
657,134,3,5,262,254,3478,0.001666,5,2024-12-30 00:23:34,Simple,False,Good
658,216,5,4,1439,1543,1124,0.004764,5,2024-11-07 10:27:58,Medium,True,Good
659,60,3,7,143,227,951,0.001737,4,2024-11-10 14:08:02,Simple,True,Good
660,108,1,7,147,192,2167,0.001901,4,2024-12-17 20:30:20,Simple,True,Excellent
661,257,5,3,1506,1369,1081,0.0041,3,2024-10-04 06:36:11,Medium,True,Good
662,41,4,5,579,626,1018,0.002856,2,2024-11-08 13:13:32,Medium,True,Fair
663,17,1,9,1123,1174,4003,0.010692,4,2024-10-09 02:04:57,Medium,True,Excellent
664,132,3,7,914,1322,2369,0.008753,3,2024-10-17 08:23:30,Medium,True,Good
665,87,1,5,346,376,846,0.00408,4,2024-10-30 08:01:02,Simple,True,Excellent
666,176,3,9,969,1497,1458,0.009936,4,2024-10-22 20:17:49,Medium,True,Good
667,13,4,5,358,496,1970,0.002352,4,2024-10-27 13:17:04,Simple,True,Good
668,58,3,4,251,329,6780,0.002314,2,2024-10-10 07:57:43,Simple,True,Fair
669,97,3,9,543,545,1116,0.003598,4,2024-11-18 18:57:18,Medium,True,Good
670,139,5,9,823,1117,3358,0.003449,4,2024-10-07 10:13:51,Medium,True,Good
671,290,4,7,547,617,774,0.003136,1,2024-12-25 05:26:55,Medium,True,Fair
672,122,3,5,729,893,1999,0.006658,4,2024-11-17 18:25:51,Medium,True,Good
673,241,3,3,198,249,3024,0.001892,3,2024-10-27 17:44:01,Simple,True,Good
674,289,2,5,177,225,2088,0.001647,2,2024-12-29 09:41:20,Simple,True,Fair
675,188,1,7,64,62,871,0.000609,4,2024-11-18 09:50:23,Simple,True,Excellent
676,223,3,1,597,538,850,0.004131,2,2024-11-13 15:09:39,Medium,True,Fair
677,159,2,7,550,546,822,0.004314,5,2024-10-27 11:50:37,Medium,True,Excellent
678,39,1,6,1032,1060,876,0.010022,3,2024-11-30 19:44:05,Medium,False,Good
679,79,4,9,366,362,4519,0.001793,2,2024-12-24 01:24:29,Simple,False,Fair
680,200,5,1,1344,1190,1021,0.003221,5,2024-10-30 19:18:31,Medium,False,Good
681,219,1,4,769,1281,845,0.012554,3,2024-10-04 16:48:16,Medium,True,Good
682,61,2,2,254,299,2882,0.002409,4,2024-10-14 00:01:25,Simple,True,Excellent
683,299,1,7,679,795,1911,0.008556,5,2024-10-24 02:33:12,Medium,True,Excellent
684,198,5,9,481,685,1671,0.002197,4,2024-10-26 14:10:31,Medium,True,Good
685,253,4,6,2824,4000,500,0.020499,4,2024-10-11 08:22:11,Complex,True,Good
686,189,2,1,631,600,995,0.005258,5,2024-10-09 08:41:18,Medium,True,Excellent
687,11,3,8,372,569,866,0.003613,4,2024-10-06 08:59:14,Medium,True,Good
688,222,5,2,254,318,1690,0.000968,3,2024-11-10 00:28:40,Simple,False,Good
689,72,3,7,344,478,500,0.003124,5,2024-12-04 04:41:48,Simple,False,Good
690,250,1,9,1683,1457,1992,0.014571,5,2024-12-21 12:48:36,Medium,True,Excellent
691,291,3,7,1278,1118,1295,0.00815,3,2024-12-28 18:30:59,Medium,True,Good
692,23,3,2,758,660,911,0.004643,4,2024-11-12 02:09:05,Medium,True,Good
693,262,4,1,99,164,2400,0.000739,2,2024-11-02 02:12:12,Simple,False,Fair
694,31,5,5,160,264,2336,0.000823,4,2024-10-12 09:32:13,Simple,True,Good
695,54,4,1,996,1248,5078,0.00569,5,2024-12-07 07:08:29,Medium,True,Good
696,111,2,9,370,352,2238,0.00282,4,2024-11-27 02:57:41,Simple,True,Excellent
697,112,3,3,2132,1974,2699,0.013001,4,2024-10-27 20:29:55,Medium,True,Good
698,144,4,9,310,510,1655,0.002661,2,2024-10-26 09:14:30,Medium,False,Fair
699,253,5,3,741,710,1781,0.002156,3,2024-10-31 02:04:36,Medium,True,Good
700,185,3,1,285,406,3071,0.002649,4,2024-10-05 15:19:11,Simple,True,Good
701,60,1,2,125,201,3602,0.002172,4,2024-12-27 05:11:17,Simple,True,Excellent
702,107,3,7,451,600,1540,0.004407,3,2024-11-08 00:40:44,Medium,True,Good
703,121,4,5,1034,872,2320,0.003944,4,2024-11-21 21:53:30,Medium,True,Good
704,216,4,1,296,373,643,0.002016,4,2024-10-12 16:56:44,Simple,False,Good
705,190,3,3,495,474,2693,0.003395,3,2024-12-18 08:05:03,Simple,False,Good
706,41,1,5,689,613,2140,0.005668,5,2024-11-29 23:43:01,Medium,True,Excellent
707,119,5,2,493,486,5895,0.001463,3,2024-10-30 08:57:09,Simple,False,Good
708,239,5,5,811,830,2627,0.002242,4,2024-10-08 16:31:57,Medium,True,Good
709,42,4,3,498,622,4478,0.003,2,2024-10-31 12:09:53,Medium,True,Fair
710,293,2,4,229,383,567,0.002949,5,2024-10-25 08:45:58,Simple,True,Excellent
711,112,2,3,509,841,1780,0.006842,4,2024-10-17 12:43:17,Medium,True,Excellent
712,124,4,2,212,288,3311,0.001531,4,2024-11-18 13:54:17,Simple,True,Good
713,248,3,7,808,797,3138,0.005284,4,2024-10-11 15:42:18,Medium,False,Good
714,38,5,1,510,525,2511,0.001678,4,2024-11-22 16:57:43,Medium,True,Good
715,287,5,7,156,149,3054,0.000408,5,2024-10-01 13:35:47,Simple,True,Good
716,296,5,9,233,282,1593,0.000805,2,2024-10-15 15:49:42,Simple,True,Fair
717,99,5,4,408,638,528,0.00205,4,2024-10-01 01:03:34,Medium,True,Good
718,248,3,5,181,281,3182,0.001808,4,2024-12-27 22:42:49,Simple,False,Good
719,287,1,2,284,325,1765,0.003402,4,2024-12-16 20:17:39,Simple,True,Excellent
720,47,3,8,432,545,600,0.003731,4,2024-11-17 17:09:15,Medium,False,Good
721,229,3,4,1454,1235,4829,0.009215,3,2024-12-01 14:56:43,Medium,True,Good
722,115,1,5,125,145,2632,0.001412,2,2024-11-06 09:59:25,Simple,True,Fair
723,186,3,9,1478,1402,1843,0.009186,4,2024-12-24 04:22:30,Medium,True,Good
724,280,1,4,599,664,1170,0.007078,1,2024-12-26 03:50:04,Medium,True,Fair
725,94,5,2,538,592,1950,0.001712,5,2024-11-19 14:47:03,Medium,True,Good
726,251,4,2,225,209,1516,0.001047,3,2024-11-14 04:34:09,Simple,True,Good
727,139,3,7,302,437,1773,0.002892,4,2024-11-12 21:48:38,Simple,True,Good
728,279,4,7,258,226,5898,0.001102,3,2024-10-27 16:18:16,Simple,True,Good
729,12,4,5,319,417,1387,0.00191,5,2024-12-26 21:18:03,Simple,True,Good
730,85,4,8,343,353,1234,0.00179,4,2024-10-16 14:12:02,Simple,True,Good
731,78,3,7,463,545,1707,0.003937,1,2024-11-22 04:33:48,Medium,True,Fair
732,62,2,9,162,154,2655,0.001237,3,2024-11-27 19:09:01,Simple,True,Good
733,162,5,6,562,885,1728,0.002658,3,2024-10-15 05:09:10,Medium,True,Good
734,98,2,4,122,195,1280,0.001469,3,2024-10-30 21:10:07,Simple,True,Good
735,64,1,3,636,1060,1458,0.01084,4,2024-11-03 11:32:30,Medium,True,Excellent
736,229,4,2,1374,1502,950,0.007169,2,2024-12-25 11:04:03,Medium,True,Fair
737,299,4,2,255,240,3487,0.001128,4,2024-11-05 16:50:31,Simple,True,Good
738,289,2,7,794,1035,745,0.008226,5,2024-12-25 08:44:13,Medium,True,Excellent
739,37,4,6,121,175,1949,0.000797,4,2024-12-01 14:44:32,Simple,True,Good
740,276,5,5,499,595,1275,0.00168,1,2024-12-09 23:52:49,Medium,False,Fair
741,110,1,1,640,620,1105,0.005966,1,2024-10-16 02:33:28,Medium,True,Fair
742,245,4,5,61,52,1973,0.000236,5,2024-12-22 23:06:50,Simple,True,Good
743,178,1,9,347,489,3957,0.005254,3,2024-12-05 02:30:02,Simple,False,Good
744,83,5,6,162,165,1278,0.000469,4,2024-10-27 01:19:52,Simple,True,Good
745,18,3,8,474,472,1897,0.003476,2,2024-12-27 23:30:00,Simple,True,Fair
746,15,4,1,691,745,777,0.003504,1,2024-12-08 04:52:45,Medium,True,Fair
747,192,1,1,465,518,1413,0.005075,4,2024-10-23 20:36:47,Medium,True,Excellent
748,221,3,5,597,924,2236,0.006213,2,2024-12-23 05:11:15,Medium,True,Fair
749,135,4,8,314,509,4012,0.002453,3,2024-11-25 12:50:16,Medium,True,Good
750,280,4,7,347,357,4960,0.001608,2,2024-11-29 00:02:31,Simple,False,Fair
751,291,5,2,1082,1238,741,0.003696,5,2024-11-01 07:03:04,Medium,True,Good
752,193,2,1,838,1115,4125,0.008084,3,2024-12-01 16:07:12,Medium,True,Good
753,104,4,3,1302,1141,1325,0.005223,2,2024-10-23 10:18:28,Medium,True,Fair
754,283,2,3,771,665,3381,0.005151,3,2024-11-05 02:02:43,Medium,True,Good
755,179,2,8,426,358,843,0.003098,2,2024-12-10 13:21:04,Simple,True,Fair
756,190,4,8,248,410,2090,0.001979,2,2024-10-22 23:53:26,Simple,True,Fair
757,57,1,9,920,769,566,0.008296,5,2024-10-19 13:22:23,Medium,True,Excellent
758,290,1,4,1726,1531,1304,0.015426,1,2024-10-07 05:12:45,Medium,True,Fair
759,130,5,1,385,361,2671,0.001098,5,2024-11-02 23:46:18,Simple,False,Good
760,223,5,8,470,578,1449,0.001892,2,2024-11-09 01:18:56,Medium,True,Fair
761,117,1,7,1127,1251,1058,0.013175,3,2024-10-25 23:39:00,Medium,True,Good
762,175,2,2,803,758,1385,0.006489,5,2024-11-09 21:47:05,Medium,True,Excellent
763,164,3,9,165,199,2035,0.001353,2,2024-11-12 10:13:57,Simple,False,Fair
764,249,2,4,827,752,1050,0.005633,3,2024-10-23 15:59:09,Medium,False,Good
765,226,3,7,195,228,1632,0.00146,4,2024-10-27 16:26:45,Simple,False,Good
766,235,2,7,999,1638,1067,0.012031,5,2024-11-17 03:20:21,Medium,True,Excellent
767,202,4,4,733,791,1733,0.003869,5,2024-12-08 04:48:46,Medium,False,Good
768,225,5,7,1383,1496,1761,0.004367,5,2024-10-13 16:38:25,Medium,True,Good
769,170,3,2,279,238,2112,0.001555,2,2024-12-11 11:07:07,Simple,True,Fair
770,215,3,1,1218,1548,1476,0.00986,3,2024-11-29 00:56:50,Medium,True,Good
771,108,3,6,876,984,2320,0.007549,2,2024-10-02 00:23:49,Medium,False,Fair
772,170,1,2,450,647,1437,0.006031,4,2024-12-27 01:17:14,Medium,True,Excellent
773,187,4,5,189,168,1035,0.000836,5,2024-12-30 06:49:29,Simple,True,Good
774,94,4,8,679,610,2667,0.00322,4,2024-12-22 09:43:08,Medium,False,Good
775,108,5,3,984,1033,1432,0.002875,3,2024-12-28 15:55:37,Medium,True,Good
776,18,3,3,700,1013,981,0.00642,2,2024-10-16 17:58:12,Medium,True,Fair
777,167,3,3,760,712,1234,0.005451,4,2024-10-25 13:44:28,Medium,True,Good
778,109,1,2,625,739,1196,0.007134,5,2024-12-14 22:50:15,Medium,True,Excellent
779,246,3,7,841,948,1564,0.00696,5,2024-10-29 03:14:08,Medium,True,Good
780,52,4,8,289,449,1766,0.002363,3,2024-12-18 05:25:24,Simple,True,Good
781,109,3,8,827,1349,1074,0.009849,3,2024-12-05 02:19:09,Medium,True,Good
782,170,3,6,324,459,7933,0.003509,4,2024-12-10 12:22:13,Simple,True,Good
783,57,1,6,260,353,4457,0.003178,4,2024-11-05 20:36:35,Simple,False,Excellent
784,158,3,3,651,613,1932,0.004709,3,2024-10-13 04:11:02,Medium,True,Good
785,162,5,9,528,569,2882,0.001597,1,2024-10-26 00:34:50,Medium,True,Fair
786,185,2,4,1733,1884,2348,0.016371,3,2024-10-18 03:22:07,Medium,True,Good
787,185,4,2,984,1100,1142,0.005409,3,2024-10-15 10:56:00,Medium,False,Good
788,50,2,2,753,649,769,0.004679,4,2024-12-16 07:28:09,Medium,False,Excellent
789,86,3,1,647,939,3213,0.00682,4,2024-11-05 15:40:10,Medium,False,Good
790,167,3,3,746,885,851,0.00574,3,2024-11-06 11:32:10,Medium,True,Good
791,190,4,1,882,849,1123,0.004097,5,2024-11-10 07:06:33,Medium,True,Good
792,80,5,4,850,721,2998,0.002097,3,2024-11-17 16:15:31,Medium,False,Good
793,298,1,9,1436,1899,1082,0.017461,5,2024-10-31 11:10:44,Medium,True,Excellent
794,16,3,7,2230,1900,2954,0.012301,2,2024-11-24 03:14:25,Medium,True,Fair
795,159,4,6,430,582,5011,0.003179,3,2024-12-15 02:53:59,Medium,True,Good
796,144,4,5,625,523,3015,0.002455,3,2024-10-07 16:31:27,Medium,False,Good
797,198,3,4,372,567,953,0.004023,5,2024-12-10 21:34:53,Medium,True,Good
798,61,3,3,353,301,835,0.002005,2,2024-11-24 09:40:20,Simple,True,Fair
799,290,3,1,222,203,2986,0.001281,3,2024-12-01 16:17:38,Simple,False,Good
800,111,5,9,840,1084,1163,0.003289,3,2024-12-10 00:46:38,Medium,True,Good
801,50,4,6,245,309,1541,0.001612,4,2024-12-02 08:16:47,Simple,False,Good
802,262,3,1,554,601,2610,0.004042,5,2024-10-26 00:27:58,Medium,True,Good
803,141,1,1,121,191,1687,0.001831,3,2024-12-11 07:18:19,Simple,True,Good
804,143,2,3,1177,1170,1994,0.010093,4,2024-10-31 18:57:47,Medium,True,Excellent
805,291,5,4,651,784,1650,0.002569,5,2024-10-23 03:24:29,Medium,True,Good
806,83,2,4,89,133,790,0.001111,2,2024-10-30 14:59:09,Simple,True,Fair
807,249,4,2,232,312,1551,0.001593,1,2024-12-05 19:56:16,Simple,False,Fair
808,193,4,6,753,811,2089,0.003719,2,2024-12-04 15:10:59,Medium,True,Fair
809,273,5,6,322,358,2534,0.001089,4,2024-11-04 12:45:01,Simple,True,Good
810,96,5,3,573,792,3083,0.0026,1,2024-12-21 16:44:54,Medium,True,Fair
811,15,1,9,2028,2134,1264,0.019907,5,2024-11-10 06:18:39,Complex,True,Excellent
812,100,1,9,334,291,1503,0.00277,4,2024-11-05 02:57:12,Simple,True,Excellent
813,142,2,5,180,279,1948,0.002255,3,2024-12-14 05:13:07,Simple,True,Good
814,68,3,1,959,1063,1769,0.007682,3,2024-10-28 10:00:07,Medium,True,Good
815,69,3,7,888,1052,1339,0.007516,5,2024-10-30 12:05:52,Medium,False,Good
816,234,3,4,703,714,1602,0.005405,2,2024-11-04 05:03:16,Medium,True,Fair
817,14,5,7,262,324,1285,0.000911,5,2024-10-06 10:25:26,Simple,True,Good
818,119,1,7,491,592,2792,0.006185,3,2024-11-21 19:18:04,Medium,False,Good
819,124,1,4,1109,1020,1975,0.009317,4,2024-11-02 19:11:25,Medium,True,Excellent
820,264,3,8,215,266,1549,0.001842,3,2024-11-05 13:03:56,Simple,True,Good
821,253,3,2,730,792,825,0.005554,5,2024-12-24 11:53:45,Medium,True,Good
822,238,5,4,722,826,2335,0.002263,5,2024-10-07 16:25:13,Medium,True,Good
823,263,5,7,1226,1899,862,0.006201,4,2024-12-29 17:26:45,Medium,False,Good
824,103,3,6,711,612,2095,0.00444,5,2024-11-04 19:47:52,Medium,True,Good
825,96,1,3,755,904,500,0.008792,4,2024-11-17 01:33:00,Medium,True,Excellent
826,158,2,6,377,414,3159,0.00362,5,2024-10-08 21:47:10,Simple,True,Excellent
827,37,5,7,478,714,1093,0.002192,5,2024-12-29 12:52:42,Medium,False,Good
828,193,1,8,940,1495,6514,0.014652,5,2024-10-19 06:54:14,Medium,True,Excellent
829,277,3,9,1188,1071,678,0.007502,3,2024-11-07 02:21:25,Medium,False,Good
830,111,5,9,467,484,1758,0.001513,4,2024-11-09 11:25:03,Simple,True,Good
831,124,4,2,1106,1229,3663,0.006059,4,2024-11-20 00:54:14,Medium,True,Good
832,208,4,7,657,572,1244,0.002838,5,2024-12-12 12:11:31,Medium,True,Good
833,14,2,2,1358,1557,1033,0.012578,5,2024-10-01 03:37:24,Medium,True,Excellent
834,73,3,4,285,439,1475,0.003133,4,2024-10-28 22:37:46,Simple,True,Good
835,61,4,4,1000,856,793,0.004636,5,2024-10-02 13:39:30,Medium,True,Good
836,46,5,7,107,111,832,0.000329,5,2024-10-21 17:44:45,Simple,True,Good
837,149,4,9,329,328,4473,0.001476,5,2024-12-08 11:24:19,Simple,True,Good
838,59,5,5,121,199,5032,0.000578,2,2024-12-07 05:44:39,Simple,False,Fair
839,153,3,8,287,441,2497,0.003105,1,2024-11-07 14:11:16,Simple,True,Fair
840,223,3,4,632,665,2068,0.005106,3,2024-11-29 22:10:24,Medium,True,Good
841,285,4,1,870,739,1430,0.003729,1,2024-10-15 19:22:46,Medium,True,Fair
842,202,3,4,515,628,1709,0.004405,3,2024-10-09 08:11:42,Medium,True,Good
843,52,5,4,98,141,1463,0.000415,5,2024-12-08 12:24:20,Simple,True,Good
844,101,5,5,1629,1418,3418,0.00454,4,2024-11-09 21:59:15,Medium,True,Good
845,180,2,5,2557,2157,609,0.017211,5,2024-10-31 19:45:41,Complex,False,Excellent
846,154,2,1,260,295,2512,0.002568,2,2024-10-19 23:41:51,Simple,False,Fair
847,23,5,4,1180,1377,609,0.004337,4,2024-12-13 04:30:35,Medium,False,Good
848,245,5,3,445,590,2459,0.001621,4,2024-11-28 07:37:05,Medium,True,Good
849,179,4,3,603,556,1264,0.002852,4,2024-12-15 20:13:33,Medium,True,Good
850,174,1,5,1375,1791,1309,0.019435,3,2024-12-21 15:51:38,Medium,True,Good
851,168,5,4,107,129,946,0.00039,3,2024-12-22 11:07:06,Simple,False,Good
852,53,2,6,272,287,849,0.002077,4,2024-12-08 03:49:47,Simple,True,Excellent
853,87,3,4,252,245,2829,0.001613,3,2024-12-08 01:54:29,Simple,True,Good
854,148,3,2,638,593,4139,0.004317,3,2024-12-25 21:18:15,Medium,True,Good
855,11,2,5,262,234,1462,0.001928,5,2024-12-01 05:54:34,Simple,True,Excellent
856,124,3,8,403,397,1074,0.002664,2,2024-12-16 19:19:27,Simple,True,Fair
857,5,5,6,1793,1661,3818,0.004752,4,2024-10-12 01:31:42,Medium,True,Good
858,105,1,4,351,422,1016,0.004498,3,2024-10-26 00:25:57,Simple,False,Good
859,137,4,1,241,349,1627,0.001791,5,2024-12-29 03:35:01,Simple,True,Good
860,56,3,9,325,431,2906,0.003234,4,2024-11-28 16:01:25,Simple,True,Good
861,140,3,9,4539,4000,1761,0.026603,5,2024-12-25 13:48:23,Complex,True,Good
862,59,2,8,455,485,2021,0.003684,3,2024-11-13 17:06:33,Simple,True,Good
863,18,4,8,458,500,2997,0.002546,5,2024-11-04 00:10:48,Medium,True,Good
864,281,2,2,684,924,2063,0.006967,4,2024-12-15 07:05:51,Medium,False,Excellent
865,73,3,4,609,801,5800,0.00577,4,2024-12-12 01:07:29,Medium,True,Good
866,117,1,4,770,960,1376,0.009122,5,2024-10-21 21:02:31,Medium,True,Excellent
867,159,2,3,479,675,1006,0.00542,4,2024-12-06 00:21:09,Medium,True,Excellent
868,97,2,6,686,632,849,0.005193,5,2024-10-03 02:48:40,Medium,True,Excellent
869,85,4,8,504,524,3819,0.002487,4,2024-12-08 22:03:02,Medium,True,Good
870,151,4,1,249,277,1943,0.001453,4,2024-12-24 08:06:08,Simple,True,Good
871,242,4,2,501,541,2092,0.002837,5,2024-12-15 08:27:11,Medium,True,Good
872,203,1,8,319,396,5779,0.003988,4,2024-11-23 00:31:27,Simple,True,Excellent
873,166,5,5,1032,1560,977,0.004428,5,2024-12-14 19:23:31,Medium,True,Good
874,132,5,6,1159,1112,1938,0.003375,4,2024-10-09 18:17:28,Medium,True,Good
875,266,1,1,602,705,1897,0.007641,4,2024-10-29 04:54:38,Medium,True,Excellent
876,21,2,2,644,583,1237,0.005089,3,2024-11-10 17:58:22,Medium,True,Good
877,284,4,4,422,625,1185,0.003359,4,2024-11-02 21:37:06,Medium,False,Good
878,90,2,7,1294,1378,500,0.01055,5,2024-12-21 11:32:22,Medium,True,Excellent
879,267,3,3,3394,2932,538,0.022421,5,2024-12-22 01:43:06,Complex,True,Good
880,60,2,6,989,1295,3185,0.00953,5,2024-12-27 02:08:32,Medium,True,Excellent
881,119,4,3,306,280,824,0.001461,5,2024-10-01 23:57:25,Simple,True,Good
882,164,1,9,595,634,693,0.006902,4,2024-12-29 15:22:10,Medium,True,Excellent
883,30,2,8,760,1111,1091,0.008392,4,2024-11-27 11:27:20,Medium,True,Excellent
884,25,1,8,214,254,841,0.002355,3,2024-11-17 05:40:52,Simple,True,Good
885,246,2,4,264,331,1938,0.002487,3,2024-11-27 06:54:50,Simple,False,Good
886,58,2,3,83,110,2602,0.000883,5,2024-10-13 08:09:59,Simple,True,Excellent
887,85,5,5,343,302,1562,0.000868,5,2024-10-19 02:39:33,Simple,False,Good
888,147,1,8,420,393,3117,0.004002,4,2024-12-11 17:42:27,Simple,True,Excellent
889,169,5,5,546,616,1915,0.001963,1,2024-10-21 05:34:36,Medium,True,Fair
890,29,2,3,293,335,715,0.002468,4,2024-11-01 17:58:33,Simple,True,Excellent
891,173,3,9,184,269,632,0.001736,5,2024-11-19 03:11:31,Simple,True,Good
892,263,5,2,241,317,1293,0.001024,4,2024-11-09 04:09:08,Simple,True,Good
893,45,4,7,994,845,1979,0.003866,4,2024-12-06 23:58:06,Medium,True,Good
894,278,5,3,700,823,540,0.002663,4,2024-11-26 22:00:18,Medium,True,Good
895,250,2,3,221,251,3955,0.002048,4,2024-12-28 16:02:49,Simple,True,Excellent
896,93,5,3,1018,863,3184,0.002517,4,2024-10-26 07:57:07,Medium,True,Good
897,100,4,5,412,680,4213,0.003428,4,2024-12-15 02:00:07,Medium,False,Good
898,251,4,7,415,373,500,0.001704,3,2024-10-30 18:13:55,Simple,True,Good
899,127,2,4,599,514,1516,0.003743,3,2024-12-23 20:27:44,Medium,True,Good
900,279,4,7,2988,3442,2326,0.018166,2,2024-11-06 06:21:12,Complex,True,Fair
901,280,3,5,338,435,3146,0.002799,5,2024-11-25 20:45:53,Simple,True,Good
902,194,2,4,1086,1151,5499,0.008951,2,2024-12-09 16:45:25,Medium,True,Fair
903,174,1,5,1758,1992,862,0.019077,2,2024-11-13 08:01:41,Medium,True,Fair
904,49,3,8,463,722,791,0.005426,5,2024-12-21 12:02:46,Medium,False,Good
905,13,5,1,774,679,755,0.00194,1,2024-11-11 12:17:56,Medium,True,Fair
906,95,4,6,193,267,865,0.001207,3,2024-12-17 16:53:49,Simple,True,Good
907,201,3,8,2129,2235,1050,0.016771,3,2024-12-06 09:36:29,Complex,True,Good
908,22,5,8,364,426,1761,0.001217,4,2024-11-30 15:51:19,Simple,True,Good
909,27,5,8,1078,985,1010,0.002767,5,2024-10-22 14:08:25,Medium,True,Good
910,24,2,8,156,155,934,0.001202,4,2024-10-14 22:44:07,Simple,True,Excellent
911,148,1,6,3663,4000,3961,0.039848,4,2024-12-13 19:09:17,Complex,True,Excellent
912,90,3,4,1025,898,1150,0.006329,4,2024-10-17 17:28:09,Medium,True,Good
913,218,5,2,235,269,1125,0.000736,4,2024-11-24 17:47:05,Simple,True,Good
914,23,3,5,2529,2116,1259,0.014605,4,2024-11-18 23:54:33,Complex,True,Good
915,239,3,8,596,573,1457,0.003987,4,2024-11-15 15:39:45,Medium,True,Good
916,122,4,3,649,736,3558,0.003525,4,2024-11-08 04:38:22,Medium,True,Good
917,65,2,6,231,207,1700,0.001651,4,2024-12-11 15:01:41,Simple,False,Excellent
918,133,4,7,424,409,1494,0.002035,4,2024-12-07 22:59:22,Simple,True,Good
919,117,4,4,678,683,1017,0.003105,1,2024-12-08 10:47:01,Medium,False,Fair
920,40,4,5,106,154,2171,0.000812,4,2024-11-08 13:15:43,Simple,False,Good
921,152,3,8,305,348,758,0.002504,4,2024-11-13 21:13:32,Simple,True,Good
922,190,1,1,678,645,3442,0.006096,3,2024-12-07 00:45:27,Medium,True,Good
923,29,1,9,256,257,3087,0.002703,1,2024-10-30 22:51:33,Simple,True,Fair
924,154,4,6,219,336,2551,0.001517,2,2024-11-11 13:58:21,Simple,False,Fair
925,172,1,1,1140,1124,706,0.010871,4,2024-11-11 15:35:28,Medium,True,Excellent
926,77,2,3,1989,1791,591,0.014641,2,2024-11-28 16:58:33,Medium,True,Fair
927,273,1,2,656,762,1544,0.007612,3,2024-10-26 12:34:06,Medium,True,Good
928,191,3,8,221,261,2021,0.001797,3,2024-10-28 20:10:34,Simple,True,Good
929,219,1,6,1065,981,1500,0.01007,3,2024-11-27 22:24:47,Medium,True,Good
930,25,2,8,532,546,1243,0.004085,4,2024-10-10 05:21:57,Medium,True,Excellent
931,38,4,8,217,335,1562,0.001548,3,2024-10-29 23:57:07,Simple,True,Good
932,274,4,3,673,851,3694,0.004549,3,2024-11-12 21:23:19,Medium,True,Good
933,279,5,3,257,331,3385,0.000954,2,2024-12-10 04:50:07,Simple,True,Fair
934,266,3,8,250,259,1706,0.001941,3,2024-10-30 00:38:02,Simple,True,Good
935,247,3,1,188,264,5133,0.001948,4,2024-11-26 20:05:25,Simple,True,Good
936,59,2,7,486,658,2020,0.005344,5,2024-10-05 13:43:32,Medium,False,Excellent
937,31,2,1,284,365,2488,0.003069,4,2024-12-23 01:23:11,Simple,True,Excellent
938,153,2,4,419,450,1465,0.003846,5,2024-12-27 08:52:06,Simple,True,Excellent
939,83,5,8,443,550,897,0.001814,5,2024-10-21 09:34:30,Medium,True,Good
940,32,1,1,522,529,3511,0.005461,4,2024-10-11 02:18:49,Medium,False,Excellent
941,251,4,6,1399,2204,711,0.011859,1,2024-10-02 14:34:01,Complex,True,Fair
942,160,4,1,1564,1538,3964,0.007841,4,2024-11-04 17:40:47,Medium,False,Good
943,39,5,3,230,367,2754,0.001097,4,2024-10-02 11:16:09,Simple,True,Good
944,41,2,9,197,245,3113,0.001983,2,2024-11-30 10:57:32,Simple,False,Fair
945,247,5,6,235,299,1324,0.000825,3,2024-10-31 01:00:35,Simple,True,Good
946,110,2,9,578,658,1464,0.004807,4,2024-10-12 22:35:14,Medium,True,Excellent
947,45,4,7,903,1112,576,0.00552,5,2024-10-08 07:56:36,Medium,False,Good
948,38,1,5,1735,1875,2069,0.019205,5,2024-11-06 17:12:59,Medium,True,Excellent
949,87,1,5,296,258,2461,0.002807,3,2024-12-03 21:25:05,Simple,True,Good
950,276,3,9,536,822,3137,0.005651,1,2024-11-02 06:28:04,Medium,True,Fair
951,40,1,3,840,881,1195,0.007951,5,2024-11-28 14:02:00,Medium,True,Excellent
952,73,5,3,983,1219,3180,0.003779,3,2024-10-11 09:40:18,Medium,False,Good
953,285,5,5,503,509,1099,0.001437,4,2024-12-30 20:27:41,Medium,True,Good
954,203,4,1,245,224,1801,0.001021,5,2024-11-29 07:15:15,Simple,True,Good
955,139,3,7,164,138,2762,0.001047,2,2024-10-28 05:55:23,Simple,True,Fair
956,16,3,1,234,289,2611,0.002065,3,2024-11-08 14:48:41,Simple,True,Good
957,140,2,9,1816,1901,1486,0.014401,5,2024-11-04 16:22:58,Medium,True,Excellent
958,300,2,3,515,507,1644,0.00407,3,2024-11-03 04:27:27,Medium,True,Good
959,140,5,5,2364,2150,3069,0.005884,4,2024-12-04 16:38:24,Complex,True,Good
960,131,4,5,816,940,1483,0.004396,5,2024-11-20 08:33:13,Medium,False,Good
961,265,5,2,302,412,2800,0.001277,1,2024-11-12 00:20:07,Simple,True,Fair
962,167,4,1,471,586,1741,0.002745,4,2024-10-17 03:36:57,Medium,True,Good
963,97,3,7,672,802,3162,0.005077,3,2024-12-25 20:03:05,Medium,True,Good
964,63,2,6,379,563,1993,0.004433,5,2024-10-22 14:40:17,Medium,False,Excellent
965,262,4,2,894,1039,3910,0.005218,5,2024-11-19 12:18:56,Medium,True,Good
966,5,1,7,265,396,1749,0.004274,4,2024-12-20 15:31:35,Simple,False,Excellent
967,32,2,3,196,285,979,0.00208,4,2024-10-11 16:26:37,Simple,True,Excellent
968,224,2,8,345,567,2508,0.004818,2,2024-11-19 00:51:51,Medium,True,Fair
969,129,3,2,495,454,1902,0.003267,3,2024-11-22 07:45:17,Simple,False,Good
970,293,5,1,170,254,6555,0.000786,5,2024-12-18 11:53:45,Simple,False,Good
971,223,5,4,935,1041,1320,0.003368,4,2024-10-21 13:47:40,Medium,True,Good
972,75,4,7,1085,1306,1070,0.006766,5,2024-11-04 08:42:05,Medium,True,Good
973,147,4,5,1176,1488,2569,0.007657,4,2024-12-18 00:19:03,Medium,True,Good
974,120,2,5,3084,2880,1042,0.023484,5,2024-10-19 16:10:11,Complex,True,Excellent
975,219,4,3,274,329,1857,0.00154,4,2024-12-02 23:19:35,Simple,False,Good
976,130,5,2,753,1169,1531,0.003199,3,2024-10-15 17:55:00,Medium,True,Good
977,73,2,2,496,520,1087,0.004016,3,2024-12-01 01:09:30,Medium,False,Good
978,8,3,7,93,152,3196,0.001078,4,2024-12-22 13:59:48,Simple,True,Good
979,201,4,1,1229,1400,2543,0.007289,1,2024-10-02 21:42:45,Medium,True,Fair
980,128,4,9,465,679,738,0.003482,5,2024-12-01 06:37:49,Medium,True,Good
981,118,5,5,704,934,1478,0.003023,3,2024-10-31 04:40:49,Medium,False,Good
982,209,2,1,759,888,738,0.006698,5,2024-10-02 01:28:35,Medium,True,Excellent
983,245,4,8,1899,2015,2877,0.010535,2,2024-12-18 05:08:20,Complex,True,Fair
984,130,3,9,361,491,749,0.003604,5,2024-10-09 13:14:03,Simple,True,Good
985,119,1,6,272,395,3015,0.004196,2,2024-10-10 16:00:32,Simple,False,Fair
986,2,4,3,1352,1521,1297,0.008078,5,2024-12-01 03:49:52,Medium,True,Good
987,291,1,1,1266,1280,1379,0.014033,5,2024-12-30 21:23:46,Medium,True,Excellent
988,40,5,1,1974,1766,1208,0.00505,4,2024-11-22 00:39:22,Medium,False,Good
989,239,4,3,953,996,611,0.004515,4,2024-10-24 20:21:27,Medium,False,Good
990,242,1,6,2354,3618,3538,0.039386,2,2024-11-24 13:40:14,Complex,True,Fair
991,11,4,5,490,680,1571,0.003634,4,2024-10-12 05:45:01,Medium,True,Good
992,45,1,9,674,903,6307,0.009899,1,2024-12-23 04:44:42,Medium,True,Fair
993,37,1,5,316,334,1177,0.003371,4,2024-10-18 00:25:41,Simple,True,Excellent
994,168,5,5,309,435,7195,0.001373,5,2024-10-11 23:58:43,Simple,True,Good
995,164,1,7,1693,1987,4062,0.020536,4,2024-10-06 08:07:49,Medium,True,Excellent
996,82,1,3,625,744,1564,0.006913,5,2024-11-21 07:31:17,Medium,True,Excellent
997,246,3,8,571,611,1125,0.004613,5,2024-10-26 23:28:01,Medium,True,Good
998,286,2,2,245,219,7647,0.001741,4,2024-11-09 20:34:48,Simple,True,Excellent
999,145,5,9,874,1101,3196,0.003022,3,2024-12-23 07:43:50,Medium,False,Good
1000,295,3,5,535,518,740,0.003801,5,2024-12-29 11:07:36,Medium,True,Good
1001,101,1,6,945,1358,1142,0.014453,3,2024-11-16 16:37:30,Medium,False,Good
1002,214,2,4,521,457,1121,0.003447,5,2024-10-14 16:27:28,Simple,True,Excellent
1003,223,4,4,237,280,1887,0.001494,3,2024-12-17 02:02:56,Simple,True,Good
1004,48,2,4,325,420,980,0.003184,4,2024-12-09 20:54:56,Simple,True,Excellent
1005,168,3,2,835,889,1149,0.006443,4,2024-11-05 00:03:18,Medium,True,Good
1006,94,2,4,1032,861,12000,0.007566,1,2024-10-01 22:47:17,Medium,True,Fair
1007,129,1,6,169,261,2629,0.002679,3,2024-10-14 08:11:30,Simple,True,Good
1008,63,4,5,310,334,997,0.001751,5,2024-11-03 21:10:53,Simple,True,Good
1009,219,1,9,351,540,2494,0.005557,2,2024-10-07 11:44:04,Medium,True,Fair
1010,30,1,5,643,1000,1441,0.009155,4,2024-10-27 23:25:33,Medium,True,Excellent
1011,31,1,5,1009,868,2725,0.009226,4,2024-10-19 13:39:37,Medium,True,Excellent
1012,64,5,4,332,306,877,0.000885,3,2024-11-02 03:18:41,Simple,True,Good
1013,238,1,4,433,559,1902,0.005036,4,2024-12-19 10:13:35,Medium,True,Excellent
1014,273,3,6,186,251,3806,0.001727,5,2024-11-22 01:10:28,Simple,True,Good
1015,182,5,9,1450,1365,9816,0.004227,3,2024-10-02 21:53:17,Medium,True,Good
1016,71,3,6,221,255,1841,0.001623,3,2024-12-09 04:03:42,Simple,True,Good
1017,129,2,9,503,509,6164,0.004237,4,2024-11-21 01:59:04,Medium,True,Excellent
1018,53,4,3,296,332,808,0.001595,3,2024-12-29 11:26:09,Simple,True,Good
1019,34,1,1,1092,913,856,0.009781,2,2024-11-10 00:07:50,Medium,True,Fair
1020,58,5,8,300,309,4031,0.001019,5,2024-11-11 14:12:33,Simple,True,Good
1021,212,4,7,593,639,500,0.003235,4,2024-12-24 21:25:29,Medium,True,Good
1022,144,1,8,226,331,728,0.003121,2,2024-12-06 04:53:56,Simple,True,Fair
1023,32,2,6,638,784,2510,0.006896,5,2024-12-10 17:53:32,Medium,True,Excellent
1024,28,1,2,195,184,2070,0.001838,4,2024-11-11 06:45:00,Simple,True,Excellent
1025,244,2,3,443,468,2480,0.003403,4,2024-11-07 22:38:20,Simple,True,Excellent
1026,166,3,5,1134,1069,1234,0.006964,3,2024-11-28 17:17:31,Medium,False,Good
1027,280,1,3,445,411,1265,0.004425,3,2024-12-17 03:48:52,Simple,True,Good
1028,95,1,5,523,698,1238,0.006607,4,2024-12-27 21:32:08,Medium,True,Excellent
1029,222,3,9,325,323,1411,0.002055,4,2024-12-30 22:18:12,Simple,True,Good
1030,122,2,6,663,984,1371,0.008264,4,2024-11-05 14:50:34,Medium,True,Excellent
1031,283,3,2,1129,1317,1565,0.009555,2,2024-11-03 17:12:38,Medium,True,Fair
1032,116,4,7,676,633,3329,0.003464,2,2024-10-20 18:10:40,Medium,False,Fair
1033,103,4,8,629,657,4670,0.003389,4,2024-10-25 05:21:10,Medium,False,Good
1034,193,4,6,1420,1500,865,0.007911,5,2024-11-20 22:04:31,Medium,True,Good
1035,118,2,7,324,434,2901,0.003742,4,2024-10-26 11:21:28,Simple,True,Excellent
1036,197,4,9,521,468,810,0.002395,3,2024-10-18 18:06:47,Simple,False,Good
1037,169,1,2,211,271,1136,0.002972,3,2024-12-25 21:05:44,Simple,True,Good
1038,260,2,7,266,277,846,0.002283,5,2024-10-10 04:48:11,Simple,True,Excellent
1039,11,5,5,629,615,5447,0.001987,5,2024-11-30 16:28:04,Medium,False,Good
1040,263,2,1,531,569,596,0.004275,4,2024-11-16 22:56:38,Medium,True,Excellent
1041,104,3,5,821,1193,3542,0.008804,4,2024-10-29 06:13:32,Medium,True,Good
1042,259,5,6,322,277,2986,0.000862,4,2024-11-19 23:48:37,Simple,False,Good
1043,193,1,2,681,733,1440,0.007246,4,2024-12-03 07:51:38,Medium,True,Excellent
1044,223,3,4,1051,1397,1958,0.01003,4,2024-10-20 05:55:12,Medium,False,Good
1045,265,2,1,2045,2489,1754,0.021678,5,2024-12-05 19:41:23,Complex,True,Excellent
1046,236,2,7,504,506,1325,0.003831,4,2024-11-08 02:41:28,Medium,False,Excellent
1047,109,2,9,2027,1933,808,0.015915,3,2024-10-13 13:29:08,Medium,True,Good
1048,131,4,9,623,630,3556,0.003,4,2024-12-04 15:35:41,Medium,False,Good
1049,14,2,6,2713,4000,1473,0.033422,5,2024-10-09 00:50:19,Complex,True,Excellent
1050,174,1,2,194,302,3167,0.003282,1,2024-10-06 16:38:18,Simple,True,Fair
1051,175,5,4,236,287,2633,0.000888,5,2024-10-12 11:52:38,Simple,True,Good
1052,29,3,7,476,514,2196,0.003849,1,2024-12-03 07:59:01,Medium,True,Fair
1053,275,2,7,1123,992,500,0.008246,1,2024-10-20 15:12:54,Medium,True,Fair
1054,268,5,2,502,639,2751,0.001804,4,2024-11-15 00:50:01,Medium,False,Good
1055,283,4,5,319,479,992,0.002449,3,2024-10-25 16:19:46,Simple,True,Good
1056,78,5,5,939,1115,996,0.003136,3,2024-12-17 03:37:38,Medium,True,Good
1057,172,4,3,543,793,1293,0.003813,2,2024-11-23 19:34:38,Medium,False,Fair
1058,18,5,2,764,734,927,0.002372,5,2024-10-24 05:17:36,Medium,True,Good
1059,8,1,6,433,450,2647,0.004305,3,2024-11-23 15:30:47,Simple,False,Good
1060,300,3,5,117,101,2111,0.000683,4,2024-12-24 22:32:41,Simple,True,Good
1061,105,5,1,1218,1274,1489,0.003575,3,2024-12-14 02:58:47,Medium,True,Good
1062,292,2,2,1556,1418,2062,0.011791,4,2024-11-16 17:25:16,Medium,True,Excellent
1063,131,4,6,783,1160,1585,0.005269,4,2024-10-27 18:25:53,Medium,True,Good
1064,254,2,2,1944,1743,1312,0.013247,1,2024-11-28 18:31:16,Medium,True,Fair
1065,22,4,1,296,277,1410,0.00145,1,2024-10-20 00:42:40,Simple,True,Fair
1066,249,5,5,247,393,1076,0.001234,4,2024-12-15 15:01:37,Simple,True,Good
1067,232,2,4,648,691,1564,0.005295,4,2024-12-18 21:45:35,Medium,True,Excellent
1068,51,2,7,1007,1431,1913,0.011909,3,2024-11-14 14:05:05,Medium,True,Good
1069,291,1,2,459,654,1520,0.006088,5,2024-12-10 22:22:48,Medium,True,Excellent
1070,87,4,4,490,480,684,0.002361,5,2024-10-18 05:08:43,Simple,True,Good
1071,193,4,9,68,67,1126,0.000351,4,2024-11-14 05:11:39,Simple,True,Good
1072,268,2,7,238,212,847,0.001622,5,2024-12-23 00:58:02,Simple,False,Excellent
1073,244,4,8,364,432,1677,0.002121,5,2024-12-01 14:42:07,Simple,True,Good
1074,289,1,5,349,400,1968,0.003758,3,2024-12-24 10:43:57,Simple,True,Good
1075,85,3,4,1086,1690,2975,0.012912,3,2024-10-30 12:12:36,Medium,True,Good
1076,140,1,7,903,834,2143,0.008104,5,2024-12-01 16:14:47,Medium,True,Excellent
1077,55,5,3,363,372,920,0.001226,4,2024-12-12 20:19:20,Simple,True,Good
1078,161,4,5,1883,1599,3814,0.007339,4,2024-11-27 10:53:19,Medium,True,Good
1079,208,3,5,309,398,2101,0.002592,2,2024-12-20 05:18:03,Simple,True,Fair
1080,133,2,9,274,424,2089,0.003272,3,2024-10-03 00:42:48,Simple,True,Good
1081,53,5,1,755,935,1020,0.002949,3,2024-12-18 10:49:42,Medium,True,Good
1082,200,2,4,1196,1296,868,0.010525,5,2024-12-12 22:35:55,Medium,True,Excellent
1083,31,4,2,387,374,1556,0.001984,4,2024-11-26 03:03:37,Simple,True,Good
1084,9,5,8,668,819,1801,0.002656,2,2024-12-15 17:08:30,Medium,False,Fair
1085,300,2,7,684,689,739,0.005028,3,2024-12-29 21:59:31,Medium,False,Good
1086,189,4,9,507,766,3796,0.003953,4,2024-11-15 15:24:54,Medium,True,Good
1087,261,5,7,1659,1431,1539,0.004508,5,2024-10-04 18:13:04,Medium,True,Good
1088,263,1,9,542,581,1682,0.005506,5,2024-11-25 23:43:12,Medium,True,Excellent
1089,152,5,1,381,449,1611,0.001403,4,2024-10-14 02:19:33,Simple,True,Good
1090,76,4,1,274,378,1745,0.001807,3,2024-11-29 12:37:25,Simple,True,Good
1091,3,2,9,371,448,2132,0.00381,2,2024-12-08 14:42:30,Simple,True,Fair
1092,34,1,1,525,762,1517,0.006964,5,2024-11-24 19:52:36,Medium,True,Excellent
1093,3,1,7,1302,1679,2966,0.01583,1,2024-11-16 18:48:15,Medium,False,Fair
1094,98,5,7,158,195,2156,0.000575,4,2024-12-24 22:43:33,Simple,True,Good
1095,6,4,5,89,140,1188,0.000692,5,2024-11-30 14:14:50,Simple,True,Good
1096,171,3,6,835,860,1353,0.006455,2,2024-11-01 17:26:14,Medium,False,Fair
1097,192,1,9,1029,942,2554,0.00914,5,2024-11-21 15:53:08,Medium,True,Excellent
1098,139,3,4,2726,2326,954,0.017589,5,2024-11-06 12:19:10,Complex,True,Good
1099,217,5,3,248,409,3382,0.001212,4,2024-12-05 06:37:18,Simple,True,Good
1100,234,3,9,771,673,2121,0.004702,5,2024-10-24 17:50:04,Medium,False,Good
1101,144,1,1,950,870,4249,0.009042,4,2024-12-18 18:16:14,Medium,True,Excellent
1102,244,5,3,329,530,1632,0.001681,4,2024-10-31 10:51:20,Medium,True,Good
1103,191,5,9,1930,1647,2991,0.004686,4,2024-12-09 01:25:46,Medium,True,Good
1104,159,2,7,384,492,1120,0.003628,4,2024-12-28 16:54:37,Simple,True,Excellent
1105,184,3,6,787,799,2267,0.005323,4,2024-10-06 10:51:59,Medium,True,Good
1106,181,3,2,140,188,1401,0.001365,2,2024-12-24 11:25:27,Simple,True,Fair
1107,231,5,9,2084,2718,863,0.008448,3,2024-11-07 15:06:04,Complex,True,Good
1108,129,1,4,612,784,1133,0.008032,4,2024-12-03 20:10:16,Medium,True,Excellent
1109,228,5,7,1583,2563,1081,0.007418,5,2024-10-31 10:14:56,Complex,False,Good
1110,131,4,4,262,376,2685,0.001873,2,2024-10-29 16:50:35,Simple,True,Fair
1111,135,5,3,280,294,2546,0.000836,4,2024-10-08 06:52:16,Simple,False,Good
1112,135,4,3,1840,2201,1399,0.010982,4,2024-12-07 15:47:28,Complex,True,Good
1113,217,5,2,201,273,990,0.000854,4,2024-10-19 03:41:58,Simple,False,Good
1114,199,1,1,207,248,2230,0.002554,5,2024-11-17 18:37:55,Simple,True,Excellent
1115,254,1,7,781,1073,860,0.00979,5,2024-11-29 10:27:26,Medium,True,Excellent
1116,118,1,2,479,486,579,0.005242,4,2024-10-19 15:07:52,Simple,True,Excellent
1117,208,1,7,764,1042,6504,0.010458,3,2024-12-23 11:19:27,Medium,True,Good
1118,296,5,4,514,564,1937,0.001692,3,2024-12-23 02:54:38,Medium,True,Good
1119,249,4,9,393,498,1575,0.002588,4,2024-11-28 09:56:49,Simple,True,Good
1120,101,3,2,232,264,1941,0.00195,4,2024-11-05 03:04:09,Simple,True,Good
1121,199,5,5,812,1132,8861,0.003375,4,2024-10-10 06:20:14,Medium,True,Good
1122,11,3,6,600,682,1350,0.004472,4,2024-11-18 16:21:26,Medium,True,Good
1123,135,5,6,296,329,1905,0.000931,1,2024-12-15 09:16:15,Simple,True,Fair
1124,219,4,7,233,358,1354,0.001963,2,2024-12-09 23:10:30,Simple,True,Fair
1125,111,2,2,142,159,554,0.00135,4,2024-11-01 00:16:05,Simple,True,Excellent
1126,153,3,1,936,878,5591,0.006331,4,2024-11-24 00:41:39,Medium,True,Good
1127,177,2,5,261,395,1768,0.003148,4,2024-10-27 13:42:43,Simple,False,Excellent
1128,240,5,5,726,688,2133,0.002022,4,2024-10-15 23:12:35,Medium,True,Good
1129,50,5,2,1082,1454,500,0.004247,5,2024-10-29 02:22:15,Medium,True,Good
1130,168,2,1,970,1461,702,0.012595,2,2024-10-04 13:21:41,Medium,True,Fair
1131,23,3,5,594,715,2679,0.005462,4,2024-11-28 22:10:06,Medium,False,Good
1132,50,1,6,430,395,1043,0.004084,5,2024-11-29 12:28:25,Simple,False,Excellent
1133,195,4,8,263,353,1033,0.001638,4,2024-12-27 14:04:21,Simple,True,Good
1134,209,3,1,742,835,1553,0.005807,4,2024-12-02 09:03:31,Medium,True,Good
1135,71,4,5,389,484,1877,0.002616,2,2024-11-16 12:22:13,Simple,False,Fair
1136,172,5,2,827,1159,919,0.003736,5,2024-10-24 12:14:30,Medium,True,Good
1137,93,5,4,133,116,1710,0.000382,1,2024-10-06 00:59:10,Simple,True,Fair
1138,166,3,2,104,166,2150,0.001195,3,2024-12-15 19:05:17,Simple,True,Good
1139,225,4,9,1480,1620,1319,0.008345,4,2024-10-17 23:17:57,Medium,True,Good
1140,115,3,4,1168,1084,1773,0.007211,5,2024-10-01 15:51:15,Medium,False,Good
1141,189,2,4,598,593,1417,0.004469,3,2024-11-01 12:18:44,Medium,False,Good
1142,165,5,3,451,507,1427,0.001369,5,2024-10-20 16:00:07,Medium,True,Good
1143,297,5,6,507,631,2195,0.001919,3,2024-12-17 21:10:51,Medium,True,Good
1144,79,1,3,593,728,1398,0.007871,4,2024-12-17 19:35:15,Medium,True,Excellent
1145,85,3,3,191,206,693,0.001423,3,2024-12-01 01:35:10,Simple,True,Good
1146,161,3,2,99,162,872,0.001212,5,2024-12-05 23:36:03,Simple,False,Good
1147,258,3,8,215,324,1747,0.002303,5,2024-12-11 04:51:01,Simple,True,Good
1148,242,3,7,451,570,1204,0.003677,4,2024-12-12 10:14:12,Medium,False,Good
1149,99,5,6,463,527,958,0.001577,4,2024-10-20 03:43:49,Medium,True,Good
1150,185,5,6,426,448,1262,0.00129,1,2024-10-18 12:15:15,Simple,True,Fair
1151,227,1,9,1984,1914,1551,0.020156,4,2024-10-13 10:25:35,Medium,True,Excellent
1152,219,5,3,289,348,2176,0.001032,3,2024-11-23 18:36:04,Simple,True,Good
1153,34,3,1,1273,1387,2774,0.008991,5,2024-11-23 10:55:59,Medium,True,Good
1154,215,1,9,388,335,1021,0.003373,5,2024-10-10 12:50:50,Simple,True,Excellent
1155,274,5,9,964,807,1931,0.002288,4,2024-12-22 04:16:19,Medium,True,Good
1156,187,4,4,1289,1335,1373,0.006308,4,2024-11-19 18:12:10,Medium,True,Good
1157,194,4,1,572,659,678,0.00339,5,2024-10-18 06:57:39,Medium,True,Good
1158,199,4,8,555,912,762,0.004835,4,2024-12-17 19:48:23,Medium,True,Good
1159,261,1,2,174,263,583,0.00237,3,2024-10-16 07:57:27,Simple,False,Good
1160,228,5,1,644,1066,1095,0.003266,4,2024-10-10 17:07:17,Medium,True,Good
1161,58,4,9,365,481,4303,0.002379,3,2024-10-24 13:34:59,Simple,False,Good
1162,29,4,6,217,187,5032,0.000862,4,2024-12-25 03:41:59,Simple,True,Good
1163,94,5,4,768,726,3813,0.002176,4,2024-11-01 12:30:41,Medium,True,Good
1164,2,2,1,1791,1906,2090,0.015465,4,2024-10-20 21:21:19,Medium,True,Excellent
1165,9,3,9,314,410,695,0.002667,4,2024-12-20 15:41:29,Simple,True,Good
1166,144,1,5,1358,1823,1411,0.019232,1,2024-11-04 14:35:55,Medium,False,Fair
1167,51,1,4,412,628,1044,0.006821,4,2024-10-23 05:02:08,Medium,True,Excellent
1168,243,2,2,774,924,1045,0.006912,2,2024-11-26 04:14:04,Medium,False,Fair
1169,296,1,1,890,953,2360,0.008827,4,2024-11-25 19:55:17,Medium,False,Excellent
1170,284,5,1,1558,1737,3130,0.005462,4,2024-11-26 10:09:25,Medium,True,Good
1171,138,4,6,445,528,2996,0.002689,2,2024-11-24 03:07:59,Medium,True,Fair
1172,17,2,5,622,638,1008,0.005268,4,2024-11-12 06:12:03,Medium,True,Excellent
1173,62,5,5,372,534,2005,0.001478,5,2024-12-09 15:29:04,Medium,False,Good
1174,46,2,2,318,399,2385,0.003463,3,2024-12-24 08:45:26,Simple,True,Good
1175,54,4,3,518,486,3667,0.002189,4,2024-12-09 09:43:05,Simple,True,Good
1176,106,1,8,764,724,978,0.006769,2,2024-11-07 07:03:15,Medium,False,Fair
1177,225,4,3,223,338,1105,0.001843,5,2024-11-15 21:51:04,Simple,True,Good
1178,6,4,9,339,288,4516,0.001308,5,2024-12-04 02:40:05,Simple,False,Good
1179,83,2,9,409,375,730,0.003259,4,2024-11-24 02:07:53,Simple,True,Excellent
1180,250,4,8,517,478,1395,0.0026,3,2024-12-14 02:07:42,Simple,True,Good
1181,196,1,8,752,1054,1288,0.010808,5,2024-10-03 23:30:41,Medium,True,Excellent
1182,257,4,5,1144,1484,1718,0.007221,4,2024-11-26 00:24:54,Medium,True,Good
1183,236,1,6,1166,1121,3017,0.011085,4,2024-11-06 19:10:03,Medium,True,Excellent
1184,166,3,1,481,695,861,0.005168,5,2024-10-13 10:50:44,Medium,True,Good
1185,290,3,8,595,833,1891,0.005967,5,2024-10-16 22:13:42,Medium,True,Good
1186,263,1,2,132,137,997,0.00146,3,2024-11-09 10:06:47,Simple,True,Good
1187,147,3,9,463,479,500,0.003202,4,2024-11-01 08:03:24,Simple,False,Good
1188,80,1,5,547,606,686,0.006164,2,2024-10-24 16:41:17,Medium,True,Fair
1189,230,2,2,435,512,1683,0.004306,4,2024-11-05 12:05:51,Medium,True,Excellent
1190,293,4,3,519,543,2532,0.002668,2,2024-12-22 18:40:38,Medium,False,Fair
1191,166,4,1,586,874,724,0.00402,5,2024-10-11 03:08:29,Medium,True,Good
1192,212,5,5,560,549,1446,0.001555,4,2024-10-13 20:46:51,Medium,True,Good
1193,51,2,5,584,556,2171,0.00447,3,2024-12-23 00:18:27,Medium,False,Good
1194,9,3,8,311,345,2148,0.002399,3,2024-12-22 01:14:10,Simple,True,Good
1195,147,5,5,395,479,1891,0.001456,1,2024-10-13 07:23:20,Simple,True,Fair
1196,280,2,2,522,678,1396,0.00542,5,2024-10-27 02:06:28,Medium,False,Excellent
1197,98,5,8,611,523,1692,0.00155,5,2024-11-18 06:10:26,Medium,False,Good
1198,192,3,7,187,199,2314,0.001423,1,2024-11-22 00:46:17,Simple,True,Fair
1199,174,4,4,166,249,2302,0.001352,4,2024-11-06 16:47:24,Simple,False,Good
1200,76,5,7,502,474,2607,0.001391,4,2024-10-23 13:24:22,Simple,True,Good
1201,131,5,6,834,904,5516,0.002981,4,2024-11-22 21:52:20,Medium,True,Good
1202,165,4,9,855,783,634,0.004038,4,2024-11-24 10:44:48,Medium,False,Good
1203,170,3,2,500,810,3544,0.006224,2,2024-12-28 10:02:17,Medium,True,Fair
1204,298,4,5,709,748,1067,0.003435,5,2024-10-24 01:18:14,Medium,False,Good
1205,76,3,2,637,1016,2335,0.007117,3,2024-12-02 10:16:32,Medium,False,Good
1206,256,3,3,377,516,2894,0.003913,4,2024-12-14 17:40:53,Medium,True,Good
1207,240,2,6,512,585,3464,0.004815,5,2024-10-26 22:25:05,Medium,True,Excellent
1208,18,2,5,675,617,1054,0.005288,4,2024-11-20 16:56:19,Medium,True,Excellent
1209,7,5,5,824,718,2606,0.002026,5,2024-10-09 03:18:04,Medium,True,Good
1210,164,2,8,1069,1211,5537,0.009284,4,2024-10-10 02:26:21,Medium,True,Excellent
1211,260,1,9,1023,953,1273,0.009235,4,2024-12-24 18:45:53,Medium,True,Excellent
1212,32,4,2,314,510,1478,0.002771,2,2024-11-20 14:23:54,Medium,True,Fair
1213,185,5,8,140,165,4746,0.000451,4,2024-12-23 18:41:58,Simple,True,Good
1214,158,3,6,1239,1043,3001,0.007653,4,2024-10-17 19:55:09,Medium,True,Good
1215,186,5,6,237,199,1269,0.000595,5,2024-12-05 12:03:52,Simple,True,Good
1216,272,5,4,776,1112,692,0.003508,4,2024-10-16 04:18:18,Medium,True,Good
1217,138,3,8,381,321,1269,0.002088,2,2024-12-18 21:54:29,Simple,True,Fair
1218,281,1,3,356,368,2055,0.003371,3,2024-11-10 01:05:04,Simple,True,Good
1219,91,4,3,343,371,773,0.002006,4,2024-11-28 11:24:24,Simple,False,Good
1220,248,2,4,503,448,4768,0.003372,3,2024-11-05 10:04:35,Simple,True,Good
1221,296,1,2,249,341,2203,0.003269,3,2024-12-05 17:20:48,Simple,False,Good
1222,188,2,1,349,412,2959,0.003099,2,2024-10-01 16:59:51,Simple,True,Fair
1223,55,3,3,131,197,597,0.001398,4,2024-10-16 23:27:54,Simple,True,Good
1224,272,3,4,1050,1011,2706,0.006755,5,2024-12-14 07:13:44,Medium,True,Good
1225,25,4,7,287,318,965,0.001729,2,2024-11-18 17:41:40,Simple,True,Fair
1226,14,3,6,2451,2339,1908,0.0163,3,2024-12-14 19:32:36,Complex,True,Good
1227,180,1,5,927,874,1562,0.008449,4,2024-12-20 13:04:02,Medium,True,Excellent
1228,144,3,2,254,283,2856,0.001919,3,2024-10-16 21:27:13,Simple,False,Good
1229,217,2,7,140,144,2469,0.001248,3,2024-11-04 22:48:27,Simple,True,Good
1230,94,3,1,388,446,1643,0.003111,4,2024-10-21 16:22:56,Simple,True,Good
1231,97,5,5,236,333,4386,0.001026,5,2024-12-07 17:05:21,Simple,False,Good
1232,85,5,6,275,333,687,0.001092,3,2024-10-29 07:25:24,Simple,False,Good
1233,118,2,9,880,840,2261,0.006632,4,2024-11-06 05:44:52,Medium,True,Excellent
1234,218,2,6,871,1078,1107,0.008127,5,2024-11-24 20:08:47,Medium,True,Excellent
1235,176,1,8,432,596,3801,0.006187,5,2024-11-01 17:06:02,Medium,True,Excellent
1236,134,4,3,2163,3426,7144,0.015944,5,2024-10-01 17:37:59,Complex,False,Good
1237,85,5,5,478,449,1977,0.001263,5,2024-10-05 14:46:41,Simple,True,Good
1238,193,3,2,910,808,1264,0.005286,5,2024-10-25 15:54:46,Medium,True,Good
1239,162,1,6,402,359,2633,0.003236,5,2024-10-14 01:55:34,Simple,True,Excellent
1240,59,1,5,184,194,5685,0.001798,4,2024-12-17 13:20:37,Simple,True,Excellent
1241,43,2,7,1191,1075,1643,0.008464,1,2024-10-06 21:32:55,Medium,True,Fair
1242,85,2,4,535,477,2117,0.00365,4,2024-11-29 20:46:16,Simple,True,Excellent
1243,41,2,8,316,434,1059,0.003417,4,2024-10-07 04:34:27,Simple,True,Excellent
1244,173,3,7,348,308,1406,0.002245,5,2024-11-21 07:14:30,Simple,True,Good
1245,139,2,7,1524,1447,2338,0.010589,5,2024-12-01 20:14:55,Medium,True,Excellent
1246,66,4,7,424,662,3444,0.003228,4,2024-12-16 07:16:00,Medium,False,Good
1247,38,2,4,655,593,573,0.004369,4,2024-11-24 20:07:56,Medium,True,Excellent
1248,23,3,6,669,596,2023,0.00405,5,2024-11-24 04:18:54,Medium,True,Good
1249,120,3,8,290,265,933,0.001764,3,2024-11-24 01:52:40,Simple,False,Good
1250,62,4,9,2677,2269,675,0.011083,4,2024-11-14 22:12:44,Complex,True,Good
1251,139,5,5,1224,1248,1275,0.003406,1,2024-12-08 08:02:29,Medium,True,Fair
1252,103,4,4,523,441,2877,0.002087,5,2024-11-14 15:12:23,Simple,True,Good
1253,285,2,9,504,436,2814,0.003616,5,2024-12-29 11:29:52,Simple,True,Excellent
1254,10,5,7,983,870,1725,0.002671,5,2024-12-07 11:34:45,Medium,True,Good
1255,34,1,3,423,366,8796,0.003344,4,2024-10-05 12:53:06,Simple,True,Excellent
1256,220,5,6,821,880,2149,0.002782,4,2024-11-28 07:46:57,Medium,True,Good
1257,279,2,4,132,219,2095,0.001818,2,2024-10-18 02:46:02,Simple,True,Fair
1258,160,2,9,280,246,3971,0.002141,5,2024-11-28 02:02:08,Simple,True,Excellent
1259,197,4,8,214,278,1541,0.001349,4,2024-11-09 20:37:43,Simple,True,Good
1260,81,1,3,413,442,1734,0.004108,5,2024-10-14 00:22:22,Simple,True,Excellent
1261,230,4,3,2112,2122,2252,0.010115,3,2024-10-04 05:08:49,Complex,True,Good
1262,208,1,1,281,333,2075,0.003042,3,2024-11-22 14:26:15,Simple,False,Good
1263,35,5,4,162,240,1319,0.000769,4,2024-12-29 12:20:12,Simple,False,Good
1264,207,2,7,535,781,2344,0.006268,2,2024-10-09 06:33:46,Medium,True,Fair
1265,190,1,8,266,348,3981,0.003478,4,2024-10-14 22:35:10,Simple,True,Excellent
1266,200,5,2,553,662,3013,0.001939,4,2024-11-21 17:19:41,Medium,True,Good
1267,157,3,6,2598,2288,1436,0.016205,5,2024-11-01 00:49:20,Complex,False,Good
1268,85,2,1,406,467,1549,0.003968,4,2024-11-10 20:19:58,Simple,True,Excellent
1269,13,2,4,599,735,742,0.005997,4,2024-12-10 13:23:49,Medium,True,Excellent
1270,40,5,4,491,503,829,0.001455,4,2024-11-30 07:34:39,Medium,False,Good
1271,63,2,1,513,622,1294,0.005197,3,2024-12-04 18:39:34,Medium,True,Good
1272,266,1,3,1142,1165,2250,0.011648,5,2024-11-25 14:21:33,Medium,True,Excellent
1273,176,5,6,429,561,2143,0.001675,5,2024-10-03 19:12:45,Medium,False,Good
1274,105,2,5,124,162,2217,0.001179,4,2024-10-03 17:52:11,Simple,True,Excellent
1275,33,4,4,410,423,2116,0.002208,3,2024-10-18 22:11:12,Simple,True,Good
1276,63,1,1,776,699,5129,0.00736,2,2024-11-27 18:40:40,Medium,True,Fair
1277,189,4,7,198,292,3073,0.001462,3,2024-12-08 10:24:11,Simple,True,Good
1278,211,1,8,224,299,896,0.003068,3,2024-12-09 09:57:25,Simple,True,Good
1279,275,1,7,263,286,8304,0.003072,4,2024-12-17 05:11:09,Simple,True,Excellent
1280,251,2,3,900,1218,1298,0.010403,3,2024-12-09 17:11:24,Medium,True,Good
1281,173,4,9,441,462,1502,0.002371,4,2024-12-13 09:09:21,Simple,False,Good
1282,17,1,7,515,561,2617,0.005094,4,2024-10-20 13:30:29,Medium,True,Excellent
1283,188,2,2,264,384,1287,0.002909,2,2024-11-30 11:47:17,Simple,True,Fair
1284,293,2,7,1414,1470,2673,0.011529,4,2024-11-14 13:26:20,Medium,True,Excellent
1285,32,5,2,318,394,600,0.001299,3,2024-12-12 11:48:59,Simple,True,Good
1286,6,2,2,1803,1526,1274,0.01252,3,2024-12-30 16:05:11,Medium,True,Good
1287,91,5,2,810,907,562,0.002559,3,2024-10-03 04:47:12,Medium,True,Good
1288,205,2,8,406,378,3525,0.00308,4,2024-10-29 03:15:44,Simple,True,Excellent
1289,78,1,1,505,451,5166,0.004613,5,2024-12-10 04:33:30,Simple,True,Excellent
1290,134,3,4,3185,4000,2667,0.025816,4,2024-11-30 06:54:21,Complex,True,Good
1291,92,1,4,898,1492,1441,0.014885,4,2024-11-12 04:20:08,Medium,False,Excellent
1292,232,4,2,646,675,908,0.003181,4,2024-11-06 10:20:42,Medium,True,Good
1293,128,5,2,135,171,4968,0.000471,4,2024-10-11 19:07:09,Simple,False,Good
1294,207,2,5,282,275,500,0.002034,3,2024-10-14 05:29:30,Simple,True,Good
1295,153,4,8,336,331,2920,0.001561,5,2024-11-09 01:18:47,Simple,False,Good
1296,208,5,4,1194,1087,7886,0.002988,4,2024-12-08 16:50:51,Medium,True,Good
1297,91,5,7,677,606,1007,0.001758,4,2024-12-27 23:42:10,Medium,True,Good
1298,70,5,7,444,485,1351,0.001457,3,2024-10-08 14:33:44,Simple,True,Good
1299,28,1,7,211,217,3643,0.002206,5,2024-11-01 01:11:50,Simple,True,Excellent
1300,21,5,7,2607,2566,1627,0.007495,4,2024-12-06 00:08:19,Complex,True,Good
1301,46,4,6,797,844,7475,0.003904,2,2024-10-09 19:00:55,Medium,True,Fair
1302,41,4,7,289,335,1295,0.001752,5,2024-10-26 07:20:01,Simple,False,Good
1303,230,5,8,787,742,2100,0.00206,5,2024-11-24 05:11:44,Medium,False,Good
1304,255,3,6,573,577,500,0.003699,4,2024-10-25 19:41:30,Medium,False,Good
1305,6,4,1,495,570,4241,0.002958,4,2024-11-16 11:13:35,Medium,True,Good
1306,67,3,4,269,373,2450,0.00264,5,2024-12-13 16:51:07,Simple,False,Good
1307,169,2,7,782,1293,2952,0.01092,4,2024-12-13 04:27:50,Medium,True,Excellent
1308,217,5,6,973,933,3230,0.002764,5,2024-12-18 21:47:44,Medium,True,Good
1309,260,2,1,1458,1378,1970,0.012111,3,2024-11-11 10:20:31,Medium,True,Good
1310,237,1,9,433,603,1561,0.00613,4,2024-10-31 21:00:48,Medium,True,Excellent
1311,248,3,6,544,803,1552,0.005831,3,2024-12-20 09:15:46,Medium,True,Good
1312,208,2,5,401,390,2303,0.003277,1,2024-12-28 01:12:45,Simple,False,Fair
1313,134,1,2,74,90,2445,0.000977,3,2024-10-31 14:45:57,Simple,True,Good
1314,201,5,1,1179,1021,2552,0.002923,5,2024-12-19 02:49:28,Medium,True,Good
1315,131,1,3,874,737,785,0.007235,4,2024-10-17 10:43:21,Medium,True,Excellent
1316,180,3,7,2456,2932,2724,0.019089,4,2024-11-29 16:23:03,Complex,True,Good
1317,165,4,6,101,127,2101,0.000696,5,2024-10-17 13:23:04,Simple,True,Good
1318,67,3,2,390,391,4048,0.002872,1,2024-12-25 19:51:10,Simple,True,Fair
1319,14,1,5,1077,994,2172,0.009046,5,2024-10-20 01:21:30,Medium,True,Excellent
1320,289,3,3,1242,1184,3531,0.007998,5,2024-12-27 08:16:17,Medium,True,Good
1321,11,3,7,624,534,7000,0.003704,5,2024-10-26 01:52:43,Medium,True,Good
1322,145,1,3,295,306,2742,0.002884,3,2024-10-15 05:51:51,Simple,False,Good
1323,255,2,4,417,441,2245,0.003673,2,2024-10-08 07:04:23,Simple,True,Fair
1324,145,4,3,888,818,1321,0.004147,4,2024-12-04 22:59:08,Medium,True,Good
1325,225,1,4,726,642,1037,0.006576,4,2024-12-06 23:53:53,Medium,True,Excellent
1326,208,2,8,354,523,897,0.003859,3,2024-12-14 13:06:58,Medium,True,Good
1327,106,4,5,219,345,4123,0.001601,3,2024-10-20 08:30:53,Simple,True,Good
1328,11,4,5,699,797,907,0.003748,2,2024-10-28 16:37:38,Medium,True,Fair
1329,25,2,7,921,787,3328,0.006841,2,2024-11-11 00:18:04,Medium,True,Fair
1330,243,4,7,126,159,1419,0.000857,4,2024-10-04 06:17:05,Simple,False,Good
1331,187,2,1,210,258,2422,0.002226,5,2024-12-11 19:17:42,Simple,True,Excellent
1332,293,3,1,406,646,1138,0.004264,4,2024-10-17 11:30:24,Medium,False,Good
1333,196,1,9,505,462,1612,0.004697,1,2024-11-17 22:33:25,Simple,True,Fair
1334,152,4,4,436,499,1765,0.002507,5,2024-12-26 18:35:13,Simple,True,Good
1335,82,3,7,296,379,1235,0.002815,4,2024-11-24 12:51:16,Simple,True,Good
1336,166,2,5,707,784,1396,0.006216,5,2024-12-22 10:25:24,Medium,True,Excellent
1337,19,5,2,627,548,2312,0.001691,3,2024-11-30 03:53:48,Medium,True,Good
1338,4,3,5,343,450,1719,0.003408,4,2024-11-11 04:27:48,Simple,True,Good
1339,46,4,2,3002,2571,712,0.012507,5,2024-12-29 00:04:42,Complex,True,Good
1340,159,1,3,73,111,836,0.001178,3,2024-11-15 15:11:25,Simple,True,Good
1341,283,5,9,1086,1586,773,0.004925,4,2024-11-01 19:49:22,Medium,True,Good
1342,215,4,5,875,769,1005,0.003689,4,2024-11-11 14:36:43,Medium,True,Good
1343,234,2,4,690,591,698,0.004898,5,2024-12-02 03:13:52,Medium,True,Excellent
1344,31,4,4,2067,2136,1660,0.01032,4,2024-11-22 21:46:18,Complex,True,Good
1345,237,3,1,1301,1296,1234,0.009265,4,2024-10-06 11:23:17,Medium,False,Good
1346,248,4,5,881,860,1378,0.004658,3,2024-12-17 01:20:59,Medium,True,Good
1347,85,5,9,868,961,2809,0.002727,5,2024-12-07 05:57:00,Medium,True,Good
1348,39,1,5,895,1197,1333,0.011123,4,2024-10-16 20:45:49,Medium,True,Excellent
1349,114,1,3,2245,1885,3642,0.018278,4,2024-10-28 18:29:13,Medium,True,Excellent
1350,288,2,2,474,495,3285,0.003641,3,2024-12-27 04:23:32,Simple,True,Good
1351,88,3,5,839,885,1571,0.006255,1,2024-11-29 19:43:16,Medium,False,Fair
1352,219,2,8,105,171,1076,0.001397,3,2024-12-15 20:38:51,Simple,True,Good
1353,86,1,1,1437,1384,3565,0.012692,4,2024-12-02 14:58:50,Medium,True,Excellent
1354,117,3,3,1272,1171,500,0.00794,3,2024-10-10 23:27:00,Medium,True,Good
1355,125,2,9,885,1130,1132,0.009634,3,2024-10-16 00:03:08,Medium,False,Good
1356,261,3,9,580,567,3261,0.00375,4,2024-11-01 04:43:48,Medium,True,Good
1357,182,2,7,487,628,3142,0.005383,4,2024-11-27 18:33:19,Medium,True,Excellent
1358,173,2,8,300,417,2642,0.003253,4,2024-11-28 02:40:27,Simple,True,Excellent
1359,29,3,9,1282,1123,565,0.007539,4,2024-12-26 13:05:50,Medium,True,Good
1360,135,2,2,1420,1466,3529,0.010957,2,2024-10-20 06:12:18,Medium,False,Fair
1361,187,4,3,378,539,1401,0.002682,4,2024-10-16 10:22:39,Medium,True,Good
1362,54,1,7,251,300,2943,0.003093,3,2024-12-04 22:00:33,Simple,True,Good
1363,24,4,6,410,349,2608,0.00189,4,2024-12-30 23:02:00,Simple,True,Good
1364,47,4,1,919,1105,1292,0.005015,4,2024-12-13 14:17:19,Medium,True,Good
1365,183,1,4,774,833,931,0.008541,4,2024-11-24 22:58:37,Medium,True,Excellent
1366,178,1,2,362,322,1234,0.003267,5,2024-11-02 06:17:15,Simple,True,Excellent
1367,263,1,6,722,638,2424,0.005803,1,2024-11-04 20:26:36,Medium,True,Fair
1368,90,5,8,786,857,1635,0.002655,4,2024-10-22 23:55:05,Medium,True,Good
1369,237,1,8,258,287,1962,0.002769,4,2024-10-17 14:43:54,Simple,False,Excellent
1370,171,4,7,891,851,7133,0.004172,4,2024-11-24 20:30:05,Medium,True,Good
1371,148,5,5,358,476,2772,0.001336,3,2024-12-30 02:39:04,Simple,True,Good
1372,245,1,7,401,413,1554,0.004524,4,2024-12-08 04:07:12,Simple,True,Excellent
1373,9,2,8,248,237,1663,0.002057,5,2024-11-02 15:02:15,Simple,True,Excellent
1374,31,4,2,2287,1989,1451,0.010918,4,2024-11-21 08:26:45,Medium,True,Good
1375,199,4,4,435,403,2007,0.001825,4,2024-12-10 12:24:36,Simple,True,Good
1376,238,5,5,471,398,3761,0.001173,4,2024-11-18 08:09:23,Simple,True,Good
1377,279,3,7,261,290,1949,0.002159,5,2024-10-27 09:16:00,Simple,False,Good
1378,289,2,7,391,391,2163,0.00322,4,2024-11-30 01:55:22,Simple,True,Excellent
1379,158,4,7,453,381,3775,0.00187,4,2024-10-28 22:12:14,Simple,True,Good
1380,179,5,4,886,1469,852,0.00431,4,2024-12-12 21:46:47,Medium,True,Good
1381,93,2,9,168,221,2524,0.001692,3,2024-12-13 22:47:14,Simple,True,Good
1382,275,4,9,688,595,4073,0.00298,2,2024-11-30 07:25:28,Medium,False,Fair
1383,192,3,3,680,617,1060,0.004724,4,2024-11-24 14:03:56,Medium,True,Good
1384,265,1,6,301,308,5591,0.002797,4,2024-11-18 07:40:21,Simple,True,Excellent
1385,40,5,4,227,328,1766,0.000938,3,2024-11-01 21:26:45,Simple,True,Good
1386,215,3,3,583,500,3607,0.003406,4,2024-10-16 19:11:38,Medium,False,Good
1387,253,4,6,371,471,904,0.002511,3,2024-11-30 20:54:58,Simple,True,Good
1388,27,2,6,401,494,814,0.00388,5,2024-11-19 17:54:44,Simple,True,Excellent
1389,265,2,3,584,535,3468,0.004444,4,2024-11-18 13:49:37,Medium,True,Excellent
1390,40,4,4,386,368,1066,0.001973,2,2024-12-15 03:06:07,Simple,True,Fair
1391,181,2,3,866,815,3987,0.00592,3,2024-12-10 14:46:38,Medium,True,Good
1392,28,2,6,3962,4000,3724,0.032505,1,2024-10-30 06:04:45,Complex,False,Fair
1393,244,3,5,472,473,1349,0.003026,3,2024-12-10 02:46:37,Simple,False,Good
1394,57,2,7,516,458,1366,0.003901,4,2024-12-24 08:51:57,Simple,True,Excellent
1395,271,4,1,1991,1809,733,0.009258,4,2024-11-28 00:47:13,Medium,True,Good
1396,152,1,8,242,343,3653,0.003672,2,2024-11-22 15:16:48,Simple,True,Fair
1397,246,1,2,1042,997,1576,0.009179,5,2024-12-10 03:36:55,Medium,True,Excellent
1398,127,5,1,553,723,3426,0.002269,2,2024-12-06 08:39:58,Medium,True,Fair
1399,134,2,6,156,203,713,0.001602,4,2024-11-05 17:41:30,Simple,False,Excellent
1400,31,4,4,225,251,1268,0.001276,2,2024-12-03 16:11:23,Simple,True,Fair
1401,285,5,3,928,992,1520,0.002707,3,2024-10-07 07:38:06,Medium,True,Good
1402,181,4,7,396,440,1584,0.002228,5,2024-12-23 12:23:54,Simple,False,Good
1403,97,5,6,400,343,4563,0.000955,5,2024-11-11 20:01:52,Simple,True,Good
1404,132,5,5,1100,1478,1973,0.004307,5,2024-10-17 18:46:36,Medium,True,Good
1405,44,2,3,594,826,2636,0.006663,5,2024-10-12 17:36:30,Medium,True,Excellent
1406,280,2,5,1349,1274,3627,0.010354,2,2024-10-28 02:06:58,Medium,True,Fair
1407,163,4,8,938,1107,1436,0.005307,4,2024-10-01 22:33:08,Medium,True,Good
1408,208,3,8,1186,993,2303,0.007505,5,2024-12-04 14:39:27,Medium,True,Good
1409,181,3,8,272,445,606,0.002959,4,2024-11-01 06:28:34,Simple,True,Good
1410,39,5,4,396,373,2156,0.001086,4,2024-10-30 03:59:50,Simple,True,Good
1411,290,4,6,913,1512,1385,0.0073,1,2024-11-22 17:23:53,Medium,True,Fair
1412,281,3,9,453,472,1096,0.003197,4,2024-12-28 19:16:20,Simple,False,Good
1413,242,2,6,387,638,2432,0.005066,4,2024-11-15 02:17:49,Medium,True,Excellent
1414,252,5,2,2212,2357,1213,0.006689,5,2024-11-27 07:52:25,Complex,True,Good
1415,286,3,6,453,709,1122,0.005015,3,2024-11-11 19:41:27,Medium,True,Good
1416,299,3,2,1308,1164,973,0.007948,4,2024-12-07 15:11:59,Medium,True,Good
1417,4,4,1,472,627,4612,0.00316,2,2024-11-12 18:44:55,Medium,True,Fair
1418,147,3,4,416,534,2230,0.004072,3,2024-12-20 22:47:55,Medium,True,Good
1419,66,3,9,853,788,1266,0.005728,4,2024-12-07 18:39:38,Medium,True,Good
1420,78,2,3,326,467,1089,0.004011,3,2024-12-12 01:27:33,Simple,True,Good
1421,223,2,8,195,298,730,0.002373,2,2024-10-14 08:26:50,Simple,True,Fair
1422,273,3,7,449,716,1249,0.004589,5,2024-10-14 21:05:22,Medium,True,Good
1423,187,4,1,696,930,4342,0.004955,4,2024-10-03 07:44:12,Medium,False,Good
1424,20,1,8,256,287,1594,0.002758,3,2024-12-13 00:47:49,Simple,True,Good
1425,292,3,6,1253,1191,1918,0.008133,5,2024-10-18 22:07:06,Medium,True,Good
1426,257,2,9,486,639,3468,0.005405,4,2024-11-02 08:38:26,Medium,True,Excellent
1427,249,5,6,155,222,1716,0.000623,2,2024-11-27 16:38:53,Simple,True,Fair
1428,241,5,8,955,808,4356,0.002444,3,2024-12-16 14:47:26,Medium,False,Good
1429,294,5,8,657,601,2131,0.001639,5,2024-12-02 09:06:19,Medium,False,Good
1430,80,4,3,820,1223,1630,0.006043,5,2024-10-04 04:36:50,Medium,False,Good
1431,277,4,3,748,1214,866,0.006221,4,2024-12-18 18:16:27,Medium,False,Good
1432,152,2,2,324,437,1361,0.003304,4,2024-10-10 22:33:41,Simple,True,Excellent
1433,257,1,4,339,443,2100,0.004037,4,2024-11-10 07:10:16,Simple,True,Excellent
1434,294,2,8,1314,1259,915,0.010402,5,2024-12-25 15:05:49,Medium,True,Excellent
1435,64,4,6,143,150,1759,0.000717,3,2024-10-04 10:22:40,Simple,True,Good
1436,219,5,4,639,704,500,0.002279,5,2024-11-30 21:55:43,Medium,True,Good
1437,188,3,9,616,561,1959,0.004013,3,2024-12-20 17:07:55,Medium,True,Good
1438,204,3,1,1043,1065,2960,0.007737,4,2024-12-21 16:23:45,Medium,False,Good
1439,114,2,3,225,252,1880,0.001913,4,2024-11-12 03:33:24,Simple,True,Excellent
1440,151,4,7,290,324,1094,0.00154,1,2024-10-31 23:23:47,Simple,False,Fair
1441,64,2,4,995,1496,2626,0.01096,4,2024-12-04 21:05:10,Medium,True,Excellent
1442,148,1,3,337,362,1051,0.00395,4,2024-10-08 22:02:34,Simple,True,Excellent
1443,222,2,9,552,534,2987,0.004525,5,2024-12-14 04:09:01,Medium,True,Excellent
1444,73,1,1,1267,1257,2218,0.012026,4,2024-11-25 20:16:24,Medium,True,Excellent
1445,211,4,9,578,546,3394,0.002495,4,2024-10-29 18:51:29,Medium,True,Good
1446,141,5,2,684,919,1218,0.002549,4,2024-12-03 05:53:20,Medium,True,Good
1447,242,5,7,380,336,1030,0.000994,4,2024-11-10 22:02:29,Simple,True,Good
1448,173,2,3,626,602,3667,0.005147,4,2024-10-28 15:27:15,Medium,True,Excellent
1449,190,4,3,277,312,1281,0.001507,2,2024-11-01 08:10:43,Simple,False,Fair
1450,124,5,3,273,330,961,0.000934,5,2024-12-19 14:21:04,Simple,True,Good
1451,211,5,1,992,1396,1125,0.003831,2,2024-12-30 15:16:39,Medium,True,Fair
1452,111,2,6,943,1120,3332,0.009696,4,2024-11-29 08:43:02,Medium,True,Excellent
1453,129,2,6,979,950,2732,0.007831,4,2024-11-08 21:00:02,Medium,True,Excellent
1454,143,3,7,1026,963,943,0.006409,4,2024-10-25 00:32:05,Medium,True,Good
1455,17,2,6,453,564,3544,0.004549,5,2024-12-20 09:38:09,Medium,True,Excellent
1456,96,2,2,475,693,500,0.006007,4,2024-11-09 11:15:40,Medium,True,Excellent
1457,15,2,9,221,290,1673,0.002401,4,2024-12-25 12:49:19,Simple,True,Excellent
1458,256,3,9,1359,1164,2230,0.007605,2,2024-11-04 22:54:28,Medium,True,Fair
1459,62,3,8,964,912,1350,0.006603,4,2024-11-25 08:24:36,Medium,True,Good
1460,136,1,2,260,406,1645,0.004427,4,2024-10-17 12:22:33,Simple,True,Excellent
1461,115,4,1,54,79,1416,0.000428,4,2024-11-29 11:28:11,Simple,True,Good
1462,102,2,6,430,397,3128,0.003484,5,2024-10-14 10:55:22,Simple,True,Excellent
1463,297,3,8,869,969,3081,0.00705,4,2024-10-27 04:51:41,Medium,False,Good
1464,151,2,7,709,685,3519,0.005849,5,2024-11-12 15:54:17,Medium,True,Excellent
1465,119,2,7,3019,4000,1297,0.03085,3,2024-10-16 15:11:24,Complex,True,Good
1466,54,1,9,355,324,1450,0.003533,5,2024-11-29 07:57:47,Simple,True,Excellent
1467,219,3,1,295,366,5848,0.002372,4,2024-11-16 23:08:51,Simple,True,Good
1468,187,4,5,490,644,2230,0.00345,4,2024-11-14 11:05:00,Medium,True,Good
1469,283,3,1,784,735,981,0.005058,5,2024-11-10 20:54:20,Medium,True,Good
1470,160,3,5,664,831,755,0.00572,2,2024-10-11 04:03:18,Medium,True,Fair
1471,12,2,9,396,437,1856,0.003421,4,2024-10-14 05:36:08,Simple,True,Excellent
1472,265,4,8,757,1130,1863,0.006072,3,2024-12-03 21:19:11,Medium,True,Good
1473,280,1,4,323,312,863,0.002883,3,2024-12-09 12:23:50,Simple,True,Good
1474,54,1,2,163,261,2188,0.002728,5,2024-11-19 02:39:19,Simple,True,Excellent
1475,1,3,3,1634,2120,1269,0.013574,3,2024-12-19 01:37:50,Complex,True,Good
1476,112,5,8,2363,2456,1717,0.007917,4,2024-11-04 02:35:35,Complex,True,Good
1477,236,3,3,205,233,3460,0.001739,2,2024-12-09 05:53:25,Simple,True,Fair
1478,229,5,9,996,868,1371,0.002797,5,2024-10-02 03:04:44,Medium,True,Good
1479,86,3,5,271,452,1290,0.003451,3,2024-11-15 18:44:14,Simple,True,Good
1480,181,2,8,307,362,3998,0.002838,3,2024-10-22 02:56:19,Simple,True,Good
1481,48,2,8,671,590,4223,0.004996,5,2024-10-07 12:59:13,Medium,False,Excellent
1482,41,3,4,950,944,4689,0.006093,4,2024-11-21 11:27:15,Medium,True,Good
1483,91,5,7,226,254,725,0.000729,4,2024-11-02 10:31:48,Simple,True,Good
1484,69,1,1,460,590,2247,0.005916,2,2024-12-05 17:53:22,Medium,True,Fair
1485,86,2,7,1190,1265,519,0.01046,2,2024-12-10 02:22:31,Medium,True,Fair
1486,43,4,8,518,753,12000,0.003696,4,2024-10-25 17:49:32,Medium,False,Good
1487,204,1,7,777,804,1229,0.008741,4,2024-12-14 11:07:26,Medium,True,Excellent
1488,236,1,8,410,530,1752,0.00549,4,2024-10-06 14:16:28,Medium,True,Excellent
1489,211,3,5,904,802,2125,0.006109,4,2024-12-03 01:16:01,Medium,True,Good
1490,180,5,5,955,916,4731,0.002522,4,2024-10-13 21:38:15,Medium,True,Good
1491,217,5,4,416,381,1966,0.001243,5,2024-11-20 04:29:04,Simple,False,Good
1492,125,5,4,380,346,2312,0.001092,4,2024-12-25 20:20:07,Simple,True,Good
1493,75,2,2,790,672,2055,0.005644,4,2024-10-18 13:54:17,Medium,True,Excellent
1494,104,3,8,1336,1450,2206,0.00945,3,2024-10-26 09:14:37,Medium,True,Good
1495,68,3,3,290,424,5930,0.003079,3,2024-12-20 18:56:18,Simple,True,Good
1496,227,4,2,1261,1169,2279,0.006183,3,2024-10-22 19:45:25,Medium,True,Good
1497,299,4,4,1188,1064,1681,0.004894,4,2024-12-17 04:55:34,Medium,True,Good
1498,197,1,5,485,438,3250,0.004774,4,2024-11-05 05:33:05,Simple,True,Excellent
1499,192,2,5,445,486,1512,0.004202,3,2024-12-01 18:32:38,Simple,True,Good
1500,288,3,2,312,497,5036,0.003187,5,2024-12-29 15:14:09,Simple,False,Good
1501,282,5,3,180,205,500,0.000613,4,2024-10-01 11:50:59,Simple,True,Good
1502,231,3,1,725,1026,971,0.007001,4,2024-10-03 05:17:50,Medium,True,Good
1503,206,2,6,117,180,1528,0.001324,3,2024-10-19 15:50:08,Simple,True,Good
1504,96,1,9,862,1004,2651,0.010065,4,2024-12-18 15:43:03,Medium,True,Excellent
1505,222,4,3,562,626,2148,0.003351,4,2024-10-01 19:00:21,Medium,True,Good
1506,164,5,4,1028,865,5314,0.002646,4,2024-10-11 03:31:18,Medium,True,Good
1507,212,5,8,736,1018,891,0.003008,2,2024-12-15 13:21:34,Medium,True,Fair
1508,8,4,9,635,693,2514,0.003488,4,2024-10-02 11:01:21,Medium,True,Good
1509,177,3,5,620,557,2094,0.003891,4,2024-12-06 19:36:50,Medium,False,Good
1510,200,3,4,579,728,2894,0.004802,4,2024-11-21 16:12:33,Medium,True,Good
1511,155,3,1,1159,1614,817,0.012025,3,2024-11-30 20:52:07,Medium,True,Good
1512,199,5,3,2996,2792,3356,0.007882,2,2024-12-25 20:07:06,Complex,True,Fair
1513,169,3,7,211,182,1113,0.001304,3,2024-11-27 05:56:06,Simple,True,Good
1514,230,3,4,602,789,4899,0.005061,4,2024-12-05 17:42:36,Medium,False,Good
1515,220,1,2,881,817,801,0.008011,5,2024-11-29 03:42:46,Medium,True,Excellent
1516,293,4,8,211,202,1667,0.001028,3,2024-11-02 13:31:53,Simple,True,Good
1517,51,4,4,719,630,1034,0.003354,5,2024-12-10 06:56:07,Medium,True,Good
1518,260,1,6,1127,987,1711,0.010726,2,2024-12-03 04:03:49,Medium,True,Fair
1519,106,2,3,1290,1158,5912,0.008409,5,2024-11-08 02:13:15,Medium,False,Excellent
1520,62,1,8,482,751,4801,0.007513,4,2024-11-30 20:20:08,Medium,True,Excellent
1521,240,5,1,876,1218,1582,0.003815,1,2024-10-09 20:03:09,Medium,True,Fair
1522,54,2,8,337,545,2953,0.004546,3,2024-12-12 00:45:17,Medium,False,Good
1523,147,3,6,1405,1357,2788,0.009496,4,2024-11-20 19:08:18,Medium,False,Good
1524,221,4,5,214,290,3885,0.001312,4,2024-11-03 16:07:29,Simple,False,Good
1525,230,1,1,386,429,694,0.003931,3,2024-11-19 01:30:57,Simple,False,Good
1526,100,1,4,955,832,3376,0.008023,4,2024-12-27 19:27:54,Medium,True,Excellent
1527,100,5,2,196,237,2514,0.000686,2,2024-10-05 11:41:49,Simple,False,Fair
1528,115,1,6,611,816,841,0.00893,4,2024-10-13 01:34:16,Medium,True,Excellent
1529,140,1,8,300,331,1421,0.003092,4,2024-12-09 11:51:53,Simple,True,Excellent
1530,162,3,5,376,335,1821,0.002427,4,2024-11-13 00:22:13,Simple,True,Good
1531,68,1,4,692,871,1918,0.008163,4,2024-11-03 08:53:14,Medium,True,Excellent
1532,157,2,4,103,100,936,0.000869,2,2024-12-01 12:57:16,Simple,True,Fair
1533,17,5,7,436,430,1468,0.00139,1,2024-10-10 02:59:17,Simple,False,Fair
1534,23,2,3,825,832,1933,0.006518,2,2024-11-21 08:14:44,Medium,True,Fair
1535,63,4,9,464,495,2509,0.002513,4,2024-10-02 11:17:32,Simple,True,Good
1536,214,5,5,861,1189,3240,0.003536,2,2024-11-16 03:06:41,Medium,True,Fair
1537,34,3,3,224,235,1609,0.001742,4,2024-11-13 22:23:13,Simple,True,Good
1538,149,1,9,481,563,1951,0.005778,4,2024-12-14 08:59:16,Medium,True,Excellent
1539,279,3,1,226,225,500,0.001537,4,2024-10-29 05:52:33,Simple,False,Good
1540,153,3,8,383,490,3509,0.003518,3,2024-10-14 23:33:31,Simple,False,Good
1541,222,5,2,502,787,1187,0.002276,4,2024-10-03 10:27:04,Medium,True,Good
1542,68,4,1,605,607,2538,0.002737,5,2024-12-07 03:06:05,Medium,False,Good
1543,183,3,2,1200,1615,3657,0.010787,4,2024-12-14 09:20:36,Medium,True,Good
1544,264,3,6,282,269,2248,0.001925,4,2024-10-12 03:56:51,Simple,True,Good
1545,205,5,3,901,801,3564,0.002488,5,2024-12-28 18:25:51,Medium,True,Good
1546,97,4,5,844,1133,2427,0.005145,3,2024-12-26 15:08:15,Medium,True,Good
1547,77,2,9,155,136,5126,0.001043,3,2024-11-09 01:52:13,Simple,True,Good
1548,207,3,8,272,317,1238,0.002069,4,2024-10-04 23:21:12,Simple,False,Good
1549,205,1,7,453,655,775,0.007079,1,2024-10-05 21:35:29,Medium,True,Fair
1550,291,4,1,346,303,855,0.001638,2,2024-11-20 14:00:54,Simple,False,Fair
1551,138,5,8,586,826,4107,0.002634,3,2024-11-08 23:34:53,Medium,True,Good
1552,68,4,7,611,923,2423,0.004697,4,2024-10-16 15:50:03,Medium,False,Good
1553,237,2,7,223,309,7289,0.002283,2,2024-12-29 19:47:31,Simple,True,Fair
1554,290,1,3,777,670,5155,0.007076,4,2024-10-14 12:39:19,Medium,True,Excellent
1555,32,1,8,484,578,3184,0.005444,4,2024-10-07 19:15:48,Medium,True,Excellent
1556,268,1,1,328,405,639,0.003968,5,2024-10-29 06:46:08,Simple,True,Excellent
1557,127,5,8,863,782,1031,0.00238,4,2024-12-07 19:45:18,Medium,True,Good
1558,249,4,5,826,700,2243,0.003525,1,2024-10-15 07:07:10,Medium,True,Fair
1559,62,4,4,147,185,1196,0.000857,3,2024-12-08 03:43:51,Simple,True,Good
1560,269,5,9,419,441,648,0.001202,4,2024-11-18 07:46:23,Simple,True,Good
1561,299,1,7,637,617,2220,0.005647,5,2024-12-06 07:05:16,Medium,False,Excellent
1562,254,1,2,266,311,1988,0.003324,4,2024-11-04 14:16:46,Simple,True,Excellent
1563,147,5,7,694,799,884,0.002502,5,2024-12-15 04:57:17,Medium,True,Good
1564,130,2,6,927,1187,2326,0.010411,5,2024-12-19 09:59:56,Medium,True,Excellent
1565,199,3,5,716,987,1628,0.006886,3,2024-10-26 09:31:10,Medium,True,Good
1566,67,1,7,350,496,2309,0.004619,4,2024-10-20 04:02:25,Simple,True,Excellent
1567,121,5,2,233,241,3119,0.00072,4,2024-10-10 07:07:31,Simple,True,Good
1568,36,5,1,410,364,1646,0.000998,2,2024-12-28 20:00:58,Simple,True,Fair
1569,99,1,9,381,345,2217,0.003318,1,2024-11-17 07:27:49,Simple,True,Fair
1570,123,4,2,214,283,1954,0.001302,4,2024-10-30 22:00:50,Simple,True,Good
1571,222,3,5,245,232,6401,0.001532,4,2024-11-13 04:09:02,Simple,True,Good
1572,189,4,8,2187,2138,2726,0.010272,4,2024-11-22 03:04:52,Complex,True,Good
1573,22,2,2,144,206,4223,0.00176,3,2024-12-08 03:32:55,Simple,True,Good
1574,203,2,2,857,1054,996,0.008146,4,2024-12-02 10:51:17,Medium,False,Excellent
1575,283,1,2,336,466,1530,0.004919,4,2024-12-19 15:54:18,Simple,True,Excellent
1576,61,2,8,718,710,2220,0.005631,3,2024-10-23 19:04:30,Medium,False,Good
1577,180,1,4,894,1217,3664,0.01248,1,2024-10-13 19:31:04,Medium,True,Fair
1578,163,5,5,909,855,7826,0.002563,4,2024-12-04 15:09:41,Medium,True,Good
1579,52,5,7,953,1000,777,0.002952,5,2024-11-27 09:02:51,Medium,True,Good
1580,14,2,4,1672,1590,3891,0.013631,3,2024-12-20 11:07:52,Medium,True,Good
1581,298,4,4,575,646,2095,0.003363,5,2024-11-19 18:55:20,Medium,False,Good
1582,27,1,8,227,353,1635,0.003749,5,2024-11-07 18:13:30,Simple,False,Excellent
1583,236,2,3,2074,2057,1535,0.01797,4,2024-12-01 07:59:39,Complex,True,Excellent
1584,259,4,7,621,865,3280,0.004473,5,2024-12-01 07:55:47,Medium,True,Good
1585,121,4,7,1100,1149,1912,0.005938,3,2024-10-25 22:47:06,Medium,True,Good
1586,248,4,3,577,772,1236,0.003933,3,2024-11-05 15:38:28,Medium,False,Good
1587,270,1,9,281,240,2124,0.002609,5,2024-11-20 18:37:25,Simple,True,Excellent
1588,225,2,6,651,794,1599,0.006546,4,2024-11-29 00:22:32,Medium,True,Excellent
1589,113,1,2,731,628,1106,0.005889,2,2024-11-25 01:04:33,Medium,True,Fair
1590,149,5,1,272,266,3388,0.000778,4,2024-12-05 14:06:58,Simple,True,Good
1591,151,5,2,727,709,2627,0.002308,5,2024-11-15 15:45:40,Medium,True,Good
1592,24,3,9,244,316,2054,0.002296,4,2024-11-05 22:34:40,Simple,False,Good
1593,10,3,6,909,1284,1888,0.009544,4,2024-10-15 01:53:48,Medium,True,Good
1594,274,1,4,356,365,1741,0.003575,5,2024-11-30 16:15:21,Simple,True,Excellent
1595,205,5,4,783,938,1427,0.002542,3,2024-12-16 11:51:08,Medium,False,Good
1596,104,3,2,279,413,1204,0.002923,3,2024-10-19 04:05:43,Simple,True,Good
1597,51,2,6,664,746,1100,0.005377,5,2024-11-07 07:54:37,Medium,True,Excellent
1598,220,2,2,201,185,1122,0.001565,4,2024-12-04 12:03:16,Simple,True,Excellent
1599,241,4,4,986,1297,1299,0.006464,3,2024-12-09 22:00:29,Medium,False,Good
1600,188,5,2,1775,1606,2258,0.004787,4,2024-11-11 10:44:40,Medium,True,Good
1601,293,2,6,757,950,535,0.00743,4,2024-11-11 12:12:52,Medium,True,Excellent
1602,93,5,7,199,239,1191,0.000666,1,2024-12-27 15:13:03,Simple,True,Fair
1603,211,3,3,81,117,1643,0.000789,3,2024-12-22 19:19:29,Simple,True,Good
1604,144,4,2,363,394,592,0.001887,3,2024-12-10 13:50:03,Simple,False,Good
1605,85,3,6,326,368,1998,0.002372,4,2024-12-24 08:11:52,Simple,False,Good
1606,265,2,4,492,682,2981,0.005024,5,2024-12-28 00:07:08,Medium,False,Excellent
1607,144,4,1,563,888,1828,0.004719,3,2024-12-14 04:17:31,Medium,True,Good
1608,119,4,4,79,133,1521,0.000653,4,2024-12-01 02:33:24,Simple,True,Good
1609,190,2,7,333,280,4647,0.002336,4,2024-12-05 23:41:40,Simple,True,Excellent
1610,239,4,4,1391,1583,2759,0.008607,2,2024-10-31 18:15:43,Medium,True,Fair
1611,61,3,8,2404,2004,2455,0.014754,4,2024-10-15 06:38:04,Complex,True,Good
1612,300,2,8,998,1041,3804,0.007867,4,2024-12-09 04:27:57,Medium,True,Excellent
1613,207,4,7,321,357,1376,0.001789,5,2024-12-07 13:26:38,Simple,True,Good
1614,206,3,1,1150,1293,1315,0.008642,4,2024-11-14 06:09:54,Medium,True,Good
1615,105,3,5,502,466,634,0.003282,2,2024-10-09 08:58:56,Simple,False,Fair
1616,14,1,5,149,202,1409,0.001867,3,2024-10-24 20:10:34,Simple,True,Good
1617,31,2,5,469,598,1170,0.004567,4,2024-10-22 07:31:02,Medium,True,Excellent
1618,87,3,2,1476,1570,1476,0.011118,1,2024-11-04 07:41:22,Medium,False,Fair
1619,13,1,7,424,379,1662,0.003737,2,2024-11-04 04:10:13,Simple,True,Fair
1620,290,3,3,1511,2264,6678,0.01529,5,2024-12-25 04:54:10,Complex,True,Good
1621,85,3,9,131,125,2724,0.000904,2,2024-11-27 21:45:03,Simple,False,Fair
1622,296,3,3,402,360,968,0.002324,4,2024-12-10 03:09:48,Simple,True,Good
1623,73,3,1,270,419,882,0.003006,3,2024-12-06 08:01:51,Simple,True,Good
1624,212,1,5,420,591,3005,0.005439,3,2024-12-19 07:21:29,Medium,True,Good
1625,75,2,5,205,317,5408,0.002669,3,2024-10-11 08:34:15,Simple,True,Good
1626,172,4,3,465,545,2512,0.002819,4,2024-12-19 12:12:21,Medium,True,Good
1627,171,1,6,164,260,1967,0.002758,4,2024-12-22 03:07:31,Simple,True,Excellent
1628,153,4,7,1147,1318,591,0.006504,2,2024-10-28 03:26:31,Medium,True,Fair
1629,184,2,8,264,354,3678,0.003108,3,2024-11-24 11:45:17,Simple,True,Good
1630,79,1,7,237,235,971,0.002155,4,2024-10-31 21:47:04,Simple,True,Excellent
1631,106,2,2,635,626,1021,0.004992,2,2024-11-29 04:32:19,Medium,False,Fair
1632,115,4,3,1007,1255,1543,0.005762,4,2024-11-02 21:18:39,Medium,False,Good
1633,193,2,6,245,321,5031,0.002561,3,2024-10-11 04:27:07,Simple,True,Good
1634,125,1,6,2240,2066,500,0.020274,2,2024-12-21 15:28:16,Complex,True,Fair
1635,226,2,8,457,521,1849,0.003965,3,2024-11-22 22:05:54,Medium,True,Good
1636,48,2,3,712,691,1469,0.005277,1,2024-12-20 08:52:16,Medium,False,Fair
1637,296,3,6,358,534,3761,0.003674,5,2024-10-04 02:33:17,Medium,True,Good
1638,197,2,3,663,638,1158,0.004701,4,2024-11-25 12:02:29,Medium,True,Excellent
1639,151,5,8,1256,1485,2038,0.004789,4,2024-10-05 11:10:08,Medium,True,Good
1640,132,2,5,600,508,2534,0.003709,1,2024-11-02 10:00:48,Medium,True,Fair
1641,156,2,3,713,607,952,0.00487,3,2024-11-23 11:20:30,Medium,False,Good
1642,52,2,7,543,548,1888,0.004776,4,2024-12-20 19:30:19,Medium,True,Excellent
1643,175,4,1,345,544,1391,0.002904,4,2024-12-15 07:50:05,Medium,True,Good
1644,73,3,9,163,166,2015,0.001104,4,2024-12-19 00:41:26,Simple,False,Good
1645,173,2,1,214,255,1716,0.001864,5,2024-12-03 23:53:14,Simple,True,Excellent
1646,18,5,7,698,1049,1783,0.003405,4,2024-10-27 08:12:42,Medium,True,Good
1647,71,5,9,288,421,1627,0.001223,2,2024-12-09 07:50:22,Simple,True,Fair
1648,142,1,9,552,676,816,0.006441,4,2024-11-09 18:34:32,Medium,True,Excellent
1649,172,2,8,1351,1662,1916,0.014169,4,2024-12-24 06:35:44,Medium,True,Excellent
1650,165,2,3,319,443,4487,0.003602,4,2024-12-09 16:35:28,Simple,True,Excellent
1651,131,1,7,1277,1597,1634,0.016518,3,2024-12-09 06:51:53,Medium,True,Good
1652,207,2,9,523,498,2104,0.003646,4,2024-12-01 13:30:04,Simple,True,Excellent
1653,123,5,6,1023,945,500,0.002756,3,2024-10-01 14:40:27,Medium,True,Good
1654,150,2,2,659,883,1493,0.006519,3,2024-10-19 17:10:51,Medium,True,Good
1655,75,1,5,846,770,586,0.007075,5,2024-11-17 08:06:01,Medium,True,Excellent
1656,281,2,5,387,546,500,0.004394,3,2024-10-27 09:49:29,Medium,True,Good
1657,214,3,1,399,396,3221,0.003034,3,2024-11-12 17:05:51,Simple,False,Good
1658,289,1,1,784,1069,1357,0.009761,5,2024-10-18 18:10:48,Medium,False,Excellent
1659,71,4,6,608,632,6129,0.003347,4,2024-10-19 05:39:57,Medium,True,Good
1660,18,1,5,906,795,1146,0.007526,2,2024-10-29 16:58:25,Medium,True,Fair
1661,295,3,1,660,926,3426,0.007,3,2024-12-27 16:39:09,Medium,True,Good
1662,162,4,1,872,1253,1320,0.006464,5,2024-11-29 02:47:06,Medium,True,Good
1663,291,1,3,473,439,2348,0.004266,1,2024-12-20 20:09:37,Simple,True,Fair
1664,162,5,6,817,1255,4171,0.003731,3,2024-10-29 09:38:32,Medium,False,Good
1665,209,3,8,509,654,1535,0.004514,3,2024-12-10 08:19:52,Medium,False,Good
1666,207,4,3,350,313,4153,0.001703,5,2024-10-07 03:05:05,Simple,True,Good
1667,53,2,8,434,545,1032,0.004298,4,2024-12-26 11:13:46,Medium,True,Excellent
1668,104,1,2,485,547,1541,0.005189,5,2024-12-09 09:56:45,Medium,True,Excellent
1669,279,5,3,828,947,3158,0.003038,3,2024-12-23 02:06:53,Medium,True,Good
1670,204,1,4,565,846,827,0.007716,4,2024-12-13 12:39:36,Medium,True,Excellent
1671,37,4,3,558,473,1842,0.002145,5,2024-12-29 18:26:41,Simple,True,Good
1672,224,4,2,4114,3758,1443,0.019131,2,2024-11-11 11:03:34,Complex,False,Fair
1673,12,4,1,402,477,1294,0.002432,4,2024-10-27 20:19:00,Simple,False,Good
1674,76,2,9,516,629,6933,0.00539,2,2024-10-14 00:27:44,Medium,True,Fair
1675,31,4,9,433,363,1277,0.001983,3,2024-12-08 21:45:02,Simple,False,Good
1676,100,4,5,283,410,2716,0.002214,3,2024-10-19 11:38:32,Simple,True,Good
1677,237,3,7,482,431,3169,0.003104,4,2024-10-12 01:13:17,Simple,True,Good
1678,102,1,5,345,328,878,0.003587,4,2024-12-04 00:36:22,Simple,True,Excellent
1679,124,3,6,1535,1603,4422,0.011167,4,2024-12-25 03:11:58,Medium,False,Good
1680,200,4,6,373,503,771,0.00263,4,2024-12-25 02:26:08,Medium,True,Good
1681,208,5,9,733,924,884,0.002698,4,2024-11-29 13:03:58,Medium,True,Good
1682,54,5,1,502,756,2015,0.002338,4,2024-12-13 15:43:34,Medium,True,Good
1683,203,3,5,254,241,2215,0.001678,3,2024-10-17 05:52:01,Simple,True,Good
1684,28,3,1,445,568,1950,0.003816,1,2024-11-20 00:22:39,Medium,True,Fair
1685,85,2,7,149,227,1069,0.001727,4,2024-12-27 09:44:29,Simple,True,Excellent
1686,208,1,2,715,752,1058,0.00741,4,2024-12-20 23:35:46,Medium,True,Excellent
1687,24,1,9,306,393,1918,0.003932,1,2024-11-24 10:07:50,Simple,True,Fair
1688,199,3,7,569,700,1334,0.004861,4,2024-11-27 03:16:43,Medium,False,Good
1689,199,5,1,1330,2147,3222,0.006783,4,2024-10-07 21:02:08,Complex,True,Good
1690,268,1,7,683,662,1795,0.006641,5,2024-12-24 01:20:09,Medium,True,Excellent
1691,99,3,1,575,610,2922,0.004211,4,2024-12-11 22:20:00,Medium,True,Good
1692,192,2,6,622,583,946,0.004987,4,2024-11-03 08:30:12,Medium,True,Excellent
1693,197,4,9,466,671,1320,0.003221,3,2024-10-26 16:25:44,Medium,True,Good
1694,112,1,3,730,722,4110,0.007681,4,2024-12-10 00:09:46,Medium,True,Excellent
1695,130,2,1,1017,1335,941,0.011037,2,2024-12-06 07:16:51,Medium,False,Fair
1696,142,2,3,310,276,766,0.002097,4,2024-10-04 10:02:59,Simple,True,Excellent
1697,284,5,3,227,272,1464,0.000765,3,2024-10-20 08:24:54,Simple,True,Good
1698,152,5,6,872,952,6227,0.002592,4,2024-11-02 07:07:40,Medium,True,Good
1699,119,1,6,391,364,1455,0.00353,4,2024-10-20 09:20:54,Simple,True,Excellent
1700,150,3,7,248,260,982,0.001647,3,2024-12-01 13:10:44,Simple,False,Good
1701,157,4,6,225,192,4818,0.000877,5,2024-10-04 15:57:36,Simple,True,Good
1702,213,5,6,846,967,1605,0.002881,3,2024-10-25 02:01:04,Medium,False,Good
1703,155,5,6,536,731,503,0.002399,3,2024-10-01 03:28:46,Medium,False,Good
1704,107,3,5,616,594,3219,0.003881,5,2024-10-23 00:04:16,Medium,True,Good
1705,175,2,5,555,474,1353,0.003513,5,2024-12-24 13:45:13,Simple,True,Excellent
1706,290,2,6,314,503,514,0.004077,2,2024-10-05 22:50:56,Medium,False,Fair
1707,35,1,6,289,335,798,0.003603,3,2024-11-09 19:38:17,Simple,True,Good
1708,86,3,2,428,545,1661,0.004027,4,2024-11-01 02:47:53,Medium,False,Good
1709,157,3,9,361,513,1887,0.003757,4,2024-10-31 04:14:43,Medium,True,Good
1710,179,2,4,1269,1133,1042,0.009483,3,2024-12-16 15:37:49,Medium,True,Good
1711,217,1,4,667,676,2234,0.007151,2,2024-12-07 22:29:31,Medium,True,Fair
1712,278,2,1,671,1050,2962,0.008702,3,2024-10-03 09:38:24,Medium,False,Good
1713,87,2,9,678,566,4480,0.004362,1,2024-12-28 02:27:16,Medium,True,Fair
1714,156,3,2,290,274,1970,0.00206,4,2024-10-01 06:18:39,Simple,True,Good
1715,195,4,6,314,370,1361,0.001701,4,2024-10-20 19:43:46,Simple,True,Good
1716,277,3,2,452,484,1847,0.003398,4,2024-10-13 00:40:37,Simple,True,Good
1717,23,5,4,186,166,1189,0.000519,5,2024-12-27 21:48:05,Simple,True,Good
1718,87,3,3,157,219,2375,0.001581,4,2024-10-21 18:35:36,Simple,False,Good
1719,169,4,5,493,695,4982,0.003676,3,2024-11-10 10:29:00,Medium,True,Good
1720,61,5,7,215,302,2167,0.000922,4,2024-11-06 19:24:00,Simple,True,Good
1721,290,3,7,389,617,500,0.004012,4,2024-10-29 13:25:33,Medium,True,Good
1722,129,2,4,1149,1201,1425,0.009362,4,2024-11-07 03:40:06,Medium,True,Excellent
1723,39,1,3,1272,1456,2138,0.015244,5,2024-12-24 03:59:14,Medium,True,Excellent
1724,291,4,8,1284,1757,1092,0.008074,5,2024-10-13 20:01:58,Medium,False,Good
1725,273,5,2,580,806,1776,0.002357,3,2024-10-21 15:01:47,Medium,True,Good
1726,280,3,6,717,905,3210,0.005789,1,2024-12-12 23:10:55,Medium,False,Fair
1727,258,4,4,245,338,1210,0.001566,1,2024-10-22 18:32:38,Simple,True,Fair
1728,237,4,9,224,241,2114,0.001108,4,2024-10-24 07:30:20,Simple,True,Good
1729,59,2,7,1203,1581,1237,0.01388,5,2024-11-15 03:45:03,Medium,True,Excellent
1730,54,2,4,656,884,3369,0.007238,4,2024-11-26 17:00:52,Medium,True,Excellent
1731,298,2,1,637,649,3304,0.005455,4,2024-10-28 11:13:25,Medium,True,Excellent
1732,270,5,6,3027,3867,1466,0.012451,3,2024-11-08 05:29:34,Complex,True,Good
1733,240,3,1,1282,1114,918,0.007341,4,2024-12-18 06:06:01,Medium,True,Good
1734,136,4,6,1262,1890,1422,0.009929,3,2024-11-07 22:09:17,Medium,True,Good
1735,189,1,1,542,502,1573,0.005302,3,2024-11-07 10:02:27,Medium,False,Good
1736,182,1,5,1326,1132,2360,0.012445,4,2024-11-22 18:02:55,Medium,True,Excellent
1737,111,3,7,454,562,1774,0.004187,1,2024-12-24 18:16:37,Medium,True,Fair
1738,245,5,1,1203,1098,2695,0.00342,3,2024-12-26 16:26:42,Medium,True,Good
1739,113,4,4,1047,1124,823,0.00566,4,2024-10-08 23:36:08,Medium,True,Good
1740,38,1,7,429,505,2932,0.00471,3,2024-12-07 23:01:47,Medium,True,Good
1741,187,1,1,467,758,4505,0.008137,4,2024-12-26 22:34:39,Medium,True,Excellent
1742,133,5,7,1458,1342,1075,0.003757,4,2024-11-26 03:01:38,Medium,True,Good
1743,67,2,1,1357,1162,1067,0.008902,5,2024-11-14 17:07:04,Medium,False,Excellent
1744,116,3,3,400,619,921,0.004582,5,2024-10-27 20:44:07,Medium,True,Good
1745,71,5,8,471,449,8165,0.001331,2,2024-10-29 05:23:23,Simple,True,Fair
1746,159,3,2,764,1115,1100,0.007863,2,2024-11-10 19:25:06,Medium,True,Fair
1747,85,1,5,3608,3732,3935,0.037237,1,2024-12-14 06:50:11,Complex,False,Fair
1748,138,3,9,501,442,3318,0.003203,4,2024-11-18 16:09:51,Simple,True,Good
1749,159,1,2,218,261,2727,0.002573,3,2024-12-24 16:35:50,Simple,True,Good
1750,146,1,4,1236,1949,2405,0.018353,3,2024-10-06 16:53:25,Medium,True,Good
1751,189,4,7,538,488,1353,0.002427,4,2024-10-07 18:28:24,Simple,True,Good
1752,272,3,2,195,310,1208,0.002025,5,2024-12-20 01:02:18,Simple,True,Good
1753,218,4,1,1267,1443,1355,0.007162,4,2024-11-30 16:37:44,Medium,True,Good
1754,86,5,8,2254,2174,2894,0.006242,4,2024-10-12 19:23:24,Complex,True,Good
1755,122,5,1,717,718,728,0.00218,4,2024-10-06 05:55:50,Medium,False,Good
1756,105,5,2,1020,1649,1727,0.00472,4,2024-11-01 19:21:09,Medium,True,Good
1757,53,5,3,669,978,2039,0.002708,5,2024-11-16 01:06:55,Medium,True,Good
1758,246,4,7,825,742,1100,0.003558,3,2024-10-07 09:31:12,Medium,True,Good
1759,27,3,9,402,345,1590,0.00218,3,2024-11-07 12:01:25,Simple,True,Good
1760,246,4,2,328,292,905,0.001471,3,2024-11-23 12:56:37,Simple,True,Good
1761,146,1,8,301,467,1897,0.004298,4,2024-10-01 16:10:49,Simple,True,Excellent
1762,172,4,7,793,746,530,0.003918,3,2024-11-22 14:41:54,Medium,True,Good
1763,164,4,5,1268,1132,2793,0.005665,2,2024-12-12 01:53:13,Medium,True,Fair
1764,11,2,8,263,378,5655,0.002752,4,2024-12-11 12:34:23,Simple,True,Excellent
1765,219,4,9,393,372,4774,0.001976,5,2024-11-10 07:18:19,Simple,True,Good
1766,127,5,2,619,957,4565,0.002726,3,2024-11-13 10:13:44,Medium,False,Good
1767,195,1,8,1423,1202,1652,0.013204,4,2024-11-15 00:00:01,Medium,True,Excellent
1768,194,3,2,577,889,2772,0.006414,4,2024-12-22 22:47:52,Medium,True,Good
1769,116,1,5,716,646,2833,0.00688,3,2024-12-13 20:27:33,Medium,True,Good
1770,204,2,4,1408,1344,1912,0.009849,2,2024-10-13 11:05:31,Medium,True,Fair
1771,23,1,9,467,670,1841,0.006056,5,2024-12-06 16:27:14,Medium,True,Excellent
1772,19,3,5,802,1258,2596,0.009102,4,2024-12-17 13:21:56,Medium,True,Good
1773,165,1,7,500,548,1327,0.005152,4,2024-11-30 18:32:10,Medium,True,Excellent
1774,101,2,1,2274,2457,1637,0.021349,5,2024-12-24 21:06:41,Complex,True,Excellent
1775,26,4,9,960,889,4695,0.004323,4,2024-11-25 23:31:29,Medium,True,Good
1776,282,3,9,2095,2105,2851,0.014419,2,2024-10-19 16:08:04,Complex,True,Fair
1777,160,2,3,277,430,1437,0.003481,4,2024-10-21 19:11:04,Simple,False,Excellent
1778,169,3,5,453,415,1579,0.003178,4,2024-12-25 20:01:23,Simple,True,Good
1779,31,5,3,827,1307,1007,0.003654,5,2024-12-21 07:41:03,Medium,True,Good
1780,103,4,9,839,749,3340,0.004002,5,2024-10-16 00:20:49,Medium,True,Good
1781,24,1,9,2506,2376,1343,0.021722,2,2024-10-29 09:21:13,Complex,True,Fair
1782,269,2,6,141,185,1064,0.001369,5,2024-11-17 07:02:30,Simple,True,Excellent
1783,298,5,3,138,230,3291,0.000715,3,2024-12-16 07:59:45,Simple,True,Good
1784,123,5,6,598,510,1602,0.001605,2,2024-10-21 23:43:46,Medium,False,Fair
1785,221,5,8,677,710,4203,0.002305,3,2024-11-19 04:20:00,Medium,True,Good
1786,284,4,4,684,711,2014,0.003879,5,2024-12-02 15:03:47,Medium,True,Good
1787,191,2,1,1301,1276,2388,0.010127,4,2024-10-19 09:25:16,Medium,True,Excellent
1788,264,2,8,842,1061,820,0.007787,4,2024-12-29 08:52:27,Medium,True,Excellent
1789,82,1,2,1100,1176,2380,0.010808,3,2024-11-27 19:52:30,Medium,True,Good
1790,74,3,6,1394,1207,1148,0.008695,4,2024-10-22 11:49:32,Medium,True,Good
1791,284,4,6,314,478,1141,0.002506,4,2024-10-16 22:46:40,Simple,True,Good
1792,208,2,3,1105,1376,7845,0.010367,5,2024-11-16 00:03:12,Medium,True,Excellent
1793,107,3,7,850,1066,848,0.007327,5,2024-12-06 07:44:37,Medium,True,Good
1794,164,1,1,222,329,2349,0.003147,4,2024-10-04 23:29:55,Simple,True,Excellent
1795,36,4,9,580,594,2443,0.003125,2,2024-12-10 03:53:08,Medium,True,Fair
1796,3,2,7,466,559,1669,0.00416,5,2024-11-15 02:29:14,Medium,True,Excellent
1797,149,3,1,833,789,2383,0.005508,4,2024-12-24 02:13:02,Medium,True,Good
1798,137,3,1,59,91,3449,0.000671,4,2024-12-24 09:48:58,Simple,True,Good
1799,218,5,2,159,189,2634,0.000606,4,2024-12-23 11:23:56,Simple,True,Good
1800,286,4,9,2502,4000,1587,0.020226,2,2024-10-31 16:28:24,Complex,True,Fair
1801,143,5,4,520,582,865,0.00181,4,2024-12-06 17:34:36,Medium,True,Good
1802,7,1,9,207,329,1884,0.003099,4,2024-10-03 20:08:28,Simple,True,Excellent
1803,284,4,5,1576,2315,2440,0.012712,4,2024-10-24 19:37:51,Complex,True,Good
1804,180,1,3,596,924,588,0.008917,3,2024-10-29 00:27:35,Medium,True,Good
1805,151,1,1,413,589,1915,0.005662,4,2024-10-01 03:12:17,Medium,True,Excellent
1806,116,3,1,83,113,2410,0.000784,1,2024-11-20 10:16:21,Simple,True,Fair
1807,160,4,5,127,136,5339,0.000659,5,2024-10-18 20:49:27,Simple,True,Good
1808,154,5,2,1523,1737,2789,0.00555,1,2024-10-25 01:48:10,Medium,True,Fair
1809,157,3,2,1001,1160,1218,0.007418,4,2024-12-26 03:59:37,Medium,False,Good
1810,169,3,2,557,539,1287,0.003755,4,2024-10-27 04:24:19,Medium,True,Good
1811,172,3,1,127,113,2301,0.000735,4,2024-10-19 13:40:10,Simple,True,Good
1812,78,3,6,752,676,844,0.004837,3,2024-10-23 20:55:40,Medium,True,Good
1813,115,1,7,1049,1119,2617,0.010797,5,2024-10-31 11:29:38,Medium,True,Excellent
1814,233,4,3,1165,1032,500,0.005376,1,2024-12-03 10:22:34,Medium,True,Fair
1815,66,3,6,1864,1850,4618,0.013169,5,2024-10-14 23:25:54,Medium,True,Good
1816,296,3,5,577,824,3276,0.006283,5,2024-12-19 17:02:38,Medium,True,Good
1817,57,1,4,421,375,1497,0.003892,5,2024-10-08 21:51:09,Simple,True,Excellent
1818,243,2,4,614,862,704,0.007352,4,2024-10-23 20:47:04,Medium,True,Excellent
1819,273,2,9,130,208,6480,0.001678,5,2024-10-30 14:50:28,Simple,True,Excellent
1820,11,4,6,506,513,1155,0.00263,3,2024-12-07 21:01:37,Medium,True,Good
1821,95,1,5,394,637,1564,0.00617,5,2024-11-15 03:30:06,Medium,False,Excellent
1822,155,3,7,551,562,1716,0.004253,3,2024-12-14 16:38:02,Medium,True,Good
1823,270,3,9,250,248,688,0.001771,3,2024-11-19 13:35:16,Simple,True,Good
1824,41,1,2,429,452,2358,0.004315,1,2024-12-06 16:34:09,Simple,True,Fair
1825,224,2,5,315,361,1889,0.002665,4,2024-12-13 01:08:01,Simple,True,Excellent
1826,79,4,3,283,448,8461,0.002084,4,2024-10-22 03:53:51,Simple,False,Good
1827,96,3,4,2017,2142,1246,0.014378,4,2024-12-04 06:59:01,Complex,True,Good
1828,79,2,5,266,347,2300,0.00292,5,2024-10-17 15:46:04,Simple,True,Excellent
1829,282,1,9,685,618,3598,0.005762,1,2024-10-30 10:29:02,Medium,True,Fair
1830,124,4,1,1993,1837,1637,0.009555,5,2024-12-20 03:45:25,Medium,True,Good
1831,2,5,3,374,494,1379,0.001341,1,2024-11-20 02:20:28,Simple,False,Fair
1832,26,3,9,1905,2342,2006,0.015845,3,2024-11-03 19:03:19,Complex,True,Good
1833,157,5,1,1217,1240,1152,0.00386,3,2024-11-27 22:46:19,Medium,False,Good
1834,133,2,9,379,492,592,0.004303,5,2024-11-30 01:56:31,Simple,True,Excellent
1835,22,1,5,1327,1147,3089,0.012573,2,2024-11-13 04:29:51,Medium,True,Fair
1836,289,4,5,375,390,2168,0.001793,4,2024-12-29 21:03:59,Simple,False,Good
1837,102,5,7,561,515,3164,0.001462,5,2024-11-11 14:25:29,Medium,False,Good
1838,280,1,8,575,592,1002,0.006281,4,2024-12-29 22:56:26,Medium,True,Excellent
1839,297,1,3,1355,1148,2008,0.011836,4,2024-10-24 13:14:18,Medium,True,Excellent
1840,75,4,1,478,792,1007,0.003756,4,2024-12-24 08:05:27,Medium,True,Good
1841,85,4,3,377,423,4287,0.001992,5,2024-12-29 02:42:59,Simple,True,Good
1842,184,1,3,342,450,919,0.004319,3,2024-10-18 05:59:31,Simple,True,Good
1843,225,1,8,1239,1103,1239,0.01128,1,2024-12-26 08:58:55,Medium,True,Fair
1844,188,4,1,264,273,1752,0.001462,2,2024-10-16 05:18:07,Simple,True,Fair
1845,92,2,7,134,174,1778,0.001527,4,2024-10-23 01:28:36,Simple,True,Excellent
1846,21,3,3,151,179,5125,0.001219,4,2024-10-09 23:49:26,Simple,False,Good
1847,86,4,6,330,429,2626,0.00204,4,2024-12-30 15:24:47,Simple,True,Good
1848,209,4,4,322,401,1947,0.00209,5,2024-10-22 04:13:56,Simple,True,Good
1849,66,3,6,264,333,1176,0.002234,2,2024-10-23 20:06:16,Simple,True,Fair
1850,240,2,4,1335,1985,1496,0.01637,5,2024-11-14 14:28:07,Medium,True,Excellent
1851,150,1,1,1486,1411,7674,0.015257,3,2024-11-17 06:05:04,Medium,True,Good
1852,126,5,2,840,1238,1785,0.00381,4,2024-12-26 09:59:42,Medium,True,Good
1853,276,4,6,280,325,6769,0.001669,4,2024-11-10 11:20:35,Simple,True,Good
1854,131,2,5,709,1112,2376,0.008639,5,2024-11-10 03:29:09,Medium,True,Excellent
1855,230,4,1,451,430,2824,0.002061,4,2024-11-11 09:14:30,Simple,True,Good
1856,230,5,7,236,279,3028,0.000761,4,2024-10-05 15:15:10,Simple,True,Good
1857,56,2,6,471,426,3856,0.003374,5,2024-12-20 19:19:11,Simple,False,Excellent
1858,223,4,6,355,592,3202,0.003077,2,2024-12-12 01:31:00,Medium,True,Fair
1859,170,3,2,862,782,2318,0.005536,4,2024-10-31 10:17:05,Medium,False,Good
1860,72,3,3,1651,1731,644,0.012122,4,2024-12-18 00:46:41,Medium,False,Good
1861,252,4,2,1142,1382,2016,0.006482,5,2024-10-28 08:15:38,Medium,True,Good
1862,155,4,2,634,1040,891,0.005499,5,2024-10-06 07:34:32,Medium,True,Good
1863,199,1,9,254,290,1367,0.002899,2,2024-11-01 08:00:23,Simple,True,Fair
1864,7,5,9,295,355,1658,0.001089,3,2024-11-11 01:27:40,Simple,True,Good
1865,46,3,3,342,308,1103,0.002279,4,2024-10-31 12:04:24,Simple,True,Good
1866,150,4,6,171,169,1282,0.000877,3,2024-10-29 06:21:14,Simple,True,Good
1867,218,1,7,485,497,686,0.004817,4,2024-10-01 21:00:31,Simple,True,Excellent
1868,79,3,9,130,151,2874,0.001144,4,2024-12-28 22:28:55,Simple,False,Good
1869,33,2,2,461,478,1126,0.004116,5,2024-12-17 14:24:46,Simple,True,Excellent
1870,142,4,1,553,513,1770,0.002801,3,2024-11-18 01:44:07,Medium,True,Good
1871,299,5,8,447,401,1197,0.001089,4,2024-12-17 00:18:23,Simple,True,Good
1872,163,5,6,460,441,1956,0.0012,4,2024-12-15 04:20:52,Simple,False,Good
1873,93,4,4,1098,953,2555,0.004517,2,2024-10-07 19:35:39,Medium,True,Fair
1874,1,3,7,662,847,714,0.005588,5,2024-10-27 12:14:47,Medium,True,Good
1875,99,2,9,415,395,7169,0.003176,4,2024-10-07 11:08:17,Simple,True,Excellent
1876,118,4,6,1958,1859,1094,0.009995,3,2024-12-22 06:42:15,Medium,True,Good
1877,108,4,4,672,644,1621,0.003324,5,2024-10-29 16:41:50,Medium,False,Good
1878,295,1,2,861,1049,2273,0.010519,3,2024-12-27 02:26:20,Medium,True,Good
1879,292,3,3,204,226,2417,0.001525,2,2024-12-27 14:52:21,Simple,True,Fair
1880,84,3,7,264,373,2241,0.002609,3,2024-10-15 18:01:05,Simple,True,Good
1881,28,5,1,1675,1530,1930,0.004454,2,2024-11-12 01:23:50,Medium,True,Fair
1882,157,1,5,306,382,1065,0.003548,4,2024-11-25 20:55:40,Simple,True,Excellent
1883,205,5,2,503,594,2256,0.001838,4,2024-11-11 06:39:11,Medium,True,Good
1884,256,3,1,422,407,2132,0.002677,3,2024-10-01 22:26:32,Simple,True,Good
1885,132,4,4,308,368,863,0.001764,3,2024-12-26 20:13:30,Simple,True,Good
1886,22,4,5,403,647,3048,0.00344,4,2024-12-07 09:44:52,Medium,False,Good
1887,58,5,7,1304,1376,940,0.003948,5,2024-12-22 14:13:29,Medium,False,Good
1888,144,5,5,598,734,4528,0.002297,4,2024-11-03 16:54:27,Medium,True,Good
1889,146,5,5,432,426,952,0.001374,2,2024-11-29 01:49:22,Simple,True,Fair
1890,155,3,6,794,905,5860,0.00666,3,2024-11-10 00:57:53,Medium,False,Good
1891,266,4,2,1558,1636,3441,0.007536,3,2024-12-30 14:28:37,Medium,True,Good
1892,47,1,9,776,796,1474,0.007509,5,2024-12-08 20:38:35,Medium,True,Excellent
1893,246,5,2,291,309,1640,0.000851,2,2024-11-13 02:00:12,Simple,True,Fair
1894,211,2,9,1050,944,2744,0.006883,3,2024-10-03 04:45:52,Medium,True,Good
1895,77,5,4,469,440,3220,0.001274,5,2024-12-11 02:56:33,Simple,False,Good
1896,131,1,8,391,613,838,0.006723,5,2024-12-20 17:48:29,Medium,True,Excellent
1897,105,5,1,634,884,1019,0.002907,4,2024-10-24 02:17:52,Medium,True,Good
1898,184,5,8,406,503,1299,0.001611,2,2024-10-08 07:52:31,Medium,False,Fair
1899,281,2,8,552,670,1463,0.005038,5,2024-11-16 16:52:49,Medium,False,Excellent
1900,209,5,2,297,455,2632,0.00133,3,2024-12-15 13:39:57,Simple,True,Good
1901,217,2,3,373,427,873,0.003511,4,2024-10-05 05:34:03,Simple,True,Excellent
1902,12,2,8,556,910,1357,0.007409,5,2024-12-25 11:05:50,Medium,True,Excellent
1903,241,3,5,573,758,865,0.004938,3,2024-11-24 22:35:35,Medium,True,Good
1904,225,2,1,2796,2488,2594,0.019719,4,2024-10-19 07:51:05,Complex,True,Excellent
1905,73,2,3,859,839,1635,0.007142,4,2024-10-17 18:32:53,Medium,True,Excellent
1906,3,5,8,456,522,688,0.001672,1,2024-12-26 11:24:11,Medium,False,Fair
1907,218,2,5,435,373,1659,0.003092,3,2024-12-25 02:33:50,Simple,True,Good
1908,172,1,6,800,1021,5518,0.010231,4,2024-10-15 23:06:44,Medium,True,Excellent
1909,87,4,6,368,333,616,0.001577,5,2024-10-12 04:20:12,Simple,False,Good
1910,161,5,2,725,701,1524,0.002232,2,2024-10-28 04:02:07,Medium,True,Fair
1911,110,1,2,336,347,4281,0.00336,3,2024-11-16 18:38:42,Simple,True,Good
1912,93,1,4,1184,1061,1555,0.009898,4,2024-11-18 14:47:10,Medium,True,Excellent
1913,174,5,1,593,951,2708,0.002758,4,2024-12-23 05:40:33,Medium,True,Good
1914,136,3,4,1058,899,601,0.006141,4,2024-11-01 15:26:14,Medium,True,Good
1915,280,1,3,436,401,1081,0.003722,2,2024-11-30 06:37:15,Simple,True,Fair
1916,134,4,7,510,506,1764,0.002623,4,2024-11-09 16:53:04,Medium,True,Good
1917,103,4,1,650,997,3543,0.005133,5,2024-12-06 19:33:47,Medium,True,Good
1918,195,3,4,2097,1770,2198,0.012373,5,2024-12-18 20:08:50,Medium,False,Good
1919,208,1,6,324,535,3429,0.004976,5,2024-12-25 20:53:43,Medium,True,Excellent
1920,85,4,6,455,429,2079,0.002047,4,2024-11-09 21:15:57,Simple,True,Good
1921,136,2,3,661,888,1763,0.006742,3,2024-11-10 03:46:26,Medium,False,Good
1922,36,1,1,250,224,1167,0.00234,4,2024-11-04 10:58:42,Simple,True,Excellent
1923,146,1,2,231,258,5391,0.002345,3,2024-11-03 07:06:54,Simple,True,Good
1924,224,4,2,518,858,1634,0.004364,5,2024-12-10 00:22:14,Medium,True,Good
1925,186,2,2,1029,1212,4614,0.009018,2,2024-11-19 10:08:09,Medium,True,Fair
1926,150,4,1,185,172,1451,0.00094,1,2024-12-03 13:59:04,Simple,True,Fair
1927,250,5,4,274,322,808,0.001056,1,2024-11-14 10:11:17,Simple,False,Fair
1928,296,1,4,504,438,2903,0.004387,4,2024-11-21 13:03:52,Simple,True,Excellent
1929,137,2,2,621,673,1873,0.004866,5,2024-10-26 04:36:03,Medium,True,Excellent
1930,51,2,7,271,446,500,0.003419,5,2024-12-08 19:47:22,Simple,True,Excellent
1931,112,2,9,327,537,1072,0.004159,3,2024-10-28 05:57:36,Medium,False,Good
1932,87,2,9,386,322,2224,0.002658,5,2024-10-18 01:23:07,Simple,True,Excellent
1933,73,5,5,759,711,3769,0.002028,2,2024-11-15 04:39:54,Medium,True,Fair
1934,88,5,6,618,941,1587,0.002796,3,2024-11-24 11:49:35,Medium,True,Good
1935,38,1,2,1347,1310,1146,0.012255,4,2024-12-04 14:19:34,Medium,True,Excellent
1936,60,1,5,366,331,3128,0.003584,5,2024-11-17 12:07:30,Simple,True,Excellent
1937,188,2,6,896,1169,3461,0.009958,5,2024-12-22 17:36:08,Medium,False,Excellent
1938,93,1,6,312,270,1826,0.002859,4,2024-12-12 15:02:59,Simple,True,Excellent
1939,48,4,6,672,663,1066,0.003465,5,2024-11-01 23:12:43,Medium,True,Good
1940,261,5,7,1510,1936,1342,0.0063,4,2024-10-25 18:16:47,Medium,True,Good
1941,46,4,5,828,806,2024,0.003783,4,2024-11-03 16:28:31,Medium,True,Good
1942,234,5,4,284,360,1585,0.000976,4,2024-10-21 09:37:39,Simple,True,Good
1943,119,2,7,864,1084,5056,0.008672,2,2024-11-22 04:43:34,Medium,True,Fair
1944,240,3,6,378,354,1500,0.002626,4,2024-11-12 22:27:53,Simple,False,Good
1945,93,4,1,658,831,1691,0.004234,4,2024-11-20 23:44:26,Medium,False,Good
1946,232,2,8,1530,1545,2783,0.011979,5,2024-12-08 18:12:39,Medium,False,Excellent
1947,172,4,5,437,404,1595,0.001988,5,2024-10-08 12:11:18,Simple,True,Good
1948,165,1,9,833,1038,2108,0.010214,5,2024-12-08 22:51:21,Medium,True,Excellent
1949,207,3,6,472,439,1979,0.003115,3,2024-12-14 00:25:46,Simple,True,Good
1950,161,3,5,615,629,500,0.004386,1,2024-10-19 02:43:16,Medium,True,Fair
1951,298,1,5,175,266,709,0.002877,4,2024-10-31 15:05:40,Simple,False,Excellent
1952,170,4,7,214,260,3296,0.001276,4,2024-12-30 01:51:33,Simple,True,Good
1953,109,2,4,387,385,1410,0.003288,5,2024-10-29 15:46:28,Simple,True,Excellent
1954,39,3,4,479,520,1608,0.003531,3,2024-12-21 10:16:51,Medium,True,Good
1955,185,5,9,127,126,2815,0.000383,4,2024-10-11 16:55:44,Simple,True,Good
1956,183,2,2,711,968,1501,0.007899,5,2024-11-30 12:18:42,Medium,True,Excellent
1957,284,2,1,319,281,4852,0.002135,4,2024-10-14 10:15:04,Simple,True,Excellent
1958,162,5,2,919,992,918,0.003169,4,2024-12-18 17:28:01,Medium,False,Good
1959,131,1,1,1966,2436,1792,0.025183,3,2024-12-09 20:12:56,Complex,True,Good
1960,162,1,5,478,793,542,0.007616,2,2024-12-28 10:11:22,Medium,True,Fair
1961,95,5,1,341,317,1979,0.001045,4,2024-12-22 19:05:02,Simple,True,Good
1962,24,3,2,628,860,2269,0.005927,4,2024-11-25 17:34:46,Medium,True,Good
1963,116,4,7,394,393,1477,0.001769,3,2024-12-11 10:20:47,Simple,True,Good
1964,288,1,7,615,516,1943,0.005343,5,2024-10-08 00:54:07,Medium,True,Excellent
1965,49,3,6,283,387,2378,0.002909,4,2024-11-03 13:19:10,Simple,True,Good
1966,130,2,2,3679,4000,1543,0.035099,5,2024-10-21 20:56:50,Complex,True,Excellent
1967,193,1,8,565,574,500,0.005504,4,2024-10-17 13:59:13,Medium,True,Excellent
1968,49,5,1,659,993,1485,0.002993,3,2024-12-28 02:39:05,Medium,True,Good
1969,264,2,4,4763,4000,945,0.029066,5,2024-11-06 22:53:31,Complex,False,Excellent
1970,98,4,6,1226,1128,1155,0.005431,4,2024-12-01 18:07:22,Medium,False,Good
1971,51,3,4,870,793,3881,0.005236,5,2024-10-18 13:50:21,Medium,True,Good
1972,2,3,8,443,694,2140,0.005159,2,2024-11-07 10:18:48,Medium,True,Fair
1973,44,5,2,967,993,1808,0.002826,2,2024-10-28 02:05:05,Medium,True,Fair
1974,45,3,6,564,553,852,0.003514,5,2024-10-27 09:20:22,Medium,False,Good
1975,254,4,1,384,450,982,0.002462,3,2024-12-30 18:27:29,Simple,True,Good
1976,150,3,8,736,680,2839,0.005117,4,2024-12-09 22:24:28,Medium,True,Good
1977,285,3,1,2877,3373,962,0.023473,3,2024-11-22 03:52:16,Complex,True,Good
1978,217,4,2,1364,1349,2190,0.006593,4,2024-10-25 13:30:43,Medium,True,Good
1979,52,2,6,366,536,2693,0.004232,4,2024-10-01 21:20:01,Medium,True,Excellent
1980,139,4,6,1077,1473,1272,0.007136,2,2024-11-02 10:21:55,Medium,True,Fair
1981,229,1,5,452,619,1130,0.006124,5,2024-11-30 07:54:29,Medium,True,Excellent
1982,285,1,3,510,574,2048,0.00528,4,2024-12-21 21:18:22,Medium,True,Excellent
1983,283,2,9,942,936,729,0.007625,4,2024-11-16 17:10:00,Medium,True,Excellent
1984,95,4,4,203,216,987,0.001054,5,2024-11-14 10:43:14,Simple,True,Good
1985,220,3,2,1398,1232,1087,0.008448,4,2024-11-19 20:23:24,Medium,False,Good
1986,227,5,8,188,295,1657,0.000929,3,2024-10-29 18:15:08,Simple,True,Good
1987,142,4,1,220,254,914,0.001288,3,2024-12-26 22:55:14,Simple,True,Good
1988,223,4,9,508,455,1734,0.002359,4,2024-12-23 02:46:44,Simple,True,Good
1989,168,5,1,2078,1966,5304,0.00566,4,2024-10-08 18:32:32,Medium,True,Good
1990,235,4,4,1991,2087,3988,0.010582,4,2024-10-27 09:43:22,Complex,True,Good
1991,136,5,8,572,835,2010,0.002559,5,2024-11-18 18:11:47,Medium,False,Good
1992,193,3,6,1768,1612,5018,0.012307,5,2024-10-26 02:37:16,Medium,True,Good
1993,186,2,4,733,959,2682,0.007075,5,2024-10-12 05:07:40,Medium,True,Excellent
1994,80,5,5,641,700,1319,0.002089,4,2024-10-28 05:10:08,Medium,True,Good
1995,1,3,7,2399,2072,795,0.013923,4,2024-11-24 02:53:53,Complex,False,Good
1996,134,1,4,2589,2187,2197,0.020839,5,2024-10-05 23:22:28,Complex,True,Excellent
1997,98,4,5,589,644,2243,0.003014,3,2024-12-29 04:43:13,Medium,False,Good
1998,116,5,6,376,520,4170,0.001436,2,2024-10-12 05:13:26,Medium,True,Fair
1999,99,5,2,561,697,860,0.001975,1,2024-10-09 11:19:09,Medium,True,Fair
2000,271,5,5,402,580,1384,0.001875,4,2024-10-10 07:04:13,Medium,True,Good
2001,272,4,4,775,1022,1443,0.005336,3,2024-12-28 12:04:36,Medium,True,Good
2002,58,4,2,810,727,833,0.003624,3,2024-10-14 16:17:45,Medium,True,Good
2003,290,5,1,385,445,1600,0.0013,5,2024-10-18 19:54:45,Simple,False,Good
2004,106,3,3,315,373,500,0.002582,4,2024-10-13 00:40:44,Simple,True,Good
2005,257,1,9,1133,952,841,0.008654,2,2024-12-05 02:24:07,Medium,True,Fair
2006,158,1,2,463,513,1551,0.005109,4,2024-12-24 09:28:10,Medium,True,Excellent
2007,178,3,8,93,105,684,0.000712,3,2024-10-30 00:23:30,Simple,False,Good
2008,239,5,5,320,442,1351,0.001412,5,2024-12-23 14:21:28,Simple,True,Good
2009,61,2,6,433,407,1485,0.003162,4,2024-12-25 12:33:53,Simple,True,Excellent
2010,71,3,6,249,221,1383,0.00146,5,2024-10-20 22:10:45,Simple,True,Good
2011,231,3,5,1301,1397,2005,0.00902,4,2024-10-26 13:55:48,Medium,True,Good
2012,17,4,5,1365,1167,3339,0.005483,2,2024-11-08 23:52:42,Medium,True,Fair
2013,26,1,7,80,77,2264,0.000758,3,2024-10-24 08:44:36,Simple,True,Good
2014,270,1,6,603,1004,3667,0.009138,4,2024-12-16 20:16:33,Medium,False,Excellent
2015,295,4,4,142,161,6060,0.000814,5,2024-11-02 00:36:23,Simple,True,Good
2016,92,5,3,623,618,962,0.001968,5,2024-10-02 16:35:59,Medium,True,Good
2017,86,2,5,807,712,895,0.006083,3,2024-11-11 17:10:21,Medium,True,Good
2018,207,5,1,236,301,3039,0.000897,5,2024-11-22 06:56:57,Simple,True,Good
2019,93,5,1,229,326,1209,0.000963,4,2024-12-21 21:41:24,Simple,False,Good
2020,63,4,7,399,571,756,0.002894,2,2024-12-22 02:32:44,Medium,False,Fair
2021,234,2,5,120,106,5136,0.000799,4,2024-10-30 13:55:51,Simple,True,Excellent
2022,175,4,5,701,823,1965,0.004103,5,2024-12-22 10:23:56,Medium,True,Good
2023,229,5,9,887,972,2770,0.002653,5,2024-11-08 23:21:11,Medium,True,Good
2024,79,2,6,145,203,905,0.001726,5,2024-12-04 03:24:13,Simple,True,Excellent
2025,144,3,4,1475,1248,2022,0.00907,4,2024-10-10 08:07:21,Medium,True,Good
2026,166,1,3,630,570,4045,0.005363,3,2024-11-03 22:15:32,Medium,True,Good
2027,105,5,4,1696,1464,5809,0.004243,2,2024-12-01 19:56:29,Medium,False,Fair
2028,65,1,1,865,1301,1223,0.01344,5,2024-10-27 00:16:32,Medium,True,Excellent
2029,245,3,2,1179,1711,1151,0.011083,3,2024-11-26 10:50:06,Medium,True,Good
2030,47,4,4,674,766,2025,0.003504,2,2024-12-26 04:15:52,Medium,True,Fair
2031,66,3,3,286,357,746,0.002694,4,2024-11-04 00:22:52,Simple,True,Good
2032,209,1,9,868,803,839,0.008197,5,2024-11-08 17:54:06,Medium,True,Excellent
2033,200,1,4,586,491,2848,0.004861,3,2024-11-28 08:43:20,Simple,True,Good
2034,70,1,2,647,632,1397,0.006194,4,2024-10-21 18:58:06,Medium,True,Excellent
2035,183,4,9,392,454,1481,0.002336,3,2024-10-23 11:00:22,Simple,True,Good
2036,60,5,4,654,648,5137,0.001762,5,2024-12-28 19:30:31,Medium,True,Good
2037,251,1,3,2099,2936,1595,0.030791,2,2024-10-12 08:24:54,Complex,True,Fair
2038,98,4,9,2014,1861,2549,0.009244,4,2024-12-05 06:47:49,Medium,True,Good
2039,132,1,7,219,312,989,0.003277,4,2024-12-23 18:18:13,Simple,True,Excellent
2040,295,2,2,192,293,847,0.002321,4,2024-10-03 01:22:11,Simple,True,Excellent
2041,107,3,6,252,313,639,0.002296,4,2024-11-26 21:10:45,Simple,False,Good
2042,221,4,5,193,212,779,0.000998,5,2024-11-05 11:05:52,Simple,True,Good
2043,8,4,9,165,268,2054,0.001239,3,2024-11-23 00:23:13,Simple,True,Good
2044,180,1,4,704,648,4008,0.00586,4,2024-12-19 21:11:31,Medium,True,Excellent
2045,195,4,7,626,771,2473,0.003749,2,2024-10-11 12:00:54,Medium,True,Fair
2046,211,4,9,834,807,1981,0.00385,2,2024-10-16 05:14:24,Medium,False,Fair
2047,228,4,3,697,738,2642,0.003607,4,2024-10-24 07:41:26,Medium,True,Good
2048,74,3,1,2042,1768,1398,0.013173,3,2024-10-30 04:43:59,Medium,True,Good
2049,192,5,5,675,862,2842,0.002688,3,2024-10-25 14:56:44,Medium,True,Good
2050,257,4,5,1367,2003,1769,0.010438,5,2024-12-26 17:27:46,Complex,False,Good
2051,117,5,2,670,953,1841,0.003028,4,2024-10-27 02:32:16,Medium,True,Good
2052,186,2,1,267,281,1688,0.002426,2,2024-12-26 07:24:06,Simple,False,Fair
2053,18,2,7,1462,1620,1794,0.012372,4,2024-11-03 22:23:40,Medium,True,Excellent
2054,183,5,7,401,377,1073,0.001231,4,2024-12-18 10:17:47,Simple,True,Good
2055,230,3,2,877,1023,1514,0.007637,4,2024-10-29 18:09:46,Medium,False,Good
2056,181,4,8,160,149,1311,0.000811,5,2024-10-27 07:51:53,Simple,True,Good
2057,270,1,5,880,990,792,0.009278,4,2024-10-07 00:19:16,Medium,True,Excellent
2058,151,1,4,657,748,1272,0.006912,3,2024-12-04 13:03:06,Medium,True,Good
2059,287,5,2,168,259,1156,0.000786,3,2024-12-17 05:41:53,Simple,True,Good
2060,249,1,8,1722,1562,1121,0.014384,2,2024-12-08 10:50:35,Medium,True,Fair
2061,82,2,1,587,592,1869,0.005185,1,2024-11-17 23:57:28,Medium,True,Fair
2062,277,4,1,361,337,4188,0.001586,4,2024-12-17 08:42:10,Simple,True,Good
2063,227,3,8,851,1075,1448,0.007775,3,2024-12-02 07:28:35,Medium,True,Good
2064,284,2,9,268,247,514,0.002054,4,2024-10-29 15:47:47,Simple,True,Excellent
2065,65,3,9,649,579,4806,0.003872,5,2024-10-21 03:14:30,Medium,True,Good
2066,42,1,7,229,192,6616,0.002074,1,2024-11-22 13:10:07,Simple,True,Fair
2067,103,2,9,355,561,1640,0.004462,3,2024-11-04 00:41:35,Medium,True,Good
2068,115,4,4,590,588,500,0.00316,4,2024-12-09 09:20:23,Medium,True,Good
2069,228,4,8,541,698,1969,0.003481,4,2024-10-03 15:17:08,Medium,False,Good
2070,84,4,2,113,113,1435,0.000511,4,2024-12-17 15:50:49,Simple,True,Good
2071,277,5,2,628,696,1146,0.001958,5,2024-11-03 13:40:11,Medium,True,Good
2072,19,2,5,487,619,1264,0.004987,5,2024-10-14 22:46:09,Medium,True,Excellent
2073,279,2,6,90,125,2723,0.001041,5,2024-10-19 03:39:08,Simple,True,Excellent
2074,106,3,5,266,339,1311,0.00254,4,2024-10-02 00:21:33,Simple,True,Good
2075,292,5,7,787,731,1262,0.002309,2,2024-10-15 03:11:04,Medium,False,Fair
2076,257,2,4,358,489,1573,0.003899,4,2024-12-13 15:51:19,Simple,True,Excellent
2077,57,1,8,374,315,2758,0.003018,2,2024-10-14 16:00:25,Simple,False,Fair
2078,229,4,8,1159,1712,1089,0.008853,3,2024-12-12 23:44:06,Medium,False,Good
2079,142,3,2,547,712,1226,0.004616,1,2024-12-10 16:49:27,Medium,True,Fair
2080,67,4,8,79,102,2805,0.00051,4,2024-10-27 12:42:06,Simple,True,Good
2081,133,4,8,198,330,1428,0.001773,5,2024-12-13 07:57:06,Simple,True,Good
2082,26,1,1,425,419,1431,0.004095,4,2024-12-13 03:05:39,Simple,True,Excellent
2083,118,4,1,486,435,844,0.002229,4,2024-12-11 21:13:48,Simple,True,Good
2084,97,5,5,1792,2376,4673,0.00644,5,2024-11-14 17:41:18,Complex,False,Good
2085,270,5,6,369,372,6973,0.001018,4,2024-11-19 22:52:53,Simple,False,Good
2086,169,1,5,688,590,622,0.005433,5,2024-12-04 14:28:43,Medium,True,Excellent
2087,172,5,6,187,172,3453,0.000543,4,2024-12-14 16:47:41,Simple,True,Good
2088,148,3,5,1321,1398,952,0.010311,5,2024-10-16 09:49:01,Medium,True,Good
2089,3,2,7,778,828,3421,0.006745,2,2024-12-04 22:16:42,Medium,True,Fair
2090,76,3,8,207,177,2471,0.001226,3,2024-12-19 19:55:25,Simple,True,Good
2091,171,3,9,1270,1084,1285,0.008185,3,2024-11-21 12:39:30,Medium,True,Good
2092,241,4,7,379,450,791,0.002123,5,2024-12-10 14:24:10,Simple,True,Good
2093,259,3,6,467,554,1149,0.004236,4,2024-10-16 18:54:55,Medium,True,Good
2094,78,5,7,849,765,1769,0.002229,3,2024-11-09 01:36:51,Medium,True,Good
2095,41,4,3,186,238,2853,0.001222,2,2024-12-23 13:11:11,Simple,True,Fair
2096,77,2,1,374,523,1446,0.004158,1,2024-11-24 13:48:20,Medium,True,Fair
2097,38,2,1,436,535,1435,0.004584,3,2024-12-24 19:53:49,Medium,True,Good
2098,165,3,5,952,1029,3738,0.00684,1,2024-12-27 17:08:45,Medium,True,Fair
2099,147,3,2,1363,1155,1455,0.00868,4,2024-11-22 10:47:10,Medium,False,Good
2100,258,3,3,610,732,604,0.005069,1,2024-12-14 00:45:04,Medium,False,Fair
2101,225,3,2,514,734,998,0.005383,2,2024-11-10 04:57:30,Medium,True,Fair
2102,206,2,1,827,720,725,0.006162,5,2024-12-10 01:25:52,Medium,True,Excellent
2103,262,1,3,624,652,500,0.006982,4,2024-10-01 07:42:13,Medium,True,Excellent
2104,247,2,5,215,305,1049,0.002669,5,2024-11-23 06:02:05,Simple,True,Excellent
2105,16,5,7,217,293,833,0.000834,4,2024-10-21 09:43:30,Simple,False,Good
2106,184,4,9,324,506,2824,0.00257,5,2024-12-23 04:22:16,Medium,True,Good
2107,264,2,3,651,575,3298,0.004997,3,2024-12-27 09:29:22,Medium,True,Good
2108,81,4,6,1003,1022,2344,0.00554,5,2024-11-13 06:46:55,Medium,True,Good
2109,70,1,6,751,821,1596,0.008973,4,2024-12-29 13:25:12,Medium,True,Excellent
2110,140,5,9,491,439,3644,0.001193,3,2024-10-10 03:19:36,Simple,True,Good
2111,89,4,3,411,364,3596,0.001896,4,2024-12-19 07:23:24,Simple,False,Good
2112,201,4,9,283,395,2777,0.001778,3,2024-12-27 18:27:40,Simple,False,Good
2113,63,2,1,611,834,6782,0.006894,5,2024-11-20 05:20:58,Medium,True,Excellent
2114,218,3,8,1193,1078,2143,0.007811,4,2024-11-06 00:38:34,Medium,True,Good
2115,138,1,8,1451,1569,5336,0.016578,5,2024-10-08 11:22:25,Medium,True,Excellent
2116,211,4,7,54,82,2756,0.000425,1,2024-11-12 19:36:57,Simple,True,Fair
2117,79,1,7,249,353,2176,0.003792,5,2024-11-09 01:22:12,Simple,True,Excellent
2118,26,3,8,1400,2123,1425,0.013794,4,2024-10-10 00:34:07,Complex,True,Good
2119,202,3,3,642,838,2674,0.00562,4,2024-10-04 23:25:02,Medium,False,Good
2120,217,1,2,390,604,1556,0.00632,4,2024-11-16 10:16:15,Medium,True,Excellent
2121,18,3,1,536,856,2198,0.005852,2,2024-11-04 05:10:54,Medium,True,Fair
2122,206,1,8,514,444,1649,0.00449,4,2024-10-26 05:05:35,Simple,True,Excellent
2123,286,3,7,577,953,2376,0.006673,4,2024-12-16 04:33:59,Medium,False,Good
2124,199,2,2,135,199,2670,0.001661,4,2024-11-11 21:21:12,Simple,True,Excellent
2125,83,4,2,749,651,6288,0.00301,3,2024-11-01 19:56:11,Medium,True,Good
2126,194,4,4,285,396,874,0.002158,3,2024-10-09 04:21:09,Simple,True,Good
2127,300,1,7,651,871,1099,0.009141,4,2024-10-16 09:06:04,Medium,True,Excellent
2128,197,4,6,437,380,957,0.002053,5,2024-11-12 10:27:10,Simple,False,Good
2129,13,4,1,237,384,1444,0.002005,4,2024-12-23 19:31:21,Simple,True,Good
2130,182,5,4,1795,2388,4684,0.006722,4,2024-11-04 08:22:55,Complex,True,Good
2131,119,1,4,316,464,2110,0.004915,1,2024-10-20 11:58:28,Simple,True,Fair
2132,143,4,7,376,577,2435,0.002612,4,2024-11-06 17:32:38,Medium,True,Good
2133,120,5,4,406,339,1372,0.001038,1,2024-11-20 21:31:21,Simple,False,Fair
2134,138,4,5,1179,1444,1984,0.007476,5,2024-12-08 06:45:38,Medium,True,Good
2135,108,3,3,297,314,2852,0.002008,5,2024-10-13 16:06:18,Simple,False,Good
2136,246,1,9,1360,1587,2018,0.014638,3,2024-11-01 22:30:23,Medium,True,Good
2137,204,1,8,503,621,578,0.006231,4,2024-11-08 15:58:52,Medium,True,Excellent
2138,95,1,8,845,1062,1129,0.01046,5,2024-12-01 12:22:36,Medium,True,Excellent
2139,6,4,7,325,399,2442,0.002065,5,2024-12-14 14:30:11,Simple,False,Good
2140,267,3,1,1599,1485,1215,0.010466,4,2024-10-01 20:04:27,Medium,True,Good
2141,118,4,5,249,257,5831,0.001223,3,2024-12-25 23:05:47,Simple,True,Good
2142,259,1,4,1804,1981,2455,0.020721,4,2024-11-19 23:09:41,Medium,False,Excellent
2143,296,5,6,505,536,3663,0.001674,4,2024-10-02 20:10:00,Medium,False,Good
2144,17,1,3,1178,1107,671,0.010747,1,2024-11-21 01:20:51,Medium,True,Fair
2145,265,5,6,223,255,2442,0.000714,3,2024-10-01 10:02:52,Simple,True,Good
2146,184,3,7,1567,1311,738,0.009577,3,2024-11-02 02:41:35,Medium,True,Good
2147,143,2,9,321,472,1907,0.003885,5,2024-10-19 02:56:13,Simple,True,Excellent
2148,27,5,6,1301,1230,1330,0.003833,2,2024-10-18 13:28:36,Medium,True,Fair
2149,77,1,6,213,297,3022,0.002881,4,2024-12-22 12:07:43,Simple,False,Excellent
2150,192,1,6,587,623,1995,0.006675,3,2024-10-05 05:26:38,Medium,True,Good
2151,109,5,5,370,436,2117,0.001278,4,2024-11-20 05:55:44,Simple,True,Good
2152,218,4,5,664,644,2063,0.003149,5,2024-10-31 13:57:07,Medium,True,Good
2153,255,1,4,98,104,2766,0.00113,3,2024-12-19 16:08:56,Simple,True,Good
2154,39,4,7,458,674,957,0.003543,3,2024-11-16 11:02:49,Medium,True,Good
2155,233,1,7,202,255,657,0.002474,4,2024-10-27 07:59:29,Simple,True,Excellent
2156,93,1,5,669,630,2286,0.005879,2,2024-12-01 15:23:46,Medium,False,Fair
2157,42,2,5,1357,1462,4286,0.012291,5,2024-10-05 15:34:56,Medium,True,Excellent
2158,184,3,4,340,317,2278,0.002018,5,2024-10-18 20:13:27,Simple,True,Good
2159,210,4,3,89,125,3477,0.000606,4,2024-12-29 05:32:54,Simple,True,Good
2160,148,1,1,1295,1602,1227,0.015905,3,2024-11-16 00:05:37,Medium,True,Good
2161,204,4,6,830,763,1246,0.004171,3,2024-12-21 01:30:26,Medium,True,Good
2162,96,3,3,193,302,1576,0.002025,3,2024-10-24 09:21:57,Simple,True,Good
2163,62,3,3,1163,1572,838,0.010893,5,2024-11-21 08:38:27,Medium,False,Good
2164,146,4,9,304,404,4340,0.001941,3,2024-12-30 22:09:34,Simple,False,Good
2165,112,5,9,317,269,559,0.000875,4,2024-11-28 00:16:50,Simple,True,Good
2166,191,2,4,731,765,865,0.005781,3,2024-11-02 13:15:43,Medium,True,Good
2167,71,2,7,536,674,827,0.005905,4,2024-12-15 05:51:45,Medium,False,Excellent
2168,296,2,5,262,274,1194,0.002253,5,2024-11-30 13:33:24,Simple,True,Excellent
2169,142,2,3,392,341,2360,0.002805,5,2024-10-07 02:33:08,Simple,True,Excellent
2170,139,4,3,1233,1041,2663,0.00481,5,2024-12-01 20:50:23,Medium,True,Good
2171,175,5,8,889,745,1046,0.002283,2,2024-12-24 08:42:17,Medium,False,Fair
2172,234,3,7,436,482,1330,0.00355,4,2024-12-28 18:45:12,Simple,True,Good
2173,165,1,4,773,1083,3077,0.010383,2,2024-10-31 05:48:13,Medium,True,Fair
2174,178,2,9,920,916,2530,0.00765,4,2024-10-29 17:40:02,Medium,True,Excellent
2175,155,5,2,1379,1163,2004,0.003561,3,2024-12-06 06:44:42,Medium,True,Good
2176,21,3,9,485,493,686,0.003377,3,2024-10-26 04:09:07,Simple,True,Good
2177,12,1,3,619,688,3134,0.007471,3,2024-12-20 03:35:50,Medium,True,Good
2178,300,5,6,453,619,2342,0.001905,5,2024-11-05 06:13:10,Medium,True,Good
2179,185,4,1,1378,1310,1768,0.006797,3,2024-11-07 11:58:35,Medium,False,Good
2180,173,4,7,384,376,2333,0.001804,3,2024-10-08 15:39:01,Simple,True,Good
2181,299,1,8,527,516,1787,0.004709,3,2024-10-26 08:10:48,Medium,True,Good
2182,144,1,4,377,320,1684,0.003335,5,2024-11-01 07:38:32,Simple,True,Excellent
2183,27,1,4,566,614,2402,0.005604,3,2024-11-05 07:14:36,Medium,False,Good
2184,225,1,7,964,1559,2710,0.014414,4,2024-11-25 04:44:43,Medium,True,Excellent
2185,143,3,6,1384,1156,2934,0.008484,4,2024-10-08 19:36:20,Medium,False,Good
2186,221,2,5,853,1222,2590,0.009301,5,2024-10-14 07:36:37,Medium,True,Excellent
2187,123,4,7,715,765,4662,0.004152,3,2024-10-10 09:40:32,Medium,False,Good
2188,245,4,3,405,417,3173,0.002191,3,2024-10-31 04:23:17,Simple,True,Good
2189,202,3,3,421,663,742,0.004508,4,2024-11-27 11:53:55,Medium,True,Good
2190,188,5,2,1204,1009,2930,0.002801,4,2024-10-05 16:43:49,Medium,True,Good
2191,11,2,8,296,350,2023,0.002994,2,2024-10-15 01:16:51,Simple,True,Fair
2192,212,1,2,331,301,1865,0.00298,4,2024-10-09 09:58:00,Simple,True,Excellent
2193,223,3,3,879,1373,1144,0.010127,3,2024-10-03 16:51:12,Medium,True,Good
2194,244,2,4,148,229,4533,0.001913,2,2024-11-18 15:37:47,Simple,True,Fair
2195,297,2,8,2700,3544,854,0.029235,5,2024-10-01 19:32:36,Complex,True,Excellent
2196,82,1,6,219,241,962,0.002498,4,2024-12-19 10:38:00,Simple,True,Excellent
2197,230,5,4,279,246,2426,0.000803,4,2024-12-02 19:01:10,Simple,True,Good
2198,26,1,9,833,742,2383,0.006782,3,2024-11-21 03:32:23,Medium,False,Good
2199,86,4,3,256,292,2250,0.001432,5,2024-12-28 16:07:23,Simple,True,Good
2200,56,4,4,1039,882,565,0.004002,4,2024-10-29 00:06:09,Medium,False,Good
2201,278,2,7,814,918,3945,0.006912,3,2024-10-10 00:38:44,Medium,False,Good
2202,249,1,1,380,433,910,0.004248,4,2024-11-06 07:50:21,Simple,True,Excellent
2203,3,3,9,659,1090,2165,0.00827,5,2024-12-01 05:00:49,Medium,False,Good
2204,89,5,1,604,611,4446,0.001782,3,2024-12-12 18:03:39,Medium,True,Good
2205,194,5,8,685,843,1292,0.002278,4,2024-12-26 16:37:46,Medium,True,Good
2206,48,2,1,190,164,4040,0.00141,2,2024-12-28 12:32:40,Simple,False,Fair
2207,69,1,8,702,1069,1752,0.010472,1,2024-12-02 22:54:40,Medium,False,Fair
2208,123,2,4,670,718,2719,0.005333,4,2024-12-21 21:01:45,Medium,True,Excellent
2209,63,4,6,189,266,2017,0.001297,3,2024-11-24 22:34:03,Simple,False,Good
2210,145,1,6,518,491,1687,0.004817,2,2024-12-30 21:28:08,Simple,True,Fair
2211,30,2,1,511,731,5994,0.00535,5,2024-11-28 16:19:59,Medium,False,Excellent
2212,227,2,4,137,191,1744,0.001523,5,2024-12-21 10:48:22,Simple,True,Excellent
2213,88,4,1,321,440,1765,0.00231,5,2024-12-06 20:49:30,Simple,True,Good
2214,42,5,8,497,518,1150,0.001543,4,2024-10-11 18:08:53,Medium,True,Good
2215,235,4,5,802,1040,2745,0.005278,4,2024-11-15 08:16:02,Medium,False,Good
2216,202,2,5,496,426,3025,0.003081,5,2024-11-11 19:44:43,Simple,True,Excellent
2217,275,5,4,1251,1357,6208,0.003846,5,2024-11-26 12:11:51,Medium,True,Good
2218,129,5,1,217,344,3177,0.001034,5,2024-10-27 21:18:58,Simple,True,Good
2219,93,2,1,350,428,1409,0.003262,3,2024-11-24 18:58:33,Simple,True,Good
2220,162,5,5,442,735,2447,0.002236,4,2024-11-10 18:31:48,Medium,True,Good
2221,228,1,7,69,87,1302,0.000922,3,2024-12-15 00:42:18,Simple,True,Good
2222,275,2,1,1005,1155,1142,0.008934,4,2024-10-25 18:42:56,Medium,True,Excellent
2223,274,2,4,330,451,2833,0.003692,3,2024-10-20 10:42:41,Simple,True,Good
2224,118,1,9,415,407,3414,0.003984,3,2024-10-01 12:25:32,Simple,True,Good
2225,111,5,5,335,349,1905,0.001144,4,2024-10-23 17:49:07,Simple,True,Good
2226,285,4,8,838,800,3508,0.004399,5,2024-12-21 18:23:43,Medium,True,Good
2227,95,1,9,559,502,2521,0.004798,4,2024-10-10 08:02:35,Medium,True,Excellent
2228,289,1,1,420,630,1632,0.006635,5,2024-11-19 15:42:30,Medium,True,Excellent
2229,156,3,1,1376,1224,1708,0.008043,4,2024-12-08 16:08:21,Medium,True,Good
2230,118,1,1,1915,1608,1159,0.015385,4,2024-11-09 09:21:12,Medium,True,Excellent
2231,73,4,2,230,276,971,0.001473,5,2024-11-22 19:41:32,Simple,True,Good
2232,247,1,6,737,647,871,0.006949,4,2024-12-14 11:43:37,Medium,True,Excellent
2233,214,5,8,342,332,3058,0.001054,3,2024-11-26 05:03:14,Simple,False,Good
2234,221,2,1,1017,1334,1395,0.009631,5,2024-10-12 12:32:13,Medium,True,Excellent
2235,112,2,3,363,463,2318,0.003555,2,2024-10-26 19:07:06,Simple,True,Fair
2236,196,5,5,550,707,1192,0.002137,3,2024-10-04 03:48:02,Medium,False,Good
2237,4,1,3,1043,942,965,0.010198,5,2024-11-22 03:30:47,Medium,True,Excellent
2238,221,3,5,559,758,904,0.005157,5,2024-10-11 13:36:12,Medium,True,Good
2239,132,2,9,301,415,1041,0.003356,5,2024-12-18 11:56:54,Simple,True,Excellent
2240,44,4,9,294,253,2507,0.001382,4,2024-11-18 10:56:53,Simple,True,Good
2241,224,1,5,639,685,2312,0.006508,3,2024-10-04 03:01:18,Medium,True,Good
2242,103,4,3,1451,1563,2261,0.008144,4,2024-11-26 02:15:51,Medium,True,Good
2243,127,3,5,73,118,9300,0.000832,5,2024-11-08 22:55:33,Simple,True,Good
2244,203,3,4,582,493,2160,0.003185,4,2024-11-19 12:27:14,Simple,False,Good
2245,155,1,5,275,265,3058,0.002539,2,2024-11-28 14:14:24,Simple,True,Fair
2246,293,4,6,683,672,3214,0.003531,3,2024-12-02 16:54:53,Medium,True,Good
2247,237,3,1,2149,1846,2943,0.013069,5,2024-10-19 10:35:36,Medium,True,Good
2248,34,3,8,549,832,1243,0.006221,4,2024-10-06 14:56:11,Medium,False,Good
2249,102,2,4,163,247,4468,0.001822,4,2024-11-10 02:46:16,Simple,True,Excellent
2250,4,2,2,1452,1497,645,0.012422,3,2024-12-28 18:04:15,Medium,True,Good
2251,225,4,1,284,270,1110,0.001454,3,2024-11-12 13:24:43,Simple,True,Good
2252,295,2,6,187,157,1689,0.001192,5,2024-11-28 23:44:50,Simple,True,Excellent
2253,117,5,6,679,605,2217,0.001721,4,2024-10-12 13:12:19,Medium,True,Good
2254,285,4,8,183,291,958,0.001445,5,2024-11-15 10:39:40,Simple,True,Good
2255,68,4,7,438,490,996,0.00266,3,2024-12-11 21:39:23,Simple,True,Good
2256,299,3,8,281,411,5241,0.003041,3,2024-12-24 19:20:06,Simple,True,Good
2257,24,2,6,211,324,843,0.002549,4,2024-10-27 04:16:13,Simple,True,Excellent
2258,64,3,1,557,822,1189,0.00551,4,2024-10-12 09:13:14,Medium,True,Good
2259,184,4,8,1102,1142,4583,0.006011,4,2024-10-21 06:28:22,Medium,True,Good
2260,55,4,3,681,1125,882,0.005723,2,2024-11-25 08:28:16,Medium,True,Fair
2261,43,4,6,735,654,1024,0.003174,4,2024-10-31 02:03:11,Medium,True,Good
2262,69,5,5,183,168,1881,0.000514,4,2024-10-20 22:07:56,Simple,True,Good
2263,69,1,3,738,668,1746,0.006262,3,2024-12-21 05:44:16,Medium,True,Good
2264,274,2,5,2021,2068,845,0.016925,2,2024-12-08 14:01:49,Complex,True,Fair
2265,110,5,7,965,1266,1890,0.004147,4,2024-11-18 20:24:22,Medium,False,Good
2266,282,4,1,807,693,2190,0.003712,4,2024-12-25 21:39:28,Medium,True,Good
2267,70,5,7,694,625,2021,0.00197,4,2024-11-08 18:56:35,Medium,False,Good
2268,72,3,8,390,625,775,0.004534,5,2024-12-26 00:31:29,Medium,True,Good
2269,177,3,8,451,582,1479,0.004091,4,2024-11-29 18:17:18,Medium,False,Good
2270,11,2,5,171,247,518,0.002,3,2024-12-03 20:20:31,Simple,True,Good
2271,16,1,8,230,207,2561,0.001985,4,2024-10-10 01:57:45,Simple,True,Excellent
2272,300,5,7,849,725,500,0.002066,5,2024-10-15 01:24:08,Medium,False,Good
2273,43,4,5,550,528,1166,0.002612,5,2024-11-17 01:12:34,Medium,True,Good
2274,228,3,1,547,869,1872,0.00649,4,2024-11-06 12:14:39,Medium,False,Good
2275,182,3,2,744,770,1452,0.005358,5,2024-12-03 07:46:36,Medium,True,Good
2276,235,4,3,723,1139,2167,0.005903,2,2024-10-02 02:56:56,Medium,False,Fair
2277,90,2,2,835,1086,2577,0.008287,4,2024-12-04 19:50:24,Medium,True,Excellent
2278,117,5,5,685,605,3746,0.001762,3,2024-11-27 20:45:02,Medium,True,Good
2279,213,5,7,175,209,1011,0.000679,1,2024-12-06 21:32:08,Simple,False,Fair
2280,230,4,5,397,486,2191,0.00243,5,2024-12-16 10:42:39,Simple,True,Good
2281,231,5,2,547,490,3743,0.001365,3,2024-12-26 17:54:31,Simple,True,Good
2282,282,3,9,523,735,2121,0.004975,5,2024-11-11 13:21:45,Medium,True,Good
2283,203,2,1,329,478,1637,0.003647,5,2024-12-30 18:40:33,Simple,True,Excellent
2284,75,1,5,462,474,3037,0.005166,5,2024-12-08 19:33:21,Simple,True,Excellent
2285,20,5,9,101,100,5992,0.000276,4,2024-12-06 00:17:29,Simple,True,Good
2286,44,5,7,1176,986,3407,0.003062,4,2024-11-18 22:08:43,Medium,False,Good
2287,250,3,1,536,627,1718,0.004212,5,2024-12-04 01:50:36,Medium,True,Good
2288,27,2,5,293,261,1675,0.002256,4,2024-10-13 20:54:45,Simple,True,Excellent
2289,202,5,9,1056,1678,2503,0.00473,4,2024-10-07 03:20:23,Medium,False,Good
2290,151,2,2,234,335,1897,0.002808,3,2024-11-16 12:31:46,Simple,True,Good
2291,115,2,8,974,1045,1205,0.008889,1,2024-12-11 03:34:03,Medium,True,Fair
2292,15,4,7,662,1080,1821,0.005539,4,2024-12-24 13:20:38,Medium,True,Good
2293,286,5,1,788,717,1959,0.002225,3,2024-10-10 16:43:59,Medium,False,Good
2294,85,4,4,1218,1153,1875,0.005478,5,2024-10-03 13:38:24,Medium,True,Good
2295,206,2,9,809,711,1052,0.006169,4,2024-10-26 16:39:34,Medium,True,Excellent
2296,150,3,5,259,418,1618,0.003071,5,2024-11-06 03:08:50,Simple,False,Good
2297,5,5,7,1274,1593,2714,0.004374,1,2024-11-28 10:00:36,Medium,True,Fair
2298,113,4,4,733,632,1470,0.002895,5,2024-10-20 12:44:31,Medium,True,Good
2299,70,5,9,163,258,2128,0.000822,4,2024-10-04 04:50:13,Simple,True,Good
2300,152,1,7,222,359,805,0.003382,4,2024-11-28 19:42:43,Simple,True,Excellent
2301,155,2,3,358,400,2580,0.003298,5,2024-11-25 04:50:15,Simple,True,Excellent
2302,159,4,4,1222,1022,697,0.005253,3,2024-12-03 23:42:30,Medium,True,Good
2303,4,3,9,826,767,1668,0.005143,5,2024-12-28 11:56:40,Medium,True,Good
2304,287,3,9,1555,1575,1560,0.011957,4,2024-10-03 21:32:01,Medium,False,Good
2305,156,3,4,685,667,1976,0.004668,4,2024-12-21 18:37:20,Medium,True,Good
2306,35,4,4,409,399,1120,0.001796,4,2024-10-07 04:52:24,Simple,False,Good
2307,235,1,1,336,312,2124,0.003398,4,2024-11-11 22:24:14,Simple,True,Excellent
2308,119,4,4,424,547,500,0.002895,5,2024-10-14 09:12:26,Medium,True,Good
2309,186,5,2,348,341,2119,0.00108,3,2024-12-06 04:41:07,Simple,False,Good
2310,167,1,2,861,1210,809,0.011438,4,2024-11-16 06:45:45,Medium,True,Excellent
2311,299,1,6,335,433,3231,0.003993,4,2024-12-23 17:26:54,Simple,True,Excellent
2312,149,5,4,371,422,613,0.001157,5,2024-10-12 13:49:06,Simple,True,Good
2313,174,3,9,80,133,2993,0.000948,3,2024-10-15 16:48:45,Simple,True,Good
2314,17,2,7,411,393,1993,0.003261,5,2024-10-30 22:56:13,Simple,False,Excellent
2315,257,4,6,851,1227,2215,0.005796,3,2024-12-28 15:46:09,Medium,True,Good
2316,171,4,7,372,597,1991,0.003155,5,2024-12-30 12:01:51,Medium,True,Good
2317,235,2,6,432,578,1700,0.004965,5,2024-11-05 13:17:50,Medium,True,Excellent
2318,241,1,3,385,570,591,0.005345,3,2024-12-12 08:53:16,Medium,True,Good
2319,98,3,8,382,506,741,0.003545,3,2024-10-21 18:05:35,Medium,True,Good
2320,16,5,8,1344,1199,585,0.003599,4,2024-11-21 04:11:32,Medium,False,Good
2321,17,1,6,233,369,886,0.003661,4,2024-11-26 14:49:06,Simple,True,Excellent
2322,43,5,6,422,477,621,0.001431,5,2024-11-07 09:04:36,Simple,True,Good
2323,43,1,3,289,304,1346,0.003085,5,2024-12-17 09:46:04,Simple,True,Excellent
2324,164,3,9,360,522,1814,0.003386,4,2024-10-23 17:28:18,Medium,True,Good
2325,57,3,2,111,177,1279,0.001243,3,2024-11-12 18:25:16,Simple,False,Good
2326,11,5,1,1432,1271,3927,0.004074,3,2024-11-05 14:33:20,Medium,False,Good
2327,287,5,8,504,524,7908,0.001487,5,2024-11-30 21:16:47,Medium,True,Good
2328,167,5,1,584,675,2008,0.002183,2,2024-11-14 13:30:34,Medium,True,Fair
2329,137,5,6,253,259,657,0.000721,4,2024-10-08 16:19:40,Simple,True,Good
2330,162,1,9,586,490,1359,0.005202,4,2024-11-24 18:27:04,Simple,True,Excellent
2331,252,1,6,112,105,603,0.001036,4,2024-12-22 11:08:18,Simple,True,Excellent
2332,165,4,2,3335,2802,1871,0.013748,4,2024-11-26 22:38:13,Complex,True,Good
2333,297,3,6,836,700,1870,0.005014,4,2024-10-18 03:16:57,Medium,True,Good
2334,181,2,4,1670,1488,1332,0.01297,4,2024-11-19 05:54:25,Medium,True,Excellent
2335,85,5,9,343,452,2734,0.001273,2,2024-11-15 02:33:10,Simple,False,Fair
2336,33,1,8,2392,2288,1773,0.022794,2,2024-12-19 14:10:39,Complex,False,Fair
2337,31,3,3,437,523,1556,0.003996,4,2024-10-30 15:55:26,Medium,False,Good
2338,114,2,6,885,1425,1604,0.010687,5,2024-11-04 19:25:55,Medium,True,Excellent
2339,92,3,1,453,415,1520,0.002884,5,2024-10-13 10:37:28,Simple,True,Good
2340,47,5,3,244,388,1949,0.001222,3,2024-11-24 13:06:07,Simple,True,Good
2341,230,2,3,856,865,4347,0.006327,4,2024-12-14 03:27:59,Medium,True,Excellent
2342,9,5,7,281,409,885,0.001335,4,2024-12-11 18:54:06,Simple,True,Good
2343,95,3,9,345,356,1011,0.002317,5,2024-11-29 18:21:27,Simple,True,Good
2344,155,5,8,215,330,2770,0.000966,4,2024-12-27 06:19:46,Simple,True,Good
2345,139,3,5,807,1191,2992,0.007959,2,2024-11-04 06:37:25,Medium,True,Fair
2346,274,3,7,155,232,1141,0.001705,3,2024-11-04 10:40:40,Simple,True,Good
2347,201,3,5,464,458,718,0.003409,5,2024-11-12 23:59:40,Simple,True,Good
2348,212,1,3,603,561,2420,0.005602,4,2024-12-25 07:56:09,Medium,True,Excellent
2349,156,1,9,1427,1264,2041,0.011893,4,2024-11-04 21:50:52,Medium,True,Excellent
2350,143,1,7,198,274,1635,0.00258,4,2024-12-22 22:59:09,Simple,True,Excellent
2351,75,1,4,1916,2483,2111,0.026436,4,2024-10-10 10:46:58,Complex,True,Excellent
2352,286,4,4,427,588,1143,0.002735,2,2024-11-22 15:24:18,Medium,True,Fair
2353,159,2,8,2136,1874,1019,0.016465,5,2024-11-09 18:31:01,Medium,False,Excellent
2354,161,5,7,510,506,2101,0.001619,3,2024-11-30 09:16:25,Medium,False,Good
2355,280,5,4,896,806,500,0.002346,4,2024-10-06 23:16:27,Medium,True,Good
2356,224,2,1,742,658,1489,0.005751,3,2024-12-14 21:43:32,Medium,False,Good
2357,262,5,8,329,447,2429,0.001354,5,2024-12-11 06:47:44,Simple,False,Good
2358,56,5,9,792,720,1328,0.002363,4,2024-10-29 21:09:44,Medium,True,Good
2359,177,3,1,428,597,1842,0.004091,4,2024-10-05 21:38:17,Medium,True,Good
2360,267,1,9,1029,1027,2987,0.009725,5,2024-12-19 13:19:33,Medium,True,Excellent
2361,23,3,2,171,224,2994,0.001692,4,2024-11-12 15:52:39,Simple,True,Good
2362,145,3,4,315,481,697,0.003692,4,2024-10-24 02:35:24,Simple,True,Good
2363,280,1,4,1541,1365,2537,0.014007,5,2024-10-18 09:27:48,Medium,True,Excellent
2364,247,1,2,383,613,1976,0.006654,3,2024-12-19 15:53:07,Medium,False,Good
2365,6,1,7,529,609,1825,0.006134,4,2024-11-15 17:14:19,Medium,True,Excellent
2366,104,1,6,441,404,620,0.003645,4,2024-10-22 09:27:55,Simple,True,Excellent
2367,50,1,5,434,490,893,0.00504,2,2024-12-19 17:27:25,Simple,True,Fair
2368,271,2,5,245,268,504,0.002337,2,2024-10-22 02:43:37,Simple,True,Fair
2369,61,2,5,502,536,1207,0.00393,4,2024-12-02 16:21:24,Medium,True,Excellent
2370,55,1,1,89,112,6560,0.001228,4,2024-11-29 18:00:11,Simple,True,Excellent
2371,185,2,7,260,228,2571,0.001655,5,2024-11-28 18:21:44,Simple,True,Excellent
2372,41,3,4,388,565,2811,0.004033,4,2024-11-03 11:35:47,Medium,True,Good
2373,177,1,9,295,489,2626,0.004597,4,2024-11-25 19:21:59,Simple,True,Excellent
2374,213,5,9,116,140,1644,0.000392,5,2024-11-26 21:15:44,Simple,True,Good
2375,272,2,2,325,280,3112,0.002343,2,2024-12-26 21:29:11,Simple,True,Fair
2376,67,2,4,295,349,1976,0.002593,5,2024-12-08 06:01:11,Simple,True,Excellent
2377,31,2,4,363,589,3654,0.004251,3,2024-10-19 06:45:10,Medium,True,Good
2378,47,2,9,600,937,3837,0.007373,2,2024-10-01 22:48:21,Medium,True,Fair
2379,186,1,2,560,862,1789,0.007937,3,2024-12-24 20:37:19,Medium,True,Good
2380,12,1,6,2901,3777,1652,0.034228,5,2024-12-06 00:37:37,Complex,True,Excellent
2381,281,2,7,450,389,531,0.002936,5,2024-12-29 21:03:45,Simple,False,Excellent
2382,19,3,7,965,1267,500,0.009285,4,2024-12-04 14:24:43,Medium,True,Good
2383,125,2,4,268,427,2386,0.003169,4,2024-12-25 13:53:53,Simple,True,Excellent
2384,160,3,6,345,422,2864,0.00284,5,2024-11-21 15:49:59,Simple,True,Good
2385,178,1,9,737,863,3790,0.008533,5,2024-12-08 04:37:55,Medium,True,Excellent
2386,98,4,4,334,519,1531,0.002706,3,2024-12-11 01:03:27,Medium,True,Good
2387,108,3,5,672,1065,2836,0.007167,4,2024-11-10 12:22:07,Medium,True,Good
2388,128,2,5,399,364,5171,0.003039,5,2024-11-13 07:55:56,Simple,True,Excellent
2389,155,2,5,877,833,2030,0.007113,5,2024-10-22 08:38:26,Medium,True,Excellent
2390,269,1,9,1125,972,737,0.010593,4,2024-10-15 09:59:30,Medium,False,Excellent
2391,20,2,3,1066,1087,3455,0.008743,4,2024-11-25 12:54:18,Medium,True,Excellent
2392,219,3,6,332,279,1563,0.001767,4,2024-10-09 11:24:26,Simple,True,Good
2393,197,1,7,429,609,554,0.005499,5,2024-12-07 22:02:58,Medium,True,Excellent
2394,186,4,3,1091,1103,918,0.005817,2,2024-11-15 02:16:26,Medium,True,Fair
2395,249,4,9,884,792,3714,0.004329,4,2024-12-28 04:46:58,Medium,False,Good
2396,77,2,8,159,223,2222,0.001703,5,2024-12-14 09:42:37,Simple,True,Excellent
2397,296,2,7,1347,1362,1199,0.009844,4,2024-10-29 05:40:41,Medium,True,Excellent
2398,84,5,1,628,1029,755,0.003359,4,2024-11-07 14:42:08,Medium,False,Good
2399,30,3,2,120,163,2575,0.001078,5,2024-11-03 17:28:07,Simple,False,Good
2400,162,5,2,2074,1963,11539,0.006092,4,2024-10-10 08:43:12,Medium,False,Good
2401,213,3,7,930,1160,4112,0.007929,5,2024-12-05 22:12:27,Medium,True,Good
2402,89,3,9,534,788,803,0.00566,2,2024-11-10 08:22:01,Medium,True,Fair
2403,238,5,8,262,224,2130,0.000626,3,2024-11-22 01:26:36,Simple,True,Good
2404,297,4,4,927,1212,1079,0.006184,4,2024-10-27 22:48:14,Medium,False,Good
2405,225,1,7,189,240,500,0.002484,4,2024-10-16 01:30:47,Simple,True,Excellent
2406,162,2,7,395,350,909,0.002864,2,2024-10-24 11:55:27,Simple,True,Fair
2407,149,1,2,529,498,1121,0.004895,4,2024-11-24 21:05:49,Simple,True,Excellent
2408,90,3,4,1354,1568,6320,0.009892,2,2024-12-13 20:45:16,Medium,True,Fair
2409,137,2,4,430,406,809,0.003451,4,2024-10-01 01:18:32,Simple,False,Excellent
2410,199,4,1,753,765,1968,0.003749,4,2024-10-03 02:21:20,Medium,False,Good
2411,77,2,6,1478,1255,2083,0.009779,3,2024-12-13 16:05:36,Medium,False,Good
2412,93,3,6,201,251,1157,0.001706,4,2024-12-14 23:37:17,Simple,False,Good
2413,207,4,5,1377,1472,2222,0.008078,4,2024-11-26 10:52:23,Medium,False,Good
2414,81,2,3,771,791,3051,0.005917,5,2024-11-27 14:33:04,Medium,True,Excellent
2415,297,5,6,363,401,1472,0.001261,3,2024-12-08 08:15:48,Simple,True,Good
2416,124,2,5,751,1154,1273,0.009186,3,2024-11-17 01:36:10,Medium,False,Good
2417,129,1,1,736,842,3743,0.008275,4,2024-10-18 18:35:51,Medium,True,Excellent
2418,36,4,7,758,1146,7540,0.00626,5,2024-10-01 03:33:27,Medium,False,Good
2419,153,5,7,457,507,1230,0.001429,3,2024-11-11 20:50:35,Medium,False,Good
2420,33,5,2,271,255,1903,0.000823,5,2024-11-07 05:22:50,Simple,False,Good
2421,60,5,5,528,844,2267,0.002647,5,2024-11-10 01:39:29,Medium,True,Good
2422,5,4,7,539,713,880,0.003545,4,2024-10-27 14:02:43,Medium,True,Good
2423,273,3,7,1091,1413,1076,0.009594,4,2024-10-12 13:35:19,Medium,False,Good
2424,141,5,9,525,659,2278,0.00207,3,2024-12-21 02:10:15,Medium,True,Good
2425,207,2,6,1406,1556,1323,0.011476,4,2024-10-06 08:25:35,Medium,True,Excellent
2426,172,2,4,928,1132,3067,0.009478,3,2024-10-17 15:20:40,Medium,True,Good
2427,9,5,1,262,270,1038,0.000782,4,2024-12-21 20:06:29,Simple,True,Good
2428,252,5,5,534,507,1654,0.00154,3,2024-10-03 14:21:29,Medium,False,Good
2429,288,2,5,701,700,1191,0.005645,3,2024-12-15 01:26:41,Medium,True,Good
2430,77,1,7,196,234,2262,0.002529,3,2024-12-17 21:44:43,Simple,True,Good
2431,123,1,3,300,493,1093,0.005303,4,2024-12-30 05:33:56,Simple,True,Excellent
2432,295,2,1,255,237,1671,0.001758,4,2024-10-24 08:24:52,Simple,True,Excellent
2433,140,1,4,440,484,2207,0.004645,2,2024-10-13 10:07:35,Simple,True,Fair
2434,123,5,3,712,1133,4595,0.003091,4,2024-10-29 15:03:59,Medium,True,Good
2435,30,2,4,389,412,3225,0.003606,5,2024-10-05 16:54:09,Simple,True,Excellent
2436,29,5,7,438,687,2627,0.002028,5,2024-12-19 15:08:37,Medium,True,Good
2437,205,2,8,323,393,1651,0.002932,5,2024-10-22 10:15:43,Simple,True,Excellent
2438,61,3,6,868,945,1032,0.006771,5,2024-10-06 07:20:10,Medium,True,Good
2439,262,2,6,702,993,1072,0.007512,4,2024-12-11 00:46:40,Medium,False,Excellent
2440,255,3,9,137,214,1848,0.00138,4,2024-10-21 01:30:01,Simple,True,Good
2441,187,3,7,2115,1845,1173,0.012708,3,2024-10-21 16:37:12,Medium,True,Good
2442,284,4,3,987,1009,1217,0.004823,5,2024-11-06 17:04:26,Medium,True,Good
2443,136,4,6,549,666,2515,0.003612,4,2024-12-08 20:49:24,Medium,True,Good
2444,242,1,3,262,248,1499,0.002265,5,2024-12-20 19:06:30,Simple,True,Excellent
2445,97,3,2,245,380,721,0.002505,5,2024-11-17 07:42:23,Simple,True,Good
2446,154,4,5,1338,1208,1454,0.005476,4,2024-12-03 01:55:29,Medium,True,Good
2447,286,3,6,124,108,1552,0.000823,4,2024-11-01 20:09:04,Simple,True,Good
2448,78,2,7,181,286,1350,0.002133,4,2024-10-13 16:04:54,Simple,True,Excellent
2449,79,4,8,454,504,1202,0.00273,3,2024-10-03 10:29:14,Medium,True,Good
2450,25,4,5,190,188,1226,0.000853,4,2024-12-09 04:23:00,Simple,True,Good
2451,3,2,3,259,412,2003,0.003491,4,2024-10-10 15:29:17,Simple,True,Excellent
2452,258,5,5,632,728,1006,0.002044,2,2024-11-06 03:07:19,Medium,False,Fair
2453,181,1,9,491,704,1599,0.007158,3,2024-12-11 03:54:03,Medium,True,Good
2454,226,4,8,921,814,1409,0.00383,4,2024-12-09 22:51:26,Medium,True,Good
2455,64,2,3,360,342,1436,0.002602,4,2024-11-09 10:36:04,Simple,True,Excellent
2456,5,2,2,330,278,5408,0.002021,3,2024-11-07 04:00:49,Simple,False,Good
2457,168,3,6,295,445,3717,0.003365,3,2024-10-05 07:56:23,Simple,False,Good
2458,245,2,4,282,377,1548,0.003223,4,2024-12-11 15:29:26,Simple,True,Excellent
2459,117,4,2,472,736,1552,0.003365,3,2024-12-10 03:44:19,Medium,True,Good
2460,216,2,3,692,644,4625,0.005192,4,2024-12-29 09:49:52,Medium,True,Excellent
2461,23,5,3,250,389,3633,0.001077,4,2024-10-29 08:23:37,Simple,False,Good
2462,113,1,7,546,732,2116,0.007561,2,2024-10-12 06:22:17,Medium,False,Fair
2463,94,4,6,1264,1140,3282,0.005737,1,2024-12-01 18:42:41,Medium,True,Fair
2464,285,2,7,525,487,4657,0.004121,4,2024-10-05 00:01:23,Simple,True,Excellent
2465,81,3,5,630,964,1980,0.006206,4,2024-12-07 05:23:51,Medium,True,Good
2466,44,4,6,201,258,2349,0.001391,1,2024-10-01 20:32:47,Simple,True,Fair
2467,70,4,8,583,640,2706,0.003113,4,2024-11-21 02:48:40,Medium,False,Good
2468,167,2,4,351,566,993,0.004875,5,2024-12-12 08:53:02,Medium,True,Excellent
2469,188,3,5,645,990,848,0.007062,5,2024-12-24 10:42:52,Medium,True,Good
2470,95,5,5,758,886,576,0.002646,3,2024-11-24 23:36:44,Medium,True,Good
2471,109,2,2,379,600,3064,0.004924,5,2024-12-21 18:54:10,Medium,True,Excellent
2472,159,5,2,1804,2750,1402,0.008872,3,2024-10-09 00:44:39,Complex,False,Good
2473,225,2,6,424,641,4702,0.004949,5,2024-11-13 00:20:32,Medium,True,Excellent
2474,292,1,2,400,434,912,0.004407,3,2024-12-04 05:12:30,Simple,True,Good
2475,101,1,3,738,1052,4249,0.011411,3,2024-10-02 00:30:19,Medium,True,Good
2476,14,5,1,695,1111,1622,0.003212,3,2024-12-10 22:53:37,Medium,True,Good
2477,49,1,4,453,484,1249,0.004936,3,2024-12-14 01:27:18,Simple,False,Good
2478,45,2,7,884,1204,3517,0.009825,5,2024-12-04 17:42:44,Medium,True,Excellent
2479,83,1,2,385,460,3692,0.00501,3,2024-11-10 07:12:20,Simple,True,Good
2480,10,5,7,341,451,781,0.001274,5,2024-11-29 20:47:11,Simple,True,Good
2481,102,2,6,212,318,3744,0.00242,3,2024-12-22 13:58:18,Simple,True,Good
2482,22,4,8,980,1174,2771,0.006145,3,2024-10-18 06:59:59,Medium,True,Good
2483,191,5,5,431,410,3719,0.001249,4,2024-12-15 08:14:54,Simple,True,Good
2484,46,1,8,620,530,1641,0.004922,3,2024-12-29 09:32:44,Medium,False,Good
2485,213,1,1,351,451,2222,0.004891,4,2024-10-06 09:27:40,Simple,True,Excellent
2486,235,4,3,153,170,1042,0.00087,4,2024-10-13 00:44:48,Simple,True,Good
2487,251,1,1,279,314,1020,0.002989,4,2024-10-16 05:07:48,Simple,True,Excellent
2488,45,2,9,537,555,1620,0.004396,4,2024-12-11 07:04:16,Medium,True,Excellent
2489,15,4,3,2416,2045,2108,0.010802,4,2024-11-17 16:26:21,Complex,True,Good
2490,63,1,5,1079,1268,1966,0.013333,5,2024-11-11 15:13:43,Medium,True,Excellent
2491,213,2,7,535,703,2401,0.005332,3,2024-11-28 10:43:26,Medium,False,Good
2492,86,5,4,208,331,2237,0.000955,3,2024-10-15 05:53:28,Simple,False,Good
2493,12,3,8,1146,1274,1307,0.008142,5,2024-12-22 12:29:56,Medium,False,Good
2494,24,1,3,1998,2103,1297,0.022485,3,2024-12-30 08:08:48,Complex,True,Good
2495,219,4,5,688,1017,3111,0.005202,3,2024-10-11 20:17:28,Medium,True,Good
2496,84,3,5,1189,1007,2807,0.007177,2,2024-11-02 05:19:28,Medium,False,Fair
2497,297,2,2,1004,864,1747,0.007005,1,2024-11-27 08:51:03,Medium,True,Fair
2498,256,3,6,236,378,685,0.002501,4,2024-11-07 20:11:38,Simple,False,Good
2499,139,1,2,562,647,902,0.006641,4,2024-10-11 00:48:19,Medium,True,Excellent
2500,154,3,5,231,287,1562,0.001832,5,2024-10-11 08:38:36,Simple,True,Good
2501,80,4,8,292,296,5894,0.001341,2,2024-10-18 17:13:59,Simple,True,Fair
2502,274,5,1,130,193,1255,0.000594,4,2024-12-07 02:51:11,Simple,True,Good
2503,163,4,9,687,894,1165,0.004065,5,2024-10-23 21:18:28,Medium,True,Good
2504,42,4,1,2130,1920,1895,0.010373,1,2024-12-17 10:36:55,Medium,True,Fair
2505,237,2,6,445,594,1248,0.0048,2,2024-10-17 01:14:58,Medium,True,Fair
2506,127,2,5,1397,1345,1561,0.011002,4,2024-11-12 21:52:00,Medium,True,Excellent
2507,123,4,6,1045,874,2506,0.004018,5,2024-10-31 11:16:39,Medium,True,Good
2508,196,4,7,509,497,3149,0.00234,4,2024-12-26 21:34:50,Simple,True,Good
2509,94,3,4,741,773,1304,0.005904,3,2024-12-17 05:54:50,Medium,True,Good
2510,181,5,4,982,1221,2135,0.003592,5,2024-10-26 02:47:01,Medium,True,Good
2511,200,3,1,182,298,2101,0.002048,3,2024-11-03 05:39:24,Simple,True,Good
2512,83,4,6,529,489,1260,0.00265,2,2024-12-13 21:56:44,Simple,True,Fair
2513,176,2,3,135,219,2375,0.001585,4,2024-12-03 04:35:17,Simple,False,Excellent
2514,93,2,7,1329,1243,838,0.009404,4,2024-12-01 20:21:46,Medium,True,Excellent
2515,255,4,9,132,140,1719,0.000729,2,2024-12-22 23:56:16,Simple,True,Fair
2516,86,3,6,170,157,1001,0.001134,1,2024-11-27 12:39:44,Simple,True,Fair
2517,208,4,1,808,967,500,0.004716,5,2024-12-14 10:44:49,Medium,True,Good
2518,219,2,9,227,283,4130,0.002479,4,2024-11-01 04:40:43,Simple,True,Excellent
2519,217,4,2,2985,3392,3384,0.01663,4,2024-11-25 03:22:36,Complex,True,Good
2520,121,1,6,387,425,9952,0.004493,3,2024-12-01 12:59:35,Simple,False,Good
2521,107,3,2,971,1194,2180,0.007565,4,2024-11-07 14:42:47,Medium,True,Good
2522,90,2,4,983,1153,4608,0.008454,4,2024-11-07 14:51:01,Medium,True,Excellent
2523,291,2,2,494,539,8035,0.004574,4,2024-11-07 16:32:11,Medium,True,Excellent
2524,276,4,2,768,1127,2326,0.006091,5,2024-11-11 02:10:06,Medium,False,Good
2525,265,5,2,827,943,1184,0.002961,1,2024-10-31 23:20:38,Medium,True,Fair
2526,215,3,8,274,380,1590,0.002584,2,2024-11-11 19:48:30,Simple,True,Fair
2527,187,5,6,576,607,1094,0.001734,4,2024-10-11 06:57:22,Medium,False,Good
2528,192,1,1,1064,1560,4399,0.014322,4,2024-11-19 14:19:31,Medium,False,Excellent
2529,207,4,7,809,794,2530,0.003831,2,2024-10-01 04:18:43,Medium,True,Fair
2530,104,4,4,333,357,3492,0.001632,3,2024-11-04 00:42:43,Simple,True,Good
2531,139,3,5,548,568,1326,0.004126,2,2024-11-05 03:15:47,Medium,True,Fair
2532,188,2,4,401,360,1884,0.002682,5,2024-10-25 00:44:31,Simple,True,Excellent
2533,26,2,7,2129,1963,1219,0.015991,4,2024-11-22 15:36:21,Medium,True,Excellent
2534,217,1,4,336,301,2678,0.002931,3,2024-10-17 06:12:38,Simple,True,Good
2535,80,1,6,1068,991,3013,0.009187,3,2024-11-26 05:22:55,Medium,True,Good
2536,189,2,1,841,991,1143,0.007828,2,2024-10-09 23:36:35,Medium,True,Fair
2537,104,2,9,79,80,967,0.000577,3,2024-11-01 01:05:59,Simple,True,Good
2538,143,3,8,430,420,1641,0.002859,1,2024-12-22 00:57:33,Simple,True,Fair
2539,297,1,7,203,209,1824,0.002001,4,2024-11-12 16:07:43,Simple,True,Excellent
2540,66,5,5,467,555,1783,0.00169,5,2024-12-24 09:48:47,Medium,True,Good
2541,160,1,4,514,781,1709,0.007342,4,2024-10-04 10:05:33,Medium,True,Excellent
2542,159,5,9,145,147,517,0.000398,4,2024-12-03 09:39:00,Simple,True,Good
2543,290,2,5,1306,2140,1545,0.016409,4,2024-10-14 23:12:38,Complex,False,Excellent
2544,155,5,8,524,659,2721,0.001889,5,2024-11-14 03:47:26,Medium,True,Good
2545,177,2,9,1173,1077,1773,0.008805,2,2024-11-27 10:31:40,Medium,True,Fair
2546,176,2,9,678,585,2506,0.004911,2,2024-10-17 20:00:14,Medium,True,Fair
2547,195,1,9,203,336,2421,0.003212,3,2024-11-22 11:14:18,Simple,True,Good
2548,135,4,5,522,535,7671,0.002525,4,2024-10-14 05:05:22,Medium,False,Good
2549,261,2,1,202,324,1186,0.002536,4,2024-12-30 06:08:46,Simple,True,Excellent
2550,152,4,3,261,308,1528,0.001588,3,2024-10-12 08:17:01,Simple,True,Good
2551,232,5,4,308,507,2153,0.001538,4,2024-12-18 16:50:44,Medium,True,Good
2552,166,4,8,197,188,1248,0.000967,3,2024-10-01 19:38:01,Simple,True,Good
2553,172,2,1,360,389,3878,0.002941,5,2024-12-13 23:33:17,Simple,True,Excellent
2554,181,5,1,724,702,2120,0.002313,4,2024-10-17 07:57:51,Medium,True,Good
2555,205,3,6,271,242,819,0.001532,4,2024-11-30 09:01:39,Simple,True,Good
2556,90,5,3,602,618,5069,0.001858,3,2024-10-02 22:32:30,Medium,True,Good
2557,169,1,1,521,654,4760,0.006639,5,2024-11-15 11:29:03,Medium,False,Excellent
2558,114,5,2,885,821,3769,0.002564,5,2024-11-26 15:03:12,Medium,True,Good
2559,173,1,2,230,277,2836,0.002942,3,2024-11-19 07:37:15,Simple,True,Good
2560,253,1,1,233,265,811,0.002861,4,2024-11-27 05:33:08,Simple,True,Excellent
2561,233,1,7,551,559,2207,0.005921,4,2024-11-03 06:36:37,Medium,True,Excellent
2562,241,3,3,1352,1403,1269,0.009537,5,2024-10-25 03:46:20,Medium,False,Good
2563,248,2,9,1865,1609,820,0.013848,3,2024-11-29 18:34:35,Medium,True,Good
2564,218,1,6,451,595,2989,0.005415,4,2024-10-23 08:14:50,Medium,True,Excellent
2565,56,4,8,202,298,3383,0.001424,4,2024-11-07 07:02:27,Simple,False,Good
2566,190,4,8,606,544,5004,0.002601,4,2024-11-24 17:56:20,Medium,True,Good
2567,156,5,5,222,367,902,0.001184,5,2024-12-05 10:53:46,Simple,True,Good
2568,221,1,7,1708,1776,1125,0.019054,4,2024-10-22 18:03:50,Medium,True,Excellent
2569,8,1,5,383,501,1734,0.004548,4,2024-12-19 21:52:45,Medium,True,Excellent
2570,245,5,9,248,276,500,0.000873,4,2024-12-05 07:01:22,Simple,True,Good
2571,229,3,4,156,197,1932,0.001432,1,2024-10-07 03:27:33,Simple,True,Fair
2572,67,4,4,457,577,2227,0.002917,3,2024-11-10 12:06:39,Medium,True,Good
2573,115,5,6,280,304,1253,0.000899,5,2024-11-30 06:43:15,Simple,True,Good
2574,231,4,9,304,316,743,0.001714,4,2024-10-16 02:48:59,Simple,True,Good
2575,175,2,2,896,953,713,0.006971,3,2024-11-01 10:23:43,Medium,False,Good
2576,71,4,1,347,348,1738,0.00157,3,2024-10-17 05:35:01,Simple,True,Good
2577,196,1,9,124,148,1635,0.001454,5,2024-11-08 12:36:14,Simple,False,Excellent
2578,48,5,8,847,891,1641,0.002413,5,2024-10-11 06:43:01,Medium,True,Good
2579,186,2,9,628,804,1483,0.006792,4,2024-10-13 07:37:37,Medium,True,Excellent
2580,93,4,9,1071,1530,1967,0.007079,4,2024-10-19 10:04:28,Medium,True,Good
2581,55,2,1,564,517,957,0.00378,4,2024-11-09 22:23:49,Medium,True,Excellent
2582,253,2,3,165,152,778,0.001206,4,2024-11-16 20:25:13,Simple,True,Excellent
2583,250,5,8,1456,1718,1166,0.004927,4,2024-10-21 15:09:05,Medium,False,Good
2584,66,5,4,425,597,690,0.001639,4,2024-11-02 21:39:48,Medium,True,Good
2585,157,5,4,106,165,770,0.000512,5,2024-12-24 19:28:17,Simple,True,Good
2586,104,5,6,120,143,2015,0.000465,4,2024-10-03 21:03:27,Simple,True,Good
2587,111,5,2,589,537,1330,0.001694,1,2024-12-25 22:08:06,Medium,True,Fair
2588,67,4,9,220,216,1330,0.00104,4,2024-12-22 18:59:14,Simple,False,Good
2589,120,1,6,459,533,5192,0.005163,1,2024-12-22 07:08:05,Medium,True,Fair
2590,43,5,6,631,569,1562,0.001716,5,2024-11-22 13:19:01,Medium,True,Good
2591,66,4,9,717,711,3064,0.003229,5,2024-11-19 11:20:14,Medium,True,Good
2592,119,2,9,778,760,1304,0.006592,5,2024-10-14 21:38:02,Medium,True,Excellent
2593,129,4,2,399,403,2513,0.001829,5,2024-12-29 05:40:55,Simple,False,Good
2594,216,3,3,424,503,2488,0.003682,4,2024-10-07 15:21:29,Medium,True,Good
2595,126,3,1,617,768,1141,0.005898,5,2024-12-28 02:05:20,Medium,True,Good
2596,220,1,8,121,128,1634,0.001294,5,2024-10-23 07:32:27,Simple,True,Excellent
2597,143,1,4,1181,1666,1189,0.016629,4,2024-10-11 18:10:19,Medium,True,Excellent
2598,73,1,3,565,773,797,0.007154,3,2024-11-18 13:45:33,Medium,True,Good
2599,256,5,8,480,677,1639,0.001873,4,2024-11-06 07:40:07,Medium,False,Good
2600,187,1,4,820,973,893,0.008863,4,2024-10-22 14:27:12,Medium,True,Excellent
2601,72,2,3,133,116,2348,0.000998,5,2024-12-14 11:56:34,Simple,True,Excellent
2602,155,5,4,880,1003,2712,0.002881,4,2024-10-10 21:58:59,Medium,True,Good
2603,127,2,4,611,987,965,0.007448,4,2024-10-08 13:00:28,Medium,True,Excellent
2604,192,3,1,282,259,2666,0.001638,5,2024-12-19 10:20:29,Simple,True,Good
2605,162,1,9,172,146,1223,0.001443,2,2024-12-01 00:54:34,Simple,True,Fair
2606,29,2,3,530,485,1519,0.004124,5,2024-12-03 20:23:33,Simple,True,Excellent
2607,119,4,6,873,970,1383,0.004375,1,2024-10-02 02:54:46,Medium,True,Fair
2608,144,4,8,416,479,1374,0.002228,2,2024-12-20 00:32:37,Simple,True,Fair
2609,158,1,5,633,536,2525,0.005218,5,2024-10-22 22:27:44,Medium,True,Excellent
2610,37,3,6,626,700,1280,0.004839,4,2024-12-23 14:03:52,Medium,False,Good
2611,76,3,3,219,315,981,0.002174,5,2024-10-09 01:56:34,Simple,True,Good
2612,229,3,7,980,1168,1514,0.008411,5,2024-10-04 12:23:35,Medium,True,Good
2613,27,1,5,550,560,4017,0.005552,5,2024-12-22 17:32:45,Medium,True,Excellent
2614,173,2,9,305,283,2481,0.002062,3,2024-12-02 14:49:12,Simple,False,Good
2615,153,2,4,226,275,1670,0.00199,5,2024-12-21 01:29:19,Simple,True,Excellent
2616,155,4,3,279,462,1287,0.002111,4,2024-10-04 08:18:02,Simple,True,Good
2617,179,5,3,1554,2497,2008,0.008225,4,2024-12-05 16:16:34,Complex,True,Good
2618,223,1,8,486,605,4690,0.006071,4,2024-10-01 14:04:38,Medium,False,Excellent
2619,200,5,8,192,243,1676,0.000673,5,2024-11-19 22:27:17,Simple,True,Good
2620,157,5,5,1148,1093,1023,0.003067,2,2024-10-07 18:23:21,Medium,False,Fair
2621,261,1,7,185,266,3441,0.002753,1,2024-11-15 02:30:01,Simple,True,Fair
2622,130,1,3,634,534,2497,0.005575,4,2024-10-25 04:41:13,Medium,True,Excellent
2623,173,2,5,673,939,1759,0.006895,5,2024-11-22 13:07:48,Medium,True,Excellent
2624,276,4,5,879,777,605,0.00405,3,2024-10-09 13:23:52,Medium,True,Good
2625,85,2,6,960,899,2186,0.007414,4,2024-11-05 02:39:19,Medium,True,Excellent
2626,248,4,7,518,519,2027,0.002481,5,2024-11-02 10:38:21,Medium,True,Good
2627,143,1,4,232,250,810,0.002707,5,2024-11-06 10:31:44,Simple,True,Excellent
2628,30,4,9,491,423,1122,0.002196,5,2024-12-24 03:32:33,Simple,False,Good
2629,58,2,6,97,89,784,0.0007,4,2024-12-14 22:53:17,Simple,True,Excellent
2630,233,4,3,710,695,2393,0.003361,1,2024-12-26 04:36:18,Medium,True,Fair
2631,219,2,4,331,343,2715,0.002608,2,2024-11-17 14:25:54,Simple,True,Fair
2632,18,2,6,386,325,758,0.002364,4,2024-10-18 21:01:44,Simple,True,Excellent
2633,184,5,9,165,193,3530,0.000621,4,2024-10-17 22:04:29,Simple,False,Good
2634,174,3,5,1109,1200,1365,0.008968,5,2024-10-31 07:40:06,Medium,True,Good
2635,259,5,9,492,434,2725,0.001179,4,2024-12-26 20:46:20,Simple,True,Good
2636,141,1,9,813,1038,1257,0.011004,2,2024-12-19 00:17:44,Medium,False,Fair
2637,282,5,4,796,921,4372,0.002916,4,2024-12-12 10:41:23,Medium,True,Good
2638,162,1,5,966,1313,1886,0.013356,3,2024-10-03 08:21:53,Medium,True,Good
2639,111,4,6,2410,2257,937,0.011671,3,2024-12-04 04:08:38,Complex,True,Good
2640,233,5,8,91,135,2031,0.000381,3,2024-12-19 06:51:47,Simple,True,Good
2641,89,1,9,197,198,500,0.001838,5,2024-10-01 22:35:30,Simple,True,Excellent
2642,228,2,6,372,538,2480,0.004557,4,2024-11-03 08:51:14,Medium,True,Excellent
2643,254,3,7,324,533,2423,0.00336,4,2024-10-14 02:04:32,Medium,True,Good
2644,145,4,1,721,605,1123,0.00306,2,2024-12-29 15:24:55,Medium,True,Fair
2645,245,4,9,361,358,1530,0.001678,4,2024-11-07 19:36:23,Simple,False,Good
2646,140,2,1,361,506,1659,0.004183,3,2024-12-17 04:36:26,Medium,True,Good
2647,198,4,7,586,501,1152,0.002379,4,2024-10-13 15:56:56,Medium,True,Good
2648,200,4,7,1136,1167,2557,0.006334,5,2024-11-08 12:14:06,Medium,True,Good
2649,202,4,4,311,342,3445,0.001648,3,2024-10-03 06:04:01,Simple,True,Good
2650,118,3,1,213,290,1354,0.002218,3,2024-10-25 07:08:35,Simple,False,Good
2651,12,4,2,507,728,2318,0.003476,4,2024-12-16 14:36:34,Medium,False,Good
2652,100,5,3,184,198,688,0.000557,4,2024-11-01 02:34:29,Simple,True,Good
2653,180,2,1,1273,1065,2700,0.008988,4,2024-11-10 19:41:20,Medium,True,Excellent
2654,111,2,8,651,720,1453,0.005443,4,2024-11-22 03:51:16,Medium,True,Excellent
2655,75,3,5,360,593,5932,0.00447,3,2024-11-13 07:38:52,Medium,True,Good
2656,294,1,6,131,145,1688,0.001555,3,2024-11-28 22:46:44,Simple,True,Good
2657,109,3,2,273,247,1369,0.001703,4,2024-12-11 19:51:32,Simple,True,Good
2658,123,1,5,565,852,1109,0.008561,4,2024-12-06 21:29:47,Medium,True,Excellent
2659,285,1,5,932,936,2523,0.00943,4,2024-11-19 01:41:04,Medium,True,Excellent
2660,248,2,3,310,352,1288,0.003081,3,2024-11-21 20:06:00,Simple,True,Good
2661,9,2,1,234,334,1556,0.002411,5,2024-12-08 09:54:01,Simple,True,Excellent
2662,16,4,8,772,727,1754,0.003811,5,2024-10-26 00:17:56,Medium,True,Good
2663,174,2,7,200,244,2876,0.001911,5,2024-12-05 13:51:36,Simple,True,Excellent
2664,61,5,4,288,452,3292,0.001418,3,2024-11-14 09:31:00,Simple,False,Good
2665,47,3,6,765,1229,3867,0.009302,1,2024-11-06 11:21:01,Medium,True,Fair
2666,135,5,7,609,682,2821,0.002103,3,2024-12-23 22:47:35,Medium,False,Good
2667,194,3,2,328,311,980,0.002227,3,2024-12-11 10:57:59,Simple,True,Good
2668,105,1,4,459,402,679,0.003889,3,2024-12-08 15:58:02,Simple,True,Good
2669,212,4,2,434,445,1625,0.002081,5,2024-10-27 04:11:38,Simple,False,Good
2670,299,5,3,537,534,989,0.00175,5,2024-11-21 17:45:56,Medium,True,Good
2671,218,4,9,633,535,1790,0.002542,3,2024-10-10 23:14:45,Medium,False,Good
2672,279,4,5,480,408,2518,0.002202,5,2024-12-13 00:10:13,Simple,True,Good
2673,292,5,9,236,356,905,0.00099,4,2024-11-03 02:49:59,Simple,False,Good
2674,172,1,6,1299,1380,1781,0.012899,4,2024-12-06 09:39:22,Medium,True,Excellent
2675,267,2,8,271,411,1794,0.003409,1,2024-10-30 07:11:22,Simple,True,Fair
2676,102,4,1,854,1105,1273,0.005199,4,2024-12-16 15:02:18,Medium,True,Good
2677,92,1,9,1030,911,1387,0.008609,4,2024-10-11 12:16:23,Medium,True,Excellent
2678,131,4,9,1440,1532,593,0.007126,3,2024-12-30 17:59:26,Medium,True,Good
2679,104,4,1,274,385,1449,0.001966,5,2024-11-03 02:32:09,Simple,True,Good
2680,1,4,6,255,400,2913,0.001971,2,2024-11-08 03:25:41,Simple,False,Fair
2681,252,5,5,815,1065,664,0.003035,5,2024-11-16 12:36:12,Medium,False,Good
2682,124,2,1,520,582,1265,0.004869,3,2024-12-15 00:54:17,Medium,True,Good
2683,193,4,8,343,288,2433,0.001477,5,2024-12-23 01:06:50,Simple,True,Good
2684,133,5,9,581,615,3337,0.001988,4,2024-10-13 14:26:53,Medium,True,Good
2685,139,5,1,164,257,2008,0.000772,5,2024-10-13 02:31:39,Simple,True,Good
2686,300,3,2,132,179,1432,0.001236,5,2024-12-12 05:35:32,Simple,True,Good
2687,181,4,3,316,399,1162,0.001914,4,2024-10-17 01:57:55,Simple,True,Good
2688,174,4,6,578,629,870,0.003074,2,2024-12-13 09:36:25,Medium,True,Fair
2689,217,4,9,176,293,2504,0.00159,3,2024-12-04 05:03:03,Simple,False,Good
2690,244,2,3,670,692,4979,0.005386,3,2024-10-27 10:40:16,Medium,False,Good
2691,93,5,6,783,809,1252,0.002237,4,2024-11-13 05:06:28,Medium,False,Good
2692,230,5,4,881,1016,879,0.002916,3,2024-10-10 18:58:54,Medium,True,Good
2693,204,4,6,453,433,1118,0.002258,3,2024-10-11 04:27:33,Simple,True,Good
2694,296,4,1,524,498,1289,0.002428,2,2024-12-15 15:13:29,Simple,False,Fair
2695,26,3,6,392,423,2993,0.003083,2,2024-11-08 20:07:18,Simple,True,Fair
2696,214,2,5,386,329,3022,0.002802,2,2024-10-22 15:32:25,Simple,False,Fair
2697,3,1,3,260,416,1750,0.004038,1,2024-12-30 09:55:47,Simple,True,Fair
2698,177,3,6,1427,1246,1242,0.008563,4,2024-11-10 14:49:52,Medium,True,Good
2699,71,3,6,328,480,2804,0.003357,4,2024-10-10 23:17:48,Simple,True,Good
2700,110,2,3,466,524,3473,0.003897,3,2024-12-21 17:57:30,Medium,True,Good
2701,270,3,1,3112,3208,4240,0.023785,5,2024-10-17 15:37:16,Complex,True,Good
2702,223,4,6,361,377,3931,0.001888,5,2024-10-02 16:44:08,Simple,True,Good
2703,52,5,9,550,711,3965,0.002215,5,2024-10-20 10:17:05,Medium,True,Good
2704,74,4,9,215,328,5650,0.0016,3,2024-11-27 05:52:10,Simple,True,Good
2705,297,5,4,337,510,844,0.001411,4,2024-11-26 16:26:36,Medium,False,Good
2706,278,2,5,265,348,1260,0.002777,4,2024-10-10 20:54:14,Simple,True,Excellent
2707,230,4,3,329,276,1667,0.001422,3,2024-12-25 02:35:47,Simple,True,Good
2708,52,1,9,181,218,1533,0.002162,2,2024-11-01 14:17:50,Simple,True,Fair
2709,128,4,1,419,363,1525,0.001736,4,2024-11-19 15:19:07,Simple,False,Good
2710,189,2,7,64,61,3239,0.000498,4,2024-10-26 08:12:34,Simple,True,Excellent
2711,298,1,1,843,1022,1814,0.010826,4,2024-11-22 01:34:39,Medium,False,Excellent
2712,276,1,8,515,677,1567,0.006526,4,2024-10-08 18:45:47,Medium,True,Excellent
2713,88,1,3,1429,1323,2768,0.014471,4,2024-11-28 03:32:03,Medium,False,Excellent
2714,177,3,7,302,356,3740,0.002651,5,2024-11-09 16:19:53,Simple,True,Good
2715,100,3,1,1482,1491,2273,0.010044,4,2024-10-21 19:33:07,Medium,True,Good
2716,25,5,5,893,1260,1646,0.004008,4,2024-11-21 05:34:13,Medium,True,Good
2717,119,2,6,137,188,1323,0.001605,4,2024-12-21 07:53:15,Simple,True,Excellent
2718,253,5,9,342,417,1879,0.001251,4,2024-10-05 00:55:36,Simple,True,Good
2719,65,1,5,1248,1303,581,0.013176,4,2024-12-01 16:36:36,Medium,True,Excellent
2720,160,5,5,1487,1324,925,0.003663,5,2024-12-19 17:33:53,Medium,False,Good
2721,69,4,9,744,623,1468,0.003393,4,2024-12-19 11:48:52,Medium,False,Good
2722,288,4,3,408,453,1568,0.002238,5,2024-11-06 14:36:10,Simple,True,Good
2723,152,2,1,538,660,1032,0.005511,2,2024-10-21 00:41:54,Medium,False,Fair
2724,210,1,8,324,425,1205,0.004434,3,2024-12-18 09:25:12,Simple,True,Good
2725,149,4,7,395,435,4453,0.002198,4,2024-11-11 09:06:57,Simple,True,Good
2726,267,5,9,1127,1040,1024,0.003043,2,2024-11-21 22:09:43,Medium,True,Fair
2727,216,5,8,388,357,773,0.001128,5,2024-11-19 09:52:13,Simple,True,Good
2728,288,1,2,803,947,977,0.009548,5,2024-11-24 13:42:59,Medium,True,Excellent
2729,32,3,8,651,712,1436,0.004842,5,2024-10-18 11:57:48,Medium,True,Good
2730,42,5,3,361,502,1158,0.001441,2,2024-12-29 20:06:46,Medium,False,Fair
2731,114,1,6,631,709,2193,0.006622,4,2024-12-18 18:12:49,Medium,True,Excellent
2732,100,5,8,285,265,2409,0.000843,4,2024-11-11 12:22:17,Simple,True,Good
2733,164,1,6,444,511,4371,0.005386,5,2024-10-01 03:55:02,Medium,False,Excellent
2734,28,3,7,496,611,1236,0.004332,5,2024-12-27 10:13:45,Medium,False,Good
2735,8,1,4,743,1019,7289,0.010177,4,2024-10-25 19:08:10,Medium,True,Excellent
2736,218,5,6,524,566,500,0.001822,2,2024-12-03 00:42:14,Medium,False,Fair
2737,213,1,6,414,406,1792,0.004243,4,2024-10-14 13:32:42,Simple,True,Excellent
2738,217,5,4,372,328,1285,0.001009,3,2024-10-29 02:22:10,Simple,True,Good
2739,237,1,4,248,323,6727,0.003446,3,2024-11-25 14:19:38,Simple,False,Good
2740,262,1,5,1005,1223,1387,0.013341,2,2024-10-04 12:58:25,Medium,True,Fair
2741,70,4,1,547,488,2311,0.002492,4,2024-11-19 10:54:55,Simple,True,Good
2742,145,1,7,2408,2488,2378,0.024908,4,2024-12-05 01:02:57,Complex,True,Excellent
2743,51,4,3,845,1116,884,0.005782,4,2024-11-11 08:14:56,Medium,True,Good
2744,241,1,9,2690,4000,1221,0.037324,3,2024-11-04 04:23:25,Complex,False,Good
2745,72,2,5,968,881,3432,0.00699,4,2024-11-29 12:11:20,Medium,True,Excellent
2746,27,1,8,750,639,1046,0.006896,5,2024-10-30 19:07:21,Medium,True,Excellent
2747,226,3,6,1411,1915,2132,0.012382,4,2024-10-17 23:59:37,Medium,True,Good
2748,111,2,8,638,772,1197,0.006777,4,2024-11-11 00:12:19,Medium,True,Excellent
2749,257,4,5,159,199,4386,0.0009,3,2024-12-21 02:26:40,Simple,True,Good
2750,84,2,8,165,236,511,0.001799,5,2024-12-16 06:19:24,Simple,True,Excellent
2751,56,2,7,493,707,902,0.005544,5,2024-12-04 02:35:56,Medium,True,Excellent
2752,190,5,4,358,560,2932,0.001542,4,2024-10-08 20:57:08,Medium,True,Good
2753,200,2,3,1120,1094,1785,0.009524,4,2024-12-24 17:32:08,Medium,True,Excellent
2754,205,5,7,976,942,500,0.002734,5,2024-10-30 22:48:19,Medium,True,Good
2755,283,1,7,1101,1532,3531,0.014504,3,2024-12-23 00:08:13,Medium,True,Good
2756,189,3,8,943,915,1211,0.00583,2,2024-12-09 14:36:36,Medium,True,Fair
2757,8,3,9,333,513,2246,0.003876,4,2024-11-10 01:28:51,Medium,True,Good
2758,162,2,2,322,439,1849,0.003277,3,2024-12-28 06:16:28,Simple,True,Good
2759,104,3,3,926,1203,2605,0.009077,4,2024-12-17 11:43:58,Medium,True,Good
2760,133,3,6,651,1079,1992,0.007699,4,2024-11-01 01:52:20,Medium,True,Good
2761,39,4,1,265,246,1012,0.001331,4,2024-10-27 09:38:16,Simple,False,Good
2762,67,5,9,69,102,3185,0.00031,5,2024-11-29 12:13:24,Simple,True,Good
2763,122,3,9,361,422,1312,0.00296,4,2024-11-04 02:53:22,Simple,False,Good
2764,152,2,3,921,995,1769,0.007573,4,2024-12-29 05:35:37,Medium,True,Excellent
2765,58,3,3,341,324,516,0.002136,4,2024-11-04 11:25:20,Simple,True,Good
2766,289,4,7,398,394,811,0.001937,3,2024-12-01 08:55:41,Simple,True,Good
2767,84,1,8,726,610,2688,0.005835,4,2024-11-09 13:30:29,Medium,True,Excellent
2768,126,1,4,727,911,1840,0.008511,4,2024-12-17 11:05:29,Medium,True,Excellent
2769,36,4,3,617,744,3070,0.003746,3,2024-12-16 10:16:19,Medium,True,Good
2770,31,4,5,227,294,1715,0.00146,4,2024-12-26 22:04:31,Simple,True,Good
2771,146,4,5,298,381,2397,0.00188,3,2024-12-20 15:52:17,Simple,True,Good
2772,173,4,7,1374,1816,1201,0.009204,4,2024-12-24 03:55:54,Medium,True,Good
2773,51,5,4,1124,1156,2719,0.003313,3,2024-12-02 16:43:52,Medium,False,Good
2774,45,2,4,722,796,871,0.005787,4,2024-12-05 22:58:01,Medium,True,Excellent
2775,269,3,9,791,1195,4411,0.009153,2,2024-11-12 19:36:49,Medium,True,Fair
2776,56,2,5,349,373,2268,0.003231,1,2024-12-30 12:35:58,Simple,True,Fair
2777,196,1,6,278,331,1894,0.003285,4,2024-12-04 07:00:42,Simple,True,Excellent
2778,294,5,7,185,195,1025,0.000564,4,2024-12-10 08:43:51,Simple,True,Good
2779,210,2,1,226,369,1486,0.00296,3,2024-12-04 20:22:03,Simple,True,Good
2780,294,3,8,2368,2683,1655,0.020007,5,2024-12-23 10:13:23,Complex,True,Good
2781,149,3,7,409,348,3347,0.002455,4,2024-12-29 10:35:28,Simple,True,Good
2782,270,4,5,115,188,3587,0.000878,4,2024-11-10 14:20:33,Simple,True,Good
2783,173,1,7,310,308,1260,0.002807,3,2024-11-28 01:59:35,Simple,False,Good
2784,149,4,5,986,1215,7432,0.005906,5,2024-10-09 06:46:20,Medium,True,Good
2785,138,5,3,2260,2342,1480,0.0077,4,2024-11-19 19:46:35,Complex,False,Good
2786,96,5,2,666,942,2191,0.002633,5,2024-12-03 06:33:06,Medium,True,Good
2787,60,1,6,500,531,1583,0.005148,4,2024-10-14 23:47:45,Medium,True,Excellent
2788,249,4,8,797,789,990,0.003979,5,2024-12-28 15:51:55,Medium,True,Good
2789,266,5,8,223,366,2109,0.001154,4,2024-11-02 03:19:46,Simple,True,Good
2790,149,5,7,35,50,2445,0.000138,4,2024-11-02 09:09:12,Simple,True,Good
2791,294,1,3,526,648,2134,0.006721,4,2024-10-21 23:30:15,Medium,True,Excellent
2792,154,1,2,2560,3362,2203,0.032009,4,2024-10-09 18:07:32,Complex,True,Excellent
2793,273,4,1,305,380,1897,0.002049,4,2024-10-25 09:56:07,Simple,True,Good
2794,43,5,2,593,876,2127,0.002692,5,2024-12-29 08:20:58,Medium,False,Good
2795,200,5,1,843,1169,958,0.003437,4,2024-11-22 06:45:58,Medium,False,Good
2796,37,1,8,319,411,1620,0.003974,3,2024-10-06 07:42:44,Simple,True,Good
2797,96,2,5,455,433,1890,0.003783,1,2024-11-05 21:26:41,Simple,True,Fair
2798,137,3,6,607,581,3858,0.003817,4,2024-10-18 02:51:15,Medium,False,Good
2799,165,5,5,558,540,4553,0.001772,4,2024-12-11 11:15:10,Medium,True,Good
2800,96,5,2,191,208,1607,0.00067,2,2024-12-19 18:21:00,Simple,True,Fair
2801,228,5,9,292,391,618,0.001281,3,2024-10-27 23:17:02,Simple,True,Good
2802,147,3,9,155,248,1762,0.001573,2,2024-12-26 07:58:42,Simple,True,Fair
2803,39,5,8,664,669,1653,0.002207,3,2024-11-03 03:01:47,Medium,False,Good
2804,201,1,7,296,323,1079,0.003446,4,2024-11-20 20:22:27,Simple,True,Excellent
2805,177,1,4,1025,944,1309,0.008782,4,2024-12-30 17:25:46,Medium,True,Excellent
2806,256,4,7,555,791,4709,0.003926,3,2024-11-18 04:13:01,Medium,True,Good
2807,72,3,2,550,480,1113,0.003026,4,2024-12-17 15:15:24,Simple,False,Good
2808,124,1,9,250,395,1142,0.003627,4,2024-10-22 06:38:28,Simple,True,Excellent
2809,135,2,9,355,327,3786,0.002438,2,2024-11-01 05:30:45,Simple,True,Fair
2810,160,5,6,2266,1961,1710,0.005451,2,2024-10-05 06:02:04,Medium,True,Fair
2811,45,4,1,379,560,1334,0.002531,5,2024-12-06 22:44:55,Medium,True,Good
2812,84,5,4,355,341,992,0.001079,4,2024-11-16 14:13:40,Simple,True,Good
2813,54,5,6,284,350,1080,0.001103,4,2024-11-05 20:12:31,Simple,True,Good
2814,77,2,8,234,256,2517,0.00201,5,2024-10-18 08:01:26,Simple,False,Excellent
2815,26,2,9,249,209,2005,0.001705,4,2024-12-13 08:54:01,Simple,True,Excellent
2816,185,3,8,736,870,2065,0.00635,5,2024-12-10 09:08:18,Medium,True,Good
2817,241,2,9,410,546,1397,0.004704,3,2024-10-23 05:59:22,Medium,True,Good
2818,271,1,9,511,453,855,0.004361,4,2024-10-08 03:45:24,Simple,False,Excellent
2819,239,3,2,1000,1169,1153,0.007864,4,2024-11-03 18:22:51,Medium,True,Good
2820,33,4,6,256,267,1014,0.00129,5,2024-11-24 19:33:06,Simple,True,Good
2821,221,2,1,754,803,2534,0.005933,4,2024-12-28 17:55:44,Medium,True,Excellent
2822,242,1,9,328,424,1513,0.003983,2,2024-10-26 23:07:19,Simple,True,Fair
2823,10,3,8,633,856,667,0.006458,2,2024-12-23 12:32:29,Medium,True,Fair
2824,60,3,9,797,906,6570,0.005812,4,2024-10-16 15:51:46,Medium,True,Good
2825,60,3,3,1241,2026,1955,0.013798,4,2024-12-11 05:23:19,Complex,True,Good
2826,45,3,6,970,902,1419,0.005705,5,2024-11-04 21:59:59,Medium,True,Good
2827,270,5,9,950,949,1279,0.002685,3,2024-11-26 17:23:35,Medium,False,Good
2828,256,4,9,555,608,2150,0.002898,5,2024-11-27 04:23:21,Medium,True,Good
2829,182,4,1,455,740,3347,0.003711,4,2024-10-27 22:04:40,Medium,True,Good
2830,222,1,3,587,581,3726,0.006388,4,2024-11-29 13:41:12,Medium,True,Excellent
2831,25,2,9,368,312,2806,0.002637,2,2024-11-21 09:14:16,Simple,True,Fair
2832,48,4,4,262,254,1446,0.001152,4,2024-11-15 00:59:02,Simple,True,Good
2833,84,1,2,766,921,2269,0.009008,5,2024-10-07 05:00:00,Medium,True,Excellent
2834,193,1,3,991,925,1981,0.00991,4,2024-12-25 06:47:41,Medium,True,Excellent
2835,288,2,3,976,926,2230,0.007372,4,2024-10-15 08:52:59,Medium,True,Excellent
2836,265,1,7,350,521,1164,0.0052,4,2024-12-14 19:08:36,Medium,False,Excellent
2837,131,2,6,347,370,509,0.002744,2,2024-12-26 00:46:18,Simple,True,Fair
2838,99,2,4,666,682,3111,0.004939,5,2024-12-22 13:10:19,Medium,False,Excellent
2839,290,2,4,664,993,706,0.00811,4,2024-11-10 06:06:50,Medium,True,Excellent
2840,91,2,7,415,432,2625,0.003299,4,2024-10-05 07:35:39,Simple,True,Excellent
2841,8,5,9,269,252,1102,0.000818,4,2024-10-20 20:26:39,Simple,True,Good
2842,97,5,4,2165,1822,1739,0.005335,4,2024-12-06 12:08:27,Medium,True,Good
2843,61,2,8,427,404,2223,0.002983,3,2024-11-24 09:17:31,Simple,True,Good
2844,69,2,5,429,663,3675,0.00497,5,2024-12-04 15:06:40,Medium,True,Excellent
2845,188,3,7,342,372,1225,0.002631,4,2024-10-24 01:34:25,Simple,True,Good
2846,187,5,1,788,934,1676,0.002744,5,2024-12-09 12:20:46,Medium,False,Good
2847,135,1,1,168,155,1671,0.001541,5,2024-10-15 22:19:16,Simple,True,Excellent
2848,246,2,1,185,206,3819,0.001722,3,2024-11-02 03:49:37,Simple,True,Good
2849,71,4,2,816,1066,1426,0.005183,4,2024-11-23 00:58:06,Medium,True,Good
2850,80,2,4,215,315,2033,0.002424,1,2024-10-04 07:19:19,Simple,True,Fair
2851,269,2,5,426,464,1584,0.003659,5,2024-12-13 17:05:32,Simple,True,Excellent
2852,211,5,3,764,1000,2264,0.002817,4,2024-10-22 06:52:23,Medium,True,Good
2853,292,3,5,241,217,1836,0.001647,4,2024-10-24 11:34:00,Simple,True,Good
2854,238,2,6,1473,1347,1295,0.010193,4,2024-12-14 05:59:36,Medium,True,Excellent
2855,111,2,1,268,313,1293,0.002592,4,2024-11-29 05:23:02,Simple,True,Excellent
2856,241,3,2,399,354,926,0.002514,5,2024-10-18 02:55:09,Simple,True,Good
2857,86,2,4,300,459,1841,0.003756,4,2024-12-07 23:34:10,Simple,True,Excellent
2858,229,2,9,146,160,1201,0.001219,5,2024-11-27 23:33:40,Simple,True,Excellent
2859,116,5,5,3028,3179,2290,0.009733,3,2024-11-26 08:59:00,Complex,True,Good
2860,100,4,8,1122,1231,2207,0.006443,1,2024-12-08 18:49:00,Medium,True,Fair
2861,88,4,1,117,167,2251,0.000822,3,2024-12-28 16:45:33,Simple,True,Good
2862,109,4,2,1049,1036,3186,0.005149,4,2024-10-05 05:28:08,Medium,True,Good
2863,223,1,8,727,609,1054,0.005852,4,2024-11-03 06:33:00,Medium,True,Excellent
2864,177,2,9,858,781,1631,0.006116,4,2024-12-08 20:47:08,Medium,True,Excellent
2865,36,2,8,145,177,4867,0.001307,4,2024-11-12 07:00:16,Simple,True,Excellent
2866,227,5,3,418,457,677,0.001349,5,2024-12-29 18:52:13,Simple,True,Good
2867,271,3,3,660,660,2498,0.004195,3,2024-10-19 16:12:48,Medium,True,Good
2868,177,4,5,266,288,2088,0.001485,2,2024-10-16 21:38:41,Simple,True,Fair
2869,217,3,9,170,237,3439,0.001801,4,2024-11-23 19:46:08,Simple,True,Good
2870,33,5,1,742,1024,1713,0.003371,4,2024-11-17 06:50:19,Medium,True,Good
2871,52,1,6,393,512,4333,0.005035,4,2024-12-10 09:14:13,Medium,True,Excellent
2872,196,1,5,1080,1474,1742,0.016133,5,2024-11-26 05:01:54,Medium,True,Excellent
2873,297,2,1,346,526,1416,0.004526,4,2024-11-24 13:47:57,Medium,True,Excellent
2874,16,4,9,413,350,3778,0.001651,5,2024-12-21 00:56:48,Simple,False,Good
2875,39,4,5,1595,1396,3954,0.006444,4,2024-10-06 01:04:14,Medium,True,Good
2876,100,3,4,1472,1609,1260,0.0107,5,2024-11-17 04:20:35,Medium,True,Good
2877,169,4,8,521,443,9050,0.002213,4,2024-10-20 01:28:21,Simple,True,Good
2878,159,2,4,385,582,1984,0.004477,5,2024-12-17 16:31:38,Medium,False,Excellent
2879,86,2,6,417,669,2896,0.004825,3,2024-11-13 02:52:29,Medium,False,Good
2880,60,3,9,277,323,1899,0.00216,1,2024-10-06 13:27:13,Simple,False,Fair
2881,16,4,3,468,396,3200,0.001992,4,2024-12-28 07:52:05,Simple,True,Good
2882,133,3,4,276,264,946,0.001749,3,2024-10-11 02:03:09,Simple,True,Good
2883,176,2,8,1681,1990,2281,0.017313,4,2024-10-02 18:33:34,Medium,True,Excellent
2884,115,1,2,428,395,1040,0.003953,4,2024-11-16 03:55:25,Simple,True,Excellent
2885,262,4,1,568,937,1969,0.00514,1,2024-11-20 01:13:56,Medium,True,Fair
2886,138,4,8,568,628,3914,0.002917,4,2024-11-09 10:20:52,Medium,True,Good
2887,191,5,8,485,665,2776,0.002081,4,2024-10-28 02:46:10,Medium,False,Good
2888,229,3,7,307,496,1661,0.003586,2,2024-11-17 04:06:02,Simple,False,Fair
2889,166,5,5,574,492,4442,0.00138,3,2024-12-29 14:48:53,Simple,False,Good
2890,19,2,6,1095,931,2805,0.007928,4,2024-11-13 21:31:08,Medium,False,Excellent
2891,148,1,8,474,672,2652,0.006157,4,2024-11-18 20:07:58,Medium,True,Excellent
2892,9,3,1,357,481,1267,0.003152,4,2024-12-26 23:40:10,Simple,True,Good
2893,39,2,9,372,405,2605,0.003239,3,2024-10-27 06:14:05,Simple,False,Good
2894,272,1,6,180,240,739,0.002407,4,2024-11-08 01:34:06,Simple,True,Excellent
2895,29,3,9,213,187,3277,0.00126,4,2024-10-13 12:21:30,Simple,False,Good
2896,243,3,2,636,666,1456,0.004799,4,2024-12-26 20:05:43,Medium,True,Good
2897,80,1,3,412,376,1659,0.003763,3,2024-10-18 01:20:58,Simple,False,Good
2898,202,4,2,514,529,500,0.002827,3,2024-10-09 20:38:47,Medium,True,Good
2899,274,1,2,546,598,4083,0.006061,5,2024-10-21 23:12:09,Medium,True,Excellent
2900,195,4,6,237,285,2656,0.001518,5,2024-11-21 04:09:15,Simple,True,Good
2901,231,4,3,442,691,608,0.00339,5,2024-12-21 20:12:50,Medium,True,Good
2902,264,4,4,1100,1370,707,0.006223,5,2024-10-09 01:15:36,Medium,True,Good
2903,31,3,4,284,361,3139,0.002533,5,2024-12-25 16:36:47,Simple,True,Good
2904,36,4,4,212,195,989,0.001058,4,2024-12-09 05:42:58,Simple,True,Good
2905,266,4,8,191,216,4018,0.001143,4,2024-12-10 01:16:49,Simple,False,Good
2906,277,4,6,1413,1201,2675,0.006272,1,2024-12-05 08:55:58,Medium,True,Fair
2907,144,3,9,2461,2792,4149,0.019365,2,2024-11-22 21:16:37,Complex,True,Fair
2908,150,5,7,1721,1936,4219,0.006187,4,2024-11-23 14:03:29,Medium,True,Good
2909,236,2,8,700,596,1841,0.004381,4,2024-11-27 02:30:22,Medium,True,Excellent
2910,274,1,5,795,1058,1773,0.011105,5,2024-11-23 23:06:14,Medium,True,Excellent
2911,112,1,2,245,304,2699,0.003191,4,2024-12-18 03:14:57,Simple,True,Excellent
2912,172,5,3,970,1114,1976,0.003478,4,2024-12-17 13:27:20,Medium,True,Good
2913,201,2,2,194,203,1798,0.001703,4,2024-10-21 17:05:46,Simple,True,Excellent
2914,167,3,7,427,464,2256,0.003257,5,2024-11-24 15:22:20,Simple,False,Good
2915,211,5,3,271,358,561,0.001027,4,2024-12-21 03:05:01,Simple,True,Good
2916,300,4,4,592,656,2272,0.003178,2,2024-11-27 16:15:53,Medium,False,Fair
2917,37,1,4,928,978,6515,0.009785,5,2024-11-26 06:56:21,Medium,True,Excellent
2918,192,2,7,545,509,2071,0.004314,5,2024-12-18 09:32:39,Medium,True,Excellent
2919,98,5,5,294,254,1017,0.000692,3,2024-12-18 17:38:14,Simple,False,Good
2920,151,2,8,1461,1523,3252,0.011743,5,2024-10-21 11:25:40,Medium,True,Excellent
2921,277,3,7,345,318,1240,0.002356,5,2024-10-04 02:26:32,Simple,True,Good
2922,200,3,4,467,669,1368,0.004864,1,2024-12-28 03:11:09,Medium,False,Fair
2923,289,2,6,569,542,4681,0.00456,1,2024-10-11 09:41:18,Medium,True,Fair
2924,210,2,4,374,501,1154,0.004083,5,2024-12-19 04:55:58,Medium,True,Excellent
2925,180,5,6,1057,1118,1775,0.00353,4,2024-12-18 22:09:20,Medium,False,Good
2926,169,4,7,1212,1044,3131,0.005446,4,2024-12-26 22:00:32,Medium,True,Good
2927,217,5,9,1069,1045,2159,0.003321,2,2024-10-22 18:02:13,Medium,True,Fair
2928,229,5,7,389,349,1570,0.000946,2,2024-10-21 03:18:15,Simple,True,Fair
2929,72,2,5,488,464,2136,0.003488,4,2024-10-24 15:03:10,Simple,True,Excellent
2930,91,1,7,459,568,4506,0.005212,3,2024-11-14 23:56:22,Medium,True,Good
2931,71,5,6,332,297,3298,0.000933,3,2024-10-22 03:42:32,Simple,False,Good
2932,217,5,1,1210,1648,1539,0.005372,5,2024-10-25 14:17:29,Medium,True,Good
2933,61,1,4,240,360,1260,0.003292,4,2024-10-26 02:12:06,Simple,True,Excellent
2934,98,3,5,161,181,1900,0.001225,4,2024-12-11 01:04:10,Simple,True,Good
2935,154,5,4,117,162,1717,0.000449,5,2024-10-20 20:52:35,Simple,False,Good
2936,269,5,7,317,333,1142,0.000995,5,2024-12-18 18:25:02,Simple,False,Good
2937,275,1,1,232,297,5405,0.003263,5,2024-11-01 02:30:05,Simple,True,Excellent
2938,211,4,1,1048,1045,2706,0.005503,4,2024-10-17 12:31:56,Medium,True,Good
2939,151,2,4,362,345,3673,0.002937,5,2024-10-22 22:23:57,Simple,False,Excellent
2940,129,3,8,354,546,3417,0.003736,4,2024-12-19 09:24:22,Medium,True,Good
2941,162,1,8,360,436,1052,0.004315,2,2024-12-12 14:21:04,Simple,False,Fair
2942,104,5,5,1188,1342,1663,0.004031,3,2024-12-19 21:59:59,Medium,False,Good
2943,124,2,9,1379,1815,1528,0.014669,3,2024-12-27 08:48:57,Medium,True,Good
2944,96,3,9,602,924,3240,0.006416,3,2024-10-30 17:47:56,Medium,True,Good
2945,96,4,3,147,157,1951,0.000797,3,2024-10-15 06:53:12,Simple,True,Good
2946,189,4,2,351,362,2465,0.001889,4,2024-11-21 02:07:06,Simple,True,Good
2947,275,2,9,437,485,1515,0.003594,2,2024-12-23 05:17:34,Simple,True,Fair
2948,271,1,1,191,315,1895,0.003452,4,2024-11-30 20:47:13,Simple,True,Excellent
2949,172,5,8,480,418,2291,0.001328,3,2024-12-02 17:00:32,Simple,False,Good
2950,72,3,9,534,526,990,0.003756,4,2024-11-21 17:06:24,Medium,True,Good
2951,246,2,6,327,356,1090,0.002697,5,2024-12-18 04:16:49,Simple,True,Excellent
2952,134,1,4,427,436,1858,0.004618,5,2024-12-23 12:02:36,Simple,True,Excellent
2953,263,4,2,296,263,7353,0.001229,4,2024-10-05 14:32:15,Simple,True,Good
2954,106,5,3,1125,1107,1323,0.003336,4,2024-11-21 13:44:12,Medium,True,Good
2955,241,1,1,1357,1151,3265,0.010855,4,2024-11-11 12:14:03,Medium,True,Excellent
2956,293,2,2,440,474,1710,0.003904,5,2024-10-04 15:36:59,Simple,True,Excellent
2957,150,2,9,1015,921,1220,0.00785,4,2024-10-13 01:05:50,Medium,True,Excellent
2958,182,2,9,325,356,1243,0.002635,3,2024-12-08 17:38:46,Simple,False,Good
2959,34,1,8,451,492,2451,0.00486,4,2024-10-30 09:22:21,Simple,True,Excellent
2960,274,4,6,777,652,2822,0.003447,5,2024-12-04 17:39:57,Medium,True,Good
2961,33,4,2,746,1120,1817,0.005784,5,2024-12-22 16:44:29,Medium,True,Good
2962,232,3,6,337,380,1815,0.002455,4,2024-11-20 02:22:57,Simple,True,Good
2963,55,2,9,1471,1945,5790,0.015989,3,2024-10-01 11:51:19,Medium,True,Good
2964,295,5,8,635,610,958,0.001837,3,2024-10-14 01:36:02,Medium,True,Good
2965,137,2,9,231,287,2998,0.002237,5,2024-12-22 23:35:10,Simple,True,Excellent
2966,211,3,1,191,226,1617,0.001611,3,2024-10-03 10:48:31,Simple,False,Good
2967,96,4,4,418,440,2747,0.002361,3,2024-10-06 12:07:25,Simple,False,Good
2968,144,2,2,720,844,3494,0.006547,5,2024-12-05 00:18:39,Medium,True,Excellent
2969,256,5,7,1529,1289,2288,0.00361,3,2024-12-02 10:31:42,Medium,False,Good
2970,106,1,2,1019,1131,2916,0.011813,4,2024-11-12 22:29:55,Medium,True,Excellent
2971,218,3,8,922,1322,1808,0.009641,5,2024-11-01 17:32:12,Medium,True,Good
2972,159,3,7,628,801,2883,0.00538,4,2024-11-22 17:25:23,Medium,False,Good
2973,34,3,9,836,1307,961,0.010018,4,2024-12-24 13:25:46,Medium,True,Good
2974,118,1,1,1001,1066,602,0.01142,2,2024-10-10 06:23:14,Medium,False,Fair
2975,84,3,5,169,232,1867,0.00166,4,2024-10-02 01:19:13,Simple,True,Good
2976,90,2,8,994,863,1352,0.006477,4,2024-10-21 08:40:29,Medium,True,Excellent
2977,9,4,7,1385,1688,3396,0.00799,2,2024-10-23 11:07:24,Medium,True,Fair
2978,112,3,7,539,507,1805,0.00368,5,2024-10-03 20:28:04,Medium,True,Good
2979,224,2,4,606,598,2019,0.004628,2,2024-11-02 08:14:39,Medium,True,Fair
2980,172,3,4,321,441,1074,0.00293,4,2024-10-30 22:57:55,Simple,False,Good
2981,180,2,5,611,700,1149,0.005637,5,2024-12-25 04:51:39,Medium,True,Excellent
2982,295,3,8,928,1014,723,0.007626,3,2024-10-24 16:01:42,Medium,True,Good
2983,294,2,5,1084,1209,1627,0.009454,5,2024-11-02 20:25:34,Medium,True,Excellent
2984,91,3,2,164,193,1230,0.001359,4,2024-10-07 23:05:10,Simple,True,Good
2985,140,5,8,1390,1711,1918,0.005326,3,2024-10-01 19:00:28,Medium,True,Good
2986,193,4,2,96,106,1279,0.000534,4,2024-12-11 18:24:20,Simple,True,Good
2987,255,5,3,1347,1290,2711,0.004239,3,2024-10-25 11:41:32,Medium,True,Good
2988,129,4,5,1080,987,2197,0.004446,4,2024-12-27 23:31:56,Medium,True,Good
2989,175,5,1,225,328,3443,0.001048,5,2024-10-27 19:15:20,Simple,True,Good
2990,38,1,7,131,176,1675,0.001751,3,2024-11-28 12:40:44,Simple,True,Good
2991,14,1,2,471,686,2087,0.007045,4,2024-12-01 08:53:45,Medium,True,Excellent
2992,76,3,7,337,360,3107,0.002573,4,2024-12-11 13:57:56,Simple,False,Good
2993,43,4,1,294,423,2685,0.002306,4,2024-10-16 07:34:16,Simple,False,Good
2994,214,2,6,629,730,709,0.005439,5,2024-12-05 20:12:44,Medium,True,Excellent
2995,206,4,6,85,84,1489,0.000426,3,2024-12-07 01:01:51,Simple,True,Good
2996,206,3,3,590,606,4905,0.004074,3,2024-12-10 08:28:58,Medium,True,Good
2997,91,2,6,453,529,834,0.004385,4,2024-11-02 18:45:59,Medium,True,Excellent
2998,230,4,3,424,675,1501,0.00319,4,2024-11-29 02:35:25,Medium,False,Good
2999,162,5,1,402,412,1033,0.001277,5,2024-12-09 09:47:30,Simple,False,Good
3000,271,5,7,903,846,3598,0.002425,4,2024-10-09 17:15:22,Medium,False,Good
3001,93,2,1,398,374,1413,0.002699,4,2024-12-16 14:30:17,Simple,True,Excellent
3002,56,1,6,2026,2975,3142,0.031408,5,2024-12-13 11:55:07,Complex,True,Excellent
3003,50,3,4,457,572,2544,0.004097,3,2024-12-27 07:46:08,Medium,True,Good
3004,244,5,4,519,590,677,0.001946,4,2024-10-07 02:12:38,Medium,True,Good
3005,193,4,7,642,852,4568,0.003918,4,2024-10-08 15:00:13,Medium,False,Good
3006,180,5,4,1024,888,1523,0.002446,4,2024-10-27 15:17:12,Medium,True,Good
3007,62,3,5,530,833,500,0.00532,3,2024-10-01 16:46:36,Medium,True,Good
3008,178,1,4,1185,995,682,0.008971,2,2024-11-20 05:58:31,Medium,False,Fair
3009,124,4,5,695,1069,1756,0.004874,5,2024-12-05 03:20:28,Medium,True,Good
3010,212,4,7,1581,1959,1518,0.010005,5,2024-12-10 23:55:26,Medium,False,Good
3011,193,5,3,790,1109,836,0.003505,5,2024-10-16 05:59:40,Medium,True,Good
3012,13,5,4,544,710,1791,0.002087,2,2024-11-30 03:42:15,Medium,True,Fair
3013,161,4,5,346,482,2091,0.002573,4,2024-11-07 10:34:25,Simple,True,Good
3014,82,5,1,269,268,2235,0.000813,4,2024-12-03 11:29:02,Simple,True,Good
3015,178,3,2,268,388,1339,0.002642,5,2024-11-19 17:35:39,Simple,True,Good
3016,66,4,8,448,526,654,0.00288,2,2024-12-20 10:32:42,Medium,False,Fair
3017,23,2,9,529,810,3176,0.005882,3,2024-10-14 19:40:17,Medium,False,Good
3018,56,4,2,454,643,641,0.003241,5,2024-12-30 16:23:54,Medium,False,Good
3019,69,3,9,680,754,641,0.005101,4,2024-10-18 22:37:35,Medium,True,Good
3020,105,3,7,785,670,2374,0.004435,3,2024-12-01 16:50:47,Medium,False,Good
3021,195,3,9,1212,1343,950,0.009469,3,2024-12-18 10:55:19,Medium,True,Good
3022,91,2,4,538,745,1114,0.006466,3,2024-11-22 01:41:19,Medium,True,Good
3023,86,4,4,286,323,1183,0.001517,4,2024-11-17 02:15:42,Simple,True,Good
3024,183,2,7,586,511,2504,0.003964,5,2024-10-13 04:34:35,Medium,False,Excellent
3025,36,5,1,527,595,1157,0.001878,4,2024-10-03 23:52:22,Medium,True,Good
3026,290,2,7,111,150,2381,0.001172,5,2024-11-06 00:02:22,Simple,True,Excellent
3027,117,3,2,1154,1142,5629,0.007541,4,2024-12-20 09:47:56,Medium,False,Good
3028,264,1,3,104,158,1619,0.001505,3,2024-11-07 08:56:30,Simple,True,Good
3029,1,3,9,318,363,1728,0.002689,5,2024-12-27 04:55:09,Simple,True,Good
3030,44,4,4,552,857,1360,0.004562,2,2024-11-13 03:12:17,Medium,True,Fair
3031,175,1,8,607,713,2039,0.007549,5,2024-11-05 00:04:22,Medium,True,Excellent
3032,123,3,4,179,251,642,0.001615,3,2024-10-14 12:22:10,Simple,False,Good
3033,162,2,3,830,827,1590,0.006322,4,2024-10-31 20:29:37,Medium,False,Excellent
3034,69,1,7,954,827,1680,0.007735,1,2024-10-19 20:06:20,Medium,True,Fair
3035,89,2,7,1071,896,930,0.007719,4,2024-12-16 16:17:50,Medium,True,Excellent
3036,51,1,4,365,444,949,0.004125,3,2024-10-26 19:35:44,Simple,True,Good
3037,7,1,4,2034,1795,2403,0.018014,5,2024-11-06 20:16:14,Medium,True,Excellent
3038,125,2,5,347,323,2219,0.002681,5,2024-12-23 12:10:34,Simple,True,Excellent
3039,72,3,9,1145,990,3044,0.007086,4,2024-12-21 14:13:10,Medium,True,Good
3040,129,5,8,430,575,1620,0.001879,2,2024-12-25 06:17:20,Medium,True,Fair
3041,122,3,8,634,623,1156,0.004378,5,2024-11-19 18:32:43,Medium,True,Good
3042,18,1,4,336,473,519,0.004636,4,2024-10-19 18:56:53,Simple,True,Excellent
3043,3,5,4,204,275,2020,0.000874,5,2024-11-22 13:29:19,Simple,False,Good
3044,7,5,6,528,552,3454,0.001739,4,2024-10-29 11:34:17,Medium,True,Good
3045,128,5,3,275,254,2201,0.000714,4,2024-11-15 14:30:44,Simple,True,Good
3046,249,2,2,553,711,1746,0.005947,5,2024-10-14 08:10:16,Medium,True,Excellent
3047,112,5,8,797,1149,2000,0.003329,4,2024-11-19 19:38:13,Medium,False,Good
3048,118,3,4,290,381,5455,0.002699,5,2024-11-16 21:55:57,Simple,True,Good
3049,13,3,7,444,715,629,0.005011,4,2024-12-30 08:38:44,Medium,True,Good
3050,236,5,8,1133,1032,5969,0.002921,4,2024-11-12 16:10:33,Medium,False,Good
3051,204,3,5,1661,2457,801,0.016265,4,2024-12-29 20:39:44,Complex,False,Good
3052,118,4,3,245,382,1125,0.001756,2,2024-11-05 11:56:08,Simple,True,Fair
3053,188,1,8,492,451,3142,0.004262,5,2024-12-09 14:04:27,Simple,True,Excellent
3054,251,1,4,333,416,1574,0.003761,5,2024-11-06 11:37:23,Simple,True,Excellent
3055,135,5,7,443,637,4335,0.002042,3,2024-11-12 06:50:55,Medium,True,Good
3056,135,4,3,785,788,1592,0.004217,2,2024-12-02 13:22:54,Medium,True,Fair
3057,200,4,6,401,430,1888,0.002146,4,2024-12-23 05:59:07,Simple,True,Good
3058,240,2,2,239,320,1667,0.002595,5,2024-12-25 15:18:48,Simple,True,Excellent
3059,83,5,6,583,885,1419,0.002891,4,2024-11-11 00:38:18,Medium,True,Good
3060,163,2,4,389,570,1491,0.004928,4,2024-10-28 23:11:58,Medium,True,Excellent
3061,238,3,9,763,951,795,0.006305,3,2024-11-16 19:30:01,Medium,True,Good
3062,6,3,2,265,313,1115,0.002108,4,2024-10-02 06:51:43,Simple,True,Good
3063,178,4,4,165,258,1610,0.001195,3,2024-12-15 18:57:18,Simple,True,Good
3064,61,4,1,1827,1832,1892,0.008844,3,2024-10-28 22:22:17,Medium,True,Good
3065,235,1,1,743,904,2557,0.009807,4,2024-11-28 20:08:27,Medium,True,Excellent
3066,279,3,9,861,1241,2015,0.008262,4,2024-11-25 08:59:54,Medium,True,Good
3067,31,4,9,437,383,2260,0.002063,5,2024-10-05 21:10:10,Simple,True,Good
3068,178,4,4,442,530,1854,0.002623,2,2024-12-11 09:45:36,Medium,True,Fair
3069,49,3,8,666,833,1930,0.006126,5,2024-11-25 02:51:35,Medium,False,Good
3070,189,4,3,1233,1090,1885,0.005645,4,2024-11-23 23:04:07,Medium,False,Good
3071,245,2,5,488,651,1534,0.005568,4,2024-10-18 05:45:31,Medium,True,Excellent
3072,194,2,4,376,319,2471,0.002756,4,2024-11-11 23:43:52,Simple,True,Excellent
3073,240,5,4,1039,1211,1323,0.003617,5,2024-11-09 13:11:51,Medium,True,Good
3074,70,5,9,372,605,2054,0.001933,5,2024-10-18 18:59:11,Medium,False,Good
3075,294,4,3,944,1020,2337,0.005119,2,2024-10-07 07:09:14,Medium,True,Fair
3076,164,5,2,125,156,1771,0.00046,5,2024-12-22 22:34:17,Simple,True,Good
3077,200,2,8,376,575,909,0.004374,3,2024-11-06 03:02:49,Medium,True,Good
3078,84,1,9,175,250,3169,0.00244,4,2024-12-13 09:23:57,Simple,True,Excellent
3079,131,4,8,186,247,962,0.001162,3,2024-11-16 12:59:50,Simple,True,Good
3080,42,4,7,611,732,1886,0.003422,3,2024-11-14 21:43:03,Medium,True,Good
3081,141,2,6,2401,2393,1087,0.020689,5,2024-11-08 05:28:26,Complex,True,Excellent
3082,288,3,3,1741,1875,1607,0.014401,3,2024-12-07 18:30:39,Medium,True,Good
3083,206,1,5,259,391,2174,0.003941,4,2024-11-21 04:20:33,Simple,True,Excellent
3084,163,4,2,310,435,2633,0.002187,4,2024-11-23 22:09:30,Simple,True,Good
3085,230,2,3,231,362,931,0.003184,5,2024-10-14 03:12:08,Simple,True,Excellent
3086,196,2,8,331,366,856,0.003209,4,2024-10-27 00:37:12,Simple,True,Excellent
3087,11,5,1,743,691,2410,0.001891,5,2024-12-02 22:50:14,Medium,True,Good
3088,259,3,4,389,328,1820,0.002481,2,2024-11-27 16:41:26,Simple,True,Fair
3089,259,2,9,1268,1734,1143,0.012936,5,2024-11-18 15:28:14,Medium,True,Excellent
3090,193,4,3,201,219,2550,0.001123,4,2024-12-29 20:26:01,Simple,True,Good
3091,9,2,2,3104,3249,1750,0.027177,1,2024-11-23 11:23:09,Complex,True,Fair
3092,259,1,4,109,138,1962,0.001244,4,2024-12-05 13:24:34,Simple,True,Excellent
3093,203,4,9,722,962,1330,0.005127,4,2024-11-13 02:46:39,Medium,True,Good
3094,219,5,1,285,256,3798,0.000754,4,2024-11-20 07:21:36,Simple,True,Good
3095,89,2,7,382,449,2271,0.003351,2,2024-11-11 06:42:12,Simple,True,Fair
3096,189,5,1,664,770,2386,0.00233,5,2024-10-19 20:33:25,Medium,False,Good
3097,201,3,6,936,1036,1663,0.007507,1,2024-10-26 15:50:10,Medium,True,Fair
3098,176,5,6,1249,1568,827,0.005036,1,2024-12-28 01:50:29,Medium,True,Fair
3099,163,1,4,134,153,3172,0.001507,5,2024-10-17 20:52:14,Simple,True,Excellent
3100,46,3,1,3232,2897,1526,0.020849,4,2024-11-23 18:59:38,Complex,False,Good
3101,252,5,2,382,457,1230,0.001278,3,2024-12-07 14:41:39,Simple,False,Good
3102,106,1,7,672,656,2595,0.006693,3,2024-11-15 11:21:35,Medium,True,Good
3103,8,2,6,340,534,2615,0.003952,3,2024-11-24 23:41:43,Medium,True,Good
3104,134,1,6,1049,1630,1743,0.017242,4,2024-11-12 01:32:11,Medium,True,Excellent
3105,179,3,1,123,172,1739,0.001149,4,2024-11-13 01:15:21,Simple,True,Good
3106,167,5,5,567,874,3301,0.002462,4,2024-10-19 02:14:13,Medium,False,Good
3107,181,2,6,322,377,1218,0.00318,5,2024-10-12 01:16:15,Simple,True,Excellent
3108,287,5,2,670,908,3018,0.002889,2,2024-11-05 05:59:57,Medium,True,Fair
3109,1,2,8,198,268,2151,0.002188,4,2024-10-22 11:32:41,Simple,True,Excellent
3110,268,5,2,1245,1358,2712,0.004064,2,2024-10-30 13:57:23,Medium,True,Fair
3111,157,3,4,1019,1018,4684,0.006436,3,2024-11-28 06:55:04,Medium,True,Good
3112,247,5,6,1938,1857,1269,0.005302,5,2024-10-11 17:11:48,Medium,True,Good
3113,164,1,4,320,297,1607,0.002982,4,2024-11-10 07:27:06,Simple,True,Excellent
3114,229,4,3,297,438,1652,0.002167,5,2024-12-24 16:23:16,Simple,True,Good
3115,131,2,1,143,208,1163,0.001649,5,2024-11-06 12:40:00,Simple,True,Excellent
3116,103,5,2,451,518,2808,0.001583,5,2024-10-10 02:08:30,Medium,True,Good
3117,118,4,2,375,401,1443,0.001989,3,2024-12-26 21:36:48,Simple,True,Good
3118,175,1,3,285,429,2738,0.003933,5,2024-12-10 01:26:19,Simple,True,Excellent
3119,200,5,5,503,461,2717,0.001263,1,2024-10-17 22:08:54,Simple,True,Fair
3120,11,5,3,321,306,3346,0.000936,4,2024-10-01 13:04:51,Simple,True,Good
3121,47,2,8,608,740,4194,0.005438,4,2024-10-18 01:25:42,Medium,True,Excellent
3122,46,5,8,278,371,2457,0.001206,5,2024-12-28 12:18:13,Simple,True,Good
3123,250,2,5,422,669,2063,0.005774,4,2024-12-28 16:32:20,Medium,True,Excellent
3124,147,1,7,898,1336,939,0.012807,5,2024-10-28 19:30:34,Medium,True,Excellent
3125,195,1,6,359,485,839,0.004657,4,2024-10-06 10:44:21,Simple,True,Excellent
3126,7,2,6,214,316,895,0.00269,3,2024-12-14 08:43:43,Simple,False,Good
3127,235,2,4,151,134,905,0.001174,4,2024-12-08 23:42:11,Simple,True,Excellent
3128,80,5,1,1510,1526,3653,0.004362,3,2024-10-26 09:01:22,Medium,True,Good
3129,209,1,5,178,225,2261,0.002451,2,2024-12-01 00:51:48,Simple,True,Fair
3130,152,2,4,896,841,1133,0.006906,4,2024-10-07 20:02:47,Medium,True,Excellent
3131,119,1,2,731,657,2998,0.007088,3,2024-11-14 02:46:57,Medium,True,Good
3132,93,4,3,536,602,631,0.003126,5,2024-11-07 20:30:44,Medium,False,Good
3133,230,1,9,903,971,1320,0.010595,5,2024-10-25 11:44:35,Medium,False,Excellent
3134,143,1,1,1100,948,2640,0.009294,2,2024-11-13 06:27:29,Medium,True,Fair
3135,272,2,4,295,443,6270,0.003452,4,2024-10-22 14:12:58,Simple,True,Excellent
3136,128,5,9,1389,1518,2107,0.004211,1,2024-11-20 10:44:47,Medium,True,Fair
3137,22,3,5,2876,2900,1251,0.021343,5,2024-10-23 20:29:47,Complex,True,Good
3138,254,1,5,732,650,9847,0.006118,4,2024-10-21 16:42:44,Medium,True,Excellent
3139,29,3,5,269,425,2222,0.002993,4,2024-12-07 06:38:11,Simple,True,Good
3140,204,1,5,710,1053,1985,0.011371,5,2024-11-19 15:11:40,Medium,True,Excellent
3141,215,4,6,700,656,521,0.003522,4,2024-10-11 02:57:10,Medium,True,Good
3142,132,1,6,517,483,2332,0.005029,4,2024-10-24 01:33:25,Simple,True,Excellent
3143,115,2,9,1707,1987,1699,0.01709,4,2024-12-11 01:30:32,Medium,True,Excellent
3144,29,4,7,528,601,3161,0.003219,4,2024-10-21 05:58:53,Medium,True,Good
3145,299,3,5,103,135,1221,0.000989,2,2024-10-05 21:47:14,Simple,True,Fair
3146,63,5,2,234,239,564,0.000667,4,2024-12-18 23:01:18,Simple,True,Good
3147,257,4,4,243,293,1624,0.001481,4,2024-11-21 14:56:31,Simple,True,Good
3148,206,3,3,1676,2067,3150,0.015419,5,2024-11-09 10:54:06,Complex,False,Good
3149,106,3,1,1158,1448,1951,0.010726,2,2024-10-30 11:24:36,Medium,True,Fair
3150,176,3,2,356,358,3820,0.002421,2,2024-11-29 16:00:43,Simple,False,Fair
3151,88,3,5,598,639,5130,0.004099,4,2024-10-30 06:20:44,Medium,False,Good
3152,272,3,9,612,633,2347,0.0045,4,2024-12-03 22:29:15,Medium,False,Good
3153,173,4,7,435,499,2001,0.002411,5,2024-11-06 17:51:58,Simple,True,Good
3154,265,4,9,155,170,2723,0.000919,4,2024-12-07 08:35:38,Simple,True,Good
3155,40,1,2,492,675,1117,0.006861,5,2024-11-19 06:15:01,Medium,True,Excellent
3156,55,5,9,230,384,1533,0.001186,2,2024-12-24 19:12:57,Simple,True,Fair
3157,15,1,4,2195,2071,1135,0.01894,3,2024-12-30 20:42:03,Complex,True,Good
3158,300,2,3,824,702,1766,0.005743,4,2024-11-10 12:46:56,Medium,True,Excellent
3159,218,5,6,394,482,4426,0.001545,3,2024-11-15 13:19:58,Simple,True,Good
3160,46,1,8,198,322,2210,0.003175,5,2024-10-27 04:56:09,Simple,False,Excellent
3161,183,1,5,762,893,3465,0.009517,4,2024-11-07 01:54:42,Medium,True,Excellent
3162,41,2,4,921,1463,3037,0.010783,4,2024-11-04 08:24:36,Medium,True,Excellent
3163,184,5,6,803,1135,1487,0.00351,3,2024-10-29 11:31:53,Medium,False,Good
3164,148,3,1,242,242,1699,0.001759,5,2024-12-01 04:19:55,Simple,True,Good
3165,35,4,1,2419,3261,1225,0.017741,4,2024-12-13 10:27:29,Complex,True,Good
3166,279,3,5,829,1201,3192,0.008874,3,2024-10-16 14:12:07,Medium,True,Good
3167,238,2,6,1005,1578,1213,0.013004,2,2024-12-10 17:00:08,Medium,False,Fair
3168,75,1,9,1184,1020,2840,0.00954,4,2024-10-25 10:45:11,Medium,True,Excellent
3169,187,3,7,448,714,1898,0.005216,4,2024-11-18 04:35:46,Medium,True,Good
3170,215,1,5,627,783,1081,0.007999,4,2024-12-26 14:51:57,Medium,True,Excellent
3171,272,3,5,488,706,1681,0.005271,3,2024-10-31 15:53:10,Medium,False,Good
3172,289,2,3,181,254,829,0.001869,4,2024-12-27 09:44:09,Simple,True,Excellent
3173,9,4,1,2219,2471,1975,0.012146,4,2024-11-05 16:18:06,Complex,True,Good
3174,214,2,6,576,487,1468,0.003541,4,2024-12-25 22:48:01,Simple,True,Excellent
3175,99,4,5,575,511,3714,0.002302,1,2024-11-30 05:15:46,Medium,False,Fair
3176,184,5,4,762,807,2578,0.002232,4,2024-10-16 06:50:30,Medium,True,Good
3177,20,5,2,838,754,2316,0.002305,2,2024-10-06 23:53:46,Medium,True,Fair
3178,49,4,2,277,285,7790,0.001318,4,2024-12-09 00:08:48,Simple,True,Good
3179,200,4,1,530,574,1994,0.003106,4,2024-12-11 09:18:38,Medium,False,Good
3180,197,5,1,823,833,751,0.00262,3,2024-12-27 13:04:14,Medium,False,Good
3181,25,4,4,521,694,723,0.003606,2,2024-11-22 02:20:02,Medium,False,Fair
3182,3,5,5,1230,1063,1590,0.002954,4,2024-12-17 06:42:35,Medium,True,Good
3183,104,5,7,2275,2142,970,0.006572,5,2024-10-26 22:45:24,Complex,False,Good
3184,82,5,3,938,901,2685,0.002825,5,2024-10-20 07:33:41,Medium,True,Good
3185,223,5,8,1501,1343,5140,0.003833,2,2024-12-12 08:22:31,Medium,True,Fair
3186,179,4,2,1082,1600,2329,0.007441,4,2024-12-12 10:44:41,Medium,True,Good
3187,235,4,4,979,819,683,0.004209,5,2024-12-23 09:28:43,Medium,True,Good
3188,90,2,5,410,383,3204,0.002815,5,2024-10-02 02:22:29,Simple,True,Excellent
3189,206,2,7,535,730,1129,0.006158,4,2024-10-13 07:11:19,Medium,True,Excellent
3190,192,4,4,610,612,773,0.002837,2,2024-11-23 06:36:33,Medium,True,Fair
3191,80,3,5,389,535,2460,0.004078,4,2024-10-01 10:44:23,Medium,True,Good
3192,147,1,6,412,551,2165,0.00521,4,2024-10-16 03:03:02,Medium,True,Excellent
3193,233,5,4,500,581,1066,0.001602,4,2024-12-16 10:38:11,Medium,False,Good
3194,11,2,6,634,663,1319,0.005301,1,2024-12-24 18:34:30,Medium,True,Fair
3195,194,1,4,1557,2267,1091,0.023031,4,2024-11-24 03:17:47,Complex,True,Excellent
3196,171,2,7,461,643,1994,0.004648,5,2024-12-05 18:25:36,Medium,True,Excellent
3197,94,4,3,1246,1702,994,0.0086,5,2024-10-14 23:16:38,Medium,False,Good
3198,113,1,3,229,198,1673,0.00201,5,2024-12-20 06:08:21,Simple,True,Excellent
3199,92,5,5,246,283,1168,0.000854,4,2024-10-08 23:07:24,Simple,True,Good
3200,266,5,5,1623,1844,4462,0.005379,4,2024-12-13 20:06:44,Medium,False,Good
3201,164,4,6,1148,1074,1769,0.004894,3,2024-10-11 12:02:24,Medium,True,Good
3202,133,3,3,1075,928,1943,0.006484,4,2024-11-22 02:54:59,Medium,True,Good
3203,84,1,6,1602,1456,949,0.015655,5,2024-10-08 06:55:38,Medium,True,Excellent
3204,249,2,9,822,794,1052,0.006631,4,2024-11-02 01:16:00,Medium,True,Excellent
3205,84,1,2,969,876,2492,0.008058,2,2024-12-08 19:21:40,Medium,True,Fair
3206,136,2,6,497,808,2444,0.006618,3,2024-12-28 03:47:59,Medium,False,Good
3207,142,1,3,1509,1709,2222,0.018083,2,2024-11-08 15:04:35,Medium,True,Fair
3208,115,5,1,364,466,3953,0.00136,4,2024-10-07 19:32:44,Simple,True,Good
3209,126,2,4,186,298,883,0.002522,4,2024-12-18 15:47:56,Simple,True,Excellent
3210,66,4,5,405,618,1708,0.002805,4,2024-10-15 13:24:59,Medium,True,Good
3211,213,3,5,702,1003,2516,0.006967,5,2024-10-04 13:42:41,Medium,False,Good
3212,230,1,4,427,699,1049,0.006362,4,2024-12-05 07:25:37,Medium,False,Excellent
3213,126,2,2,1107,986,3087,0.007633,5,2024-11-22 19:14:13,Medium,False,Excellent
3214,266,2,4,455,671,1362,0.005731,2,2024-11-25 12:08:54,Medium,True,Fair
3215,137,4,7,1765,1575,2202,0.008662,3,2024-12-13 21:57:24,Medium,True,Good
3216,131,5,5,304,306,3595,0.000871,4,2024-10-23 12:41:17,Simple,False,Good
3217,130,1,4,701,598,3858,0.005498,4,2024-12-18 14:15:47,Medium,True,Excellent
3218,127,2,9,301,256,4146,0.002019,3,2024-11-10 14:00:28,Simple,True,Good
3219,120,5,1,508,551,2698,0.001768,5,2024-12-26 14:26:13,Medium,True,Good
3220,183,2,4,598,727,2769,0.006181,4,2024-11-17 19:37:22,Medium,True,Excellent
3221,203,5,9,535,592,2199,0.001644,4,2024-11-15 07:28:39,Medium,True,Good
3222,53,1,1,243,306,500,0.002831,3,2024-11-05 18:55:42,Simple,True,Good
3223,299,4,1,800,786,942,0.004129,3,2024-10-07 14:24:06,Medium,True,Good
3224,143,1,4,1587,1724,4322,0.016491,5,2024-10-01 16:03:06,Medium,True,Excellent
3225,299,3,7,230,202,2262,0.001457,4,2024-12-08 13:50:26,Simple,True,Good
3226,26,2,2,977,890,1279,0.007477,5,2024-10-15 13:58:11,Medium,True,Excellent
3227,201,3,2,465,490,654,0.003671,3,2024-10-06 16:25:13,Simple,True,Good
3228,235,4,8,304,415,2146,0.002219,3,2024-11-21 21:30:43,Simple,False,Good
3229,187,3,7,101,136,1172,0.000972,3,2024-10-12 16:01:17,Simple,False,Good
3230,135,3,6,262,430,2237,0.002965,2,2024-10-31 04:55:50,Simple,True,Fair
3231,101,3,4,705,788,2786,0.005035,2,2024-11-14 10:09:48,Medium,True,Fair
3232,101,1,6,529,500,3118,0.005167,1,2024-12-03 20:30:33,Medium,True,Fair
3233,24,5,9,700,631,2872,0.001938,5,2024-10-28 18:17:39,Medium,True,Good
3234,31,2,3,868,1007,2198,0.007315,5,2024-10-14 02:33:14,Medium,True,Excellent
3235,58,2,2,1101,1095,3622,0.009593,4,2024-12-01 18:16:41,Medium,True,Excellent
3236,79,3,9,317,475,1145,0.003457,4,2024-10-17 22:08:54,Simple,True,Good
3237,124,2,6,81,98,911,0.000715,4,2024-10-11 05:39:19,Simple,True,Excellent
3238,199,4,9,603,644,1334,0.002977,5,2024-11-26 21:49:36,Medium,True,Good
3239,32,1,6,249,296,800,0.00304,4,2024-10-23 13:51:48,Simple,True,Excellent
3240,158,1,8,387,532,1209,0.004997,5,2024-12-06 07:33:08,Medium,True,Excellent
3241,247,4,5,545,784,1791,0.003979,4,2024-10-25 17:07:47,Medium,True,Good
3242,268,1,4,1866,1821,1752,0.016779,4,2024-10-29 23:03:40,Medium,True,Excellent
3243,215,1,4,289,432,1214,0.004099,4,2024-11-04 19:56:16,Simple,True,Excellent
3244,52,3,9,250,225,1141,0.001693,3,2024-10-31 14:14:56,Simple,False,Good
3245,214,3,9,1086,1060,4530,0.007837,4,2024-10-01 09:41:59,Medium,False,Good
3246,154,2,8,758,719,1001,0.005419,4,2024-10-04 21:50:21,Medium,True,Excellent
3247,183,3,7,803,700,501,0.005331,3,2024-11-29 14:21:42,Medium,True,Good
3248,194,4,4,222,304,3117,0.001444,5,2024-10-05 14:03:22,Simple,True,Good
3249,87,1,1,853,727,2477,0.006603,2,2024-12-15 04:30:05,Medium,True,Fair
3250,65,5,9,305,371,1249,0.001068,3,2024-10-05 09:12:05,Simple,True,Good
3251,242,4,6,1015,1019,5242,0.005256,4,2024-11-04 08:56:43,Medium,False,Good
3252,192,1,2,401,347,1896,0.003805,1,2024-11-03 18:23:24,Simple,True,Fair
3253,177,1,2,1307,1113,5718,0.010238,5,2024-11-12 06:16:46,Medium,True,Excellent
3254,254,3,4,889,1462,989,0.009489,5,2024-12-23 17:49:20,Medium,True,Good
3255,120,3,4,533,718,1638,0.005498,4,2024-12-06 17:45:12,Medium,False,Good
3256,28,2,7,417,367,2417,0.002995,3,2024-10-11 13:41:36,Simple,True,Good
3257,19,3,9,1449,1408,1058,0.01015,4,2024-12-08 06:12:11,Medium,True,Good
3258,42,5,6,1981,1747,802,0.005558,1,2024-10-08 11:16:21,Medium,False,Fair
3259,254,5,9,551,651,1120,0.00201,3,2024-10-03 03:32:56,Medium,True,Good
3260,88,5,2,540,522,3041,0.001633,3,2024-12-12 15:11:16,Medium,False,Good
3261,262,2,7,1183,1029,3171,0.008028,4,2024-12-26 21:16:09,Medium,False,Excellent
3262,275,1,7,542,654,1906,0.00708,5,2024-12-16 11:38:04,Medium,True,Excellent
3263,117,5,2,719,1068,2300,0.003353,4,2024-12-22 14:48:51,Medium,True,Good
3264,278,4,4,1181,1094,1931,0.005384,5,2024-11-04 21:14:31,Medium,False,Good
3265,152,3,4,847,722,2750,0.004944,4,2024-12-14 09:37:43,Medium,False,Good
3266,178,1,3,365,450,2595,0.004874,3,2024-10-14 15:28:47,Simple,True,Good
3267,95,1,4,333,504,4028,0.004869,4,2024-11-04 01:21:02,Medium,True,Excellent
3268,84,1,1,619,921,1051,0.009839,3,2024-12-23 15:30:43,Medium,True,Good
3269,265,4,9,377,511,904,0.002713,4,2024-10-06 22:46:48,Medium,True,Good
3270,207,4,4,708,681,2232,0.003512,2,2024-11-24 20:11:05,Medium,True,Fair
3271,123,4,8,357,353,2162,0.001758,3,2024-10-18 04:47:23,Simple,False,Good
3272,253,2,2,925,957,718,0.008184,2,2024-12-25 08:10:06,Medium,False,Fair
3273,144,2,3,340,361,678,0.003153,3,2024-11-25 11:39:13,Simple,True,Good
3274,278,3,5,347,307,2638,0.00218,4,2024-12-21 09:40:12,Simple,True,Good
3275,44,4,7,2468,2982,4714,0.015045,4,2024-12-12 07:45:06,Complex,True,Good
3276,175,4,3,206,340,1178,0.001572,3,2024-12-14 00:49:45,Simple,True,Good
3277,245,2,5,470,412,3491,0.003404,2,2024-10-01 01:45:58,Simple,True,Fair
3278,80,4,4,358,375,2165,0.001965,2,2024-11-15 22:42:32,Simple,True,Fair
3279,111,1,7,170,181,1858,0.001708,4,2024-12-22 11:12:23,Simple,False,Excellent
3280,97,3,2,1340,1432,2667,0.009977,5,2024-10-23 19:32:25,Medium,True,Good
3281,91,3,4,465,438,1610,0.003115,5,2024-11-06 10:04:27,Simple,False,Good
3282,146,2,5,467,491,2209,0.003585,2,2024-10-07 12:39:53,Simple,True,Fair
3283,74,2,5,701,607,2728,0.0053,4,2024-11-07 06:24:50,Medium,True,Excellent
3284,112,4,3,402,669,1270,0.003052,3,2024-11-06 09:34:40,Medium,False,Good
3285,48,3,1,435,650,1813,0.004988,1,2024-12-17 23:00:19,Medium,False,Fair
3286,269,3,5,698,724,2016,0.005004,5,2024-12-06 10:28:10,Medium,True,Good
3287,153,1,6,341,312,2835,0.003264,5,2024-11-18 19:23:43,Simple,True,Excellent
3288,149,5,5,535,579,1855,0.001643,4,2024-12-11 06:11:41,Medium,True,Good
3289,217,2,4,633,942,2628,0.007584,4,2024-11-09 09:55:13,Medium,True,Excellent
3290,137,5,6,570,662,1909,0.001846,2,2024-12-20 06:58:06,Medium,True,Fair
3291,267,1,1,233,307,1595,0.002769,5,2024-11-15 11:51:35,Simple,True,Excellent
3292,263,2,1,760,779,651,0.006699,1,2024-10-20 08:36:36,Medium,True,Fair
3293,121,5,1,589,642,3842,0.001852,2,2024-11-16 11:53:20,Medium,True,Fair
3294,52,2,4,245,238,1416,0.001827,3,2024-10-26 06:05:32,Simple,True,Good
3295,255,4,8,963,1109,2020,0.00588,3,2024-12-13 15:41:14,Medium,True,Good
3296,299,5,1,284,390,669,0.00119,4,2024-12-08 03:10:17,Simple,True,Good
3297,128,5,3,251,328,1344,0.001062,4,2024-12-12 18:52:39,Simple,True,Good
3298,176,2,3,619,831,1143,0.007308,4,2024-12-16 23:43:45,Medium,True,Excellent
3299,291,3,4,817,768,1227,0.005553,4,2024-12-30 20:57:14,Medium,True,Good
3300,269,5,2,516,620,1613,0.001809,4,2024-10-30 04:25:53,Medium,True,Good
3301,84,4,7,432,479,1500,0.00216,4,2024-12-12 04:07:10,Simple,True,Good
3302,67,3,2,317,512,2213,0.003638,5,2024-12-23 01:29:33,Medium,True,Good
3303,19,2,1,431,620,1314,0.004747,4,2024-12-14 06:38:05,Medium,True,Excellent
3304,263,3,8,789,715,2954,0.004778,4,2024-11-18 18:50:02,Medium,True,Good
3305,276,1,4,309,349,1669,0.003743,4,2024-11-06 10:30:53,Simple,True,Excellent
3306,209,3,2,832,789,905,0.005943,4,2024-10-10 04:00:09,Medium,True,Good
3307,44,2,3,908,1291,3236,0.010784,1,2024-10-24 13:16:09,Medium,True,Fair
3308,236,4,4,314,437,3814,0.002051,5,2024-10-19 11:33:36,Simple,True,Good
3309,5,2,1,711,822,1914,0.007035,4,2024-11-24 20:39:38,Medium,True,Excellent
3310,40,5,6,742,1076,2087,0.003422,4,2024-11-25 12:29:24,Medium,True,Good
3311,203,3,1,777,719,2606,0.004842,4,2024-11-03 12:04:40,Medium,True,Good
3312,112,5,1,2378,2160,2630,0.006048,3,2024-11-11 01:11:04,Complex,True,Good
3313,300,1,7,502,444,2432,0.004426,5,2024-12-27 10:09:48,Simple,True,Excellent
3314,234,2,4,1875,1794,2173,0.01433,4,2024-11-08 16:12:18,Medium,True,Excellent
3315,6,5,6,174,237,1688,0.000653,4,2024-11-15 16:42:29,Simple,True,Good
3316,210,2,1,665,720,1167,0.005591,4,2024-10-28 14:13:23,Medium,True,Excellent
3317,279,3,2,147,194,1460,0.001424,3,2024-12-30 10:28:14,Simple,True,Good
3318,139,2,6,908,799,2169,0.005836,3,2024-10-16 06:33:06,Medium,True,Good
3319,128,5,7,318,313,1020,0.000928,3,2024-12-07 07:47:53,Simple,True,Good
3320,219,4,2,816,714,1470,0.00377,3,2024-11-01 05:26:55,Medium,True,Good
3321,168,2,7,772,1147,2594,0.009585,3,2024-12-27 11:23:11,Medium,True,Good
3322,156,1,9,340,291,1242,0.002713,2,2024-10-22 01:02:36,Simple,True,Fair
3323,118,4,2,982,1011,1246,0.005084,1,2024-10-24 08:23:31,Medium,True,Fair
3324,71,1,6,688,1121,1610,0.01086,5,2024-10-10 19:39:01,Medium,True,Excellent
3325,1,3,6,435,409,2213,0.002923,4,2024-12-21 05:07:59,Simple,True,Good
3326,294,3,5,694,720,8225,0.004827,5,2024-10-15 11:03:33,Medium,False,Good
3327,46,5,2,599,784,3792,0.002388,5,2024-10-24 19:58:18,Medium,True,Good
3328,267,1,8,187,291,2186,0.003199,4,2024-12-22 14:48:15,Simple,True,Excellent
3329,141,5,4,820,700,652,0.001975,5,2024-11-01 22:08:51,Medium,True,Good
3330,137,3,8,1529,2380,1204,0.015448,4,2024-10-12 11:01:26,Complex,True,Good
3331,65,4,6,408,647,1805,0.003259,2,2024-10-06 23:37:18,Medium,True,Fair
3332,232,5,6,318,416,7326,0.001289,4,2024-10-18 20:10:13,Simple,True,Good
3333,146,4,9,270,238,8574,0.001272,1,2024-11-20 07:30:40,Simple,True,Fair
3334,23,2,3,336,318,3315,0.002363,5,2024-10-07 13:27:27,Simple,True,Excellent
3335,117,3,9,864,1309,518,0.00931,4,2024-12-02 19:53:44,Medium,True,Good
3336,37,5,7,469,415,2191,0.00113,5,2024-10-29 19:38:38,Simple,False,Good
3337,222,5,8,965,1052,1135,0.003273,4,2024-12-17 10:47:31,Medium,False,Good
3338,139,3,8,675,596,1661,0.004528,3,2024-11-13 11:39:07,Medium,False,Good
3339,34,4,6,1279,1352,2146,0.006803,2,2024-11-07 13:35:11,Medium,True,Fair
3340,179,5,4,932,828,2198,0.002611,3,2024-10-02 00:43:31,Medium,False,Good
3341,203,1,9,478,716,2427,0.007027,5,2024-10-27 16:08:47,Medium,True,Excellent
3342,64,1,2,916,888,712,0.008752,3,2024-12-23 10:18:14,Medium,True,Good
3343,178,2,3,387,415,3756,0.003649,4,2024-11-15 17:20:58,Simple,True,Excellent
3344,269,3,7,627,792,2150,0.005419,4,2024-11-20 18:01:03,Medium,False,Good
3345,73,4,9,1711,1708,1353,0.007713,5,2024-10-28 05:43:05,Medium,True,Good
3346,227,4,9,637,716,4705,0.003245,3,2024-10-02 10:10:37,Medium,False,Good
3347,270,4,5,817,951,2363,0.004546,2,2024-12-04 13:16:08,Medium,True,Fair
3348,37,1,9,429,432,1223,0.0047,5,2024-12-27 20:32:43,Simple,True,Excellent
3349,238,1,4,903,1242,1439,0.013489,3,2024-10-26 00:31:08,Medium,True,Good
3350,9,5,9,140,219,4212,0.000719,1,2024-12-17 04:10:42,Simple,True,Fair
3351,286,4,9,1189,1132,3935,0.00606,4,2024-11-06 01:45:20,Medium,True,Good
3352,155,4,2,222,195,1375,0.0009,4,2024-11-20 18:40:06,Simple,False,Good
3353,124,1,6,960,1344,1674,0.013263,4,2024-11-26 12:01:28,Medium,True,Excellent
3354,257,4,9,378,474,4718,0.002155,3,2024-10-22 13:12:24,Simple,False,Good
3355,101,2,8,1316,1462,859,0.011731,4,2024-11-17 18:47:07,Medium,True,Excellent
3356,174,3,5,217,235,2172,0.0017,4,2024-12-28 21:44:30,Simple,True,Good
3357,16,4,8,338,370,4742,0.001833,4,2024-10-20 03:02:18,Simple,False,Good
3358,180,2,3,198,279,3461,0.002295,2,2024-10-19 20:35:00,Simple,True,Fair
3359,270,3,6,172,264,12000,0.001742,5,2024-12-19 16:04:41,Simple,True,Good
3360,104,5,8,341,547,1494,0.001513,4,2024-12-12 16:10:05,Medium,False,Good
3361,95,2,4,889,908,1428,0.0078,4,2024-12-26 00:09:00,Medium,True,Excellent
3362,291,2,4,69,87,2409,0.00074,5,2024-10-23 21:06:32,Simple,True,Excellent
3363,210,2,1,289,266,3444,0.002054,5,2024-12-03 15:47:57,Simple,True,Excellent
3364,258,1,4,552,599,2286,0.005763,3,2024-11-10 18:37:27,Medium,True,Good
3365,188,4,5,195,296,2444,0.001355,2,2024-12-14 03:31:34,Simple,True,Fair
3366,34,1,9,243,405,2038,0.004038,3,2024-11-15 09:44:14,Simple,True,Good
3367,135,2,2,501,499,1649,0.003593,5,2024-10-27 18:07:03,Simple,True,Excellent
3368,193,2,9,520,797,633,0.006931,5,2024-12-06 01:46:34,Medium,True,Excellent
3369,70,5,5,294,257,1466,0.000826,4,2024-12-08 15:40:38,Simple,True,Good
3370,287,2,9,147,205,1251,0.001686,5,2024-10-28 22:19:19,Simple,True,Excellent
3371,134,5,2,342,330,950,0.001075,5,2024-11-12 05:45:25,Simple,False,Good
3372,285,5,8,332,346,2488,0.001099,2,2024-12-01 02:24:07,Simple,True,Fair
3373,288,1,7,1976,1958,1191,0.020105,4,2024-12-01 15:15:46,Medium,True,Excellent
3374,164,5,2,654,738,4505,0.002311,4,2024-10-10 04:31:15,Medium,False,Good
3375,160,4,8,963,916,1464,0.004467,5,2024-11-08 15:26:05,Medium,False,Good
3376,236,5,1,1059,941,844,0.003076,4,2024-11-04 18:30:19,Medium,False,Good
3377,200,4,4,602,515,1823,0.002367,3,2024-12-25 15:06:03,Medium,False,Good
3378,152,4,3,2314,2107,1429,0.011279,5,2024-12-16 17:54:59,Complex,True,Good
3379,46,3,6,342,541,2417,0.003957,2,2024-10-05 03:57:58,Medium,True,Fair
3380,272,4,7,212,282,840,0.001276,3,2024-12-29 02:50:31,Simple,True,Good
3381,234,2,3,369,459,1039,0.003308,4,2024-11-23 14:25:04,Simple,True,Excellent
3382,3,1,2,530,818,1498,0.00872,3,2024-11-18 00:55:24,Medium,True,Good
3383,69,1,8,1631,1366,1949,0.014316,5,2024-11-24 12:57:29,Medium,True,Excellent
3384,94,1,6,1013,1305,2731,0.012858,3,2024-12-23 09:04:05,Medium,False,Good
3385,176,2,7,850,1233,2478,0.009098,3,2024-11-16 13:58:17,Medium,True,Good
3386,13,3,2,280,327,749,0.002407,4,2024-10-05 01:45:16,Simple,False,Good
3387,28,2,9,548,484,2150,0.004058,5,2024-11-09 11:39:27,Simple,True,Excellent
3388,300,5,2,329,407,914,0.001237,4,2024-11-11 06:46:30,Simple,True,Good
3389,106,4,1,222,369,2311,0.001772,5,2024-10-03 09:15:56,Simple,False,Good
3390,171,2,7,571,588,2568,0.004882,4,2024-11-06 03:42:18,Medium,True,Excellent
3391,173,5,7,344,294,2478,0.000926,4,2024-10-23 04:22:06,Simple,True,Good
3392,45,3,6,352,432,2525,0.002725,4,2024-12-07 06:47:07,Simple,True,Good
3393,140,1,3,346,417,1768,0.004104,4,2024-11-12 18:28:12,Simple,True,Excellent
3394,20,3,5,1330,1359,535,0.010115,5,2024-10-12 11:26:32,Medium,False,Good
3395,106,3,2,494,504,2528,0.003351,4,2024-11-08 03:34:05,Medium,True,Good
3396,266,4,7,234,228,931,0.001207,4,2024-10-25 03:01:05,Simple,False,Good
3397,103,4,5,1022,1164,1440,0.006376,4,2024-10-07 12:06:31,Medium,True,Good
3398,177,1,7,1269,1117,2997,0.011207,3,2024-12-30 00:42:26,Medium,True,Good
3399,279,2,5,637,886,2321,0.007716,2,2024-10-29 02:02:51,Medium,True,Fair
3400,55,5,8,1723,1641,1631,0.00498,3,2024-11-20 22:27:31,Medium,False,Good
3401,1,5,8,270,229,2675,0.000681,4,2024-11-26 11:27:50,Simple,True,Good
3402,80,3,2,2515,2314,4384,0.01729,4,2024-10-02 00:16:13,Complex,True,Good
3403,134,3,4,420,686,1918,0.004363,4,2024-12-30 08:26:21,Medium,False,Good
3404,46,2,5,879,919,1848,0.007148,4,2024-12-07 07:37:02,Medium,False,Excellent
3405,145,5,2,887,1185,4387,0.003538,5,2024-12-11 12:50:21,Medium,True,Good
3406,16,2,8,1486,1245,865,0.009538,2,2024-12-28 07:17:11,Medium,True,Fair
3407,79,2,9,1014,849,798,0.006618,1,2024-11-12 10:39:56,Medium,True,Fair
3408,131,1,3,1087,942,1453,0.009777,5,2024-10-07 19:52:35,Medium,True,Excellent
3409,174,1,8,336,440,825,0.004336,4,2024-11-13 16:42:12,Simple,True,Excellent
3410,139,2,6,388,346,1143,0.002846,4,2024-11-24 00:56:15,Simple,True,Excellent
3411,190,4,4,206,321,2157,0.001706,3,2024-10-09 19:25:13,Simple,False,Good
3412,96,5,1,238,260,3411,0.000807,5,2024-12-17 09:21:22,Simple,True,Good
3413,286,5,3,849,825,2408,0.002607,4,2024-12-01 18:26:23,Medium,True,Good
3414,63,2,7,223,308,626,0.002408,5,2024-11-11 08:30:28,Simple,True,Excellent
3415,216,2,7,404,599,1301,0.005098,4,2024-10-12 17:42:55,Medium,True,Excellent
3416,288,2,3,569,545,948,0.004538,5,2024-12-07 15:35:24,Medium,False,Excellent
3417,18,5,8,208,174,2290,0.000494,4,2024-10-11 04:27:12,Simple,False,Good
3418,242,3,5,569,478,1538,0.003642,2,2024-12-11 03:56:51,Simple,True,Fair
3419,8,4,9,247,270,1175,0.001244,5,2024-12-01 13:47:03,Simple,True,Good
3420,292,2,4,295,432,1081,0.003454,4,2024-11-03 18:32:00,Simple,False,Excellent
3421,257,4,4,1247,1593,1423,0.008159,4,2024-12-24 04:22:38,Medium,False,Good
3422,243,5,3,240,213,3611,0.000701,4,2024-12-15 02:12:53,Simple,False,Good
3423,281,5,5,172,164,1211,0.000446,4,2024-12-13 11:54:17,Simple,True,Good
3424,5,3,2,336,358,569,0.00243,5,2024-12-06 12:52:28,Simple,True,Good
3425,243,4,1,248,399,616,0.002185,3,2024-12-06 20:48:25,Simple,False,Good
3426,251,4,1,313,437,2646,0.00223,3,2024-12-20 19:37:21,Simple,True,Good
3427,293,2,3,546,461,1560,0.003381,4,2024-11-10 22:03:44,Simple,True,Excellent
3428,141,1,7,100,99,774,0.00094,4,2024-10-04 16:10:23,Simple,True,Excellent
3429,188,3,4,717,708,1510,0.005389,4,2024-11-20 19:12:30,Medium,True,Good
3430,214,1,9,549,602,1214,0.005998,5,2024-11-26 22:01:15,Medium,True,Excellent
3431,12,5,8,409,493,3144,0.001406,4,2024-10-23 02:27:35,Simple,True,Good
3432,51,4,2,1012,1026,5105,0.005146,5,2024-12-12 08:32:46,Medium,True,Good
3433,290,4,7,363,305,1548,0.001517,5,2024-11-11 13:17:31,Simple,True,Good
3434,284,1,3,434,428,1474,0.004395,3,2024-10-31 17:01:58,Simple,True,Good
3435,149,5,8,283,340,1464,0.000923,3,2024-10-25 13:29:10,Simple,True,Good
3436,145,4,1,644,1016,1326,0.004683,3,2024-11-21 07:03:24,Medium,True,Good
3437,138,2,3,424,511,2105,0.003791,4,2024-11-12 06:33:09,Medium,True,Excellent
3438,149,1,3,1563,1344,995,0.012936,4,2024-12-09 00:08:39,Medium,True,Excellent
3439,232,5,9,231,216,2191,0.000664,4,2024-11-30 10:49:07,Simple,True,Good
3440,63,5,1,344,350,4833,0.001036,3,2024-11-25 10:32:38,Simple,False,Good
3441,182,1,9,229,227,729,0.00206,4,2024-12-18 21:57:07,Simple,True,Excellent
3442,220,2,7,1776,1559,960,0.012536,2,2024-10-31 20:13:34,Medium,True,Fair
3443,107,1,1,841,772,4565,0.007338,4,2024-10-18 10:36:29,Medium,True,Excellent
3444,167,2,1,330,425,2336,0.003539,4,2024-12-21 15:08:10,Simple,True,Excellent
3445,164,4,8,291,335,2967,0.001535,3,2024-11-24 17:42:17,Simple,True,Good
3446,228,3,9,198,326,2609,0.002435,4,2024-10-24 17:53:45,Simple,False,Good
3447,284,3,7,306,335,2012,0.002493,5,2024-10-27 08:02:10,Simple,False,Good
3448,51,5,9,788,1011,1415,0.002823,2,2024-10-07 06:55:23,Medium,True,Fair
3449,79,3,3,347,369,1170,0.002543,5,2024-10-29 23:00:19,Simple,True,Good
3450,194,4,3,295,253,2134,0.001221,4,2024-10-07 18:53:48,Simple,True,Good
3451,120,1,3,749,1079,2787,0.011205,5,2024-11-19 13:33:35,Medium,True,Excellent
3452,111,5,9,253,287,9736,0.000917,3,2024-11-02 14:12:42,Simple,True,Good
3453,52,5,1,441,476,2332,0.001477,4,2024-11-08 16:12:41,Simple,True,Good
3454,145,4,6,1120,1292,3138,0.006348,3,2024-10-25 21:46:34,Medium,True,Good
3455,81,4,5,1399,1579,742,0.007353,3,2024-11-08 11:58:43,Medium,False,Good
3456,258,1,2,328,307,2287,0.003222,5,2024-10-20 14:23:38,Simple,True,Excellent
3457,137,3,2,593,538,2311,0.003479,4,2024-11-28 10:58:31,Medium,False,Good
3458,225,2,4,918,836,1467,0.006041,4,2024-10-27 11:40:13,Medium,True,Excellent
3459,243,5,1,510,457,2099,0.001283,5,2024-11-06 21:35:37,Simple,False,Good
3460,226,2,6,351,527,1909,0.004212,1,2024-11-14 17:24:51,Medium,True,Fair
3461,139,2,1,362,551,1178,0.004338,4,2024-11-11 16:01:22,Medium,True,Excellent
3462,131,3,3,372,324,2733,0.002209,3,2024-11-21 16:11:50,Simple,True,Good
3463,260,1,3,494,545,2419,0.005986,5,2024-11-19 01:59:04,Medium,True,Excellent
3464,30,2,2,678,752,1374,0.006214,3,2024-10-24 19:38:34,Medium,True,Good
3465,287,4,6,610,519,1961,0.002487,4,2024-11-01 07:31:21,Medium,True,Good
3466,210,5,7,891,804,1181,0.002314,1,2024-10-12 16:57:57,Medium,True,Fair
3467,175,5,9,261,299,1257,0.000854,5,2024-12-11 01:09:50,Simple,False,Good
3468,179,5,3,173,268,2738,0.000797,2,2024-10-22 21:51:19,Simple,True,Fair
3469,276,3,4,415,443,3356,0.003186,4,2024-10-10 01:10:37,Simple,True,Good
3470,192,4,1,488,655,2444,0.003097,4,2024-11-23 14:22:26,Medium,True,Good
3471,206,5,9,1625,1423,1814,0.004127,5,2024-11-13 00:58:06,Medium,True,Good
3472,70,3,2,382,414,4367,0.002888,2,2024-10-13 02:15:03,Simple,True,Fair
3473,218,4,8,486,432,2706,0.002128,5,2024-12-22 19:40:36,Simple,True,Good
3474,232,2,5,599,569,2019,0.004264,3,2024-11-05 13:49:27,Medium,True,Good
3475,169,4,7,334,383,1977,0.001747,5,2024-10-09 06:52:56,Simple,True,Good
3476,37,2,3,64,90,1800,0.000683,4,2024-10-21 09:53:22,Simple,True,Excellent
3477,270,2,2,871,736,827,0.00577,4,2024-12-21 10:53:55,Medium,True,Excellent
3478,2,5,6,266,375,828,0.001211,3,2024-10-06 16:45:43,Simple,True,Good
3479,136,1,1,479,477,2067,0.004645,3,2024-10-25 23:31:50,Simple,True,Good
3480,51,4,8,410,592,2310,0.00297,4,2024-11-22 17:01:54,Medium,False,Good
3481,14,4,9,339,477,1775,0.002465,4,2024-12-11 14:06:06,Simple,True,Good
3482,5,2,9,1273,2083,4590,0.015697,4,2024-12-25 12:35:29,Complex,True,Excellent
3483,252,4,3,609,565,1300,0.003063,4,2024-11-08 12:42:55,Medium,True,Good
3484,286,3,2,383,595,6111,0.004035,1,2024-10-30 02:22:19,Medium,False,Fair
3485,62,2,3,555,494,951,0.003745,3,2024-10-08 15:14:05,Simple,True,Good
3486,243,2,4,401,408,500,0.00333,3,2024-11-23 17:31:56,Simple,False,Good
3487,202,1,8,202,179,1212,0.001819,3,2024-12-11 03:13:08,Simple,False,Good
3488,23,2,6,1031,864,3384,0.007334,5,2024-11-29 14:23:57,Medium,True,Excellent
3489,207,3,6,121,133,951,0.000992,3,2024-11-13 20:36:37,Simple,False,Good
3490,246,3,7,1786,1663,2257,0.012605,4,2024-10-26 07:51:11,Medium,False,Good
3491,217,4,8,230,376,3385,0.001901,5,2024-12-19 23:33:36,Simple,True,Good
3492,70,3,1,246,222,2873,0.001459,2,2024-12-14 23:46:12,Simple,False,Fair
3493,74,4,3,1822,1661,2605,0.008401,4,2024-12-23 21:07:31,Medium,True,Good
3494,286,1,1,1054,1544,814,0.015749,4,2024-12-26 18:58:27,Medium,True,Excellent
3495,122,3,2,1302,1170,1054,0.008007,5,2024-10-16 08:19:44,Medium,True,Good
3496,86,3,4,224,312,1901,0.002032,4,2024-12-29 13:14:42,Simple,True,Good
3497,188,3,2,933,1045,1728,0.007924,5,2024-11-07 20:56:27,Medium,False,Good
3498,147,2,3,1469,1366,2724,0.01078,4,2024-11-23 18:34:27,Medium,True,Excellent
3499,68,3,9,799,761,512,0.005311,4,2024-12-22 22:42:29,Medium,True,Good
3500,219,3,2,341,494,640,0.003317,2,2024-11-11 08:12:38,Simple,True,Fair
3501,297,4,4,147,179,9350,0.000966,4,2024-10-03 03:07:49,Simple,False,Good
3502,270,5,4,624,709,1848,0.002203,4,2024-11-20 03:23:33,Medium,True,Good
3503,152,4,1,992,870,1963,0.004489,3,2024-12-27 02:46:31,Medium,True,Good
3504,12,3,2,1721,2351,1426,0.014821,5,2024-11-07 16:23:49,Complex,False,Good
3505,78,4,5,1129,968,3288,0.004428,3,2024-10-24 16:40:20,Medium,True,Good
3506,103,4,8,1358,1841,875,0.009702,4,2024-12-14 21:23:09,Medium,False,Good
3507,260,2,3,693,717,3841,0.005445,1,2024-11-12 18:47:17,Medium,True,Fair
3508,234,2,9,192,277,578,0.002122,4,2024-12-09 08:20:22,Simple,True,Excellent
3509,222,2,9,1679,1572,1957,0.013493,3,2024-12-23 16:23:28,Medium,True,Good
3510,39,5,3,1428,1984,996,0.005829,1,2024-12-27 12:44:21,Medium,True,Fair
3511,300,3,4,326,486,4834,0.003595,4,2024-10-06 09:23:37,Simple,True,Good
3512,107,3,3,1463,1395,2809,0.008869,4,2024-10-29 09:48:27,Medium,True,Good
3513,276,4,4,2572,3615,1624,0.019133,4,2024-10-16 00:34:15,Complex,True,Good
3514,93,1,4,138,157,2294,0.001458,3,2024-12-29 05:42:32,Simple,True,Good
3515,17,5,1,424,464,2077,0.001309,4,2024-10-18 23:08:34,Simple,True,Good
3516,107,5,8,172,169,2421,0.000504,4,2024-12-16 12:50:46,Simple,True,Good
3517,21,1,8,612,960,8101,0.010282,4,2024-12-03 07:58:44,Medium,True,Excellent
3518,96,5,3,475,566,4139,0.001639,5,2024-11-09 10:56:42,Medium,True,Good
3519,98,2,3,328,491,500,0.004309,4,2024-11-16 05:06:01,Simple,True,Excellent
3520,251,5,4,296,330,1113,0.000916,3,2024-12-04 09:49:55,Simple,False,Good
3521,60,3,9,1070,1095,7338,0.007569,4,2024-10-17 00:08:40,Medium,True,Good
3522,83,4,3,629,962,995,0.005114,3,2024-11-12 17:28:28,Medium,True,Good
3523,189,2,8,349,498,1238,0.004259,3,2024-12-25 22:26:57,Simple,True,Good
3524,212,3,2,778,968,1106,0.007413,4,2024-10-31 05:49:04,Medium,True,Good
3525,210,5,4,705,1089,3355,0.003037,5,2024-11-10 04:41:39,Medium,True,Good
3526,235,3,2,225,364,1094,0.002475,3,2024-12-03 21:03:06,Simple,True,Good
3527,13,4,3,298,490,1504,0.002267,4,2024-11-13 10:08:22,Simple,False,Good
3528,93,5,6,670,1012,1859,0.003314,3,2024-10-29 16:22:20,Medium,True,Good
3529,47,4,4,389,604,694,0.002996,4,2024-12-17 01:05:13,Medium,True,Good
3530,153,5,7,481,496,3365,0.001417,5,2024-11-14 18:22:13,Simple,False,Good
3531,41,2,8,757,1222,1097,0.008993,4,2024-12-27 15:42:51,Medium,True,Excellent
3532,172,2,9,313,420,1323,0.003031,5,2024-11-04 15:50:39,Simple,True,Excellent
3533,165,5,7,2050,1852,2703,0.005732,4,2024-10-22 06:36:51,Medium,True,Good
3534,206,5,1,755,790,1356,0.002343,5,2024-11-26 13:32:30,Medium,True,Good
3535,197,2,9,473,598,816,0.005247,2,2024-11-19 06:28:36,Medium,True,Fair
3536,220,4,3,1016,1307,2775,0.006185,4,2024-11-09 15:21:04,Medium,False,Good
3537,28,1,4,1207,1637,1277,0.015409,3,2024-11-16 09:32:25,Medium,False,Good
3538,185,2,1,208,343,1501,0.002597,5,2024-11-06 19:26:09,Simple,True,Excellent
3539,149,2,7,189,237,2518,0.001731,4,2024-12-15 20:19:05,Simple,True,Excellent
3540,121,4,4,181,227,1174,0.001232,4,2024-12-24 06:07:53,Simple,False,Good
3541,208,1,7,1239,1245,2427,0.011762,2,2024-10-03 03:35:27,Medium,False,Fair
3542,60,2,9,500,430,2001,0.003367,4,2024-12-03 08:27:27,Simple,True,Excellent
3543,192,3,2,246,395,1270,0.00253,4,2024-11-27 15:14:17,Simple,True,Good
3544,48,5,3,506,741,2447,0.00209,4,2024-10-29 13:45:16,Medium,True,Good
3545,196,1,8,219,274,923,0.002998,5,2024-12-30 10:42:16,Simple,True,Excellent
3546,30,4,9,2908,3258,1146,0.016469,4,2024-10-17 11:52:58,Complex,False,Good
3547,173,2,7,870,1010,3148,0.007926,4,2024-12-12 13:15:35,Medium,True,Excellent
3548,210,4,9,567,803,1694,0.003724,4,2024-10-23 17:47:44,Medium,True,Good
3549,35,4,4,774,999,1676,0.00459,2,2024-12-06 14:15:53,Medium,True,Fair
3550,123,1,2,819,923,1493,0.010031,4,2024-12-06 19:43:25,Medium,True,Excellent
3551,194,4,7,431,515,2993,0.00245,3,2024-11-07 21:15:12,Medium,False,Good
3552,76,1,7,528,759,1285,0.008282,4,2024-10-02 22:06:33,Medium,True,Excellent
3553,93,4,1,355,374,3078,0.002029,4,2024-11-08 12:43:34,Simple,True,Good
3554,265,5,8,421,443,1601,0.001335,3,2024-12-15 08:39:30,Simple,True,Good
3555,39,5,8,888,861,2487,0.002363,4,2024-12-12 21:36:30,Medium,True,Good
3556,31,2,8,1457,1332,1158,0.011548,4,2024-10-16 22:13:36,Medium,True,Excellent
3557,288,2,8,301,292,3324,0.002455,3,2024-12-23 02:58:06,Simple,False,Good
3558,142,1,6,880,1033,2021,0.011158,2,2024-11-16 07:18:39,Medium,True,Fair
3559,264,5,4,1368,1266,1552,0.003733,4,2024-11-28 22:37:54,Medium,True,Good
3560,199,1,2,726,645,2167,0.006309,1,2024-11-20 14:44:42,Medium,True,Fair
3561,262,3,4,356,558,1777,0.003819,2,2024-11-02 00:57:13,Medium,True,Fair
3562,128,1,7,809,719,864,0.007176,4,2024-10-27 04:57:38,Medium,False,Excellent
3563,260,3,1,1386,1699,3363,0.01307,1,2024-12-05 08:44:14,Medium,True,Fair
3564,109,2,1,340,286,3904,0.002254,4,2024-10-09 13:08:05,Simple,True,Excellent
3565,74,3,3,1377,1681,2100,0.011432,1,2024-10-25 15:58:41,Medium,True,Fair
3566,5,4,9,1299,1780,5731,0.009424,5,2024-12-14 17:09:18,Medium,True,Good
3567,217,1,9,889,1074,2968,0.011591,5,2024-11-03 08:37:26,Medium,True,Excellent
3568,36,3,8,255,235,1045,0.001739,1,2024-12-22 17:16:34,Simple,True,Fair
3569,173,2,6,1299,1120,4931,0.008498,3,2024-11-11 13:04:16,Medium,True,Good
3570,79,3,6,162,149,2221,0.000992,4,2024-12-10 09:00:07,Simple,True,Good
3571,190,3,2,249,215,3808,0.001394,2,2024-10-23 13:25:05,Simple,True,Fair
3572,227,3,1,964,1202,846,0.008229,5,2024-12-05 05:59:19,Medium,False,Good
3573,8,4,5,1055,909,613,0.004114,4,2024-11-01 09:21:02,Medium,False,Good
3574,292,5,9,490,473,1281,0.001278,4,2024-11-13 08:38:17,Simple,True,Good
3575,147,4,9,1756,1610,2662,0.008104,4,2024-12-25 11:56:11,Medium,False,Good
3576,246,1,6,614,582,1134,0.005708,4,2024-11-30 06:28:16,Medium,False,Excellent
3577,148,1,7,348,346,1197,0.003241,3,2024-12-04 19:59:09,Simple,True,Good
3578,216,4,3,222,296,2198,0.001556,5,2024-10-25 09:31:37,Simple,False,Good
3579,233,3,5,1023,936,1529,0.007202,5,2024-12-20 12:42:11,Medium,False,Good
3580,115,4,6,442,669,1473,0.003268,1,2024-12-12 19:46:52,Medium,True,Fair
3581,27,2,5,820,956,1621,0.008348,1,2024-11-14 15:15:03,Medium,True,Fair
3582,282,1,8,430,362,3027,0.003555,5,2024-12-05 08:58:52,Simple,True,Excellent
3583,238,3,6,1009,1206,997,0.008288,5,2024-10-17 07:02:09,Medium,True,Good
3584,273,3,6,2220,2395,2064,0.015247,4,2024-11-06 12:03:06,Complex,True,Good
3585,96,4,5,720,987,4616,0.005015,2,2024-11-02 20:59:27,Medium,True,Fair
3586,48,5,1,979,819,5092,0.002586,4,2024-10-08 05:04:25,Medium,True,Good
3587,117,4,5,383,357,1336,0.001717,1,2024-11-01 19:27:47,Simple,True,Fair
3588,19,2,4,1226,1100,1104,0.009668,4,2024-10-24 11:49:41,Medium,True,Excellent
3589,66,2,7,369,337,997,0.002501,2,2024-11-25 23:42:05,Simple,True,Fair
3590,176,3,5,874,937,658,0.006401,5,2024-11-16 22:08:10,Medium,False,Good
3591,123,1,6,153,181,2379,0.001862,4,2024-10-22 05:25:41,Simple,True,Excellent
3592,297,3,9,601,766,3758,0.004893,5,2024-11-07 13:40:29,Medium,True,Good
3593,220,5,5,137,127,4013,0.000374,4,2024-11-15 00:38:48,Simple,True,Good
3594,185,5,6,410,427,3072,0.001238,3,2024-12-08 20:40:38,Simple,True,Good
3595,22,4,4,321,272,1285,0.001341,5,2024-11-22 23:27:04,Simple,False,Good
3596,68,2,3,155,237,1327,0.001839,4,2024-12-11 10:07:29,Simple,False,Excellent
3597,266,5,8,148,238,795,0.000659,4,2024-12-08 20:09:23,Simple,True,Good
3598,92,5,4,391,334,1844,0.000913,4,2024-12-17 09:25:57,Simple,True,Good
3599,285,2,3,306,288,1719,0.002249,3,2024-10-21 06:51:26,Simple,True,Good
3600,125,2,2,396,346,2290,0.002521,4,2024-11-04 07:42:07,Simple,True,Excellent
3601,265,2,6,696,961,3036,0.007385,4,2024-11-22 03:00:31,Medium,True,Excellent
3602,14,5,5,187,274,2952,0.000851,5,2024-11-29 20:57:50,Simple,False,Good
3603,117,5,9,379,368,727,0.001004,5,2024-12-08 02:26:18,Simple,True,Good
3604,40,3,8,299,413,4242,0.002786,1,2024-12-08 17:24:18,Simple,True,Fair
3605,101,2,9,554,606,1379,0.004898,3,2024-11-28 20:45:28,Medium,True,Good
3606,65,4,4,408,470,935,0.002455,5,2024-12-04 01:19:32,Simple,True,Good
3607,21,1,9,323,440,1414,0.004246,4,2024-11-26 00:05:14,Simple,True,Excellent
3608,27,4,9,419,515,1051,0.00265,4,2024-10-05 16:47:11,Medium,True,Good
3609,26,3,8,1029,1434,3621,0.010647,4,2024-12-27 00:34:24,Medium,False,Good
3610,124,1,5,605,714,1818,0.007303,4,2024-11-29 12:07:11,Medium,True,Excellent
3611,77,3,5,361,384,3299,0.002558,4,2024-12-12 04:57:37,Simple,False,Good
3612,269,1,3,243,306,2401,0.002803,1,2024-12-28 02:57:44,Simple,False,Fair
3613,194,3,8,2374,2117,2622,0.016296,5,2024-10-29 14:04:10,Complex,True,Good
3614,225,3,9,647,667,883,0.004313,5,2024-11-08 05:43:00,Medium,True,Good
3615,263,2,2,581,637,2427,0.005149,3,2024-11-19 13:49:21,Medium,True,Good
3616,253,3,8,1492,1325,500,0.009855,4,2024-12-28 05:43:26,Medium,True,Good
3617,284,3,8,988,1187,1628,0.008092,2,2024-10-04 20:59:21,Medium,True,Fair
3618,233,5,8,173,265,820,0.000821,5,2024-10-07 15:56:25,Simple,True,Good
3619,262,5,9,1036,884,1679,0.002873,3,2024-12-08 22:02:24,Medium,False,Good
3620,101,5,6,276,396,1402,0.001145,3,2024-10-11 02:11:41,Simple,True,Good
3621,187,2,9,957,879,1926,0.007038,5,2024-12-12 21:51:25,Medium,True,Excellent
3622,96,5,4,796,803,3193,0.00258,3,2024-11-15 02:04:17,Medium,True,Good
3623,119,1,2,576,643,4296,0.006185,4,2024-10-13 20:45:57,Medium,True,Excellent
3624,119,2,3,369,409,5007,0.003332,4,2024-12-22 02:30:46,Simple,True,Excellent
3625,139,2,7,894,764,1938,0.006132,2,2024-10-28 12:48:44,Medium,True,Fair
3626,102,4,2,187,274,1726,0.001248,3,2024-11-21 08:06:30,Simple,False,Good
3627,198,4,9,210,258,656,0.001255,4,2024-12-15 03:24:31,Simple,True,Good
3628,181,5,4,298,380,1140,0.001167,5,2024-12-29 04:57:22,Simple,False,Good
3629,284,1,6,1209,1261,1329,0.013104,5,2024-10-20 20:56:55,Medium,False,Excellent
3630,284,1,2,360,563,839,0.00526,4,2024-11-20 18:13:14,Medium,True,Excellent
3631,288,3,5,674,660,1918,0.00486,4,2024-11-07 04:06:51,Medium,False,Good
3632,211,4,2,661,563,1876,0.002907,4,2024-11-27 20:25:22,Medium,True,Good
3633,28,2,7,354,422,1994,0.003536,4,2024-11-27 13:13:58,Simple,True,Excellent
3634,26,5,4,922,967,2231,0.003046,5,2024-10-12 11:12:22,Medium,True,Good
3635,146,2,9,581,766,765,0.006719,3,2024-12-19 04:34:30,Medium,True,Good
3636,238,4,8,169,174,1796,0.000928,2,2024-10-22 21:42:55,Simple,False,Fair
3637,139,2,9,241,302,999,0.002372,4,2024-12-22 07:02:19,Simple,True,Excellent
3638,261,4,6,468,641,659,0.003317,5,2024-12-17 11:11:46,Medium,False,Good
3639,121,2,7,868,824,1622,0.006453,3,2024-11-02 21:01:03,Medium,True,Good
3640,280,4,6,701,780,1052,0.003983,5,2024-10-25 09:05:15,Medium,True,Good
3641,268,5,5,196,210,781,0.000667,3,2024-10-14 01:18:53,Simple,True,Good
3642,257,5,7,560,568,12000,0.001645,5,2024-11-25 09:21:47,Medium,False,Good
3643,290,4,3,594,661,2652,0.003297,4,2024-11-20 22:47:33,Medium,False,Good
3644,94,1,4,1429,1247,2462,0.011876,4,2024-11-27 23:52:18,Medium,True,Excellent
3645,267,3,1,440,423,1789,0.003079,5,2024-10-19 05:35:26,Simple,True,Good
3646,73,2,3,1097,1627,2071,0.014119,4,2024-11-05 00:49:29,Medium,True,Excellent
3647,141,3,4,75,99,1491,0.000708,4,2024-12-05 13:58:06,Simple,False,Good
3648,297,3,5,180,298,1359,0.002152,4,2024-11-24 10:39:44,Simple,True,Good
3649,290,3,4,388,574,1781,0.003741,4,2024-10-30 06:55:29,Medium,True,Good
3650,255,2,4,166,206,745,0.001549,2,2024-10-22 21:12:44,Simple,True,Fair
3651,95,5,6,375,590,1750,0.001918,4,2024-12-24 01:53:31,Medium,True,Good
3652,249,4,6,554,745,1261,0.003372,4,2024-11-13 11:29:14,Medium,True,Good
3653,71,1,9,541,714,2010,0.007852,5,2024-11-08 22:49:25,Medium,True,Excellent
3654,229,5,3,419,381,2587,0.001128,4,2024-11-25 07:07:29,Simple,False,Good
3655,176,2,7,151,136,2154,0.00118,4,2024-12-25 17:59:51,Simple,True,Excellent
3656,246,3,9,1328,1561,1374,0.011082,4,2024-11-05 02:25:59,Medium,True,Good
3657,235,2,9,537,457,6799,0.003878,4,2024-12-07 16:56:46,Simple,True,Excellent
3658,242,2,7,745,776,6487,0.005662,5,2024-11-06 03:53:49,Medium,True,Excellent
3659,70,2,8,203,319,1357,0.00279,3,2024-10-07 19:45:56,Simple,True,Good
3660,46,3,6,589,844,1442,0.005716,2,2024-10-07 22:17:09,Medium,True,Fair
3661,270,5,2,787,691,1230,0.00189,5,2024-10-20 05:05:17,Medium,True,Good
3662,241,1,5,251,231,1130,0.002235,4,2024-10-24 10:16:52,Simple,True,Excellent
3663,232,2,9,575,634,4605,0.004876,4,2024-12-25 01:20:08,Medium,True,Excellent
3664,119,5,8,368,313,2376,0.000957,4,2024-11-29 06:58:09,Simple,True,Good
3665,115,4,2,840,1092,2599,0.005684,2,2024-11-27 11:17:11,Medium,False,Fair
3666,116,2,2,545,751,1031,0.005713,5,2024-12-10 20:53:35,Medium,False,Excellent
3667,76,3,5,3906,3902,2196,0.028373,5,2024-10-17 16:32:48,Complex,False,Good
3668,52,5,9,511,773,890,0.002097,5,2024-12-09 14:01:55,Medium,True,Good
3669,201,3,6,854,839,3416,0.006449,5,2024-10-25 12:31:56,Medium,True,Good
3670,287,3,2,338,423,5038,0.002704,2,2024-10-11 06:21:31,Simple,False,Fair
3671,66,1,1,288,320,2456,0.00342,4,2024-12-18 16:24:58,Simple,True,Excellent
3672,3,2,6,262,258,2536,0.001896,2,2024-11-22 09:51:49,Simple,True,Fair
3673,168,3,7,395,542,1158,0.003909,5,2024-11-10 18:13:02,Medium,True,Good
3674,184,2,2,802,1048,500,0.008773,5,2024-12-15 10:53:25,Medium,True,Excellent
3675,121,2,9,305,428,1384,0.003434,4,2024-10-16 18:01:19,Simple,False,Excellent
3676,146,5,2,350,307,793,0.00097,2,2024-11-22 16:31:38,Simple,True,Fair
3677,271,5,9,366,338,1390,0.001105,3,2024-11-07 10:15:15,Simple,False,Good
3678,184,4,9,297,254,1460,0.001234,4,2024-11-13 09:08:38,Simple,True,Good
3679,203,2,3,1306,1210,3541,0.009649,5,2024-11-17 09:32:18,Medium,True,Excellent
3680,282,4,5,228,195,2335,0.000936,2,2024-10-03 14:26:23,Simple,True,Fair
3681,269,3,8,392,349,2188,0.002497,5,2024-10-17 07:09:47,Simple,True,Good
3682,56,3,7,647,830,1401,0.005314,5,2024-11-07 16:16:18,Medium,False,Good
3683,68,4,1,390,326,1782,0.001612,2,2024-11-19 19:31:02,Simple,True,Fair
3684,72,2,5,379,412,2032,0.00309,5,2024-11-03 23:23:36,Simple,True,Excellent
3685,51,1,2,630,991,1054,0.010221,2,2024-10-03 20:35:14,Medium,True,Fair
3686,30,5,8,339,309,1028,0.000882,3,2024-10-20 08:11:53,Simple,True,Good
3687,179,1,7,741,881,884,0.008163,4,2024-12-22 18:07:41,Medium,True,Excellent
3688,8,2,1,266,269,1545,0.002107,5,2024-10-10 05:49:15,Simple,False,Excellent
3689,227,3,2,167,234,812,0.001561,2,2024-12-13 19:47:37,Simple,True,Fair
3690,264,1,8,890,921,1289,0.009612,3,2024-11-13 08:25:47,Medium,True,Good
3691,127,1,7,1326,1247,864,0.013137,2,2024-11-22 10:00:26,Medium,True,Fair
3692,127,3,7,553,489,2791,0.003663,5,2024-11-14 04:02:30,Simple,False,Good
3693,51,5,7,262,423,966,0.001394,4,2024-10-29 21:16:50,Simple,True,Good
3694,297,1,2,710,1023,1396,0.009462,5,2024-11-27 21:04:18,Medium,True,Excellent
3695,148,2,3,583,772,1157,0.006117,5,2024-10-20 03:30:34,Medium,True,Excellent
3696,241,5,1,487,441,2338,0.001366,5,2024-10-31 04:30:50,Simple,False,Good
3697,216,4,8,1780,1614,985,0.007443,5,2024-10-03 02:39:51,Medium,True,Good
3698,165,1,2,3870,4000,7855,0.04115,3,2024-12-25 04:46:21,Complex,True,Good
3699,110,5,6,201,185,619,0.000576,2,2024-11-18 18:42:38,Simple,True,Fair
3700,155,3,9,618,525,657,0.003833,2,2024-12-19 17:36:56,Medium,True,Fair
3701,216,3,6,827,713,1477,0.004826,5,2024-10-09 19:24:15,Medium,False,Good
3702,116,3,6,510,514,770,0.003496,4,2024-12-14 08:50:57,Medium,True,Good
3703,96,4,4,1731,1855,2976,0.009904,2,2024-10-01 01:12:55,Medium,False,Fair
3704,287,5,4,569,700,1599,0.002283,3,2024-11-10 14:40:58,Medium,False,Good
3705,211,4,4,163,187,680,0.000903,4,2024-12-13 16:45:28,Simple,False,Good
3706,173,5,1,714,714,1551,0.002266,4,2024-10-06 09:20:12,Medium,True,Good
3707,84,5,3,2453,2150,1436,0.006173,3,2024-10-28 06:16:38,Complex,True,Good
3708,209,4,3,826,1129,1788,0.005823,3,2024-10-08 02:36:59,Medium,True,Good
3709,262,1,6,577,838,1461,0.00878,5,2024-12-18 11:09:50,Medium,True,Excellent
3710,50,5,2,420,356,2096,0.00105,2,2024-12-03 02:12:42,Simple,True,Fair
3711,185,1,2,455,440,2449,0.003965,3,2024-12-06 06:10:19,Simple,True,Good
3712,202,2,5,2267,2195,2122,0.018989,5,2024-10-24 03:48:52,Complex,True,Excellent
3713,174,2,7,1509,1544,2643,0.013533,2,2024-12-02 10:37:29,Medium,False,Fair
3714,206,1,5,213,206,2857,0.002014,5,2024-12-08 18:35:58,Simple,True,Excellent
3715,83,2,8,407,596,6980,0.004776,5,2024-12-19 22:10:13,Medium,True,Excellent
3716,279,2,8,572,725,2038,0.005402,1,2024-10-17 08:14:39,Medium,True,Fair
3717,63,2,9,2035,2925,705,0.021678,4,2024-10-26 03:41:44,Complex,True,Excellent
3718,237,1,3,596,872,889,0.007852,4,2024-10-27 11:13:30,Medium,True,Excellent
3719,288,3,1,1764,1494,1266,0.010072,4,2024-10-15 13:03:34,Medium,True,Good
3720,220,3,7,287,313,2776,0.001998,4,2024-11-13 07:10:06,Simple,True,Good
3721,232,4,1,629,745,756,0.003591,2,2024-10-17 12:40:04,Medium,True,Fair
3722,300,2,5,361,585,2568,0.004882,4,2024-12-19 00:45:00,Medium,True,Excellent
3723,143,1,7,194,279,2123,0.002658,5,2024-12-04 06:43:10,Simple,True,Excellent
3724,8,1,3,192,195,826,0.001904,5,2024-10-26 13:25:46,Simple,True,Excellent
3725,94,1,6,327,283,500,0.003035,5,2024-10-17 03:48:07,Simple,True,Excellent
3726,1,3,2,191,187,7631,0.001329,2,2024-11-28 10:59:36,Simple,True,Fair
3727,118,2,7,278,278,2053,0.00214,4,2024-12-29 23:57:39,Simple,True,Excellent
3728,71,4,9,312,289,2045,0.001379,2,2024-11-01 05:54:18,Simple,False,Fair
3729,285,1,7,873,991,1839,0.01064,2,2024-11-07 03:47:55,Medium,True,Fair
3730,100,2,4,836,775,674,0.005917,5,2024-12-18 16:22:12,Medium,True,Excellent
3731,172,4,6,708,826,4563,0.003897,4,2024-10-23 12:50:59,Medium,True,Good
3732,69,3,5,333,371,814,0.00242,1,2024-10-14 14:24:34,Simple,True,Fair
3733,100,4,8,977,853,2521,0.004528,5,2024-11-15 12:54:57,Medium,False,Good
3734,130,1,7,406,370,968,0.003456,3,2024-11-07 02:38:20,Simple,True,Good
3735,33,2,5,479,458,1020,0.003851,3,2024-12-24 15:30:51,Simple,True,Good
3736,67,5,7,990,1012,1016,0.002865,4,2024-12-26 09:47:21,Medium,True,Good
3737,214,5,3,1206,1450,1038,0.00433,3,2024-11-08 18:12:56,Medium,False,Good
3738,34,5,6,447,676,811,0.002127,5,2024-10-24 20:16:03,Medium,True,Good
3739,142,1,4,391,461,843,0.004462,4,2024-10-28 07:27:05,Simple,True,Excellent
3740,64,1,5,305,347,1291,0.003263,4,2024-12-22 19:47:44,Simple,True,Excellent
3741,268,1,2,590,541,1497,0.005238,3,2024-12-27 16:02:24,Medium,True,Good
3742,189,2,2,201,205,2717,0.001719,4,2024-11-28 23:03:22,Simple,True,Excellent
3743,184,3,2,188,206,2241,0.001584,3,2024-12-10 03:19:15,Simple,True,Good
3744,39,5,9,1052,1518,1268,0.004144,4,2024-10-08 09:14:48,Medium,True,Good
3745,18,1,9,1410,1270,1603,0.011696,5,2024-11-03 16:21:37,Medium,True,Excellent
3746,234,1,5,157,226,2015,0.002348,4,2024-10-29 16:56:55,Simple,True,Excellent
3747,85,5,1,928,1089,2696,0.003413,1,2024-11-14 15:16:02,Medium,False,Fair
3748,230,5,2,280,363,1581,0.001182,4,2024-11-13 09:53:26,Simple,True,Good
3749,285,3,5,447,386,3487,0.002443,1,2024-11-05 17:12:18,Simple,False,Fair
3750,157,2,3,351,358,1270,0.002587,4,2024-12-21 10:12:00,Simple,True,Excellent
3751,138,1,9,70,61,1408,0.000663,4,2024-10-31 07:24:23,Simple,True,Excellent
3752,264,2,2,491,426,1009,0.003162,4,2024-11-18 09:22:12,Simple,True,Excellent
3753,190,3,6,783,673,2953,0.004334,5,2024-10-02 04:38:16,Medium,True,Good
3754,172,1,5,768,912,5693,0.009353,5,2024-12-02 02:04:41,Medium,True,Excellent
3755,285,4,8,149,149,1199,0.000769,2,2024-10-16 06:50:19,Simple,True,Fair
3756,94,5,5,625,560,1341,0.001644,2,2024-12-04 10:26:49,Medium,True,Fair
3757,224,1,2,737,933,3817,0.009592,4,2024-10-07 19:37:43,Medium,True,Excellent
3758,194,2,8,1347,1498,1853,0.012557,4,2024-11-24 20:10:26,Medium,True,Excellent
3759,206,5,8,1205,1321,1878,0.003946,2,2024-11-23 13:01:01,Medium,False,Fair
3760,155,4,9,372,325,2422,0.001482,4,2024-10-04 20:38:17,Simple,True,Good
3761,179,5,7,137,188,637,0.00053,2,2024-12-24 02:59:29,Simple,True,Fair
3762,11,4,6,2493,2647,3857,0.012483,4,2024-11-12 12:44:07,Complex,True,Good
3763,123,4,6,355,336,1742,0.001559,5,2024-10-20 07:41:30,Simple,True,Good
3764,8,2,6,305,361,3654,0.002649,4,2024-11-26 05:27:07,Simple,True,Excellent
3765,236,1,6,326,298,1672,0.003027,4,2024-11-30 22:21:28,Simple,True,Excellent
3766,291,4,7,595,769,2696,0.003923,5,2024-10-16 20:51:45,Medium,True,Good
3767,187,1,2,981,1350,503,0.014619,5,2024-12-09 05:29:29,Medium,True,Excellent
3768,113,1,4,573,596,2200,0.006124,5,2024-11-13 21:10:07,Medium,True,Excellent
3769,174,3,7,112,137,1906,0.000913,5,2024-10-11 01:35:33,Simple,False,Good
3770,281,2,6,514,679,1975,0.005419,3,2024-11-09 01:50:33,Medium,True,Good
3771,257,2,8,301,293,2666,0.002571,2,2024-10-08 09:43:18,Simple,True,Fair
3772,205,1,1,478,405,2189,0.003926,5,2024-11-08 23:26:35,Simple,True,Excellent
3773,252,2,4,150,165,4553,0.001421,4,2024-10-30 04:08:06,Simple,True,Excellent
3774,226,3,5,770,809,1738,0.005147,3,2024-10-17 11:32:52,Medium,True,Good
3775,184,4,8,434,397,3514,0.001929,4,2024-12-15 23:31:25,Simple,False,Good
3776,16,1,8,463,407,1628,0.004096,4,2024-11-08 00:47:35,Simple,True,Excellent
3777,8,4,6,502,500,849,0.002457,4,2024-12-18 14:35:31,Medium,True,Good
3778,33,4,5,454,447,2366,0.002284,4,2024-11-12 09:30:10,Simple,True,Good
3779,294,1,3,435,409,2202,0.00411,4,2024-12-25 06:00:22,Simple,True,Excellent
3780,282,2,7,323,432,602,0.003179,2,2024-11-17 13:30:21,Simple,True,Fair
3781,109,4,5,199,222,1097,0.001029,4,2024-11-13 00:14:01,Simple,True,Good
3782,297,5,6,764,853,1238,0.002388,4,2024-11-21 16:08:01,Medium,True,Good
3783,205,1,4,281,235,2855,0.002439,3,2024-11-17 20:10:51,Simple,True,Good
3784,217,2,5,332,312,1948,0.002462,4,2024-10-19 16:34:27,Simple,True,Excellent
3785,39,4,5,181,260,2785,0.00134,4,2024-10-03 14:25:05,Simple,True,Good
3786,267,2,1,707,660,943,0.00497,5,2024-10-07 01:21:34,Medium,True,Excellent
3787,131,4,3,1038,951,3390,0.005147,5,2024-12-29 09:18:46,Medium,True,Good
3788,77,4,3,1104,1009,2219,0.004938,3,2024-11-25 04:24:15,Medium,True,Good
3789,35,3,8,1123,981,1838,0.007107,5,2024-10-15 02:43:37,Medium,True,Good
3790,164,1,8,426,403,882,0.004329,5,2024-12-07 22:01:03,Simple,True,Excellent
3791,286,2,3,176,280,1082,0.002196,4,2024-10-04 14:07:05,Simple,False,Excellent
3792,59,5,5,109,156,2714,0.000475,4,2024-10-19 18:44:27,Simple,True,Good
3793,17,3,1,917,930,2094,0.006602,4,2024-10-28 12:58:44,Medium,True,Good
3794,219,2,1,249,375,911,0.003084,5,2024-12-09 12:07:01,Simple,True,Excellent
3795,204,5,1,3994,3455,593,0.009742,5,2024-10-14 08:12:05,Complex,False,Good
3796,11,5,8,1386,1739,1089,0.004791,5,2024-11-22 08:44:43,Medium,True,Good
3797,120,1,9,995,976,1607,0.009784,3,2024-10-22 13:01:59,Medium,True,Good
3798,227,5,3,654,812,2702,0.002528,3,2024-12-09 17:22:12,Medium,True,Good
3799,156,1,2,537,550,1317,0.005041,4,2024-10-08 03:02:22,Medium,True,Excellent
3800,181,1,8,337,307,1116,0.002793,2,2024-10-20 11:21:26,Simple,True,Fair
3801,212,3,2,504,683,1029,0.004534,4,2024-12-24 16:08:01,Medium,True,Good
3802,33,5,3,2091,1829,2869,0.004969,4,2024-11-25 06:55:39,Medium,True,Good
3803,251,2,5,393,411,608,0.003316,4,2024-10-16 11:31:48,Simple,True,Excellent
3804,41,2,3,681,963,9013,0.007781,3,2024-12-23 04:48:04,Medium,True,Good
3805,251,3,4,656,618,1670,0.004119,4,2024-10-15 02:39:59,Medium,True,Good
3806,233,1,5,782,1032,1394,0.00984,5,2024-12-19 02:08:36,Medium,False,Excellent
3807,293,4,9,2887,3247,1552,0.015766,5,2024-10-17 13:29:01,Complex,True,Good
3808,74,4,5,456,440,2277,0.002043,5,2024-10-02 20:59:08,Simple,False,Good
3809,25,1,7,501,520,1376,0.005397,4,2024-10-01 13:10:14,Medium,True,Excellent
3810,241,1,7,197,166,761,0.00181,3,2024-12-23 19:53:59,Simple,False,Good
3811,31,1,2,264,341,2423,0.003589,4,2024-12-19 21:45:14,Simple,True,Excellent
3812,119,4,5,383,423,3823,0.002303,1,2024-12-20 17:17:28,Simple,True,Fair
3813,288,5,7,575,523,1194,0.001639,5,2024-12-11 17:00:45,Medium,False,Good
3814,217,1,5,289,452,1505,0.004571,3,2024-11-09 00:59:50,Simple,True,Good
3815,123,2,5,159,141,3144,0.001101,2,2024-11-28 18:59:11,Simple,True,Fair
3816,179,4,2,1359,1156,1739,0.006287,2,2024-12-28 08:14:40,Medium,True,Fair
3817,64,5,7,971,1607,1002,0.005129,4,2024-10-12 03:22:36,Medium,False,Good
3818,200,3,9,1041,1222,884,0.008847,3,2024-11-11 03:24:36,Medium,True,Good
3819,138,3,5,2036,2153,2656,0.013863,5,2024-12-25 20:38:06,Complex,False,Good
3820,130,5,7,1056,925,728,0.002684,4,2024-10-26 11:16:20,Medium,True,Good
3821,123,3,3,662,563,4470,0.004189,3,2024-10-28 02:12:16,Medium,True,Good
3822,286,2,8,155,219,2599,0.0016,2,2024-10-18 12:05:33,Simple,True,Fair
3823,239,3,3,1221,1092,3758,0.007406,4,2024-11-22 09:16:45,Medium,True,Good
3824,294,4,8,231,386,3261,0.002014,5,2024-11-24 19:47:10,Simple,True,Good
3825,46,4,8,1078,1284,1316,0.0059,3,2024-12-21 19:12:10,Medium,True,Good
3826,228,1,9,488,597,743,0.006418,4,2024-11-03 19:05:03,Medium,True,Excellent
3827,86,1,4,779,1223,1161,0.011439,5,2024-11-16 09:56:02,Medium,True,Excellent
3828,31,1,3,638,594,5532,0.006024,4,2024-12-27 12:20:43,Medium,True,Excellent
3829,246,1,2,1365,1276,3837,0.012274,4,2024-10-21 07:55:59,Medium,True,Excellent
3830,265,3,5,1205,1394,3161,0.010544,4,2024-11-09 07:05:06,Medium,False,Good
3831,261,5,6,786,734,2945,0.002184,4,2024-10-05 05:57:22,Medium,False,Good
3832,226,4,7,674,569,526,0.00291,4,2024-10-03 03:36:59,Medium,True,Good
3833,225,2,6,260,305,1111,0.002618,4,2024-10-13 00:15:59,Simple,True,Excellent
3834,257,3,8,268,309,1215,0.002152,1,2024-10-10 16:32:04,Simple,True,Fair
3835,83,3,3,402,400,675,0.002682,4,2024-10-19 13:22:01,Simple,False,Good
3836,273,1,2,269,330,2710,0.003586,5,2024-12-13 13:50:39,Simple,True,Excellent
3837,159,3,5,106,160,2363,0.001166,1,2024-12-12 14:23:22,Simple,True,Fair
3838,82,1,8,664,570,4163,0.005643,5,2024-12-09 08:49:21,Medium,True,Excellent
3839,8,4,5,722,1033,829,0.004794,5,2024-10-16 04:02:38,Medium,True,Good
3840,260,2,9,795,860,2082,0.007295,2,2024-11-04 23:44:15,Medium,True,Fair
3841,182,1,4,1141,1101,1319,0.009976,3,2024-11-25 17:13:41,Medium,True,Good
3842,170,2,1,227,230,2853,0.001798,4,2024-12-21 12:45:37,Simple,True,Excellent
3843,286,1,7,399,371,1678,0.003842,5,2024-10-18 23:16:30,Simple,True,Excellent
3844,2,2,6,261,429,5310,0.003322,4,2024-10-10 15:24:07,Simple,True,Excellent
3845,296,5,8,192,222,1101,0.000677,4,2024-12-25 17:34:01,Simple,True,Good
3846,240,5,9,2066,1761,3154,0.005329,4,2024-10-01 16:15:37,Medium,True,Good
3847,234,4,9,1112,999,6316,0.004529,2,2024-11-03 07:17:48,Medium,True,Fair
3848,38,5,7,1170,1413,2478,0.004393,3,2024-10-11 12:05:21,Medium,False,Good
3849,291,2,3,616,838,1352,0.007027,3,2024-12-07 00:28:13,Medium,True,Good
3850,241,4,9,474,495,1506,0.002394,5,2024-10-05 04:14:31,Simple,True,Good
3851,113,4,7,1365,1592,997,0.00825,4,2024-12-23 04:55:36,Medium,True,Good
3852,123,1,8,851,1025,2735,0.009774,3,2024-11-03 11:49:12,Medium,True,Good
3853,156,5,8,292,374,1721,0.001052,4,2024-10-11 14:24:15,Simple,True,Good
3854,52,1,5,447,418,1199,0.00436,4,2024-10-01 23:29:34,Simple,True,Excellent
3855,196,3,2,254,362,3764,0.002365,5,2024-12-17 13:26:42,Simple,True,Good
3856,82,2,2,815,764,1327,0.005816,4,2024-12-03 20:01:45,Medium,True,Excellent
3857,97,5,6,561,865,2479,0.002644,4,2024-11-11 11:50:06,Medium,True,Good
3858,213,1,3,494,557,867,0.00603,2,2024-11-18 23:09:26,Medium,False,Fair
3859,296,5,7,276,426,1397,0.001213,4,2024-10-03 20:22:27,Simple,False,Good
3860,47,3,1,856,1392,1252,0.009038,5,2024-10-22 20:08:37,Medium,False,Good
3861,14,2,3,518,659,776,0.005193,4,2024-10-07 00:08:38,Medium,True,Excellent
3862,44,5,8,178,231,1423,0.000732,4,2024-10-18 23:49:35,Simple,False,Good
3863,159,5,3,384,396,1800,0.00121,5,2024-12-26 02:39:50,Simple,True,Good
3864,156,3,7,657,796,4940,0.005501,3,2024-10-03 00:25:32,Medium,False,Good
3865,237,4,8,151,144,4767,0.000729,4,2024-10-12 03:42:08,Simple,True,Good
3866,117,3,3,946,1169,4236,0.007861,5,2024-12-04 07:04:07,Medium,True,Good
3867,53,4,8,608,624,1463,0.002955,3,2024-12-03 02:36:06,Medium,True,Good
3868,70,2,4,493,626,1466,0.004722,2,2024-10-13 22:32:43,Medium,True,Fair
3869,203,4,5,144,188,3645,0.00095,5,2024-10-14 09:58:30,Simple,True,Good
3870,7,1,9,439,524,1068,0.00507,5,2024-11-20 08:21:32,Medium,True,Excellent
3871,96,5,1,430,634,936,0.002069,2,2024-12-13 02:11:58,Medium,True,Fair
3872,188,4,8,661,709,4464,0.003243,5,2024-12-13 16:07:04,Medium,False,Good
3873,50,5,5,1275,1348,1736,0.004313,5,2024-12-12 20:51:20,Medium,True,Good
3874,124,1,3,756,684,2549,0.006168,4,2024-10-28 13:19:45,Medium,False,Excellent
3875,277,2,1,372,409,817,0.003264,5,2024-12-26 20:27:44,Simple,True,Excellent
3876,66,3,6,846,1045,2409,0.006717,5,2024-10-06 01:17:59,Medium,True,Good
3877,68,1,3,672,829,1415,0.008578,4,2024-10-30 21:42:59,Medium,True,Excellent
3878,181,1,1,1382,1747,2685,0.017901,4,2024-12-22 23:49:08,Medium,True,Excellent
3879,49,3,4,492,639,876,0.004679,4,2024-11-18 22:47:51,Medium,False,Good
3880,103,4,7,220,238,1975,0.001126,4,2024-12-10 00:02:58,Simple,True,Good
3881,291,3,3,164,184,2497,0.001175,5,2024-12-28 23:49:51,Simple,True,Good
3882,181,3,2,309,354,2634,0.002475,5,2024-10-29 15:54:59,Simple,True,Good
3883,183,5,8,979,874,1751,0.002717,3,2024-12-04 04:38:40,Medium,True,Good
3884,158,4,4,479,541,2392,0.002588,4,2024-11-25 21:16:16,Medium,False,Good
3885,291,3,5,820,848,1405,0.005601,4,2024-10-23 15:27:30,Medium,True,Good
3886,292,2,6,1868,2311,1782,0.019825,2,2024-12-02 05:38:34,Complex,True,Fair
3887,57,3,7,436,461,3532,0.003143,3,2024-10-15 04:36:16,Simple,True,Good
3888,297,3,6,90,126,2441,0.000797,4,2024-10-01 03:30:02,Simple,False,Good
3889,266,4,7,671,764,2167,0.004041,3,2024-12-01 12:30:49,Medium,False,Good
3890,105,2,3,1642,1590,3836,0.013414,4,2024-11-23 06:16:07,Medium,True,Excellent
3891,162,5,5,317,491,2356,0.001553,2,2024-10-22 11:27:17,Simple,False,Fair
3892,229,2,9,1150,1032,1845,0.008652,5,2024-12-06 00:22:02,Medium,True,Excellent
3893,78,3,3,706,833,3281,0.005427,1,2024-12-23 21:27:07,Medium,False,Fair
3894,151,3,6,533,525,3425,0.003452,5,2024-12-21 22:01:39,Medium,False,Good
3895,138,4,7,736,622,1744,0.002817,4,2024-12-15 21:57:54,Medium,False,Good
3896,187,4,1,869,1015,2270,0.005052,5,2024-10-20 18:12:50,Medium,True,Good
3897,145,1,9,649,737,2187,0.0078,2,2024-12-24 12:40:02,Medium,True,Fair
3898,157,4,1,475,686,3474,0.003126,4,2024-11-03 13:29:45,Medium,True,Good
3899,36,5,5,840,794,2730,0.002577,4,2024-11-27 19:20:21,Medium,True,Good
3900,98,2,5,843,769,5100,0.005678,2,2024-12-11 11:15:14,Medium,False,Fair
3901,193,2,3,1895,2257,850,0.018143,4,2024-12-08 15:49:25,Complex,True,Excellent
3902,289,2,6,403,414,2645,0.003131,5,2024-10-27 12:41:27,Simple,True,Excellent
3903,294,5,6,357,429,1803,0.001402,3,2024-10-02 17:25:50,Simple,True,Good
3904,83,4,1,850,776,1394,0.003568,5,2024-11-09 12:58:24,Medium,True,Good
3905,292,1,7,465,732,3021,0.007304,4,2024-11-08 20:37:32,Medium,False,Excellent
3906,266,1,5,186,186,1346,0.001968,2,2024-11-30 01:24:34,Simple,True,Fair
3907,124,2,4,749,962,728,0.008045,2,2024-10-17 14:49:50,Medium,False,Fair
3908,144,5,7,1213,1849,1927,0.005106,5,2024-10-31 12:24:03,Medium,True,Good
3909,35,4,4,749,860,2003,0.004387,4,2024-12-18 08:16:19,Medium,True,Good
3910,159,2,4,483,524,1154,0.004158,4,2024-12-03 06:58:17,Medium,True,Excellent
3911,119,3,5,556,867,2651,0.006544,4,2024-12-24 00:34:42,Medium,True,Good
3912,297,1,5,871,774,725,0.007678,2,2024-11-16 00:07:34,Medium,True,Fair
3913,38,1,2,1120,986,3231,0.00966,5,2024-12-18 01:59:59,Medium,True,Excellent
3914,49,2,4,239,340,4527,0.002479,4,2024-12-11 23:37:47,Simple,False,Excellent
3915,252,1,7,1277,1674,1744,0.016473,5,2024-11-06 09:35:15,Medium,True,Excellent
3916,286,3,3,404,399,1514,0.003054,3,2024-12-02 08:59:21,Simple,True,Good
3917,261,3,2,675,1000,772,0.007044,3,2024-11-29 15:47:42,Medium,False,Good
3918,184,5,8,720,844,869,0.002666,4,2024-11-14 15:54:17,Medium,True,Good
3919,141,3,5,233,351,882,0.00229,3,2024-12-12 08:26:12,Simple,False,Good
3920,5,1,9,255,300,1307,0.002727,1,2024-10-18 19:50:19,Simple,True,Fair
3921,123,2,8,1038,1255,1650,0.010153,3,2024-12-25 23:46:42,Medium,True,Good
3922,285,5,8,166,218,1294,0.000696,1,2024-12-02 22:02:10,Simple,True,Fair
3923,19,1,7,1021,877,1097,0.00828,4,2024-12-06 23:27:04,Medium,True,Excellent
3924,159,3,9,969,1137,4227,0.008167,3,2024-10-02 10:45:41,Medium,True,Good
3925,156,1,8,145,200,2754,0.001902,3,2024-11-06 15:29:30,Simple,False,Good
3926,171,3,8,570,554,1288,0.004012,3,2024-11-12 01:27:07,Medium,True,Good
3927,192,5,8,952,861,2075,0.002783,4,2024-11-18 16:13:12,Medium,True,Good
3928,123,4,1,276,427,1119,0.002031,4,2024-12-23 00:36:21,Simple,False,Good
3929,115,3,1,1372,1275,830,0.008999,3,2024-10-30 14:21:22,Medium,True,Good
3930,144,5,3,1215,1115,945,0.003537,4,2024-11-01 18:32:31,Medium,True,Good
3931,20,1,8,133,138,2355,0.001249,5,2024-10-27 07:09:05,Simple,True,Excellent
3932,122,2,7,861,978,4516,0.008106,4,2024-11-16 02:26:59,Medium,True,Excellent
3933,116,2,6,477,689,657,0.006021,5,2024-12-27 04:48:27,Medium,True,Excellent
3934,25,3,1,710,807,1544,0.005778,2,2024-12-18 16:57:16,Medium,True,Fair
3935,71,5,3,351,379,3671,0.001136,4,2024-10-03 16:16:23,Simple,True,Good
3936,298,3,8,642,619,2513,0.004384,3,2024-10-25 13:40:57,Medium,False,Good
3937,60,3,6,675,583,1576,0.004259,4,2024-11-03 11:24:13,Medium,True,Good
3938,75,2,5,609,907,1687,0.006662,1,2024-11-13 03:40:59,Medium,True,Fair
3939,286,4,9,385,415,725,0.002008,5,2024-11-10 13:10:25,Simple,True,Good
3940,98,1,9,1527,1304,3980,0.01217,4,2024-11-03 03:57:16,Medium,True,Excellent
3941,258,2,9,487,665,947,0.005734,1,2024-12-03 13:07:14,Medium,True,Fair
3942,80,3,3,567,534,2964,0.003564,2,2024-11-11 13:12:54,Medium,False,Fair
3943,119,3,8,391,616,2094,0.004305,3,2024-11-13 04:59:14,Medium,True,Good
3944,253,3,5,599,812,2038,0.005357,3,2024-12-09 02:17:45,Medium,True,Good
3945,138,3,2,187,272,885,0.002091,4,2024-11-29 01:46:40,Simple,True,Good
3946,63,3,6,514,431,4597,0.003071,4,2024-10-29 02:17:47,Simple,True,Good
3947,88,4,7,93,138,1611,0.000675,1,2024-11-12 16:07:56,Simple,True,Fair
3948,186,2,7,328,486,1241,0.00416,4,2024-11-04 09:34:57,Simple,True,Excellent
3949,267,4,1,1715,1500,596,0.008038,4,2024-11-22 00:08:32,Medium,True,Good
3950,186,2,2,436,479,739,0.003555,1,2024-11-05 16:00:40,Simple,True,Fair
3951,108,5,3,927,820,3880,0.002391,4,2024-12-20 18:19:38,Medium,True,Good
3952,234,3,8,165,163,2526,0.001076,2,2024-10-20 21:17:11,Simple,True,Fair
3953,178,2,2,612,789,2941,0.006837,3,2024-11-13 06:35:00,Medium,False,Good
3954,20,3,3,456,595,1858,0.004296,2,2024-11-29 13:48:08,Medium,False,Fair
3955,211,5,6,943,1476,3345,0.004381,4,2024-11-17 07:55:43,Medium,True,Good
3956,61,4,2,512,818,3602,0.003785,4,2024-10-21 10:34:15,Medium,True,Good
3957,110,2,5,772,826,713,0.00643,3,2024-11-03 19:17:57,Medium,False,Good
3958,35,4,3,1125,1592,773,0.007212,4,2024-12-23 14:39:48,Medium,True,Good
3959,103,2,2,224,359,1132,0.003087,4,2024-12-09 22:35:19,Simple,True,Excellent
3960,234,1,5,852,952,1282,0.0101,2,2024-11-21 18:31:57,Medium,False,Fair
3961,220,3,9,1492,1250,2095,0.009559,5,2024-10-12 22:53:12,Medium,True,Good
3962,8,4,3,1028,902,1222,0.004806,5,2024-12-05 15:43:17,Medium,True,Good
3963,244,5,3,518,520,831,0.001636,2,2024-11-03 11:33:02,Medium,False,Fair
3964,105,3,5,363,312,1207,0.002208,5,2024-11-29 22:16:22,Simple,True,Good
3965,25,2,2,941,820,1557,0.006596,2,2024-12-27 20:12:16,Medium,False,Fair
3966,59,1,1,1087,1533,500,0.015317,4,2024-12-02 20:31:18,Medium,True,Excellent
3967,297,1,1,652,790,1183,0.007975,5,2024-12-19 10:47:21,Medium,True,Excellent
3968,211,5,4,151,210,1396,0.000578,4,2024-12-08 20:57:07,Simple,False,Good
3969,151,3,7,956,1003,3460,0.006569,3,2024-12-23 16:41:48,Medium,False,Good
3970,71,2,6,407,369,2310,0.00286,3,2024-10-23 03:02:41,Simple,True,Good
3971,220,4,7,629,780,4013,0.003736,4,2024-10-13 20:31:19,Medium,True,Good
3972,187,5,2,887,1338,3498,0.003736,5,2024-12-13 11:51:06,Medium,True,Good
3973,281,3,9,508,813,6052,0.006003,5,2024-11-28 16:25:41,Medium,True,Good
3974,228,4,8,203,328,3472,0.00155,4,2024-10-20 18:54:17,Simple,True,Good
3975,123,1,9,722,678,1420,0.00734,4,2024-10-10 14:25:55,Medium,True,Excellent
3976,215,1,5,404,340,557,0.003131,5,2024-10-22 14:57:30,Simple,True,Excellent
3977,146,3,3,778,724,3959,0.005403,1,2024-11-20 04:13:51,Medium,False,Fair
3978,4,1,2,513,498,5151,0.00523,4,2024-11-27 19:34:20,Simple,True,Excellent
3979,210,3,8,1657,1623,1247,0.010511,3,2024-12-20 10:32:17,Medium,True,Good
3980,119,3,4,170,213,2544,0.00136,4,2024-10-31 21:08:06,Simple,True,Good
3981,59,3,9,287,409,660,0.002727,4,2024-11-29 00:33:05,Simple,False,Good
3982,211,2,9,2376,2371,1022,0.018268,4,2024-12-27 10:14:35,Complex,True,Excellent
3983,167,4,5,798,1171,861,0.006229,4,2024-12-24 06:34:33,Medium,True,Good
3984,166,2,9,877,905,1430,0.007017,3,2024-11-24 19:18:14,Medium,False,Good
3985,53,2,6,594,741,981,0.006,2,2024-12-17 23:56:18,Medium,True,Fair
3986,27,4,5,604,648,1685,0.003248,3,2024-10-21 15:56:58,Medium,False,Good
3987,120,1,3,736,754,968,0.007919,5,2024-11-09 14:15:02,Medium,True,Excellent
3988,134,4,8,265,399,1450,0.002131,4,2024-12-15 17:28:47,Simple,True,Good
3989,215,1,2,172,273,752,0.002683,4,2024-12-11 14:33:10,Simple,True,Excellent
3990,117,5,1,591,638,2152,0.001979,2,2024-11-08 06:43:05,Medium,True,Fair
3991,185,1,5,987,897,3836,0.008928,5,2024-11-14 15:09:23,Medium,True,Excellent
3992,132,3,6,379,534,2494,0.00379,4,2024-12-12 19:24:29,Medium,False,Good
3993,75,1,3,991,1433,1789,0.013075,3,2024-11-16 01:03:16,Medium,False,Good
3994,133,5,9,280,314,3392,0.000959,4,2024-11-13 20:57:17,Simple,True,Good
3995,116,2,8,422,581,2467,0.004254,3,2024-10-25 03:32:19,Medium,True,Good
3996,126,5,7,1395,1439,3133,0.004603,3,2024-10-08 22:56:43,Medium,False,Good
3997,129,3,7,313,308,2813,0.001946,4,2024-10-12 10:25:22,Simple,True,Good
3998,282,1,4,1249,1308,1383,0.012108,4,2024-12-02 18:17:35,Medium,True,Excellent
3999,245,2,8,1139,1732,954,0.01485,5,2024-11-25 14:46:14,Medium,True,Excellent
4000,273,2,6,1280,1697,786,0.014858,1,2024-10-25 04:06:58,Medium,True,Fair
4001,237,2,8,553,478,1807,0.003904,5,2024-12-05 22:39:24,Simple,True,Excellent
4002,246,4,4,1673,1420,2184,0.007583,3,2024-12-29 09:45:34,Medium,True,Good
4003,180,1,1,773,859,1821,0.00918,3,2024-12-24 16:53:24,Medium,True,Good
4004,276,5,7,415,618,2227,0.001674,3,2024-11-13 05:25:52,Medium,True,Good
4005,90,5,7,453,458,1067,0.001453,4,2024-10-27 00:29:10,Simple,True,Good
4006,40,2,9,855,1139,3155,0.008791,3,2024-11-20 10:36:09,Medium,True,Good
4007,242,3,4,379,445,776,0.003233,4,2024-11-13 15:17:04,Simple,True,Good
4008,223,1,6,1307,2099,1344,0.020053,3,2024-12-02 19:05:41,Complex,True,Good
4009,126,4,4,215,201,4615,0.000949,3,2024-11-13 15:43:56,Simple,True,Good
4010,86,2,6,394,348,2092,0.002637,1,2024-11-04 21:23:33,Simple,True,Fair
4011,115,3,9,958,803,1764,0.005739,3,2024-11-10 04:39:13,Medium,True,Good
4012,178,5,3,290,474,1143,0.001537,5,2024-12-23 22:45:38,Simple,True,Good
4013,77,1,2,655,720,3526,0.007284,3,2024-10-28 16:46:04,Medium,True,Good
4014,208,2,3,135,122,3703,0.001057,4,2024-12-16 07:26:02,Simple,True,Excellent
4015,279,5,6,162,246,2422,0.000759,4,2024-10-18 05:14:59,Simple,False,Good
4016,133,3,4,920,966,2540,0.00733,4,2024-10-26 12:00:23,Medium,True,Good
4017,35,1,2,183,247,1580,0.002534,4,2024-11-22 22:35:57,Simple,True,Excellent
4018,123,5,7,973,1538,4224,0.00469,1,2024-10-22 18:42:55,Medium,True,Fair
4019,81,5,8,365,506,6878,0.001666,4,2024-12-06 06:10:16,Medium,False,Good
4020,110,4,2,386,540,3767,0.002604,5,2024-10-07 19:13:20,Medium,True,Good
4021,201,3,7,1303,1138,1161,0.007864,5,2024-10-28 01:44:51,Medium,True,Good
4022,159,5,9,541,786,1527,0.002425,3,2024-10-29 12:29:09,Medium,False,Good
4023,150,3,1,1825,1714,827,0.011937,4,2024-12-06 03:02:59,Medium,True,Good
4024,71,4,1,399,469,1160,0.002529,5,2024-11-04 12:54:48,Simple,True,Good
4025,181,4,6,1639,1417,1539,0.00762,4,2024-12-14 19:51:53,Medium,False,Good
4026,284,5,3,543,698,1599,0.002251,5,2024-11-09 23:01:56,Medium,True,Good
4027,163,5,4,274,277,1273,0.00085,4,2024-10-13 10:24:33,Simple,True,Good
4028,100,5,6,615,532,3213,0.001733,3,2024-12-26 20:59:55,Medium,True,Good
4029,205,3,9,391,508,2812,0.003831,3,2024-10-29 08:41:07,Medium,True,Good
4030,75,3,9,494,516,1711,0.003533,4,2024-11-21 03:33:46,Medium,True,Good
4031,217,2,6,615,618,2200,0.005424,2,2024-12-16 14:26:49,Medium,True,Fair
4032,63,1,7,666,835,1505,0.009034,4,2024-10-03 06:49:55,Medium,True,Excellent
4033,133,3,4,634,743,2254,0.005242,2,2024-10-26 10:41:00,Medium,True,Fair
4034,274,3,2,356,310,2742,0.002156,5,2024-12-27 04:30:21,Simple,True,Good
4035,18,2,1,835,953,4978,0.007344,4,2024-11-01 03:53:53,Medium,False,Excellent
4036,43,4,1,1741,1591,866,0.007265,4,2024-11-22 11:38:01,Medium,True,Good
4037,35,3,1,127,115,1981,0.000804,3,2024-10-02 02:21:12,Simple,True,Good
4038,46,4,6,908,1373,883,0.006457,3,2024-12-25 23:42:06,Medium,True,Good
4039,184,4,5,367,434,2697,0.002361,4,2024-11-21 15:45:55,Simple,True,Good
4040,137,4,6,1174,1365,4098,0.006282,3,2024-10-25 19:49:23,Medium,True,Good
4041,65,5,4,370,371,2388,0.001155,5,2024-11-13 23:05:48,Simple,True,Good
4042,65,5,4,496,784,962,0.002539,4,2024-12-15 19:29:26,Medium,False,Good
4043,295,4,4,1377,2243,3002,0.011588,3,2024-12-28 10:06:01,Complex,True,Good
4044,233,4,7,989,1105,1697,0.005269,3,2024-11-08 18:15:11,Medium,True,Good
4045,146,2,2,858,1012,2420,0.008872,4,2024-12-13 22:29:19,Medium,False,Excellent
4046,28,3,1,589,809,3990,0.005402,4,2024-12-30 07:04:26,Medium,False,Good
4047,269,3,1,282,410,1082,0.002797,4,2024-12-13 09:10:54,Simple,True,Good
4048,85,2,2,659,746,1154,0.006024,4,2024-10-28 00:38:21,Medium,True,Excellent
4049,239,4,9,264,287,1791,0.001439,4,2024-12-13 21:02:13,Simple,True,Good
4050,261,1,2,494,628,1547,0.005719,3,2024-11-29 09:07:18,Medium,False,Good
4051,43,3,3,672,1068,2023,0.007305,1,2024-11-03 03:30:02,Medium,True,Fair
4052,291,4,4,117,192,1577,0.000872,4,2024-11-03 06:47:16,Simple,True,Good
4053,17,4,9,401,478,1968,0.002509,4,2024-10-20 06:26:52,Simple,False,Good
4054,272,4,4,462,701,1054,0.00332,4,2024-12-19 13:58:57,Medium,False,Good
4055,77,5,6,513,767,3737,0.00253,3,2024-12-05 16:56:27,Medium,True,Good
4056,84,3,5,441,373,1117,0.002845,3,2024-12-17 17:00:59,Simple,False,Good
4057,236,5,7,514,460,2276,0.00143,3,2024-10-29 13:04:55,Simple,True,Good
4058,294,1,4,1828,1878,1320,0.020325,5,2024-11-18 07:34:23,Medium,True,Excellent
4059,236,2,8,701,804,957,0.006126,5,2024-12-04 19:32:16,Medium,True,Excellent
4060,114,5,2,2954,3792,2529,0.010534,5,2024-10-04 19:10:39,Complex,True,Good
4061,22,3,9,1356,1463,2840,0.009801,5,2024-12-27 19:46:41,Medium,True,Good
4062,112,5,8,1636,1640,1804,0.005278,4,2024-10-12 20:54:00,Medium,False,Good
4063,195,5,1,637,757,2629,0.002392,4,2024-10-21 16:10:13,Medium,True,Good
4064,35,2,5,614,562,1054,0.004677,3,2024-12-22 08:43:07,Medium,True,Good
4065,218,1,8,792,766,1566,0.007746,2,2024-12-09 16:50:05,Medium,False,Fair
4066,233,3,9,106,105,1614,0.000774,4,2024-12-24 07:17:20,Simple,False,Good
4067,17,4,1,812,1035,4021,0.005098,5,2024-11-15 04:09:27,Medium,True,Good
4068,41,4,8,325,387,2358,0.002068,2,2024-11-13 20:44:14,Simple,True,Fair
4069,253,3,2,692,1056,1182,0.007477,4,2024-11-28 01:36:07,Medium,True,Good
4070,44,3,2,193,240,1225,0.001705,3,2024-10-10 05:24:44,Simple,False,Good
4071,133,1,3,1195,1837,2052,0.017311,3,2024-10-26 21:18:18,Medium,True,Good
4072,219,4,1,114,154,2703,0.000738,4,2024-10-15 00:43:22,Simple,True,Good
4073,27,4,3,548,907,907,0.004956,5,2024-11-04 16:13:48,Medium,False,Good
4074,150,5,3,179,213,3151,0.000613,4,2024-12-21 19:22:45,Simple,True,Good
4075,237,1,7,404,584,886,0.005776,5,2024-12-02 00:48:11,Medium,True,Excellent
4076,161,4,9,250,273,1262,0.001431,4,2024-12-17 07:09:16,Simple,True,Good
4077,36,4,8,484,722,1669,0.003902,5,2024-10-15 16:22:36,Medium,True,Good
4078,51,1,7,2686,2382,609,0.022963,4,2024-11-19 16:31:15,Complex,True,Excellent
4079,214,1,8,202,334,4648,0.003398,4,2024-10-08 06:14:24,Simple,True,Excellent
4080,59,3,6,618,560,2534,0.004135,3,2024-11-14 08:02:04,Medium,True,Good
4081,283,3,5,191,252,1775,0.001922,3,2024-11-17 13:42:06,Simple,False,Good
4082,268,1,4,852,876,1311,0.008046,4,2024-12-14 02:59:32,Medium,True,Excellent
4083,99,2,3,439,711,1095,0.006029,4,2024-10-11 03:39:19,Medium,True,Excellent
4084,290,3,3,383,425,1755,0.002706,3,2024-12-27 12:07:24,Simple,True,Good
4085,63,1,8,463,545,4625,0.005079,3,2024-11-06 21:00:19,Medium,True,Good
4086,249,4,5,462,409,579,0.002132,3,2024-11-16 19:51:48,Simple,True,Good
4087,38,5,4,615,891,2430,0.00251,3,2024-12-21 19:26:33,Medium,True,Good
4088,144,3,9,977,1386,3333,0.010625,3,2024-11-27 01:03:19,Medium,True,Good
4089,273,1,5,561,917,956,0.009152,3,2024-10-20 12:12:31,Medium,True,Good
4090,265,2,2,628,679,1557,0.005137,1,2024-10-23 18:20:47,Medium,False,Fair
4091,235,3,5,815,1262,1150,0.009475,5,2024-12-15 16:24:11,Medium,True,Good
4092,152,3,9,188,173,1247,0.001179,4,2024-11-29 06:26:07,Simple,True,Good
4093,65,1,2,289,242,1629,0.002404,5,2024-12-24 22:44:47,Simple,True,Excellent
4094,283,4,6,596,801,3379,0.004032,3,2024-12-03 04:07:22,Medium,True,Good
4095,72,4,7,1232,1256,736,0.005825,4,2024-11-17 07:19:57,Medium,False,Good
4096,290,1,1,1002,1330,5326,0.012803,4,2024-11-12 06:03:19,Medium,False,Excellent
4097,196,1,1,679,700,1698,0.007037,3,2024-11-29 00:52:03,Medium,True,Good
4098,260,3,2,94,130,1126,0.000921,4,2024-10-06 10:47:42,Simple,True,Good
4099,258,5,6,412,639,832,0.001772,5,2024-10-16 22:47:41,Medium,True,Good
4100,207,4,5,539,495,2640,0.002588,2,2024-10-19 14:58:37,Simple,False,Fair
4101,247,4,6,545,458,614,0.002503,5,2024-11-26 04:23:34,Simple,True,Good
4102,197,4,4,1021,859,5779,0.004143,4,2024-10-28 09:57:11,Medium,True,Good
4103,116,1,7,128,198,1165,0.002136,3,2024-10-17 14:24:56,Simple,False,Good
4104,12,4,6,345,422,500,0.002289,4,2024-11-25 05:46:37,Simple,False,Good
4105,110,3,3,351,384,2078,0.002762,5,2024-11-10 19:27:23,Simple,True,Good
4106,260,1,4,401,473,1673,0.004677,5,2024-11-09 07:21:44,Simple,True,Excellent
4107,48,1,1,380,472,3479,0.004727,4,2024-11-16 06:26:47,Simple,True,Excellent
4108,287,3,2,874,782,500,0.005297,3,2024-12-26 13:12:08,Medium,False,Good
4109,244,1,5,693,827,2002,0.007667,5,2024-10-27 22:19:56,Medium,True,Excellent
4110,254,4,9,2154,2843,1166,0.013472,4,2024-12-18 13:09:47,Complex,True,Good
4111,175,2,7,306,392,1463,0.002845,4,2024-12-19 09:28:14,Simple,True,Excellent
4112,171,3,3,2412,2043,559,0.015614,4,2024-11-28 22:43:48,Complex,True,Good
4113,103,5,7,277,247,2001,0.000754,5,2024-11-06 07:12:04,Simple,False,Good
4114,217,5,9,376,516,946,0.001461,1,2024-10-23 18:35:51,Medium,False,Fair
4115,264,2,6,808,1108,1067,0.008778,5,2024-10-21 23:16:55,Medium,True,Excellent
4116,286,3,7,694,631,2594,0.004313,5,2024-11-22 07:42:15,Medium,True,Good
4117,118,2,6,415,379,2130,0.003225,5,2024-11-16 08:12:38,Simple,True,Excellent
4118,264,5,5,551,570,1518,0.00181,4,2024-11-21 02:15:04,Medium,True,Good
4119,216,5,1,1024,1424,1021,0.004013,5,2024-11-25 04:40:55,Medium,True,Good
4120,209,3,7,910,875,645,0.006183,2,2024-10-24 14:46:15,Medium,False,Fair
4121,54,4,2,188,308,1193,0.001499,4,2024-10-07 10:27:24,Simple,False,Good
4122,165,5,9,367,423,1625,0.001324,3,2024-10-08 00:43:31,Simple,True,Good
4123,239,3,9,316,365,1440,0.00249,5,2024-11-19 20:33:26,Simple,True,Good
4124,65,5,4,1071,1036,3544,0.003162,3,2024-11-09 21:42:26,Medium,True,Good
4125,263,2,7,565,631,1534,0.005203,4,2024-12-14 02:23:04,Medium,True,Excellent
4126,104,3,7,702,644,1464,0.004705,1,2024-12-22 13:56:10,Medium,True,Fair
4127,4,2,7,308,317,600,0.002604,4,2024-10-02 06:07:27,Simple,True,Excellent
4128,152,5,8,684,615,1490,0.001808,5,2024-10-08 13:27:26,Medium,True,Good
4129,107,2,9,590,744,1066,0.005908,5,2024-10-07 09:05:42,Medium,False,Excellent
4130,203,5,4,189,304,1597,0.000858,4,2024-12-06 20:07:17,Simple,True,Good
4131,249,1,8,302,472,3412,0.004408,4,2024-10-11 03:18:19,Simple,True,Excellent
4132,129,3,2,561,708,1726,0.005413,4,2024-12-22 05:07:38,Medium,False,Good
4133,106,4,2,434,695,1807,0.003541,2,2024-10-15 05:55:02,Medium,True,Fair
4134,182,4,8,556,476,1075,0.002206,2,2024-12-17 12:42:04,Simple,True,Fair
4135,65,4,6,806,814,1618,0.004263,4,2024-12-27 21:06:31,Medium,True,Good
4136,222,1,4,647,834,1414,0.008892,4,2024-12-10 20:58:25,Medium,True,Excellent
4137,153,3,5,269,331,1799,0.002481,5,2024-10-07 12:02:46,Simple,False,Good
4138,201,1,3,487,567,637,0.006043,3,2024-12-29 10:20:14,Medium,False,Good
4139,233,3,4,383,559,1915,0.004154,2,2024-10-21 11:36:49,Medium,True,Fair
4140,256,4,8,767,1113,1035,0.005143,3,2024-12-12 07:16:55,Medium,False,Good
4141,195,3,4,383,320,2884,0.002022,1,2024-12-19 00:15:22,Simple,False,Fair
4142,207,1,7,280,384,3740,0.004036,4,2024-11-12 20:59:24,Simple,True,Excellent
4143,96,1,7,159,196,2320,0.001822,2,2024-10-17 11:41:09,Simple,False,Fair
4144,188,2,7,226,320,2551,0.002421,4,2024-12-23 12:29:44,Simple,True,Excellent
4145,142,5,9,700,850,1768,0.002481,2,2024-11-07 07:01:02,Medium,True,Fair
4146,174,2,9,258,298,1308,0.002339,5,2024-12-10 05:11:28,Simple,True,Excellent
4147,72,2,8,505,425,1746,0.003068,3,2024-12-25 02:29:24,Simple,True,Good
4148,241,2,4,332,414,1166,0.003196,4,2024-11-04 05:48:19,Simple,True,Excellent
4149,122,1,7,792,696,2234,0.007182,1,2024-12-25 06:28:09,Medium,True,Fair
4150,290,5,4,571,927,747,0.002575,2,2024-12-03 21:20:50,Medium,True,Fair
4151,180,1,7,397,576,1820,0.005552,5,2024-11-21 20:53:28,Medium,False,Excellent
4152,56,5,5,492,609,840,0.001775,4,2024-12-19 02:58:45,Medium,True,Good
4153,80,1,4,153,205,2167,0.002235,3,2024-12-27 15:52:55,Simple,True,Good
4154,87,2,2,731,880,975,0.006341,1,2024-12-08 20:03:23,Medium,True,Fair
4155,187,3,7,195,294,3723,0.00214,4,2024-10-07 21:14:19,Simple,False,Good
4156,98,1,1,280,398,2557,0.004048,4,2024-10-01 05:05:13,Simple,True,Excellent
4157,114,1,5,861,789,1314,0.008288,4,2024-12-15 18:30:09,Medium,True,Excellent
4158,241,2,1,285,279,1064,0.002189,4,2024-11-14 21:51:00,Simple,True,Excellent
4159,53,5,7,329,433,1526,0.001287,3,2024-11-13 06:28:58,Simple,False,Good
4160,295,1,8,318,369,1108,0.00338,5,2024-12-27 00:21:24,Simple,True,Excellent
4161,290,2,2,347,410,943,0.003409,5,2024-10-21 08:53:41,Simple,True,Excellent
4162,21,3,8,1562,1487,1193,0.009713,3,2024-12-18 12:06:42,Medium,True,Good
4163,232,5,4,343,498,3586,0.001401,5,2024-10-23 02:22:56,Simple,True,Good
4164,48,2,3,551,856,1351,0.0069,2,2024-11-15 21:02:03,Medium,True,Fair
4165,114,3,4,528,677,1102,0.004844,1,2024-12-30 02:02:03,Medium,False,Fair
4166,202,2,3,275,282,1506,0.002405,4,2024-12-12 19:06:31,Simple,False,Excellent
4167,6,3,5,1314,1160,1281,0.008808,5,2024-10-03 00:40:00,Medium,True,Good
4168,142,2,6,1151,1198,1698,0.008645,5,2024-11-11 08:53:44,Medium,True,Excellent
4169,236,4,2,300,455,2115,0.00216,2,2024-12-21 11:42:47,Simple,True,Fair
4170,194,5,6,766,666,1319,0.002081,2,2024-12-27 22:47:24,Medium,True,Fair
4171,268,1,2,526,455,2405,0.004493,3,2024-10-02 17:29:57,Simple,True,Good
4172,130,4,8,2503,2418,2069,0.012017,5,2024-12-04 09:10:38,Complex,False,Good
4173,228,3,7,1934,2053,1362,0.01554,4,2024-10-05 23:28:15,Complex,True,Good
4174,100,2,3,1082,1650,1804,0.0128,4,2024-10-11 19:05:16,Medium,True,Excellent
4175,49,4,4,1390,1195,1875,0.005455,3,2024-11-14 06:43:27,Medium,True,Good
4176,134,1,7,1036,1283,5454,0.013347,1,2024-10-19 12:43:17,Medium,True,Fair
4177,266,2,7,300,468,2482,0.004019,5,2024-10-14 12:42:29,Simple,True,Excellent
4178,149,4,8,798,705,830,0.003607,5,2024-10-10 08:21:31,Medium,True,Good
4179,125,2,1,549,799,1385,0.006219,5,2024-10-18 04:16:31,Medium,False,Excellent
4180,278,3,8,3438,3096,2001,0.022355,4,2024-10-19 18:38:36,Complex,True,Good
4181,6,4,9,103,114,3413,0.000521,4,2024-12-05 12:22:37,Simple,False,Good
4182,67,5,6,370,550,1584,0.00159,1,2024-10-21 09:58:12,Medium,True,Fair
4183,283,3,5,237,272,2658,0.001787,2,2024-11-26 19:02:36,Simple,True,Fair
4184,2,2,3,894,905,3628,0.007,5,2024-10-03 16:40:34,Medium,True,Excellent
4185,286,2,1,568,645,2159,0.004941,2,2024-11-24 05:52:02,Medium,True,Fair
4186,37,1,5,206,242,924,0.002185,4,2024-12-19 15:46:15,Simple,True,Excellent
4187,86,2,8,274,354,3540,0.002653,3,2024-11-18 01:48:32,Simple,True,Good
4188,273,3,1,456,636,2990,0.004431,5,2024-11-09 01:37:44,Medium,False,Good
4189,68,4,9,344,397,3139,0.001955,3,2024-11-03 12:29:53,Simple,True,Good
4190,179,2,8,353,463,1904,0.003792,4,2024-10-26 01:50:49,Simple,True,Excellent
4191,218,3,3,449,601,840,0.00395,3,2024-10-27 06:38:04,Medium,True,Good
4192,195,3,3,893,994,1659,0.006617,4,2024-11-10 05:39:24,Medium,True,Good
4193,188,1,2,582,545,2271,0.005955,3,2024-12-25 07:07:37,Medium,True,Good
4194,26,2,5,281,302,1860,0.002314,4,2024-10-10 12:44:14,Simple,True,Excellent
4195,76,5,2,1862,1907,1946,0.00584,3,2024-12-16 22:51:55,Medium,True,Good
4196,57,3,5,757,824,774,0.00557,5,2024-12-28 08:31:34,Medium,True,Good
4197,122,2,9,298,257,3108,0.00188,2,2024-10-08 03:27:15,Simple,True,Fair
4198,233,2,4,203,318,1412,0.002402,3,2024-12-22 16:10:57,Simple,True,Good
4199,132,5,7,1252,1416,907,0.003932,4,2024-10-16 18:54:44,Medium,True,Good
4200,11,2,7,411,473,3156,0.003847,2,2024-10-18 02:36:59,Simple,True,Fair
4201,32,3,7,535,608,2442,0.004231,2,2024-10-27 05:00:39,Medium,True,Fair
4202,121,2,8,825,705,1243,0.00577,2,2024-12-08 22:23:56,Medium,True,Fair
4203,238,1,1,163,227,1387,0.002336,4,2024-10-04 09:28:35,Simple,False,Excellent
4204,111,1,8,219,202,2466,0.00206,4,2024-12-22 16:13:09,Simple,True,Excellent
4205,238,2,6,691,904,1075,0.006592,4,2024-10-23 17:14:15,Medium,True,Excellent
4206,88,5,3,221,261,2703,0.00077,3,2024-10-21 02:44:58,Simple,True,Good
4207,70,5,2,741,651,2796,0.001859,4,2024-11-30 04:21:51,Medium,True,Good
4208,192,3,4,605,780,2298,0.005261,3,2024-12-09 21:13:56,Medium,True,Good
4209,294,3,8,233,275,4045,0.001824,4,2024-11-16 16:22:15,Simple,True,Good
4210,132,2,2,210,300,977,0.002553,2,2024-10-02 22:54:11,Simple,False,Fair
4211,100,1,5,321,354,2864,0.003212,3,2024-12-04 18:00:32,Simple,True,Good
4212,150,3,8,496,479,1776,0.003664,4,2024-11-18 12:52:15,Simple,False,Good
4213,46,3,9,348,386,4367,0.002713,4,2024-10-02 09:48:49,Simple,False,Good
4214,147,1,5,291,265,1163,0.002434,5,2024-12-29 13:43:55,Simple,True,Excellent
4215,278,3,4,527,810,2245,0.006014,4,2024-11-17 15:50:24,Medium,True,Good
4216,204,4,9,179,232,503,0.00106,4,2024-12-16 02:23:14,Simple,True,Good
4217,66,4,8,879,957,1233,0.004483,3,2024-10-15 11:36:28,Medium,True,Good
4218,197,1,7,859,1038,2083,0.010152,5,2024-11-26 20:45:13,Medium,True,Excellent
4219,60,5,4,304,311,742,0.000911,3,2024-11-28 14:15:05,Simple,True,Good
4220,192,5,9,710,772,1098,0.002439,1,2024-10-22 19:07:54,Medium,True,Fair
4221,38,2,4,302,266,4592,0.002119,2,2024-12-07 03:14:07,Simple,True,Fair
4222,240,4,2,1578,1606,2174,0.008628,1,2024-11-10 16:02:38,Medium,True,Fair
4223,248,2,9,414,518,2719,0.004462,4,2024-11-06 07:11:26,Medium,True,Excellent
4224,59,2,6,178,280,1899,0.002117,3,2024-11-14 15:10:23,Simple,True,Good
4225,121,1,6,856,819,1367,0.007715,4,2024-10-03 15:28:00,Medium,True,Excellent
4226,161,4,5,690,651,2914,0.003186,4,2024-11-05 19:58:27,Medium,False,Good
4227,196,5,8,1476,1333,1786,0.004064,4,2024-11-30 03:05:53,Medium,True,Good
4228,172,2,2,964,1144,500,0.009449,3,2024-10-23 16:54:20,Medium,True,Good
4229,162,4,6,294,411,1504,0.001946,3,2024-10-03 07:04:40,Simple,True,Good
4230,220,4,4,1084,1300,2511,0.00622,2,2024-11-29 01:54:00,Medium,True,Fair
4231,298,4,3,276,254,4702,0.001324,4,2024-10-15 04:44:07,Simple,False,Good
4232,45,3,9,185,202,2620,0.001415,4,2024-10-27 03:38:03,Simple,True,Good
4233,11,2,6,736,1129,1207,0.008276,1,2024-11-05 09:46:01,Medium,True,Fair
4234,145,4,3,2292,2756,1137,0.014908,4,2024-10-04 02:31:50,Complex,True,Good
4235,222,1,5,407,426,938,0.004251,5,2024-10-29 13:07:04,Simple,True,Excellent
4236,73,1,8,164,255,500,0.002535,4,2024-12-11 15:48:01,Simple,True,Excellent
4237,163,3,4,311,501,1610,0.003242,4,2024-12-23 11:57:13,Medium,True,Good
4238,89,5,6,706,845,3808,0.002465,5,2024-12-03 11:49:55,Medium,True,Good
4239,4,4,4,1328,1368,1597,0.007132,4,2024-12-25 05:29:55,Medium,True,Good
4240,100,4,8,272,298,2820,0.001575,3,2024-12-11 17:25:48,Simple,False,Good
4241,152,1,6,338,357,1096,0.003672,4,2024-11-29 07:36:44,Simple,True,Excellent
4242,196,5,4,1640,1671,2286,0.005015,5,2024-10-20 06:14:06,Medium,True,Good
4243,205,1,5,454,691,1106,0.006639,4,2024-12-02 18:10:58,Medium,True,Excellent
4244,261,2,3,65,75,1493,0.000618,3,2024-11-20 08:46:50,Simple,True,Good
4245,235,2,6,486,478,1491,0.003947,4,2024-12-11 05:09:21,Simple,True,Excellent
4246,168,3,5,524,839,1435,0.006304,4,2024-11-17 00:03:31,Medium,True,Good
4247,202,3,1,347,435,1145,0.003027,4,2024-12-20 06:15:25,Simple,True,Good
4248,193,5,9,640,835,2911,0.002702,3,2024-11-11 06:17:45,Medium,True,Good
4249,295,5,2,506,684,2675,0.002028,5,2024-12-29 13:57:58,Medium,True,Good
4250,23,1,5,541,493,2551,0.004498,4,2024-12-01 02:49:37,Simple,True,Excellent
4251,259,3,7,718,778,2300,0.005384,3,2024-10-09 08:09:38,Medium,False,Good
4252,200,3,4,637,982,3060,0.007461,5,2024-12-25 15:20:20,Medium,True,Good
4253,181,1,6,948,869,3684,0.008503,4,2024-10-30 20:01:20,Medium,True,Excellent
4254,139,4,5,608,508,1236,0.002297,4,2024-11-19 00:23:42,Medium,True,Good
4255,229,3,4,1745,1488,1009,0.011309,4,2024-11-26 21:02:20,Medium,True,Good
4256,43,5,8,193,171,661,0.000513,3,2024-10-03 16:03:47,Simple,True,Good
4257,222,2,8,960,1302,571,0.009661,4,2024-12-14 19:07:16,Medium,True,Excellent
4258,215,5,3,459,441,1119,0.001327,4,2024-11-24 13:17:49,Simple,False,Good
4259,126,1,7,695,675,1952,0.006398,4,2024-12-27 08:07:56,Medium,True,Excellent
4260,147,2,8,525,875,2942,0.007617,1,2024-12-15 07:41:24,Medium,True,Fair
4261,157,3,4,96,150,4780,0.001026,4,2024-12-20 16:52:36,Simple,True,Good
4262,261,1,1,543,516,1560,0.005019,4,2024-10-04 10:43:02,Medium,True,Excellent
4263,298,2,4,1575,1976,1312,0.015419,4,2024-10-25 16:57:08,Medium,True,Excellent
4264,280,3,5,583,575,931,0.003761,4,2024-12-28 05:46:51,Medium,True,Good
4265,117,3,2,124,134,2849,0.00096,3,2024-10-31 05:43:53,Simple,False,Good
4266,163,1,2,60,65,813,0.000669,1,2024-12-01 19:17:45,Simple,True,Fair
4267,210,5,1,701,948,1776,0.002832,4,2024-12-15 08:27:13,Medium,True,Good
4268,82,5,1,852,850,1505,0.002784,4,2024-12-18 07:32:02,Medium,True,Good
4269,51,4,6,1088,1013,1378,0.004893,4,2024-11-07 04:10:14,Medium,True,Good
4270,122,5,3,618,813,1604,0.002678,4,2024-10-28 12:27:07,Medium,True,Good
4271,236,3,9,1099,1384,709,0.00889,4,2024-10-11 09:33:53,Medium,False,Good
4272,236,4,6,273,262,1251,0.001183,4,2024-11-30 09:47:03,Simple,True,Good
4273,246,5,8,1990,3221,1587,0.010268,5,2024-12-27 18:49:31,Complex,True,Good
4274,56,1,8,350,469,1157,0.004226,5,2024-11-02 00:43:54,Simple,False,Excellent
4275,280,1,8,388,458,2383,0.004155,3,2024-10-20 12:07:18,Simple,False,Good
4276,269,1,8,569,887,2022,0.008042,3,2024-11-17 02:31:43,Medium,False,Good
4277,265,1,5,657,923,3068,0.009628,3,2024-11-27 04:49:04,Medium,True,Good
4278,38,1,6,151,135,3808,0.0014,3,2024-12-14 12:35:45,Simple,True,Good
4279,134,3,6,620,557,3619,0.003842,4,2024-10-09 08:18:17,Medium,True,Good
4280,172,4,8,534,689,1494,0.00324,5,2024-12-21 03:03:44,Medium,False,Good
4281,85,3,8,255,318,3416,0.002029,3,2024-11-01 04:45:16,Simple,True,Good
4282,35,1,9,849,888,1072,0.00814,4,2024-12-23 09:37:03,Medium,True,Excellent
4283,268,1,6,326,509,2050,0.00506,5,2024-10-30 05:33:43,Medium,True,Excellent
4284,170,1,3,506,583,500,0.006263,4,2024-10-03 13:00:53,Medium,True,Excellent
4285,121,1,8,516,718,2647,0.00658,5,2024-10-05 05:25:34,Medium,True,Excellent
4286,247,3,9,301,332,6092,0.002546,4,2024-12-10 22:11:31,Simple,False,Good
4287,130,3,6,313,282,1144,0.002014,2,2024-12-03 21:07:06,Simple,False,Fair
4288,283,4,7,194,183,1801,0.000908,3,2024-12-11 11:55:26,Simple,True,Good
4289,202,1,4,388,331,1106,0.003115,2,2024-10-26 23:42:16,Simple,False,Fair
4290,217,4,9,317,322,943,0.001692,4,2024-10-27 09:03:17,Simple,True,Good
4291,251,4,6,975,846,1415,0.004621,4,2024-11-25 10:13:58,Medium,True,Good
4292,77,5,5,634,648,667,0.001784,4,2024-11-29 05:51:31,Medium,True,Good
4293,68,2,8,1293,1389,946,0.011749,4,2024-11-13 00:39:02,Medium,True,Excellent
4294,134,4,2,707,752,1238,0.003715,1,2024-11-24 04:51:49,Medium,True,Fair
4295,300,2,6,235,213,1990,0.001692,4,2024-10-02 21:16:10,Simple,True,Excellent
4296,283,4,1,341,523,5369,0.00277,4,2024-10-16 13:46:25,Medium,True,Good
4297,234,3,8,1174,1412,1161,0.010225,3,2024-11-06 07:28:54,Medium,True,Good
4298,68,5,5,436,416,2165,0.001176,4,2024-11-17 01:27:31,Simple,True,Good
4299,21,5,5,171,261,1975,0.000744,2,2024-10-07 16:10:59,Simple,True,Fair
4300,56,5,6,499,597,1546,0.001786,5,2024-10-11 15:46:04,Medium,True,Good
4301,238,1,7,1114,1071,3408,0.010254,5,2024-12-30 07:49:36,Medium,False,Excellent
4302,243,3,3,575,568,1755,0.003986,4,2024-10-18 18:32:44,Medium,True,Good
4303,210,3,5,810,1063,716,0.007997,5,2024-10-31 09:02:58,Medium,True,Good
4304,200,5,7,320,437,1753,0.001194,4,2024-12-15 19:53:09,Simple,True,Good
4305,123,3,3,4552,4000,1296,0.03055,5,2024-10-06 06:24:33,Complex,True,Good
4306,266,1,6,988,1245,4352,0.012549,4,2024-10-22 08:37:38,Medium,True,Excellent
4307,216,5,5,192,184,1957,0.000597,4,2024-11-25 01:05:36,Simple,True,Good
4308,3,5,2,330,464,1952,0.001374,5,2024-11-07 03:54:42,Simple,False,Good
4309,143,4,1,531,814,2156,0.004182,3,2024-10-30 14:24:39,Medium,True,Good
4310,168,1,3,186,235,2266,0.00227,3,2024-11-28 06:55:41,Simple,True,Good
4311,142,4,4,331,539,1091,0.002956,5,2024-11-24 07:05:41,Medium,True,Good
4312,181,1,8,946,1182,2316,0.012183,3,2024-10-29 16:11:37,Medium,True,Good
4313,237,3,2,600,813,1322,0.005648,4,2024-11-30 13:40:09,Medium,True,Good
4314,152,5,9,839,900,1353,0.00293,3,2024-11-15 03:13:58,Medium,True,Good
4315,263,4,5,816,730,2177,0.003687,2,2024-11-08 02:50:01,Medium,True,Fair
4316,136,2,7,232,232,1354,0.001727,4,2024-10-27 07:11:11,Simple,True,Excellent
4317,294,1,6,833,1117,2162,0.010315,4,2024-12-09 16:19:51,Medium,False,Excellent
4318,210,2,6,365,359,1538,0.003082,4,2024-12-04 21:29:03,Simple,True,Excellent
4319,229,3,3,479,568,2340,0.003727,3,2024-11-29 08:55:04,Medium,False,Good
4320,89,3,9,263,397,1056,0.003014,2,2024-12-20 18:18:08,Simple,True,Fair
4321,237,2,5,661,647,1392,0.005263,4,2024-10-27 08:48:14,Medium,False,Excellent
4322,223,3,5,847,788,602,0.005581,4,2024-11-16 00:34:19,Medium,False,Good
4323,122,1,7,345,536,500,0.005737,2,2024-12-20 08:12:35,Medium,True,Fair
4324,107,5,5,559,606,1879,0.001684,4,2024-11-09 12:15:58,Medium,False,Good
4325,88,3,4,323,339,1441,0.00231,4,2024-11-21 16:11:05,Simple,True,Good
4326,157,5,2,149,213,2868,0.000607,4,2024-10-13 12:02:33,Simple,True,Good
4327,7,2,6,1157,1070,4954,0.008726,2,2024-10-17 07:16:07,Medium,False,Fair
4328,56,5,1,377,478,2191,0.00144,4,2024-12-05 07:35:13,Simple,True,Good
4329,6,3,4,637,972,1951,0.006138,3,2024-12-15 20:38:15,Medium,True,Good
4330,188,2,4,242,224,1508,0.001931,3,2024-11-27 11:34:03,Simple,False,Good
4331,29,2,8,299,287,2972,0.002268,5,2024-12-03 04:49:16,Simple,True,Excellent
4332,90,4,3,674,978,1567,0.005337,5,2024-10-01 12:29:47,Medium,True,Good
4333,134,1,5,3601,3500,3209,0.035746,4,2024-10-30 05:56:45,Complex,True,Excellent
4334,113,1,6,250,298,1648,0.003096,4,2024-11-17 17:42:19,Simple,True,Excellent
4335,293,5,9,326,431,2109,0.001367,4,2024-12-24 09:27:40,Simple,True,Good
4336,165,3,9,493,717,2166,0.004624,4,2024-11-09 14:03:36,Medium,True,Good
4337,149,3,9,793,792,1877,0.005407,2,2024-10-01 11:31:10,Medium,True,Fair
4338,262,2,6,636,546,955,0.004337,3,2024-10-31 18:43:44,Medium,True,Good
4339,6,4,5,897,1486,2606,0.007624,4,2024-10-29 22:13:56,Medium,True,Good
4340,231,2,2,261,344,4096,0.002628,3,2024-10-08 15:06:17,Simple,True,Good
4341,99,1,8,285,392,2357,0.003581,5,2024-11-17 18:36:10,Simple,True,Excellent
4342,290,1,9,604,726,1529,0.007669,3,2024-12-10 23:38:26,Medium,True,Good
4343,113,5,2,260,257,977,0.000792,2,2024-11-29 21:41:13,Simple,True,Fair
4344,6,4,7,1196,1097,914,0.005769,3,2024-11-24 11:42:49,Medium,True,Good
4345,280,2,6,932,817,3091,0.006152,2,2024-10-14 17:37:41,Medium,False,Fair
4346,249,2,8,681,868,2936,0.007441,3,2024-12-14 13:34:51,Medium,True,Good
4347,237,3,9,1438,1335,952,0.009029,4,2024-10-09 14:36:01,Medium,True,Good
4348,20,1,8,851,798,1196,0.007326,4,2024-12-08 16:57:38,Medium,True,Excellent
4349,67,2,8,1045,950,1122,0.006982,5,2024-10-25 15:16:49,Medium,True,Excellent
4350,153,1,3,668,795,2155,0.008636,4,2024-10-19 08:05:12,Medium,True,Excellent
4351,99,2,7,434,550,3863,0.004592,4,2024-11-06 11:14:34,Medium,True,Excellent
4352,175,1,6,711,899,2719,0.00826,3,2024-11-25 19:06:52,Medium,False,Good
4353,192,3,2,683,1027,1129,0.00758,4,2024-10-09 05:12:08,Medium,True,Good
4354,273,5,7,311,507,962,0.001543,2,2024-10-22 14:05:30,Medium,True,Fair
4355,9,5,9,76,83,1494,0.000255,3,2024-11-02 08:22:08,Simple,True,Good
4356,208,5,5,1099,918,2188,0.002532,4,2024-10-19 05:07:49,Medium,True,Good
4357,140,5,5,945,1278,2192,0.003639,4,2024-10-12 04:05:44,Medium,True,Good
4358,32,2,5,1023,959,3168,0.007048,4,2024-12-29 12:50:20,Medium,False,Excellent
4359,56,4,4,402,435,544,0.002204,4,2024-11-20 21:18:35,Simple,False,Good
4360,183,4,8,515,478,3179,0.002585,5,2024-10-05 21:40:17,Simple,True,Good
4361,167,1,4,787,765,1272,0.007481,2,2024-12-02 13:44:23,Medium,True,Fair
4362,223,2,4,484,734,1856,0.005527,4,2024-10-08 05:06:36,Medium,True,Excellent
4363,126,1,6,947,850,2105,0.009312,2,2024-11-24 17:53:01,Medium,True,Fair
4364,152,4,1,813,810,965,0.004094,5,2024-12-17 09:57:39,Medium,False,Good
4365,158,2,6,156,209,2026,0.001539,4,2024-11-15 07:09:21,Simple,True,Excellent
4366,289,1,6,428,473,3022,0.00501,1,2024-11-23 02:22:53,Simple,True,Fair
4367,90,2,1,1494,1619,988,0.011775,4,2024-12-04 00:53:43,Medium,True,Excellent
4368,259,2,5,944,857,1616,0.006509,4,2024-10-17 02:52:19,Medium,True,Excellent
4369,123,5,5,421,565,912,0.001547,4,2024-10-04 00:39:48,Medium,True,Good
4370,61,4,7,1772,1723,3402,0.008942,5,2024-10-14 03:28:54,Medium,True,Good
4371,76,3,2,209,259,500,0.001813,3,2024-10-25 21:51:00,Simple,True,Good
4372,233,3,2,663,659,1371,0.004239,3,2024-12-11 17:20:43,Medium,True,Good
4373,265,1,4,195,239,2063,0.00221,5,2024-11-07 14:02:03,Simple,False,Excellent
4374,22,3,8,360,311,1147,0.001976,4,2024-11-09 05:00:31,Simple,False,Good
4375,165,3,4,484,442,922,0.003315,4,2024-12-03 00:38:51,Simple,False,Good
4376,78,3,6,835,1083,2022,0.008047,4,2024-12-09 19:22:59,Medium,True,Good
4377,62,1,8,518,696,1601,0.006319,1,2024-12-27 15:18:46,Medium,True,Fair
4378,173,4,8,217,280,2606,0.001384,4,2024-11-14 02:03:42,Simple,True,Good
4379,41,2,1,434,546,786,0.004583,4,2024-12-19 07:31:26,Medium,True,Excellent
4380,26,5,8,629,908,1716,0.002868,4,2024-10-02 14:52:53,Medium,True,Good
4381,279,3,5,179,199,1120,0.001525,4,2024-10-27 23:51:51,Simple,True,Good
4382,45,4,9,189,253,4815,0.001386,4,2024-10-25 16:04:01,Simple,True,Good
4383,219,3,6,496,427,2465,0.003115,4,2024-11-26 02:19:34,Simple,True,Good
4384,39,5,4,1680,2310,811,0.00634,2,2024-10-03 00:35:07,Complex,True,Fair
4385,107,1,9,107,122,754,0.001339,3,2024-10-29 04:36:52,Simple,True,Good
4386,1,1,8,262,387,3189,0.003642,1,2024-10-03 15:37:24,Simple,True,Fair
4387,115,2,8,1164,1394,2035,0.011469,4,2024-10-14 11:25:04,Medium,True,Excellent
4388,121,4,4,373,407,934,0.002087,5,2024-10-19 07:59:30,Simple,True,Good
4389,215,5,1,1039,1651,907,0.005091,1,2024-10-25 18:14:41,Medium,True,Fair
4390,1,4,6,312,350,5614,0.001599,3,2024-10-02 10:38:26,Simple,True,Good
4391,15,4,1,457,466,4783,0.002458,5,2024-12-28 11:51:16,Simple,True,Good
4392,17,3,6,734,1111,5016,0.007397,4,2024-12-11 23:13:46,Medium,True,Good
4393,117,5,5,633,853,1745,0.00273,5,2024-12-27 14:31:11,Medium,False,Good
4394,73,1,8,462,495,6416,0.004472,1,2024-11-29 17:42:29,Simple,True,Fair
4395,155,3,5,617,837,1886,0.005367,1,2024-12-25 09:24:47,Medium,True,Fair
4396,64,1,7,261,248,1569,0.002267,1,2024-10-10 14:08:27,Simple,True,Fair
4397,112,5,9,1279,1278,1329,0.003596,3,2024-11-11 10:24:09,Medium,True,Good
4398,240,5,2,195,294,1079,0.000906,4,2024-12-25 00:45:49,Simple,True,Good
4399,295,1,5,399,420,596,0.004,3,2024-10-08 09:30:29,Simple,True,Good
4400,285,2,2,379,371,1357,0.0029,3,2024-12-01 13:59:16,Simple,True,Good
4401,110,2,2,606,614,1205,0.005017,4,2024-11-07 10:35:56,Medium,True,Excellent
4402,87,4,8,819,1238,2829,0.006049,4,2024-11-15 02:34:19,Medium,False,Good
4403,76,3,2,233,265,4324,0.001782,1,2024-10-09 00:33:40,Simple,True,Fair
4404,45,3,2,275,339,914,0.002506,2,2024-10-13 09:26:37,Simple,False,Fair
4405,119,1,8,1046,946,1771,0.008866,4,2024-11-04 03:20:07,Medium,True,Excellent
4406,250,4,9,487,463,1269,0.002302,4,2024-10-20 10:15:33,Simple,True,Good
4407,300,1,9,416,660,2681,0.00654,4,2024-12-17 03:44:47,Medium,True,Excellent
4408,107,3,3,636,673,1296,0.004285,2,2024-10-21 20:36:33,Medium,False,Fair
4409,175,2,8,1061,1095,5722,0.008427,5,2024-12-25 02:10:12,Medium,True,Excellent
4410,172,3,2,626,828,2138,0.005487,1,2024-11-08 22:07:43,Medium,True,Fair
4411,224,1,7,301,339,522,0.003543,3,2024-11-03 06:43:03,Simple,False,Good
4412,57,4,6,793,704,3159,0.003342,4,2024-11-09 18:12:00,Medium,True,Good
4413,183,4,5,717,1038,1168,0.004721,4,2024-12-19 22:32:47,Medium,False,Good
4414,59,3,5,250,224,1374,0.001644,3,2024-12-03 08:26:30,Simple,True,Good
4415,4,3,2,260,299,1840,0.002246,5,2024-12-13 16:02:20,Simple,True,Good
4416,172,2,4,438,522,1973,0.003947,5,2024-12-04 07:14:06,Medium,True,Excellent
4417,212,4,3,542,665,918,0.003269,4,2024-12-30 07:49:24,Medium,True,Good
4418,134,1,6,1077,1247,648,0.011815,4,2024-11-20 21:18:40,Medium,True,Excellent
4419,214,4,5,537,483,1201,0.002317,3,2024-10-31 14:05:56,Simple,True,Good
4420,44,3,2,925,1262,2239,0.009541,5,2024-12-23 09:53:34,Medium,False,Good
4421,86,4,5,762,871,1660,0.004273,4,2024-10-23 07:29:55,Medium,True,Good
4422,295,3,3,366,389,698,0.002882,5,2024-12-04 23:52:40,Simple,True,Good
4423,93,2,1,575,507,2259,0.004311,4,2024-12-02 06:01:19,Medium,True,Excellent
4424,231,1,1,544,717,1513,0.006887,5,2024-10-09 15:37:49,Medium,True,Excellent
4425,240,2,3,465,480,3606,0.003664,5,2024-11-23 05:26:11,Simple,True,Excellent
4426,203,2,9,1506,1713,1930,0.0132,2,2024-10-03 19:19:48,Medium,False,Fair
4427,297,4,5,394,636,1732,0.002989,4,2024-10-21 16:40:10,Medium,True,Good
4428,96,3,4,739,740,1171,0.005419,4,2024-10-06 21:51:43,Medium,True,Good
4429,149,3,8,463,620,1426,0.00431,4,2024-10-01 11:00:57,Medium,True,Good
4430,28,1,2,306,432,1237,0.004296,5,2024-12-13 13:49:01,Simple,False,Excellent
4431,72,1,4,652,688,4015,0.007502,1,2024-11-14 22:36:27,Medium,True,Fair
4432,210,4,2,720,615,2053,0.003054,5,2024-12-11 01:37:17,Medium,False,Good
4433,250,3,3,415,469,1013,0.003191,4,2024-11-18 16:33:14,Simple,False,Good
4434,159,5,1,743,1207,1399,0.003261,5,2024-10-12 05:18:03,Medium,True,Good
4435,128,2,3,1305,1183,1963,0.009562,4,2024-12-14 04:13:57,Medium,True,Excellent
4436,38,4,4,1454,1899,793,0.009216,5,2024-12-02 13:56:46,Medium,False,Good
4437,271,5,7,1074,1351,2348,0.004214,4,2024-12-14 15:55:46,Medium,False,Good
4438,129,1,9,616,697,1142,0.006454,4,2024-12-06 10:32:30,Medium,True,Excellent
4439,297,3,9,2204,2052,1657,0.013165,4,2024-11-21 06:25:33,Complex,True,Good
4440,54,2,3,472,512,2074,0.004161,5,2024-10-01 06:40:49,Medium,True,Excellent
4441,54,2,2,128,176,2132,0.001457,5,2024-11-17 01:29:07,Simple,False,Excellent
4442,76,4,7,891,1426,1282,0.007492,4,2024-12-10 20:11:38,Medium,True,Good
4443,202,4,1,591,521,1669,0.002836,2,2024-10-01 07:54:28,Medium,True,Fair
4444,35,1,1,733,740,1149,0.006884,5,2024-11-21 15:59:20,Medium,True,Excellent
4445,162,5,8,1359,1168,941,0.00379,2,2024-11-04 21:16:19,Medium,True,Fair
4446,173,3,1,449,429,798,0.002749,4,2024-12-02 02:49:33,Simple,True,Good
4447,265,4,8,623,640,4861,0.003491,5,2024-10-21 09:15:45,Medium,True,Good
4448,155,3,7,839,884,1875,0.005705,5,2024-10-01 12:10:09,Medium,True,Good
4449,225,4,2,813,717,1251,0.003712,3,2024-10-14 01:53:49,Medium,True,Good
4450,14,3,3,103,144,1178,0.001008,5,2024-10-08 18:58:15,Simple,True,Good
4451,285,4,4,131,169,935,0.000893,4,2024-12-29 03:01:50,Simple,True,Good
4452,74,4,7,672,639,2634,0.003075,4,2024-12-02 03:39:34,Medium,True,Good
4453,87,4,4,1115,1080,3248,0.005391,4,2024-12-10 14:27:28,Medium,True,Good
4454,180,4,9,550,759,1537,0.00352,2,2024-10-01 02:08:45,Medium,False,Fair
4455,120,2,9,690,809,801,0.006405,4,2024-10-06 06:33:51,Medium,True,Excellent
4456,235,4,3,355,328,623,0.001602,4,2024-12-08 05:39:56,Simple,True,Good
4457,236,5,1,1051,968,1110,0.003104,3,2024-10-13 20:53:36,Medium,True,Good
4458,73,1,2,320,391,3041,0.00401,3,2024-10-27 13:59:10,Simple,True,Good
4459,49,5,3,291,274,2921,0.000811,4,2024-11-03 22:10:41,Simple,True,Good
4460,146,2,9,299,353,2226,0.002614,5,2024-12-15 05:38:42,Simple,True,Excellent
4461,276,4,2,682,922,2109,0.004667,4,2024-11-08 17:14:51,Medium,True,Good
4462,287,3,4,3454,3194,1499,0.023453,5,2024-11-22 08:29:07,Complex,True,Good
4463,212,4,3,159,198,961,0.001039,5,2024-12-29 21:41:59,Simple,True,Good
4464,295,4,1,348,519,1328,0.002381,3,2024-12-27 02:36:44,Medium,True,Good
4465,120,1,7,449,585,1703,0.005405,5,2024-10-14 03:12:03,Medium,True,Excellent
4466,286,5,9,393,428,3845,0.001241,3,2024-10-17 15:38:23,Simple,True,Good
4467,93,2,5,331,300,887,0.002384,3,2024-11-20 09:53:52,Simple,True,Good
4468,138,3,6,1965,2160,2183,0.014033,5,2024-11-01 21:49:27,Complex,True,Good
4469,89,4,5,1975,2638,989,0.01282,2,2024-12-12 10:48:16,Complex,False,Fair
4470,72,3,2,1435,1326,500,0.009687,4,2024-10-01 21:33:14,Medium,True,Good
4471,249,1,2,111,123,4823,0.001118,4,2024-10-13 05:22:45,Simple,True,Excellent
4472,225,3,1,1035,1019,578,0.007677,3,2024-12-29 03:04:31,Medium,True,Good
4473,60,1,6,786,772,2321,0.007824,4,2024-11-25 04:54:47,Medium,False,Excellent
4474,40,4,7,265,388,5348,0.001896,4,2024-10-06 12:13:06,Simple,False,Good
4475,191,4,6,1481,1638,2912,0.008548,4,2024-11-18 22:40:59,Medium,True,Good
4476,150,2,2,603,849,2534,0.006883,2,2024-12-20 10:18:33,Medium,True,Fair
4477,286,3,9,333,321,2366,0.002041,5,2024-11-09 08:52:09,Simple,True,Good
4478,57,3,5,592,625,731,0.004155,4,2024-11-30 05:56:33,Medium,False,Good
4479,51,2,3,471,517,5194,0.004512,1,2024-12-08 08:10:33,Medium,True,Fair
4480,262,1,8,545,519,2818,0.00517,1,2024-10-28 08:07:36,Medium,True,Fair
4481,23,2,9,230,259,705,0.001868,3,2024-10-29 08:00:08,Simple,False,Good
4482,278,2,3,1416,1723,1682,0.014749,3,2024-10-27 06:49:32,Medium,False,Good
4483,251,4,1,611,603,2822,0.003153,4,2024-12-20 04:02:40,Medium,False,Good
4484,294,2,4,1332,1768,2554,0.012858,3,2024-10-15 02:49:14,Medium,True,Good
4485,300,2,8,782,771,842,0.006338,1,2024-10-13 09:02:25,Medium,False,Fair
4486,74,1,4,1717,2751,917,0.025085,5,2024-10-09 03:04:02,Complex,True,Excellent
4487,43,1,6,653,968,3513,0.008729,4,2024-10-10 17:21:07,Medium,False,Excellent
4488,32,3,6,255,297,6625,0.00188,5,2024-12-25 13:13:54,Simple,True,Good
4489,43,4,2,211,284,1608,0.00151,3,2024-10-16 18:08:12,Simple,True,Good
4490,271,2,9,669,1015,2031,0.00802,5,2024-12-12 03:24:18,Medium,True,Excellent
4491,45,5,3,383,474,5472,0.001539,3,2024-11-26 02:52:07,Simple,True,Good
4492,213,3,3,323,380,1258,0.002533,2,2024-11-11 11:00:45,Simple,False,Fair
4493,266,4,3,309,378,1704,0.002069,4,2024-11-30 09:54:04,Simple,False,Good
4494,29,2,3,951,957,2368,0.007099,4,2024-11-12 22:18:53,Medium,True,Excellent
4495,183,2,5,780,753,2312,0.005964,4,2024-12-04 23:31:33,Medium,True,Excellent
4496,88,4,6,469,560,1613,0.002597,4,2024-10-31 08:22:06,Medium,True,Good
4497,74,4,7,483,515,5148,0.0024,3,2024-10-11 23:22:01,Medium,True,Good
4498,267,3,6,730,786,1537,0.005016,5,2024-12-08 09:29:10,Medium,True,Good
4499,59,5,4,136,211,4685,0.000593,2,2024-10-04 19:43:03,Simple,True,Fair
4500,230,2,7,277,285,7245,0.002384,4,2024-12-17 00:20:02,Simple,False,Excellent
4501,176,3,3,521,665,2736,0.004486,5,2024-11-12 01:04:17,Medium,False,Good
4502,283,3,1,509,543,1186,0.004148,3,2024-10-25 07:38:29,Medium,False,Good
4503,267,2,2,414,451,2093,0.0038,5,2024-11-10 14:28:07,Simple,True,Excellent
4504,147,1,8,242,364,1052,0.003552,3,2024-11-21 16:14:26,Simple,True,Good
4505,20,5,8,119,170,1270,0.000555,4,2024-11-13 08:00:36,Simple,True,Good
4506,21,4,9,1312,1443,1864,0.007275,3,2024-10-18 23:01:59,Medium,False,Good
4507,259,3,9,1001,1569,2800,0.011315,3,2024-11-18 18:22:47,Medium,False,Good
4508,1,2,7,1215,1234,1493,0.009112,4,2024-10-18 17:21:08,Medium,True,Excellent
4509,177,1,7,307,322,1267,0.003309,5,2024-11-20 20:45:04,Simple,True,Excellent
4510,102,3,8,659,966,549,0.006993,4,2024-12-29 14:32:38,Medium,True,Good
4511,43,5,9,839,723,1803,0.002304,4,2024-12-16 18:35:47,Medium,True,Good
4512,25,4,7,387,479,1778,0.002399,3,2024-10-26 21:06:53,Simple,True,Good
4513,289,5,8,445,455,1168,0.001365,4,2024-11-10 16:08:59,Simple,True,Good
4514,129,1,1,1368,1309,2193,0.012766,4,2024-12-11 11:41:08,Medium,True,Excellent
4515,217,5,5,434,478,2319,0.001402,4,2024-11-28 12:30:39,Simple,True,Good
4516,21,5,1,493,515,1276,0.001671,5,2024-11-02 12:33:25,Medium,True,Good
4517,276,1,5,444,434,2910,0.004106,3,2024-11-02 02:17:00,Simple,True,Good
4518,299,2,1,224,194,2961,0.001446,3,2024-12-16 15:01:27,Simple,True,Good
4519,225,3,3,1336,1380,2205,0.009114,5,2024-12-19 04:47:24,Medium,True,Good
4520,210,1,2,351,382,2773,0.004042,1,2024-11-24 03:08:19,Simple,True,Fair
4521,45,4,1,1327,1831,1597,0.009472,3,2024-10-03 11:11:30,Medium,False,Good
4522,127,4,6,1177,1309,1860,0.006803,4,2024-10-10 15:21:11,Medium,True,Good
4523,250,1,8,427,364,2967,0.003769,5,2024-11-03 20:30:31,Simple,True,Excellent
4524,219,5,6,536,793,3650,0.002147,5,2024-12-25 20:32:07,Medium,True,Good
4525,37,2,7,1088,1462,2724,0.010713,4,2024-12-04 08:51:10,Medium,True,Excellent
4526,20,3,2,1102,1060,2716,0.007065,2,2024-12-12 17:19:27,Medium,True,Fair
4527,288,2,2,388,335,538,0.002859,5,2024-11-15 04:34:19,Simple,True,Excellent
4528,195,3,5,457,517,676,0.003491,3,2024-11-09 05:27:47,Medium,False,Good
4529,138,2,8,792,852,2325,0.006255,4,2024-11-08 13:03:02,Medium,True,Excellent
4530,132,4,3,1498,1626,1333,0.008586,4,2024-12-13 10:05:35,Medium,True,Good
4531,295,4,8,484,489,3501,0.002537,3,2024-11-05 13:15:48,Simple,True,Good
4532,97,5,7,1158,1021,1332,0.003329,5,2024-10-14 01:17:21,Medium,False,Good
4533,268,3,5,942,1076,1930,0.007194,2,2024-10-13 02:28:20,Medium,True,Fair
4534,165,1,7,2676,2903,3069,0.029752,4,2024-12-21 19:21:18,Complex,True,Excellent
4535,72,5,2,390,547,2140,0.001661,5,2024-11-05 15:12:20,Medium,False,Good
4536,213,4,6,3863,3684,787,0.020174,4,2024-12-30 01:17:15,Complex,True,Good
4537,76,3,6,681,613,1978,0.004507,3,2024-11-23 23:02:33,Medium,True,Good
4538,192,3,3,840,816,750,0.006046,5,2024-10-31 23:53:26,Medium,False,Good
4539,21,4,6,1160,997,5056,0.00522,3,2024-10-19 07:15:27,Medium,True,Good
4540,131,1,7,447,654,1034,0.006433,1,2024-12-09 20:28:24,Medium,True,Fair
4541,264,4,5,205,264,4118,0.001405,2,2024-12-26 14:24:08,Simple,True,Fair
4542,232,4,3,132,121,2737,0.000578,4,2024-12-06 17:05:05,Simple,True,Good
4543,12,5,3,856,1281,2284,0.003963,4,2024-10-15 17:23:43,Medium,True,Good
4544,81,1,5,258,418,4353,0.004251,5,2024-12-11 18:53:48,Simple,True,Excellent
4545,162,4,5,611,748,2477,0.003827,5,2024-12-12 18:44:32,Medium,True,Good
4546,228,2,1,884,794,2913,0.006227,4,2024-12-09 17:18:07,Medium,True,Excellent
4547,52,3,7,964,1069,3766,0.00703,5,2024-10-11 20:36:11,Medium,True,Good
4548,89,4,2,256,378,1679,0.001843,4,2024-11-04 16:27:55,Simple,True,Good
4549,166,2,7,558,624,2540,0.005091,2,2024-11-30 04:09:26,Medium,False,Fair
4550,96,1,2,622,690,3894,0.006329,3,2024-10-23 12:31:29,Medium,True,Good
4551,80,1,9,216,263,913,0.00283,2,2024-11-27 03:42:59,Simple,True,Fair
4552,285,3,8,253,419,1112,0.002712,4,2024-12-08 14:50:58,Simple,True,Good
4553,141,4,4,443,594,1371,0.002936,5,2024-12-21 13:44:58,Medium,True,Good
4554,218,5,9,2239,2317,3843,0.00703,4,2024-10-22 13:53:53,Complex,True,Good
4555,75,1,4,1800,1509,2462,0.015112,5,2024-11-05 04:01:45,Medium,True,Excellent
4556,285,5,6,443,543,2206,0.001473,3,2024-10-24 18:53:19,Medium,True,Good
4557,146,1,4,254,267,2000,0.002645,4,2024-11-02 20:10:50,Simple,True,Excellent
4558,61,5,2,430,381,1454,0.001159,3,2024-12-12 18:13:30,Simple,False,Good
4559,254,4,4,755,752,2676,0.0038,5,2024-11-13 13:11:18,Medium,True,Good
4560,196,4,6,2946,4000,2101,0.020548,3,2024-11-24 06:30:08,Complex,True,Good
4561,210,3,7,1481,1396,500,0.010661,5,2024-11-29 10:56:45,Medium,True,Good
4562,88,3,3,588,851,883,0.006462,2,2024-12-16 10:33:18,Medium,False,Fair
4563,88,5,2,251,284,1264,0.000794,4,2024-11-18 22:11:01,Simple,True,Good
4564,213,2,6,571,540,4121,0.003947,3,2024-11-29 19:29:06,Medium,True,Good
4565,227,5,7,1083,1079,3228,0.003183,4,2024-11-22 21:30:52,Medium,True,Good
4566,299,3,5,394,639,9315,0.004733,4,2024-11-28 05:03:23,Medium,True,Good
4567,171,2,2,291,280,3042,0.002367,2,2024-10-15 18:54:22,Simple,False,Fair
4568,251,4,8,805,705,941,0.003569,4,2024-10-18 14:19:48,Medium,True,Good
4569,103,4,2,1484,1563,2393,0.007222,3,2024-11-21 03:55:40,Medium,True,Good
4570,188,2,8,331,349,2039,0.003042,5,2024-10-09 23:17:22,Simple,True,Excellent
4571,40,1,9,363,520,1861,0.005648,2,2024-10-12 06:03:41,Medium,True,Fair
4572,165,2,8,713,922,657,0.007899,5,2024-11-24 07:25:15,Medium,True,Excellent
4573,51,4,1,752,897,1956,0.004352,4,2024-12-20 10:57:20,Medium,True,Good
4574,137,4,1,811,1029,3065,0.005003,4,2024-11-28 11:10:59,Medium,True,Good
4575,72,2,3,644,631,1647,0.004649,4,2024-12-19 03:44:48,Medium,True,Excellent
4576,173,3,8,222,296,1282,0.002034,5,2024-11-29 08:23:08,Simple,True,Good
4577,22,1,1,2316,2338,2654,0.022517,4,2024-10-27 04:46:05,Complex,True,Excellent
4578,171,4,1,2309,2666,3155,0.012517,4,2024-11-24 08:09:40,Complex,True,Good
4579,80,3,6,366,493,1625,0.003559,4,2024-12-28 04:43:43,Simple,True,Good
4580,97,5,2,880,865,2639,0.002499,4,2024-12-01 22:12:46,Medium,True,Good
4581,244,5,9,893,913,940,0.002734,5,2024-10-06 05:18:40,Medium,True,Good
4582,151,3,8,379,454,872,0.003049,2,2024-12-03 14:13:50,Simple,False,Fair
4583,31,2,6,1092,937,2253,0.007941,4,2024-12-11 03:43:05,Medium,True,Excellent
4584,78,2,1,2790,2383,4250,0.020226,3,2024-10-15 11:37:57,Complex,True,Good
4585,247,4,9,138,189,2547,0.000994,5,2024-11-18 06:10:58,Simple,False,Good
4586,33,3,2,1357,1379,2551,0.010457,2,2024-12-25 05:31:38,Medium,False,Fair
4587,246,5,5,866,858,2051,0.002706,2,2024-12-03 09:48:21,Medium,False,Fair
4588,18,5,3,375,563,7193,0.001777,4,2024-10-23 18:58:26,Medium,False,Good
4589,165,4,9,332,379,2905,0.001794,3,2024-11-24 06:06:21,Simple,True,Good
4590,177,2,7,186,268,4025,0.002033,4,2024-11-11 16:05:45,Simple,True,Excellent
4591,62,3,9,269,276,1218,0.002117,4,2024-12-02 16:45:22,Simple,True,Good
4592,236,1,4,215,350,2080,0.003771,5,2024-12-26 14:21:30,Simple,True,Excellent
4593,278,1,7,344,477,2055,0.004841,4,2024-11-05 21:26:19,Simple,True,Excellent
4594,190,5,1,413,457,2719,0.001481,4,2024-12-21 22:48:02,Simple,True,Good
4595,101,5,3,1299,1400,2280,0.003902,4,2024-11-19 10:55:26,Medium,True,Good
4596,165,1,6,114,129,1944,0.001237,5,2024-10-06 02:44:11,Simple,True,Excellent
4597,173,5,8,407,372,1697,0.001175,3,2024-12-03 14:16:49,Simple,True,Good
4598,77,2,2,216,215,3080,0.001662,5,2024-10-15 21:04:02,Simple,False,Excellent
4599,37,1,8,780,900,1345,0.008287,5,2024-10-05 15:49:38,Medium,True,Excellent
4600,258,4,5,913,1273,1098,0.006767,3,2024-10-02 17:15:34,Medium,True,Good
4601,241,4,2,588,899,3374,0.004169,3,2024-10-21 10:57:32,Medium,False,Good
4602,263,2,8,342,457,2951,0.003583,5,2024-12-24 13:51:08,Simple,True,Excellent
4603,113,3,7,1296,1194,2029,0.009183,4,2024-11-10 17:58:12,Medium,True,Good
4604,71,4,6,366,606,4276,0.002759,4,2024-12-21 18:39:05,Medium,True,Good
4605,129,2,6,322,279,1865,0.002028,5,2024-10-02 23:59:07,Simple,True,Excellent
4606,130,3,5,1106,1160,3270,0.007331,4,2024-12-29 15:02:06,Medium,True,Good
4607,8,2,8,748,766,4843,0.005993,5,2024-11-17 13:57:05,Medium,True,Excellent
4608,12,3,1,527,586,2387,0.003734,3,2024-11-07 05:18:35,Medium,False,Good
4609,99,5,5,1116,997,680,0.003088,5,2024-11-25 19:51:52,Medium,True,Good
4610,60,2,8,254,265,3423,0.001973,5,2024-12-03 23:55:02,Simple,False,Excellent
4611,205,5,4,560,547,3752,0.001677,4,2024-11-09 16:29:53,Medium,True,Good
4612,250,3,1,161,257,3076,0.001938,5,2024-11-12 05:47:45,Simple,True,Good
4613,185,4,3,121,168,2781,0.00091,4,2024-11-16 17:16:29,Simple,False,Good
4614,168,4,3,1416,1331,1566,0.007101,4,2024-10-16 22:37:51,Medium,True,Good
4615,80,1,5,522,663,4444,0.006539,4,2024-11-29 10:23:44,Medium,True,Excellent
4616,249,2,1,994,1074,811,0.009176,5,2024-11-04 09:43:09,Medium,True,Excellent
4617,28,5,1,647,1021,2077,0.00295,4,2024-11-01 06:40:20,Medium,True,Good
4618,204,4,5,78,102,1745,0.000549,4,2024-10-08 21:53:39,Simple,False,Good
4619,223,1,8,951,1128,782,0.01055,4,2024-12-09 13:04:02,Medium,True,Excellent
4620,46,4,7,1855,2478,3753,0.013135,4,2024-11-23 05:07:27,Complex,False,Good
4621,18,1,8,382,609,971,0.006404,3,2024-12-12 17:10:34,Medium,True,Good
4622,223,5,8,1979,2530,985,0.007315,5,2024-11-04 08:35:26,Complex,True,Good
4623,185,1,8,670,585,1697,0.006278,3,2024-11-04 13:16:48,Medium,False,Good
4624,46,2,9,237,313,1734,0.002482,3,2024-11-08 07:48:49,Simple,True,Good
4625,178,4,8,571,491,4250,0.002386,3,2024-11-21 13:48:52,Simple,True,Good
4626,290,3,9,803,924,1794,0.006112,4,2024-11-25 02:08:04,Medium,False,Good
4627,66,5,6,240,287,1509,0.000886,3,2024-11-21 20:15:41,Simple,True,Good
4628,121,2,6,284,250,1203,0.002179,3,2024-11-20 20:37:20,Simple,False,Good
4629,109,5,3,113,128,1895,0.000388,3,2024-10-03 00:38:05,Simple,True,Good
4630,189,3,9,436,629,1391,0.004588,5,2024-11-01 08:57:06,Medium,False,Good
4631,68,4,5,245,242,1597,0.001118,5,2024-11-27 15:36:40,Simple,False,Good
4632,235,5,8,836,981,2117,0.002941,2,2024-10-06 02:30:47,Medium,False,Fair
4633,80,1,3,655,834,1400,0.008962,4,2024-10-24 08:14:04,Medium,True,Excellent
4634,109,4,7,447,721,3217,0.003706,4,2024-10-08 00:03:06,Medium,True,Good
4635,43,3,4,689,653,2930,0.004406,4,2024-12-24 23:07:12,Medium,True,Good
4636,118,5,3,444,517,1166,0.001624,4,2024-10-05 04:29:34,Medium,False,Good
4637,192,5,1,471,447,916,0.001431,5,2024-12-18 09:24:39,Simple,True,Good
4638,135,1,8,1281,1189,2539,0.011182,2,2024-12-12 22:39:21,Medium,True,Fair
4639,42,5,8,410,619,1280,0.001965,2,2024-11-23 08:52:00,Medium,True,Fair
4640,130,5,7,220,277,803,0.000823,3,2024-11-23 18:21:17,Simple,True,Good
4641,147,5,5,2286,2142,1272,0.005785,4,2024-11-15 17:22:48,Complex,False,Good
4642,280,4,7,278,385,1069,0.001747,4,2024-10-09 14:27:50,Simple,True,Good
4643,113,2,9,787,769,816,0.006073,4,2024-12-22 15:15:40,Medium,True,Excellent
4644,253,4,1,1857,1562,4400,0.008236,4,2024-11-22 09:08:06,Medium,True,Good
4645,279,1,7,187,214,1874,0.00202,2,2024-10-27 22:10:37,Simple,True,Fair
4646,156,4,6,455,442,1663,0.002373,5,2024-12-01 18:13:46,Simple,False,Good
4647,64,1,7,898,1171,1392,0.011386,4,2024-10-08 09:47:31,Medium,True,Excellent
4648,274,4,4,613,766,2003,0.004044,4,2024-11-05 15:25:33,Medium,True,Good
4649,234,5,8,712,715,739,0.002202,4,2024-12-08 23:04:11,Medium,False,Good
4650,120,2,9,268,362,5511,0.003068,5,2024-12-07 02:14:11,Simple,True,Excellent
4651,175,2,4,660,643,3837,0.005539,3,2024-11-20 13:29:39,Medium,False,Good
4652,14,2,9,309,335,2223,0.002751,4,2024-11-08 22:20:27,Simple,True,Excellent
4653,139,2,6,342,395,3953,0.003167,5,2024-12-03 20:35:58,Simple,True,Excellent
4654,200,1,2,337,355,993,0.003294,4,2024-11-09 21:53:40,Simple,True,Excellent
4655,163,4,3,307,292,1107,0.001443,4,2024-12-02 08:16:58,Simple,True,Good
4656,204,2,5,592,614,1124,0.005155,5,2024-12-01 13:45:18,Medium,True,Excellent
4657,223,5,1,342,491,1654,0.001397,1,2024-11-11 09:14:31,Simple,False,Fair
4658,48,2,9,221,217,4333,0.001749,5,2024-10-10 19:49:32,Simple,False,Excellent
4659,227,4,3,449,714,2148,0.003568,4,2024-12-10 03:17:22,Medium,True,Good
4660,175,5,8,848,968,2836,0.003109,5,2024-11-13 13:02:37,Medium,True,Good
4661,179,2,6,765,647,4318,0.005602,3,2024-10-14 16:04:48,Medium,True,Good
4662,7,4,4,856,815,2182,0.003977,4,2024-12-06 21:52:01,Medium,True,Good
4663,230,3,5,495,448,1017,0.002926,4,2024-12-23 20:46:32,Simple,False,Good
4664,43,5,6,365,472,903,0.001281,5,2024-10-28 05:33:09,Simple,True,Good
4665,50,1,9,901,1270,1472,0.012791,5,2024-10-25 11:20:23,Medium,False,Excellent
4666,139,4,1,1635,1373,992,0.006471,3,2024-10-23 11:10:14,Medium,True,Good
4667,170,1,1,829,1149,2611,0.011258,4,2024-11-09 23:04:14,Medium,True,Excellent
4668,192,2,5,726,959,1658,0.008241,4,2024-12-16 02:23:27,Medium,False,Excellent
4669,189,2,5,1346,1266,1294,0.00931,3,2024-11-18 19:20:31,Medium,False,Good
4670,27,2,1,388,509,1154,0.003698,4,2024-11-28 02:06:15,Medium,True,Excellent
4671,71,4,5,413,360,1487,0.001724,2,2024-11-30 21:46:30,Simple,True,Fair
4672,269,5,7,613,575,3224,0.001594,2,2024-10-09 20:18:03,Medium,True,Fair
4673,253,4,4,678,898,2503,0.004914,5,2024-12-15 02:05:12,Medium,True,Good
4674,29,4,8,411,527,910,0.002792,4,2024-11-26 21:23:58,Medium,False,Good
4675,202,3,3,1654,1879,3717,0.013196,5,2024-12-13 13:47:21,Medium,False,Good
4676,67,1,3,506,510,1177,0.004625,5,2024-11-03 05:49:23,Medium,True,Excellent
4677,120,5,2,156,132,1718,0.000358,4,2024-12-14 05:19:43,Simple,True,Good
4678,82,2,5,1504,1542,1388,0.013272,4,2024-10-29 19:54:26,Medium,True,Excellent
4679,234,4,6,743,885,1882,0.004761,4,2024-11-12 12:10:44,Medium,True,Good
4680,122,3,1,415,627,4007,0.003951,2,2024-12-08 10:43:32,Medium,True,Fair
4681,121,5,5,961,1585,5129,0.004793,1,2024-10-12 18:50:40,Medium,True,Fair
4682,63,1,6,901,1018,958,0.010186,4,2024-11-11 04:59:04,Medium,True,Excellent
4683,107,3,7,744,876,3073,0.006272,3,2024-11-27 08:55:37,Medium,True,Good
4684,36,2,3,635,534,1134,0.00413,5,2024-12-19 04:16:27,Medium,True,Excellent
4685,111,3,8,591,730,4963,0.004925,3,2024-12-06 15:31:24,Medium,True,Good
4686,199,1,7,1966,1650,759,0.01758,3,2024-10-04 15:54:08,Medium,True,Good
4687,65,2,2,112,167,3936,0.001445,4,2024-11-14 09:52:10,Simple,False,Excellent
4688,158,3,7,445,391,1978,0.002727,2,2024-12-25 04:07:49,Simple,True,Fair
4689,47,2,6,962,966,819,0.007807,4,2024-12-03 00:31:32,Medium,True,Excellent
4690,163,3,2,165,227,1931,0.001537,4,2024-12-07 18:29:17,Simple,True,Good
4691,180,4,3,788,687,1438,0.003217,5,2024-10-26 06:08:21,Medium,False,Good
4692,145,4,2,622,649,4650,0.00311,3,2024-11-17 13:09:48,Medium,False,Good
4693,172,3,9,653,911,1974,0.006279,4,2024-12-29 01:25:02,Medium,True,Good
4694,280,1,9,488,591,1703,0.006477,4,2024-12-29 17:33:12,Medium,True,Excellent
4695,49,3,5,916,1428,577,0.010448,4,2024-10-29 16:06:25,Medium,False,Good
4696,142,4,1,497,760,2145,0.003509,4,2024-11-03 09:51:36,Medium,True,Good
4697,27,2,5,171,153,1091,0.001243,5,2024-10-12 01:09:14,Simple,True,Excellent
4698,283,5,9,1718,1485,1108,0.004498,3,2024-10-10 23:06:54,Medium,False,Good
4699,275,2,7,254,407,1039,0.003221,4,2024-11-05 05:29:10,Simple,True,Excellent
4700,221,3,6,415,552,1548,0.004146,2,2024-10-16 19:11:52,Medium,True,Fair
4701,105,4,9,894,1074,3060,0.005328,3,2024-12-15 06:20:52,Medium,False,Good
4702,257,4,5,611,542,993,0.002709,4,2024-12-28 03:43:21,Medium,True,Good
4703,17,4,7,497,655,1509,0.003312,4,2024-11-07 18:38:32,Medium,True,Good
4704,43,4,1,440,470,4382,0.002142,3,2024-10-02 12:41:40,Simple,True,Good
4705,44,5,1,310,261,2003,0.000742,5,2024-12-30 15:32:52,Simple,True,Good
4706,87,5,1,1440,1676,1325,0.005019,3,2024-11-04 23:51:28,Medium,True,Good
4707,34,4,3,518,627,4486,0.002868,4,2024-12-25 19:15:28,Medium,True,Good
4708,10,3,7,635,588,858,0.004503,5,2024-11-02 04:38:17,Medium,True,Good
4709,66,4,5,278,276,3923,0.001404,2,2024-12-10 17:50:49,Simple,True,Fair
4710,180,1,6,1241,1621,2117,0.016893,4,2024-12-06 14:26:16,Medium,True,Excellent
4711,35,4,8,1070,1610,2161,0.008692,2,2024-10-10 11:28:44,Medium,True,Fair
4712,59,1,4,330,414,1435,0.003781,4,2024-12-15 07:28:31,Simple,True,Excellent
4713,73,4,5,932,1406,2620,0.006413,3,2024-12-13 08:09:48,Medium,False,Good
4714,72,3,7,666,613,815,0.004606,3,2024-12-12 04:17:54,Medium,False,Good
4715,136,4,4,1580,1403,1509,0.006543,4,2024-11-29 13:11:58,Medium,True,Good
4716,282,5,4,1572,1427,2258,0.004096,3,2024-11-25 16:11:48,Medium,False,Good
4717,287,2,5,632,669,1545,0.004885,5,2024-12-19 21:30:46,Medium,True,Excellent
4718,157,4,9,383,596,1647,0.002688,2,2024-11-19 23:43:40,Medium,True,Fair
4719,15,1,9,194,171,2421,0.001868,5,2024-11-07 06:05:15,Simple,True,Excellent
4720,77,5,2,934,1005,1069,0.003128,4,2024-10-24 12:30:03,Medium,False,Good
4721,171,1,6,1748,1751,4438,0.017724,2,2024-10-29 07:19:07,Medium,True,Fair
4722,2,3,4,794,765,1376,0.005227,4,2024-12-14 23:01:35,Medium,True,Good
4723,149,1,5,288,317,1612,0.00336,4,2024-12-29 23:33:14,Simple,True,Excellent
4724,194,3,2,192,221,1640,0.001624,3,2024-10-30 05:58:46,Simple,True,Good
4725,14,5,1,1088,971,1647,0.003114,3,2024-11-24 20:58:52,Medium,True,Good
4726,15,4,7,750,749,812,0.003925,4,2024-11-05 19:47:36,Medium,True,Good
4727,18,4,4,344,523,1358,0.002696,4,2024-12-03 00:54:36,Medium,True,Good
4728,71,5,6,183,164,2475,0.000471,4,2024-10-01 21:09:33,Simple,True,Good
4729,67,4,9,848,793,1063,0.004274,5,2024-10-25 18:42:53,Medium,False,Good
4730,160,4,2,566,483,1390,0.002328,3,2024-10-06 18:49:45,Simple,True,Good
4731,5,2,5,755,915,2069,0.007341,3,2024-11-04 07:30:24,Medium,True,Good
4732,139,5,7,516,618,2553,0.001769,5,2024-12-21 22:13:45,Medium,True,Good
4733,3,2,4,475,666,1264,0.005693,4,2024-10-30 16:43:55,Medium,True,Excellent
4734,295,3,8,238,224,1638,0.001556,5,2024-11-24 13:15:07,Simple,True,Good
4735,249,2,6,238,341,3030,0.002901,4,2024-12-21 16:01:46,Simple,True,Excellent
4736,293,1,8,298,267,3655,0.002654,5,2024-12-15 07:31:10,Simple,True,Excellent
4737,66,4,8,923,814,1325,0.00413,5,2024-12-06 07:54:40,Medium,True,Good
4738,45,3,8,1096,1318,952,0.009072,3,2024-11-25 14:23:56,Medium,False,Good
4739,56,4,7,337,347,5559,0.0018,5,2024-12-22 05:11:44,Simple,False,Good
4740,22,2,5,313,310,500,0.002347,3,2024-11-10 00:55:31,Simple,True,Good
4741,220,5,8,378,526,1015,0.001675,4,2024-10-26 05:48:33,Medium,True,Good
4742,77,1,3,904,1119,1363,0.01175,5,2024-10-23 14:13:56,Medium,True,Excellent
4743,174,2,2,853,851,3567,0.00706,4,2024-10-10 09:30:16,Medium,True,Excellent
4744,72,2,8,294,328,3052,0.002475,4,2024-10-13 16:21:02,Simple,True,Excellent
4745,35,5,7,177,274,1230,0.000899,5,2024-12-24 05:34:48,Simple,True,Good
4746,16,1,6,473,437,3342,0.00411,4,2024-11-01 22:41:05,Simple,True,Excellent
4747,107,3,5,1156,1120,714,0.007246,5,2024-11-21 09:04:01,Medium,False,Good
4748,299,4,2,153,175,4075,0.000812,3,2024-11-09 19:09:50,Simple,False,Good
4749,207,3,1,542,621,1270,0.004104,4,2024-12-05 17:50:47,Medium,False,Good
4750,223,1,2,1075,1482,3067,0.014653,5,2024-10-30 14:33:55,Medium,True,Excellent
4751,221,1,1,298,430,5575,0.003901,4,2024-11-22 01:29:48,Simple,True,Excellent
4752,87,2,6,307,298,2759,0.002538,2,2024-10-01 00:49:16,Simple,False,Fair
4753,17,5,2,138,145,1344,0.00045,5,2024-10-03 05:27:52,Simple,True,Good
4754,155,4,6,690,959,2936,0.005189,5,2024-12-10 22:45:39,Medium,True,Good
4755,245,3,9,205,203,1948,0.001354,4,2024-11-02 02:04:23,Simple,True,Good
4756,90,3,1,741,829,2966,0.005417,4,2024-11-17 00:49:47,Medium,True,Good
4757,198,1,5,96,160,1291,0.001638,4,2024-12-25 05:20:20,Simple,True,Excellent
4758,224,3,6,177,277,1622,0.00205,5,2024-12-14 00:23:42,Simple,True,Good
4759,11,1,4,229,196,3006,0.002047,5,2024-12-15 16:16:45,Simple,True,Excellent
4760,264,4,1,1418,1489,2917,0.007261,4,2024-10-13 15:03:56,Medium,True,Good
4761,86,2,6,885,1195,2705,0.009919,4,2024-12-11 16:16:25,Medium,False,Excellent
4762,183,4,4,2319,1950,3009,0.01003,2,2024-11-13 09:33:48,Medium,True,Fair
4763,269,2,3,502,694,1651,0.005501,4,2024-10-14 21:48:25,Medium,True,Excellent
4764,222,5,7,2101,2480,3530,0.007431,2,2024-12-22 23:03:55,Complex,True,Fair
4765,277,3,4,784,804,1725,0.005435,5,2024-11-28 23:13:19,Medium,True,Good
4766,262,2,9,293,407,4179,0.002956,4,2024-12-10 09:42:06,Simple,True,Excellent
4767,72,5,2,2169,1966,905,0.005493,5,2024-11-21 02:43:26,Medium,True,Good
4768,196,5,8,671,742,2074,0.002073,5,2024-11-30 21:26:40,Medium,True,Good
4769,250,5,9,1335,1653,2152,0.005107,3,2024-10-13 12:35:20,Medium,True,Good
4770,170,5,5,1609,1968,1334,0.006246,2,2024-10-18 20:44:33,Medium,True,Fair
4771,145,3,6,328,362,2087,0.002756,5,2024-10-26 04:53:47,Simple,True,Good
4772,28,2,9,286,314,1857,0.002362,3,2024-11-24 02:35:41,Simple,False,Good
4773,70,5,6,218,193,1854,0.000627,5,2024-12-04 00:18:49,Simple,True,Good
4774,289,2,4,505,624,2699,0.005315,4,2024-11-01 03:39:31,Medium,True,Excellent
4775,204,4,8,859,928,1192,0.004313,4,2024-11-06 09:27:04,Medium,True,Good
4776,78,3,3,385,345,1761,0.002587,5,2024-11-24 17:08:46,Simple,True,Good
4777,99,1,5,433,673,1542,0.006532,5,2024-10-10 21:47:03,Medium,True,Excellent
4778,256,1,6,958,971,2291,0.010614,2,2024-12-03 11:59:30,Medium,False,Fair
4779,178,5,3,627,525,3667,0.001725,3,2024-11-21 20:24:07,Medium,True,Good
4780,22,4,6,2730,2411,1989,0.011413,4,2024-11-10 20:10:50,Complex,False,Good
4781,249,5,3,351,531,3548,0.001473,4,2024-10-07 15:29:05,Medium,True,Good
4782,293,4,8,221,222,1895,0.001117,4,2024-10-20 06:44:00,Simple,True,Good
4783,67,2,6,214,251,2581,0.002189,4,2024-10-26 06:54:37,Simple,True,Excellent
4784,62,4,7,1014,1472,1944,0.007207,4,2024-10-27 19:51:05,Medium,True,Good
4785,26,5,2,256,405,5556,0.001096,4,2024-11-15 07:54:21,Simple,True,Good
4786,222,3,4,1298,1772,3530,0.011722,2,2024-11-08 00:35:47,Medium,False,Fair
4787,179,1,7,421,373,1628,0.003965,2,2024-11-15 11:06:03,Simple,True,Fair
4788,132,3,4,371,473,1157,0.003259,4,2024-10-28 10:01:48,Simple,False,Good
4789,278,5,3,437,394,2205,0.001104,4,2024-11-20 06:08:24,Simple,True,Good
4790,153,1,1,1016,960,724,0.00964,4,2024-10-13 07:12:45,Medium,True,Excellent
4791,269,4,1,394,479,3183,0.002502,3,2024-12-20 01:27:47,Simple,True,Good
4792,278,2,8,309,502,3415,0.003836,5,2024-11-21 23:59:02,Medium,True,Excellent
4793,170,3,5,1571,1331,2906,0.009192,4,2024-10-26 12:25:25,Medium,True,Good
4794,38,1,8,463,682,2845,0.006714,4,2024-12-18 04:12:55,Medium,True,Excellent
4795,2,4,3,341,368,2089,0.002008,5,2024-12-20 16:35:39,Simple,True,Good
4796,191,3,9,537,501,3144,0.003278,4,2024-10-06 12:58:25,Medium,True,Good
4797,91,4,5,477,786,2408,0.004033,3,2024-11-24 04:49:10,Medium,True,Good
4798,193,2,3,3037,3474,828,0.025022,2,2024-10-31 02:35:21,Complex,False,Fair
4799,123,1,1,363,358,1726,0.003391,3,2024-11-20 22:00:47,Simple,False,Good
4800,263,3,1,1266,1691,2690,0.012673,5,2024-10-31 21:10:40,Medium,True,Good
4801,266,4,5,434,495,3368,0.002241,4,2024-10-02 12:05:53,Simple,True,Good
4802,147,3,4,166,172,1243,0.001115,5,2024-11-14 03:45:52,Simple,True,Good
4803,48,4,1,222,296,2859,0.001578,2,2024-12-03 22:37:27,Simple,True,Fair
4804,148,2,5,501,745,3136,0.005864,3,2024-12-11 06:50:56,Medium,False,Good
4805,166,4,9,179,202,3086,0.001072,5,2024-12-08 23:02:19,Simple,True,Good
4806,216,4,9,315,335,1280,0.001677,2,2024-10-02 04:56:09,Simple,True,Fair
4807,69,3,1,293,470,1970,0.003008,4,2024-11-21 20:10:33,Simple,True,Good
4808,174,3,1,1565,2235,2299,0.014599,1,2024-11-02 19:51:40,Complex,True,Fair
4809,231,2,6,651,961,1934,0.008195,4,2024-12-15 14:23:30,Medium,True,Excellent
4810,215,2,8,592,848,981,0.007111,4,2024-12-22 01:12:41,Medium,True,Excellent
4811,216,4,8,1379,1484,1535,0.006826,3,2024-10-27 21:50:56,Medium,True,Good
4812,292,3,4,744,720,1500,0.004587,4,2024-10-03 02:36:39,Medium,False,Good
4813,1,1,8,261,368,2465,0.003355,4,2024-12-09 01:47:55,Simple,True,Excellent
4814,8,2,8,888,927,1490,0.008136,5,2024-10-08 09:06:15,Medium,True,Excellent
4815,27,2,4,770,723,500,0.005909,2,2024-12-21 12:50:07,Medium,False,Fair
4816,60,1,4,186,257,2587,0.00267,5,2024-11-18 12:24:06,Simple,True,Excellent
4817,91,5,3,1605,1724,1949,0.005418,4,2024-11-09 10:04:24,Medium,True,Good
4818,129,4,9,522,457,1917,0.002359,4,2024-11-09 13:00:56,Simple,True,Good
4819,288,3,8,187,158,1222,0.001192,2,2024-11-17 20:40:29,Simple,True,Fair
4820,198,5,1,439,432,2157,0.00136,2,2024-10-24 10:43:50,Simple,True,Fair
4821,117,2,8,182,171,4540,0.00138,2,2024-12-20 23:25:10,Simple,True,Fair
4822,281,3,3,487,567,1021,0.004102,5,2024-10-28 13:42:25,Medium,True,Good
4823,228,1,2,714,847,885,0.007736,5,2024-12-14 20:53:00,Medium,True,Excellent
4824,241,2,2,302,440,4697,0.003709,2,2024-12-09 09:00:18,Simple,True,Fair
4825,265,2,3,486,654,1013,0.004745,5,2024-10-05 06:50:50,Medium,True,Excellent
4826,86,5,7,182,156,1094,0.000485,5,2024-10-10 10:40:11,Simple,True,Good
4827,217,3,6,449,610,2111,0.003906,5,2024-10-19 17:16:16,Medium,True,Good
4828,163,3,3,538,566,2402,0.004344,4,2024-10-21 07:36:14,Medium,False,Good
4829,276,5,1,190,203,2482,0.000566,2,2024-10-09 01:47:34,Simple,True,Fair
4830,33,2,1,887,956,1750,0.007934,2,2024-10-20 04:54:40,Medium,True,Fair
4831,27,4,1,441,551,1411,0.00259,4,2024-11-10 18:31:08,Medium,True,Good
4832,281,1,6,364,502,1074,0.005138,5,2024-10-02 12:37:28,Medium,True,Excellent
4833,43,1,8,1088,1167,4452,0.010618,4,2024-10-11 04:08:03,Medium,False,Excellent
4834,147,4,9,226,306,3792,0.001623,5,2024-11-24 16:06:59,Simple,True,Good
4835,142,1,6,383,377,1808,0.003486,2,2024-10-24 15:27:09,Simple,True,Fair
4836,219,5,7,115,101,500,0.000281,2,2024-11-28 18:20:39,Simple,True,Fair
4837,129,3,5,2150,2664,3114,0.019117,5,2024-11-26 03:26:15,Complex,True,Good
4838,28,2,2,678,701,2038,0.005233,2,2024-12-26 06:01:22,Medium,True,Fair
4839,69,3,9,384,620,848,0.004122,2,2024-10-23 15:34:29,Medium,False,Fair
4840,298,3,6,402,425,2208,0.002972,3,2024-11-25 07:09:54,Simple,True,Good
4841,110,2,1,274,242,1935,0.002064,4,2024-11-25 14:16:15,Simple,True,Excellent
4842,12,2,4,125,158,2494,0.001386,2,2024-10-27 09:04:46,Simple,True,Fair
4843,253,2,1,188,246,1363,0.001818,3,2024-12-30 12:04:57,Simple,True,Good
4844,262,5,1,432,419,1790,0.001295,5,2024-10-30 00:32:30,Simple,False,Good
4845,25,3,8,132,155,1012,0.00104,5,2024-10-16 01:06:32,Simple,True,Good
4846,267,3,6,2233,1984,6776,0.013143,4,2024-10-08 01:32:29,Medium,True,Good
4847,83,3,6,165,249,4059,0.001711,1,2024-12-20 14:46:27,Simple,True,Fair
4848,84,3,7,906,802,789,0.005482,5,2024-12-18 14:17:44,Medium,True,Good
4849,287,1,3,183,163,2293,0.001575,4,2024-10-13 22:52:42,Simple,True,Excellent
4850,186,2,3,328,481,6306,0.00423,4,2024-12-16 01:28:56,Simple,True,Excellent
4851,49,1,2,798,714,733,0.006911,2,2024-12-13 11:45:10,Medium,False,Fair
4852,288,2,6,311,338,5170,0.002465,5,2024-10-24 03:02:12,Simple,True,Excellent
4853,9,1,8,466,466,2218,0.004848,2,2024-12-12 15:38:07,Simple,True,Fair
4854,106,4,2,519,597,1117,0.003087,3,2024-10-15 05:47:39,Medium,True,Good
4855,297,5,6,310,305,630,0.000966,2,2024-11-15 16:28:27,Simple,True,Fair
4856,188,2,3,778,797,2358,0.006043,4,2024-11-08 11:40:57,Medium,False,Excellent
4857,51,3,4,190,173,2024,0.001165,4,2024-10-21 02:29:56,Simple,True,Good
4858,189,1,3,1015,853,3503,0.008815,3,2024-12-10 21:10:09,Medium,False,Good
4859,132,2,5,604,661,1652,0.005084,4,2024-12-05 21:16:24,Medium,True,Excellent
4860,47,1,6,702,616,1220,0.006245,4,2024-10-12 02:58:21,Medium,True,Excellent
4861,289,3,5,406,412,570,0.002707,2,2024-11-17 21:24:36,Simple,True,Fair
4862,163,1,4,327,512,708,0.005119,4,2024-12-21 01:18:31,Medium,False,Excellent
4863,278,3,9,507,600,1216,0.00409,5,2024-10-09 11:54:01,Medium,False,Good
4864,10,4,6,913,863,1218,0.004482,3,2024-11-23 20:23:32,Medium,False,Good
4865,284,4,9,570,647,1898,0.003048,4,2024-12-23 12:17:59,Medium,True,Good
4866,189,2,3,823,690,1754,0.005786,5,2024-10-21 06:57:13,Medium,True,Excellent
4867,115,1,1,733,908,1799,0.009675,3,2024-10-05 20:32:11,Medium,False,Good
4868,126,1,6,920,898,2680,0.009598,3,2024-11-15 04:22:43,Medium,True,Good
4869,183,4,1,661,1016,1245,0.005493,5,2024-10-21 00:13:13,Medium,True,Good
4870,252,5,9,107,123,675,0.000362,3,2024-11-12 16:45:13,Simple,True,Good
4871,27,1,6,902,1083,1348,0.009815,2,2024-10-07 02:36:11,Medium,True,Fair
4872,127,2,8,2182,2597,3916,0.022778,3,2024-11-29 01:57:02,Complex,False,Good
4873,54,4,2,151,234,4011,0.001156,3,2024-10-03 12:48:59,Simple,True,Good
4874,108,3,6,656,650,892,0.004631,4,2024-11-03 05:50:08,Medium,True,Good
4875,58,5,6,991,1235,3382,0.003387,3,2024-11-17 01:15:57,Medium,True,Good
4876,207,1,2,267,255,1900,0.002478,1,2024-11-03 02:18:11,Simple,True,Fair
4877,197,4,4,779,839,1153,0.004569,4,2024-10-13 13:14:29,Medium,True,Good
4878,62,3,6,1553,2031,2097,0.01479,3,2024-10-06 19:38:50,Complex,False,Good
4879,220,3,7,1330,1361,1650,0.009876,4,2024-11-27 08:19:09,Medium,True,Good
4880,14,4,4,1271,1449,1135,0.007364,4,2024-11-06 02:16:28,Medium,True,Good
4881,210,3,6,86,112,1711,0.000806,5,2024-11-24 21:16:57,Simple,False,Good
4882,223,2,1,562,564,2540,0.004364,3,2024-11-25 23:14:27,Medium,False,Good
4883,1,3,4,803,1022,915,0.007186,4,2024-11-02 05:15:29,Medium,True,Good
4884,169,4,1,588,852,3621,0.004147,5,2024-10-29 22:43:10,Medium,True,Good
4885,264,4,7,181,271,5127,0.00125,4,2024-11-07 18:32:23,Simple,True,Good
4886,272,4,5,381,342,2568,0.001744,1,2024-12-16 16:25:33,Simple,True,Fair
4887,38,1,3,410,365,696,0.003815,4,2024-12-17 16:19:58,Simple,True,Excellent
4888,201,3,8,436,614,2899,0.004023,4,2024-12-16 04:43:43,Medium,False,Good
4889,204,1,2,666,652,2347,0.006552,3,2024-10-23 20:51:29,Medium,True,Good
4890,247,1,7,1983,2115,2964,0.021747,4,2024-10-22 11:13:14,Complex,True,Excellent
4891,71,5,9,843,1167,1261,0.003448,5,2024-12-01 07:08:16,Medium,False,Good
4892,260,2,6,526,780,2474,0.006204,4,2024-11-24 18:26:38,Medium,True,Excellent
4893,228,1,7,379,555,2375,0.005864,5,2024-11-25 16:39:25,Medium,True,Excellent
4894,279,5,9,299,268,2013,0.00085,4,2024-10-08 08:56:14,Simple,True,Good
4895,289,4,7,1599,2208,1682,0.011218,4,2024-10-23 05:46:55,Complex,True,Good
4896,42,5,8,397,450,1588,0.001348,5,2024-10-15 22:39:39,Simple,False,Good
4897,221,2,1,129,189,1733,0.001538,5,2024-12-11 06:18:52,Simple,True,Excellent
4898,61,4,2,319,408,1442,0.00223,4,2024-10-29 02:45:39,Simple,True,Good
4899,192,1,9,976,1292,1664,0.012757,4,2024-11-02 04:29:50,Medium,True,Excellent
4900,129,1,3,1478,1833,2867,0.018074,3,2024-12-20 07:23:45,Medium,True,Good
4901,91,2,2,1116,1186,1616,0.008679,5,2024-12-06 20:40:49,Medium,True,Excellent
4902,229,2,6,390,386,3748,0.00288,4,2024-12-16 06:59:35,Simple,True,Excellent
4903,116,1,8,148,133,2660,0.00128,4,2024-12-02 05:01:11,Simple,True,Excellent
4904,38,5,2,248,243,1542,0.000774,4,2024-10-28 06:43:39,Simple,False,Good
4905,88,4,1,497,737,1231,0.003455,2,2024-11-14 11:06:17,Medium,False,Fair
4906,4,2,1,841,914,1774,0.006963,3,2024-10-22 08:28:56,Medium,True,Good
4907,136,4,2,311,272,4071,0.001435,4,2024-11-23 22:19:54,Simple,True,Good
4908,227,2,5,806,776,1449,0.006775,4,2024-10-05 02:37:37,Medium,True,Excellent
4909,113,5,9,523,475,1577,0.001496,3,2024-10-12 04:41:51,Simple,True,Good
4910,251,4,7,756,682,1707,0.003681,4,2024-11-10 15:28:40,Medium,True,Good
4911,18,4,4,239,239,5030,0.001266,4,2024-10-25 06:15:47,Simple,True,Good
4912,12,3,7,1587,1500,3403,0.009669,4,2024-12-17 19:41:58,Medium,False,Good
4913,132,5,2,428,500,1907,0.001468,4,2024-11-27 16:30:30,Medium,True,Good
4914,251,1,1,1505,1292,3390,0.01401,3,2024-12-26 11:17:12,Medium,True,Good
4915,171,4,7,1777,1729,2546,0.008048,5,2024-10-14 11:16:37,Medium,True,Good
4916,152,2,8,447,641,886,0.005001,5,2024-10-03 03:51:28,Medium,True,Excellent
4917,56,3,8,120,192,1806,0.00131,2,2024-11-09 13:50:31,Simple,False,Fair
4918,166,3,1,558,719,1186,0.0052,5,2024-11-22 05:48:10,Medium,True,Good
4919,105,1,7,404,647,2909,0.006897,2,2024-11-10 23:11:26,Medium,True,Fair
4920,31,2,4,248,405,5584,0.003066,4,2024-12-25 17:25:31,Simple,True,Excellent
4921,78,5,8,596,651,2514,0.001996,4,2024-10-05 15:44:14,Medium,True,Good
4922,23,5,4,611,585,952,0.001769,3,2024-12-13 21:01:52,Medium,True,Good
4923,89,2,5,876,745,3205,0.005393,4,2024-11-06 03:05:24,Medium,True,Excellent
4924,231,4,1,876,1237,3247,0.00625,5,2024-11-24 10:37:01,Medium,False,Good
4925,81,1,7,988,1381,1644,0.012759,4,2024-11-29 21:42:32,Medium,True,Excellent
4926,194,5,5,185,213,1791,0.000634,4,2024-12-27 13:17:33,Simple,True,Good
4927,14,1,6,1106,973,1872,0.009725,4,2024-12-10 15:55:06,Medium,True,Excellent
4928,157,1,3,156,132,1302,0.00123,5,2024-12-17 10:10:56,Simple,True,Excellent
4929,67,5,4,100,159,3425,0.000507,3,2024-10-08 12:51:09,Simple,False,Good
4930,226,5,8,700,594,1552,0.001917,3,2024-11-14 21:17:12,Medium,True,Good
4931,173,3,4,593,630,1484,0.004146,3,2024-11-29 08:24:03,Medium,False,Good
4932,139,4,8,1491,1735,3446,0.007993,4,2024-12-24 19:21:18,Medium,True,Good
4933,130,3,4,248,358,4230,0.002292,5,2024-11-23 10:54:07,Simple,True,Good
4934,91,4,2,458,620,1731,0.003026,4,2024-11-25 13:28:11,Medium,False,Good
4935,177,4,5,234,308,1271,0.001424,5,2024-11-26 04:30:42,Simple,True,Good
4936,155,2,9,1173,1130,6193,0.008767,4,2024-12-05 13:53:32,Medium,True,Excellent
4937,227,4,1,427,464,2857,0.002521,5,2024-11-25 08:19:47,Simple,True,Good
4938,158,5,8,424,427,1728,0.001262,5,2024-12-10 20:14:37,Simple,True,Good
4939,113,4,8,245,278,1822,0.001525,4,2024-10-05 00:51:09,Simple,True,Good
4940,295,4,4,773,1107,3860,0.005156,2,2024-12-01 19:40:55,Medium,False,Fair
4941,253,4,3,182,164,502,0.000859,5,2024-12-28 17:10:16,Simple,True,Good
4942,57,2,4,547,536,2566,0.004145,1,2024-10-02 10:33:52,Medium,True,Fair
4943,203,3,2,1042,1326,1511,0.01011,3,2024-12-02 08:09:09,Medium,False,Good
4944,162,2,4,221,217,2300,0.001631,5,2024-11-26 11:25:27,Simple,False,Excellent
4945,267,2,6,752,904,1529,0.007103,3,2024-10-07 07:09:33,Medium,False,Good
4946,79,1,3,177,199,1009,0.001969,4,2024-11-09 17:43:58,Simple,True,Excellent
4947,212,5,9,998,944,3166,0.002993,3,2024-11-30 01:35:43,Medium,True,Good
4948,45,1,5,747,676,3578,0.006877,4,2024-12-27 16:56:27,Medium,True,Excellent
4949,244,1,7,1420,1196,1660,0.012253,3,2024-10-31 08:48:34,Medium,True,Good
4950,79,2,6,239,321,1552,0.002573,4,2024-11-13 15:23:18,Simple,True,Excellent
4951,278,5,8,983,1042,1136,0.003243,3,2024-12-08 13:14:43,Medium,True,Good
4952,23,3,9,463,622,1348,0.004469,2,2024-11-22 17:18:47,Medium,True,Fair
4953,265,4,1,384,338,2616,0.001538,4,2024-12-12 02:04:36,Simple,True,Good
4954,34,4,4,402,548,2899,0.002616,3,2024-10-10 10:49:43,Medium,True,Good
4955,75,5,3,294,295,605,0.000819,3,2024-12-03 19:03:48,Simple,True,Good
4956,249,4,2,372,523,1430,0.002493,3,2024-10-03 10:54:11,Medium,True,Good
4957,70,4,9,572,531,2584,0.002837,5,2024-10-10 07:04:11,Medium,True,Good
4958,239,1,9,1762,2372,600,0.022348,4,2024-11-27 15:12:20,Complex,True,Excellent
4959,108,5,4,705,883,621,0.0028,4,2024-10-25 13:38:01,Medium,True,Good
4960,25,3,6,307,374,548,0.002836,5,2024-12-24 18:53:03,Simple,False,Good
4961,236,4,8,952,872,1443,0.004228,4,2024-12-06 18:01:36,Medium,True,Good
4962,92,1,8,449,492,970,0.004516,2,2024-11-06 13:08:43,Simple,True,Fair
4963,229,4,2,2291,3553,1450,0.01748,1,2024-12-04 02:07:44,Complex,False,Fair
4964,29,1,8,750,1197,1081,0.011382,4,2024-10-27 15:32:34,Medium,True,Excellent
4965,226,5,9,320,326,1466,0.000965,5,2024-12-03 20:04:12,Simple,True,Good
4966,26,2,9,482,708,987,0.005814,2,2024-12-08 01:25:27,Medium,True,Fair
4967,169,3,1,423,483,3788,0.003221,5,2024-10-01 19:25:52,Simple,True,Good
4968,60,5,7,491,446,2968,0.00144,2,2024-11-27 17:31:15,Simple,True,Fair
4969,178,5,4,1242,1579,1017,0.004372,1,2024-12-07 05:26:18,Medium,True,Fair
4970,74,2,7,404,517,679,0.003875,4,2024-12-02 02:37:54,Medium,True,Excellent
4971,152,4,1,169,158,1200,0.000752,4,2024-10-22 11:19:44,Simple,True,Good
4972,220,1,3,653,684,2931,0.007184,2,2024-12-14 18:46:31,Medium,False,Fair
4973,183,5,4,413,553,4303,0.001671,4,2024-12-04 02:22:15,Medium,True,Good
4974,286,5,3,256,228,1386,0.000642,4,2024-11-25 18:46:34,Simple,True,Good
4975,137,4,8,877,1108,1254,0.005717,4,2024-10-14 01:29:39,Medium,False,Good
4976,230,1,1,410,463,544,0.004736,4,2024-11-15 20:00:28,Simple,True,Excellent
4977,141,4,4,401,579,4089,0.003168,5,2024-10-13 11:12:01,Medium,True,Good
4978,121,5,1,641,693,2170,0.002282,3,2024-10-21 15:55:40,Medium,True,Good
4979,285,2,9,945,1296,755,0.01114,5,2024-11-05 03:12:30,Medium,True,Excellent
4980,32,2,6,693,612,1763,0.004727,5,2024-11-21 20:47:24,Medium,True,Excellent
4981,165,5,7,1942,1743,3318,0.005191,4,2024-10-10 14:21:37,Medium,True,Good
4982,282,3,1,751,662,1248,0.004943,1,2024-10-20 15:42:36,Medium,True,Fair
4983,34,4,2,513,821,4477,0.003985,4,2024-10-23 19:19:43,Medium,True,Good
4984,36,1,3,610,521,4965,0.005471,2,2024-12-09 15:24:48,Medium,True,Fair
4985,191,5,5,1251,1785,2638,0.005234,4,2024-12-19 16:18:51,Medium,True,Good
4986,100,4,6,471,578,3006,0.003058,5,2024-11-22 00:18:33,Medium,True,Good
4987,261,3,2,652,915,1931,0.006215,4,2024-12-13 21:35:34,Medium,True,Good
4988,242,5,7,532,715,1296,0.002176,4,2024-10-04 08:56:00,Medium,False,Good
4989,18,1,1,582,761,1616,0.007545,2,2024-12-12 16:31:31,Medium,True,Fair
4990,170,3,5,1513,1316,1281,0.008951,4,2024-11-12 14:11:12,Medium,False,Good
4991,10,3,4,856,884,2970,0.005948,3,2024-10-26 10:44:40,Medium,True,Good
4992,179,1,7,513,486,546,0.004932,5,2024-11-05 02:27:17,Simple,True,Excellent
4993,190,2,8,519,811,3277,0.006704,4,2024-11-04 11:25:15,Medium,True,Excellent
4994,67,5,6,1095,1195,1923,0.003551,5,2024-10-21 05:19:15,Medium,False,Good
4995,296,1,6,837,939,2905,0.009069,4,2024-11-29 15:10:07,Medium,True,Excellent
4996,196,2,3,512,822,1857,0.006848,4,2024-10-09 10:19:59,Medium,True,Excellent
4997,257,3,5,712,614,1237,0.004096,4,2024-10-13 03:47:36,Medium,True,Good
4998,223,3,7,579,524,996,0.003729,4,2024-10-16 16:52:46,Medium,False,Good
4999,92,3,9,466,422,3306,0.003097,4,2024-12-15 19:25:44,Simple,True,Good
5000,125,5,4,365,350,1480,0.001134,4,2024-10-15 08:49:32,Simple,True,Good
