prompt_id,user_id,model_id,category_id,prompt_length,token_count,response_time_ms,estimated_cost,satisfaction_rating,created_at,prompt_complexity,task_completed,response_quality
1,219,2,2,545,498,3219,0.003642,5,2024-02-14 14:43:34,Simple,True,Excellent
2,252,2,1,2689,2296,2062,0.019148,4,2024-06-13 15:13:22,Complex,False,Excellent
3,129,4,2,462,424,6021,0.002159,2,2024-08-09 07:25:54,Simple,True,Fair
4,133,1,6,528,632,922,0.006569,4,2024-12-07 03:54:18,Medium,True,Excellent
5,393,4,1,1116,1441,678,0.007738,4,2024-07-29 08:16:25,Medium,False,Good
6,57,1,7,374,469,2306,0.005119,5,2024-02-10 11:41:58,Simple,True,Excellent
7,204,1,4,1160,977,1048,0.010506,5,2024-11-26 21:03:28,Medium,True,Excellent
8,223,2,2,433,410,2716,0.003012,1,2024-04-07 19:47:57,Simple,False,Fair
9,147,1,2,973,1078,4899,0.011848,2,2024-08-21 00:28:21,Medium,True,Fair
10,150,4,2,1062,992,1573,0.004969,3,2024-09-21 22:59:09,Medium,True,Good
11,124,1,2,824,923,1351,0.00892,4,2024-03-04 06:36:59,Medium,True,Excellent
12,178,3,3,794,1139,500,0.007716,5,2024-06-22 20:12:45,Medium,True,Good
13,375,1,6,1237,1923,861,0.017416,5,2024-02-07 11:41:58,Medium,True,Excellent
14,122,1,1,236,315,1842,0.00331,5,2024-05-27 13:23:41,Simple,False,Excellent
15,412,2,2,935,814,1155,0.006822,5,2024-03-15 02:42:36,Medium,True,Excellent
16,97,4,1,315,392,1285,0.002086,1,2024-03-03 05:43:24,Simple,True,Fair
17,399,1,1,1984,1928,979,0.020652,5,2024-07-02 19:56:09,Medium,True,Excellent
18,163,2,6,1078,1757,2514,0.015004,5,2024-01-31 00:24:28,Medium,True,Excellent
19,318,4,1,1810,1556,1291,0.007405,4,2024-10-01 15:18:23,Medium,True,Good
20,370,1,1,490,642,2093,0.006376,3,2024-09-25 08:54:59,Medium,True,Good
21,163,2,7,534,463,2655,0.003619,3,2024-05-16 11:38:59,Simple,True,Good
22,458,2,1,595,600,2677,0.004339,3,2024-10-24 00:56:01,Medium,False,Good
23,236,4,2,211,351,3232,0.001663,3,2024-09-15 10:06:15,Simple,True,Good
24,316,5,2,1115,1260,1347,0.003616,2,2024-01-13 21:13:52,Medium,False,Fair
25,221,4,8,775,718,1948,0.003285,3,2024-12-14 23:37:38,Medium,True,Good
26,313,3,1,1137,1062,2893,0.008127,5,2024-09-29 09:15:03,Medium,True,Good
27,487,4,2,977,915,4155,0.004745,3,2024-12-10 06:00:30,Medium,True,Good
28,178,5,1,492,615,6410,0.00183,3,2024-12-11 02:08:29,Medium,True,Good
29,282,2,6,559,660,780,0.004912,5,2024-10-31 22:55:44,Medium,True,Excellent
30,221,4,8,1285,1783,3224,0.008781,2,2024-01-22 21:30:26,Medium,True,Fair
31,314,2,2,1209,1685,3569,0.013444,4,2024-10-18 12:06:41,Medium,True,Excellent
32,296,4,4,607,536,1394,0.002894,4,2024-10-31 15:50:13,Medium,True,Good
33,206,5,2,1438,1218,2178,0.003432,5,2024-01-20 20:00:02,Medium,False,Good
34,51,5,3,861,873,3624,0.002408,4,2024-07-16 07:53:17,Medium,True,Good
35,110,4,6,1078,900,1406,0.004223,5,2024-08-09 06:28:41,Medium,True,Good
36,409,1,7,742,694,1639,0.006942,1,2024-05-12 08:48:46,Medium,True,Fair
37,41,4,4,1304,1830,1126,0.009161,3,2024-07-01 11:17:04,Medium,True,Good
38,282,3,1,3297,3503,1778,0.026848,4,2024-11-13 23:49:32,Complex,True,Good
39,69,1,6,551,886,10361,0.008933,4,2024-09-13 10:43:10,Medium,True,Excellent
40,222,2,1,350,516,1705,0.004237,5,2024-04-24 04:49:45,Medium,True,Excellent
41,255,1,1,613,968,1923,0.010597,3,2024-12-27 16:30:13,Medium,False,Good
42,261,3,3,330,322,2049,0.002228,3,2024-07-10 16:39:48,Simple,False,Good
43,145,4,1,425,425,697,0.002221,4,2024-05-25 08:54:40,Simple,False,Good
44,16,2,2,240,215,4057,0.001746,3,2024-01-01 06:17:18,Simple,True,Good
45,152,4,2,975,1200,1811,0.00557,2,2024-01-23 20:35:06,Medium,True,Fair
46,222,4,1,760,932,1895,0.004304,3,2024-02-28 08:57:02,Medium,False,Good
47,209,1,1,1027,1029,3555,0.011298,4,2024-08-31 07:39:38,Medium,True,Excellent
48,57,2,1,644,1015,1942,0.007537,4,2024-06-08 17:36:14,Medium,True,Excellent
49,18,2,9,598,766,3615,0.006217,5,2024-05-30 12:30:28,Medium,True,Excellent
50,368,4,3,349,452,3425,0.002213,4,2024-08-24 10:15:32,Simple,True,Good
51,128,1,3,1625,1868,2774,0.019198,4,2024-11-02 00:25:50,Medium,True,Excellent
52,379,5,2,328,410,2682,0.001263,2,2024-12-15 14:24:25,Simple,True,Fair
53,491,4,2,720,896,1823,0.004779,3,2024-05-12 22:30:33,Medium,False,Good
54,453,2,3,327,353,1513,0.002962,4,2024-07-03 09:54:28,Simple,True,Excellent
55,410,1,2,847,921,2127,0.009444,1,2024-01-09 21:52:02,Medium,True,Fair
56,360,1,4,659,841,1991,0.008595,3,2024-10-25 05:57:45,Medium,False,Good
57,95,3,4,546,841,1557,0.00616,5,2024-08-20 10:26:18,Medium,True,Good
58,12,3,1,1128,1143,2780,0.008168,4,2024-12-20 15:39:16,Medium,True,Good
59,403,3,6,779,691,755,0.004881,4,2024-12-02 18:51:18,Medium,True,Good
60,240,1,4,475,587,2502,0.005456,3,2024-04-22 23:54:09,Medium,True,Good
61,11,1,4,1677,1868,776,0.019231,5,2024-01-02 07:01:31,Medium,True,Excellent
62,414,2,2,1540,1616,2009,0.013197,3,2024-06-09 11:10:13,Medium,False,Good
63,465,3,3,528,802,1402,0.005198,4,2024-04-04 14:51:04,Medium,True,Good
64,261,1,7,1193,1552,1049,0.015907,4,2024-05-06 18:22:56,Medium,True,Excellent
65,69,3,1,806,977,1616,0.006351,3,2024-12-19 10:31:43,Medium,True,Good
66,213,4,2,1108,1293,1725,0.005985,4,2024-04-28 21:50:43,Medium,True,Good
67,144,1,1,314,508,3095,0.005539,2,2024-03-23 00:52:51,Medium,True,Fair
68,48,2,5,1609,1806,1799,0.01571,4,2024-09-01 07:40:13,Medium,True,Excellent
69,121,1,8,808,745,1693,0.006942,1,2024-09-09 22:49:22,Medium,True,Fair
70,443,1,9,1299,1425,4494,0.014118,4,2024-06-07 23:29:55,Medium,True,Excellent
71,5,3,6,856,842,1636,0.006039,4,2024-11-02 17:32:40,Medium,True,Good
72,118,4,1,742,737,1300,0.003608,5,2024-04-22 12:08:38,Medium,False,Good
73,192,4,7,514,762,1801,0.003973,5,2024-09-10 18:23:45,Medium,True,Good
74,463,4,7,259,238,4209,0.001206,4,2024-06-08 23:20:36,Simple,False,Good
75,306,2,2,452,423,2028,0.003559,4,2024-04-14 18:37:58,Simple,True,Excellent
76,342,2,8,800,705,802,0.005608,3,2024-08-06 16:49:05,Medium,False,Good
77,396,4,6,1828,1790,816,0.009565,3,2024-10-31 20:31:59,Medium,True,Good
78,155,1,1,622,914,1548,0.009552,3,2024-12-06 20:45:41,Medium,True,Good
79,370,3,1,361,408,783,0.002783,3,2024-02-21 04:49:05,Simple,True,Good
80,289,1,1,1232,1120,1953,0.010901,4,2024-09-11 03:10:51,Medium,True,Excellent
81,237,3,4,1299,1751,839,0.012215,5,2024-07-05 11:11:41,Medium,True,Good
82,394,2,8,576,679,701,0.005008,2,2024-01-22 16:56:10,Medium,True,Fair
83,439,3,6,710,598,903,0.003854,4,2024-12-07 07:18:02,Medium,True,Good
84,138,4,6,1282,2084,2457,0.010821,4,2024-08-26 15:56:41,Complex,True,Good
85,124,1,1,1461,1381,1816,0.01361,4,2024-10-15 08:23:45,Medium,True,Excellent
86,237,1,2,1567,1607,1759,0.017642,4,2024-09-14 14:32:26,Medium,True,Excellent
87,159,1,7,346,338,1667,0.003063,1,2024-12-09 09:14:55,Simple,True,Fair
88,253,1,3,1567,2572,4272,0.025964,5,2024-07-25 06:40:42,Complex,True,Excellent
89,381,1,1,173,251,2265,0.002347,3,2024-06-05 12:56:11,Simple,True,Good
90,271,4,4,1611,2373,1113,0.011528,3,2024-07-10 19:00:33,Complex,True,Good
91,21,5,3,235,319,1834,0.00096,4,2024-01-18 20:12:03,Simple,True,Good
92,238,4,7,1197,1171,788,0.005548,5,2024-09-12 02:27:20,Medium,False,Good
93,151,4,1,278,311,1056,0.001532,3,2024-11-09 10:16:31,Simple,True,Good
94,47,1,1,327,483,1847,0.005103,4,2024-12-10 01:04:41,Simple,True,Excellent
95,401,4,2,2486,2499,1216,0.012665,4,2024-12-04 14:00:09,Complex,False,Good
96,26,2,2,890,838,4002,0.00676,1,2024-06-06 01:58:27,Medium,False,Fair
97,441,1,2,886,935,757,0.008656,4,2024-03-24 03:14:56,Medium,True,Excellent
98,420,2,1,216,214,1814,0.001623,3,2024-12-10 03:41:00,Simple,True,Good
99,57,4,1,555,688,1360,0.003781,4,2024-04-21 05:06:39,Medium,True,Good
100,279,4,2,1135,1053,500,0.005712,3,2024-05-26 11:14:59,Medium,False,Good
101,349,4,7,422,487,1825,0.00247,5,2024-04-14 04:31:45,Simple,True,Good
102,468,4,6,559,571,1017,0.002664,5,2024-06-12 13:11:32,Medium,False,Good
103,495,1,5,309,342,1123,0.003567,2,2024-05-26 07:24:56,Simple,True,Fair
104,251,4,7,757,649,2726,0.003477,4,2024-03-05 20:52:58,Medium,True,Good
105,194,4,1,667,598,699,0.003144,1,2024-09-17 14:21:09,Medium,True,Fair
106,387,2,5,4736,4000,1870,0.032902,3,2024-09-02 13:54:20,Complex,True,Good
107,455,4,1,315,285,1502,0.001304,5,2024-05-29 20:18:34,Simple,True,Good
108,414,4,1,334,491,2675,0.002547,2,2024-04-29 19:05:20,Simple,True,Fair
109,131,1,2,1117,1043,1182,0.010192,4,2024-06-06 11:15:11,Medium,True,Excellent
110,95,1,7,532,452,1365,0.004532,5,2024-10-31 08:46:47,Simple,True,Excellent
111,419,2,3,631,816,1824,0.006837,4,2024-05-02 05:23:33,Medium,True,Excellent
112,61,1,2,858,875,4434,0.008477,4,2024-03-23 01:23:35,Medium,True,Excellent
113,216,1,8,648,614,896,0.006333,2,2024-03-05 21:23:14,Medium,True,Fair
114,268,2,7,743,665,500,0.005102,3,2024-08-13 10:14:06,Medium,True,Good
115,2,1,8,1263,1359,1570,0.012516,3,2024-01-07 22:02:24,Medium,True,Good
116,101,2,1,2292,2632,2296,0.019158,5,2024-06-18 20:14:16,Complex,True,Excellent
117,42,2,7,1122,1191,1741,0.010059,3,2024-05-11 08:35:07,Medium,True,Good
118,134,4,5,3163,2675,3764,0.013747,4,2024-05-13 17:00:02,Complex,True,Good
119,156,2,1,791,663,2303,0.004854,4,2024-02-21 14:05:48,Medium,True,Excellent
120,75,4,1,1454,1382,1267,0.007205,3,2024-07-08 12:11:50,Medium,True,Good
121,280,4,4,1157,1230,1749,0.006222,2,2024-04-05 14:24:05,Medium,False,Fair
122,498,1,9,811,1280,1809,0.013798,2,2024-05-28 01:10:48,Medium,False,Fair
123,371,4,6,411,414,1106,0.001929,3,2024-12-22 12:10:22,Simple,True,Good
124,398,1,6,387,419,3142,0.003969,3,2024-09-21 06:05:27,Simple,False,Good
125,54,3,2,369,526,3662,0.003807,3,2024-08-06 09:21:46,Medium,True,Good
126,395,4,3,875,817,2744,0.004252,4,2024-02-25 16:04:39,Medium,True,Good
127,446,5,2,544,679,2146,0.002106,1,2024-06-01 05:39:03,Medium,True,Fair
128,175,1,1,1374,1667,4163,0.016741,4,2024-10-19 03:05:07,Medium,True,Excellent
129,377,4,8,292,419,656,0.001945,4,2024-03-30 05:02:09,Simple,False,Good
130,93,1,4,1459,1735,1529,0.016014,4,2024-05-08 14:38:18,Medium,True,Excellent
131,468,1,6,526,593,2076,0.005494,1,2024-05-04 11:03:10,Medium,False,Fair
132,134,4,8,1812,1687,883,0.007629,5,2024-02-17 08:35:15,Medium,True,Good
133,147,5,1,1579,1888,1128,0.005679,1,2024-06-24 02:47:56,Medium,True,Fair
134,179,3,6,942,1344,2746,0.009924,5,2024-07-21 04:06:06,Medium,True,Good
135,157,2,2,1789,2384,1771,0.017216,5,2024-05-27 00:19:25,Complex,True,Excellent
136,399,2,6,1236,1884,1975,0.015126,3,2024-11-19 09:14:28,Medium,True,Good
137,338,2,1,368,352,2260,0.003066,4,2024-05-27 00:38:44,Simple,True,Excellent
138,382,2,2,839,773,867,0.006495,4,2024-07-14 18:57:17,Medium,True,Excellent
139,409,5,7,924,1055,844,0.003396,4,2024-08-25 00:38:32,Medium,True,Good
140,65,1,3,589,789,4476,0.007272,4,2024-04-18 13:07:03,Medium,True,Excellent
141,500,4,9,619,957,766,0.005023,5,2024-03-22 08:54:26,Medium,True,Good
142,37,4,1,1333,1624,1047,0.008575,4,2024-09-20 01:48:36,Medium,False,Good
143,402,3,1,352,349,2969,0.002239,4,2024-11-04 04:24:13,Simple,True,Good
144,28,4,3,1055,1278,1603,0.006422,5,2024-03-22 15:12:13,Medium,False,Good
145,199,1,3,117,127,500,0.001297,5,2024-04-23 20:59:12,Simple,True,Excellent
146,96,5,1,1414,2277,528,0.006546,4,2024-03-03 17:17:26,Complex,True,Good
147,106,1,2,632,747,1314,0.007193,4,2024-12-26 03:18:56,Medium,True,Excellent
148,92,1,6,1790,2195,761,0.019814,4,2024-12-20 15:17:59,Complex,True,Excellent
149,336,5,2,2365,2875,2070,0.008303,1,2024-01-18 03:08:30,Complex,True,Fair
150,104,4,9,1179,1112,1328,0.005735,5,2024-01-18 20:55:16,Medium,True,Good
151,151,3,1,498,716,5331,0.005244,4,2024-12-11 01:43:57,Medium,True,Good
152,179,4,2,1061,1340,948,0.006724,5,2024-11-17 03:36:07,Medium,True,Good
153,442,1,6,2490,2119,2861,0.022041,4,2024-10-04 00:42:11,Complex,True,Excellent
154,231,2,2,863,1069,1495,0.008057,5,2024-06-06 06:46:48,Medium,True,Excellent
155,246,4,2,907,865,983,0.004519,3,2024-12-06 09:30:16,Medium,True,Good
156,321,4,6,3324,3456,4958,0.017922,4,2024-10-30 13:26:23,Complex,False,Good
157,90,1,6,442,716,4646,0.006518,1,2024-09-30 21:12:23,Medium,True,Fair
158,346,4,1,369,320,1724,0.001476,4,2024-10-22 23:50:38,Simple,True,Good
159,267,4,1,290,334,1951,0.00166,5,2024-08-15 14:32:57,Simple,True,Good
160,352,1,2,1018,1003,3298,0.009046,4,2024-11-18 07:52:24,Medium,True,Excellent
161,404,1,1,1169,1178,4182,0.011653,4,2024-01-21 00:47:18,Medium,True,Excellent
162,52,1,1,413,443,2722,0.004785,4,2024-02-17 01:13:55,Simple,True,Excellent
163,130,1,1,273,240,4696,0.00219,4,2024-07-19 06:23:53,Simple,True,Excellent
164,11,3,2,929,1091,1570,0.007794,4,2024-11-16 06:15:13,Medium,True,Good
165,286,1,4,1370,1745,1001,0.018686,3,2024-08-27 05:12:22,Medium,False,Good
166,436,4,6,1378,1779,1186,0.009384,3,2024-01-20 20:51:01,Medium,True,Good
167,121,4,1,1576,1536,1257,0.008334,5,2024-07-25 09:57:06,Medium,True,Good
168,257,4,9,182,261,2338,0.001346,5,2024-10-04 20:26:26,Simple,True,Good
169,63,3,1,574,579,1042,0.004333,4,2024-04-30 02:47:53,Medium,False,Good
170,466,1,1,1022,1066,2521,0.011196,3,2024-05-01 15:32:51,Medium,True,Good
171,419,2,5,871,774,1897,0.005887,5,2024-02-25 19:49:12,Medium,True,Excellent
172,422,5,2,1653,1402,2322,0.004621,5,2024-10-06 05:17:17,Medium,True,Good
173,95,1,9,1620,1422,6944,0.014159,4,2024-04-27 03:52:15,Medium,True,Excellent
174,65,2,1,1221,1104,1278,0.009654,4,2024-05-02 11:32:21,Medium,True,Excellent
175,444,4,8,1547,2210,2501,0.01009,5,2024-11-06 12:21:06,Complex,True,Good
176,283,1,8,1017,876,1692,0.009014,5,2024-10-07 13:50:37,Medium,True,Excellent
177,485,1,3,1223,1442,1806,0.014076,4,2024-02-08 15:05:39,Medium,True,Excellent
178,178,1,1,666,984,1250,0.010252,4,2024-04-04 09:23:55,Medium,True,Excellent
179,424,1,1,1077,997,2791,0.010406,5,2024-08-09 03:07:49,Medium,True,Excellent
180,331,3,6,1244,1444,2233,0.01074,2,2024-05-23 05:27:03,Medium,True,Fair
181,289,4,6,247,303,1749,0.001422,4,2024-07-11 04:26:00,Simple,True,Good
182,415,2,2,415,675,3468,0.005657,4,2024-07-03 19:09:10,Medium,True,Excellent
183,246,1,2,690,591,2706,0.005984,3,2024-10-24 00:08:12,Medium,False,Good
184,174,1,6,284,405,2053,0.003701,2,2024-01-03 11:51:22,Simple,True,Fair
185,454,1,1,1674,1489,2409,0.014893,3,2024-03-23 10:51:31,Medium,False,Good
186,29,1,2,1865,1957,1147,0.017764,5,2024-07-20 13:14:32,Medium,True,Excellent
187,100,4,9,510,530,1478,0.002659,4,2024-08-23 12:32:01,Medium,True,Good
188,16,4,6,875,839,2167,0.00382,4,2024-07-22 20:18:01,Medium,False,Good
189,171,3,1,664,980,2209,0.006301,5,2024-02-25 08:10:53,Medium,True,Good
190,257,1,8,1444,2356,1072,0.021392,4,2024-08-04 23:47:23,Complex,True,Excellent
191,256,2,9,1049,1659,1429,0.013324,1,2024-01-30 01:11:18,Medium,True,Fair
192,457,1,4,1297,1873,1947,0.017183,5,2024-01-26 17:47:14,Medium,True,Excellent
193,166,1,6,1412,1366,1718,0.01375,5,2024-06-06 04:53:04,Medium,True,Excellent
194,261,1,7,539,496,1012,0.00535,4,2024-02-09 06:53:31,Simple,True,Excellent
195,446,3,4,740,802,1425,0.005112,5,2024-04-28 04:57:42,Medium,True,Good
196,193,2,1,2109,2194,2935,0.016895,1,2024-10-31 22:10:13,Complex,False,Fair
197,48,2,8,264,319,1581,0.002678,3,2024-05-27 03:02:33,Simple,False,Good
198,18,3,2,997,1032,2060,0.007666,4,2024-10-20 22:15:59,Medium,True,Good
199,112,4,8,256,284,754,0.001515,4,2024-06-01 09:52:48,Simple,True,Good
200,264,1,1,1257,1434,1874,0.01492,4,2024-02-22 05:10:41,Medium,True,Excellent
201,297,1,7,1860,1771,1984,0.017704,5,2024-09-29 00:39:20,Medium,True,Excellent
202,496,4,6,725,754,1530,0.003903,4,2024-08-03 21:32:05,Medium,True,Good
203,339,2,9,546,520,3615,0.003925,4,2024-02-23 02:18:15,Medium,True,Excellent
204,372,3,6,1782,2530,1321,0.018385,5,2024-11-18 19:54:41,Complex,True,Good
205,196,1,6,206,179,1024,0.001919,4,2024-10-03 07:21:36,Simple,True,Excellent
206,108,5,2,3373,4000,3000,0.012502,4,2024-09-16 11:29:49,Complex,True,Good
207,386,5,1,638,927,1083,0.002691,4,2024-07-10 05:43:23,Medium,True,Good
208,130,3,1,2939,3494,1229,0.024822,5,2024-03-15 11:48:02,Complex,True,Good
209,376,1,1,692,663,817,0.00713,4,2024-12-19 21:50:47,Medium,False,Excellent
210,309,2,3,1302,1911,5340,0.01572,4,2024-02-19 19:39:02,Medium,True,Excellent
211,470,1,6,730,646,3501,0.006831,5,2024-09-07 10:42:00,Medium,True,Excellent
212,208,1,6,1301,1379,1843,0.015001,5,2024-06-26 14:38:18,Medium,True,Excellent
213,72,4,2,783,872,6866,0.003977,3,2024-03-04 04:53:20,Medium,True,Good
214,313,1,3,667,1052,4188,0.011317,3,2024-12-30 07:52:09,Medium,True,Good
215,350,1,3,691,597,1228,0.005745,5,2024-01-12 13:12:56,Medium,True,Excellent
216,222,1,3,788,918,1999,0.008354,5,2024-06-27 04:44:44,Medium,True,Excellent
217,344,5,6,560,560,1866,0.001557,4,2024-11-06 05:22:47,Medium,True,Good
218,402,1,2,1480,1284,2262,0.012514,4,2024-08-21 23:36:06,Medium,True,Excellent
219,57,4,2,1289,1227,1237,0.005814,5,2024-02-06 14:58:20,Medium,True,Good
220,117,3,1,2639,4000,1276,0.026335,4,2024-07-17 18:54:29,Complex,True,Good
221,375,4,3,836,1312,2296,0.006172,4,2024-05-12 11:50:11,Medium,True,Good
222,27,2,6,336,454,1869,0.003943,3,2024-09-18 01:17:26,Simple,True,Good
223,30,1,1,118,161,1780,0.001653,3,2024-07-21 10:13:12,Simple,True,Good
224,88,1,3,1376,1202,3634,0.011907,4,2024-06-09 21:46:48,Medium,True,Excellent
225,352,1,1,2072,1889,2460,0.017329,3,2024-02-13 19:05:57,Medium,True,Good
226,61,4,3,283,344,1568,0.001687,5,2024-11-08 12:23:11,Simple,True,Good
227,134,4,8,429,399,3656,0.001834,5,2024-04-11 19:20:23,Simple,True,Good
228,214,2,2,1162,1122,1010,0.009112,4,2024-05-04 22:08:33,Medium,True,Excellent
229,225,4,2,2468,2598,1572,0.014273,5,2024-03-13 10:28:47,Complex,True,Good
230,132,1,5,341,307,4493,0.003077,1,2024-11-20 07:06:08,Simple,False,Fair
231,493,4,6,1227,1101,4667,0.005393,2,2024-09-20 18:07:59,Medium,False,Fair
232,77,4,7,124,188,703,0.000912,4,2024-05-26 01:36:27,Simple,True,Good
233,125,4,7,213,302,1372,0.001595,3,2024-11-13 16:58:36,Simple,True,Good
234,203,4,5,1196,1215,760,0.006104,2,2024-08-31 05:39:50,Medium,True,Fair
235,269,5,8,1478,1251,2062,0.00386,4,2024-12-03 01:17:15,Medium,True,Good
236,477,1,2,1378,1247,1422,0.013679,4,2024-06-17 20:28:22,Medium,True,Excellent
237,130,1,6,1055,1483,1101,0.015889,5,2024-01-16 22:38:59,Medium,True,Excellent
238,385,2,8,3114,2846,3663,0.022016,5,2024-05-18 10:26:43,Complex,True,Excellent
239,377,4,6,412,443,968,0.002211,5,2024-10-07 21:31:07,Simple,True,Good
240,89,3,1,1050,977,1580,0.007511,2,2024-01-02 22:47:39,Medium,True,Fair
241,283,4,7,2963,2620,826,0.014113,2,2024-01-31 00:05:19,Complex,False,Fair
242,481,4,2,560,770,3732,0.004131,3,2024-08-15 17:54:21,Medium,True,Good
243,311,4,9,734,1003,1141,0.005221,3,2024-09-26 21:37:35,Medium,True,Good
244,157,4,3,591,517,2220,0.002825,1,2024-06-26 23:09:40,Medium,True,Fair
245,192,1,1,795,954,1583,0.00894,4,2024-06-12 22:24:36,Medium,True,Excellent
246,479,4,1,986,1279,3525,0.006588,2,2024-12-07 12:37:02,Medium,True,Fair
247,496,1,8,415,363,3546,0.003736,4,2024-11-20 07:54:37,Simple,True,Excellent
248,380,1,3,979,829,912,0.008186,5,2024-07-30 13:13:04,Medium,True,Excellent
249,200,4,7,2045,1944,986,0.009615,4,2024-02-22 17:50:36,Medium,True,Good
250,397,4,2,377,566,4186,0.002635,2,2024-02-14 08:04:46,Medium,True,Fair
251,284,1,6,464,677,3974,0.006632,5,2024-02-11 00:01:19,Medium,True,Excellent
252,90,2,1,991,1111,2470,0.008993,5,2024-06-30 14:30:23,Medium,True,Excellent
253,55,2,1,1890,1614,1063,0.012965,4,2024-05-14 21:47:57,Medium,True,Excellent
254,342,1,6,1381,1880,2647,0.018973,4,2024-12-16 19:27:31,Medium,True,Excellent
255,151,4,2,1295,1177,6253,0.005394,2,2024-08-30 05:26:01,Medium,True,Fair
256,379,3,6,2574,3237,7272,0.022439,3,2024-09-26 01:35:21,Complex,True,Good
257,164,1,1,491,437,702,0.004185,3,2024-07-04 14:01:25,Simple,True,Good
258,340,4,5,510,577,4201,0.003118,5,2024-09-09 17:34:15,Medium,True,Good
259,302,4,3,854,713,1657,0.003266,4,2024-04-18 03:19:19,Medium,True,Good
260,466,1,8,812,804,1389,0.008765,4,2024-04-02 08:41:39,Medium,True,Excellent
261,433,4,2,1369,1592,1400,0.008589,4,2024-06-07 11:00:58,Medium,True,Good
262,352,2,7,1902,2055,2949,0.016621,5,2024-04-26 14:07:06,Complex,False,Excellent
263,349,2,1,1078,1074,1025,0.009019,4,2024-05-27 08:49:32,Medium,True,Excellent
264,88,1,3,367,590,2011,0.005393,5,2024-01-07 18:20:52,Medium,True,Excellent
265,365,4,2,3946,4000,1267,0.021817,4,2024-07-27 04:12:57,Complex,True,Good
266,244,4,7,548,476,2125,0.002419,4,2024-09-13 13:54:26,Simple,True,Good
267,295,4,4,708,785,2746,0.00374,4,2024-04-05 10:37:53,Medium,True,Good
268,203,2,1,1658,2448,985,0.018674,1,2024-10-28 20:26:17,Complex,False,Fair
269,9,4,6,1189,1332,2939,0.006996,4,2024-05-20 23:52:35,Medium,True,Good
270,469,1,2,1867,1678,2254,0.015425,4,2024-01-28 06:50:25,Medium,True,Excellent
271,352,3,2,522,651,2860,0.004293,5,2024-04-07 11:32:24,Medium,True,Good
272,485,4,9,1042,956,3198,0.004557,4,2024-01-13 10:47:15,Medium,True,Good
273,320,4,1,505,447,1875,0.00237,1,2024-02-01 14:43:09,Simple,True,Fair
274,402,5,6,258,360,1137,0.001162,3,2024-01-16 20:33:26,Simple,True,Good
275,14,1,3,2463,4000,5894,0.043006,4,2024-07-25 12:20:30,Complex,True,Excellent
276,27,4,3,1295,1271,1044,0.006771,4,2024-02-12 09:07:26,Medium,True,Good
277,240,1,2,713,692,5935,0.007224,3,2024-02-29 00:46:45,Medium,False,Good
278,174,1,2,3571,3147,1710,0.034594,4,2024-12-21 02:54:27,Complex,True,Excellent
279,25,4,2,1239,2024,2153,0.009134,2,2024-01-14 01:44:25,Complex,True,Fair
280,467,2,2,617,630,2500,0.00539,5,2024-11-30 00:30:39,Medium,True,Excellent
281,250,3,3,1721,2547,3097,0.016271,5,2024-08-18 08:25:09,Complex,True,Good
282,130,1,1,2853,2538,3013,0.025877,4,2024-11-22 11:59:07,Complex,True,Excellent
283,481,3,3,1367,1234,4967,0.008465,3,2024-12-21 13:37:31,Medium,False,Good
284,416,2,2,2533,3564,1998,0.030042,3,2024-09-05 22:37:54,Complex,True,Good
285,73,2,2,675,914,1089,0.007507,4,2024-12-14 04:28:52,Medium,True,Excellent
286,30,4,1,476,565,1461,0.002597,4,2024-12-08 01:11:32,Medium,True,Good
287,176,4,1,928,1090,5688,0.005566,5,2024-01-15 11:05:52,Medium,True,Good
288,310,4,3,1214,1313,1737,0.006857,3,2024-11-09 08:03:53,Medium,True,Good
289,122,1,2,935,1006,500,0.010964,3,2024-03-06 10:50:59,Medium,True,Good
290,194,4,1,1571,1337,978,0.006976,2,2024-03-21 22:45:40,Medium,False,Fair
291,303,1,3,172,251,1691,0.002307,5,2024-01-12 21:29:38,Simple,True,Excellent
292,421,4,1,2299,2319,1922,0.010717,5,2024-08-02 15:18:01,Complex,True,Good
293,151,1,2,1320,1280,3091,0.013319,4,2024-11-07 01:35:52,Medium,True,Excellent
294,331,3,1,486,781,4216,0.005396,4,2024-04-27 02:28:44,Medium,False,Good
295,134,1,8,586,591,4325,0.006066,4,2024-02-01 21:59:15,Medium,False,Excellent
296,298,4,4,499,468,2362,0.002256,4,2024-06-22 14:18:16,Simple,True,Good
297,487,4,2,1163,1106,1905,0.005599,5,2024-09-01 16:45:05,Medium,True,Good
298,131,4,2,1177,1482,1352,0.00772,5,2024-10-30 06:32:23,Medium,False,Good
299,308,1,1,2169,3168,935,0.032505,5,2024-08-21 23:33:44,Complex,True,Excellent
300,442,2,8,2534,4000,1206,0.03504,5,2024-08-18 12:21:56,Complex,True,Excellent
301,133,2,3,1183,1095,835,0.008479,4,2024-12-28 05:20:17,Medium,True,Excellent
302,203,4,3,756,1084,1634,0.005079,5,2024-02-17 21:03:26,Medium,True,Good
303,452,1,6,1140,1540,1649,0.014746,4,2024-02-10 22:37:59,Medium,True,Excellent
304,227,1,1,1124,1116,1601,0.010199,3,2024-05-22 00:53:37,Medium,True,Good
305,445,4,1,922,1006,2457,0.004825,3,2024-05-16 00:58:24,Medium,True,Good
306,381,2,1,1513,1841,1994,0.014137,3,2024-06-15 07:06:28,Medium,True,Good
307,60,4,2,785,1168,1536,0.005919,4,2024-01-13 11:54:20,Medium,True,Good
308,500,1,8,883,1004,708,0.010167,4,2024-06-30 14:05:18,Medium,True,Excellent
309,488,2,2,763,778,1661,0.005603,4,2024-07-07 01:21:59,Medium,True,Excellent
310,51,2,3,429,408,1448,0.003177,4,2024-01-21 08:56:44,Simple,True,Excellent
311,224,4,1,953,1172,1451,0.005424,2,2024-07-03 18:11:50,Medium,True,Fair
312,377,4,6,770,966,1261,0.004772,4,2024-01-24 18:07:52,Medium,True,Good
313,406,4,2,440,551,2262,0.002545,2,2024-12-11 02:04:33,Medium,True,Fair
314,324,4,2,1939,1717,810,0.008908,5,2024-02-04 17:08:50,Medium,True,Good
315,200,1,3,2316,2719,2274,0.02576,4,2024-10-15 07:36:26,Complex,True,Excellent
316,128,1,8,1193,1203,1079,0.012021,4,2024-02-11 20:03:17,Medium,True,Excellent
317,458,1,7,556,670,1482,0.006889,3,2024-03-02 22:07:56,Medium,True,Good
318,295,1,1,314,337,1189,0.003375,4,2024-03-26 02:48:04,Simple,True,Excellent
319,193,4,6,860,1408,2233,0.007277,2,2024-04-18 16:14:21,Medium,True,Fair
320,410,1,1,1533,1787,1579,0.019651,3,2024-04-21 07:10:52,Medium,False,Good
321,87,4,5,124,148,2166,0.000716,1,2024-10-18 04:17:00,Simple,True,Fair
322,438,5,7,375,421,2109,0.001389,4,2024-12-02 03:43:07,Simple,True,Good
323,217,1,8,504,445,1486,0.004287,2,2024-04-25 17:40:39,Simple,True,Fair
324,350,1,1,4485,4000,1665,0.036383,3,2024-06-07 05:48:59,Complex,True,Good
325,225,1,2,955,947,2760,0.008827,5,2024-02-27 13:19:30,Medium,True,Excellent
326,172,1,3,1036,1365,777,0.012579,1,2024-04-27 03:50:30,Medium,True,Fair
327,48,4,2,3028,3873,3153,0.020106,4,2024-10-27 02:33:56,Complex,True,Good
328,470,1,8,811,806,1709,0.008564,4,2024-11-28 08:12:59,Medium,True,Excellent
329,413,1,4,4270,3798,877,0.039327,1,2024-03-24 08:59:08,Complex,False,Fair
330,200,4,1,66,83,982,0.000455,5,2024-03-18 11:46:21,Simple,True,Good
331,267,1,1,1049,1063,848,0.010917,4,2024-12-19 07:32:02,Medium,True,Excellent
332,5,2,6,3933,4000,2935,0.029122,4,2024-05-23 23:51:58,Complex,True,Excellent
333,255,4,1,554,543,1873,0.002812,3,2024-01-26 17:33:31,Medium,False,Good
334,79,3,3,1151,1148,3702,0.008093,4,2024-11-19 15:58:21,Medium,True,Good
335,391,1,3,605,624,3135,0.005987,5,2024-01-01 12:10:54,Medium,True,Excellent
336,207,2,1,1180,1041,1477,0.008514,4,2024-06-26 14:10:51,Medium,True,Excellent
337,290,1,9,712,727,948,0.007618,4,2024-03-22 18:59:06,Medium,True,Excellent
338,222,1,2,1414,1435,595,0.01391,4,2024-01-08 20:42:35,Medium,True,Excellent
339,85,4,2,833,1230,1979,0.006757,5,2024-09-17 19:45:06,Medium,False,Good
340,380,1,9,1377,1635,1279,0.017254,5,2024-04-10 00:18:38,Medium,True,Excellent
341,111,1,7,1368,1442,2860,0.014119,4,2024-09-22 12:38:30,Medium,True,Excellent
342,398,2,6,739,633,1830,0.005045,5,2024-09-30 03:29:07,Medium,True,Excellent
343,308,2,1,434,478,2810,0.003474,3,2024-04-14 22:04:12,Simple,True,Good
344,419,4,5,967,1455,2779,0.006556,1,2024-01-17 15:53:47,Medium,True,Fair
345,482,2,4,568,718,1809,0.005355,4,2024-07-14 22:38:52,Medium,True,Excellent
346,364,2,1,1451,1439,3172,0.011658,2,2024-10-04 09:19:06,Medium,True,Fair
347,19,4,6,615,936,771,0.004619,4,2024-11-10 21:58:11,Medium,True,Good
348,92,4,6,303,362,1099,0.001947,5,2024-12-12 23:33:17,Simple,True,Good
349,305,1,1,589,859,676,0.009198,5,2024-05-25 07:15:15,Medium,True,Excellent
350,289,1,3,2878,2610,695,0.024701,2,2024-12-26 01:07:45,Complex,False,Fair
351,258,1,6,594,543,3924,0.004984,5,2024-08-24 02:39:12,Medium,True,Excellent
352,446,1,9,289,359,6541,0.003802,4,2024-06-01 14:43:44,Simple,True,Excellent
353,330,1,5,235,238,804,0.002551,4,2024-03-30 19:01:23,Simple,True,Excellent
354,375,5,1,2543,2507,3269,0.008198,4,2024-07-15 07:31:13,Complex,False,Good
355,38,1,5,1782,2061,3102,0.022593,4,2024-07-18 18:36:45,Complex,True,Excellent
356,81,2,2,614,621,3093,0.005269,5,2024-09-04 17:31:24,Medium,False,Excellent
357,454,1,1,850,783,2400,0.007671,4,2024-09-13 17:25:22,Medium,True,Excellent
358,60,2,1,911,903,5802,0.007488,3,2024-12-14 00:50:38,Medium,True,Good
359,341,4,6,904,893,3143,0.004818,1,2024-03-31 18:51:17,Medium,True,Fair
360,202,4,6,702,747,1722,0.00365,1,2024-04-05 04:57:25,Medium,False,Fair
361,227,4,4,774,1119,1263,0.005302,4,2024-05-08 07:32:02,Medium,False,Good
362,43,1,5,1633,2644,1638,0.026786,4,2024-01-07 06:52:49,Complex,True,Excellent
363,355,1,3,862,816,2372,0.008082,4,2024-06-27 04:20:52,Medium,True,Excellent
364,134,1,7,1469,1954,1636,0.020106,3,2024-11-28 20:18:48,Medium,True,Good
365,396,1,1,534,615,3978,0.00657,5,2024-11-10 18:21:54,Medium,True,Excellent
366,83,1,3,625,629,1285,0.006165,3,2024-06-22 21:26:11,Medium,True,Good
367,149,1,2,593,866,679,0.008706,1,2024-10-07 21:45:15,Medium,False,Fair
368,491,4,2,1643,1982,2939,0.00937,4,2024-09-28 16:08:59,Medium,True,Good
369,340,1,6,812,694,907,0.006261,1,2024-09-24 13:22:35,Medium,False,Fair
370,429,4,1,1305,1580,966,0.007165,3,2024-07-25 07:02:01,Medium,True,Good
371,294,4,5,931,816,587,0.003765,4,2024-06-04 07:48:33,Medium,True,Good
372,167,1,3,408,402,1916,0.004096,4,2024-06-13 04:14:04,Simple,True,Excellent
373,416,1,7,721,682,2800,0.007136,4,2024-08-11 06:57:42,Medium,True,Excellent
374,395,4,1,648,649,1177,0.003364,2,2024-02-21 20:56:58,Medium,True,Fair
375,133,1,1,717,1058,1636,0.010076,4,2024-06-26 03:12:07,Medium,True,Excellent
376,431,4,3,379,469,2902,0.002343,3,2024-03-15 21:32:29,Simple,True,Good
377,107,4,3,2225,1948,1036,0.010015,4,2024-10-25 19:30:09,Medium,True,Good
378,278,4,4,1508,1860,1389,0.009391,4,2024-09-23 02:35:15,Medium,True,Good
379,438,1,8,576,509,2185,0.005575,4,2024-11-21 03:10:53,Medium,True,Excellent
380,411,1,5,1090,969,1554,0.010225,2,2024-03-18 21:25:42,Medium,True,Fair
381,67,2,3,832,828,1013,0.007268,3,2024-01-07 05:19:57,Medium,True,Good
382,178,4,1,2463,2252,2425,0.010484,4,2024-11-22 21:11:19,Complex,True,Good
383,188,4,6,479,604,529,0.003089,5,2024-01-10 04:59:44,Medium,False,Good
384,120,1,2,483,713,1321,0.006776,5,2024-12-03 09:39:40,Medium,True,Excellent
385,274,4,1,437,461,2664,0.002415,5,2024-03-25 07:15:17,Simple,False,Good
386,75,4,6,365,513,1599,0.002812,4,2024-03-07 17:22:00,Medium,True,Good
387,487,1,1,2229,1952,1089,0.019259,3,2024-09-12 15:08:16,Medium,False,Good
388,378,4,6,2435,2158,538,0.011255,4,2024-10-29 19:12:55,Complex,True,Good
389,339,4,4,1242,1126,2778,0.005689,3,2024-02-22 10:10:52,Medium,False,Good
390,36,4,7,1520,1410,913,0.006698,4,2024-04-06 11:25:50,Medium,True,Good
391,227,2,8,627,681,2003,0.005308,3,2024-12-29 09:31:44,Medium,True,Good
392,162,2,6,1174,1107,1535,0.009038,5,2024-04-13 02:01:28,Medium,True,Excellent
393,96,4,2,367,318,3760,0.001434,3,2024-03-13 07:02:44,Simple,True,Good
394,203,4,1,1181,1191,1473,0.006032,4,2024-05-29 09:41:33,Medium,True,Good
395,300,5,6,157,224,1629,0.000619,4,2024-03-13 17:58:53,Simple,False,Good
396,389,3,9,1985,2680,2398,0.01945,3,2024-03-31 22:25:38,Complex,True,Good
397,320,4,9,102,93,8888,0.000449,3,2024-04-06 10:22:23,Simple,False,Good
398,271,4,5,870,1000,3200,0.004972,4,2024-07-28 14:05:09,Medium,True,Good
399,85,2,6,677,969,958,0.008016,4,2024-09-13 00:29:13,Medium,True,Excellent
400,11,1,4,640,963,631,0.009291,1,2024-07-30 13:40:56,Medium,True,Fair
401,461,4,1,1323,1151,2068,0.006123,4,2024-07-22 07:49:02,Medium,True,Good
402,87,1,9,499,528,12000,0.005363,1,2024-11-13 01:17:12,Medium,True,Fair
403,234,1,2,1196,1136,1180,0.011813,4,2024-03-22 00:14:59,Medium,True,Excellent
404,481,5,1,2807,2874,5148,0.009179,3,2024-07-22 12:54:28,Complex,True,Good
405,407,4,6,228,359,2409,0.001634,3,2024-03-20 16:23:38,Simple,True,Good
406,43,1,6,428,582,1085,0.005506,5,2024-05-22 04:48:47,Medium,True,Excellent
407,122,1,1,482,570,3513,0.005894,3,2024-09-18 06:50:14,Medium,True,Good
408,312,1,3,879,1252,2649,0.011954,4,2024-09-28 22:57:28,Medium,True,Excellent
409,411,4,5,1174,1085,2130,0.005304,4,2024-09-09 12:46:45,Medium,True,Good
410,401,1,6,1022,1015,1635,0.010119,4,2024-07-10 19:40:30,Medium,True,Excellent
411,32,3,1,331,371,2937,0.00266,4,2024-02-23 20:47:45,Simple,True,Good
412,429,4,1,733,865,3238,0.004662,5,2024-11-11 16:46:56,Medium,True,Good
413,330,1,5,564,597,1608,0.005805,4,2024-03-21 02:22:18,Medium,True,Excellent
414,327,4,3,320,476,5328,0.002361,4,2024-08-20 11:29:09,Simple,True,Good
415,333,2,2,1170,1799,2710,0.013313,2,2024-12-20 19:07:49,Medium,True,Fair
416,248,1,2,829,1153,1400,0.012307,3,2024-02-11 18:32:32,Medium,True,Good
417,418,1,7,678,993,936,0.009365,4,2024-01-26 17:13:01,Medium,True,Excellent
418,430,1,5,945,899,796,0.009137,4,2024-03-24 00:06:41,Medium,True,Excellent
419,444,1,2,471,735,2110,0.007221,1,2024-03-06 02:41:29,Medium,True,Fair
420,172,4,5,986,866,1667,0.004599,4,2024-12-16 05:35:59,Medium,True,Good
421,217,4,3,124,124,2614,0.00058,5,2024-06-27 07:12:18,Simple,False,Good
422,157,4,5,97,110,608,0.000595,4,2024-10-25 05:25:30,Simple,True,Good
423,195,2,5,1837,2216,3987,0.018563,3,2024-03-23 03:23:20,Complex,True,Good
424,230,2,6,3882,4000,3024,0.030598,4,2024-03-21 07:31:09,Complex,True,Excellent
425,142,1,2,537,823,2680,0.008169,5,2024-03-22 07:24:34,Medium,True,Excellent
426,235,1,8,422,493,857,0.0045,5,2024-02-03 04:55:38,Simple,True,Excellent
427,320,4,6,305,342,2474,0.001869,5,2024-10-06 05:40:17,Simple,True,Good
428,255,1,1,413,441,898,0.004328,5,2024-02-12 04:21:11,Simple,True,Excellent
429,233,4,3,3682,3472,884,0.017335,4,2024-02-13 08:24:55,Complex,True,Good
430,79,3,1,1300,1095,500,0.007919,4,2024-06-01 18:14:18,Medium,True,Good
431,48,1,7,843,784,1404,0.008527,4,2024-08-12 05:41:47,Medium,True,Excellent
432,20,4,7,193,320,5547,0.00154,4,2024-05-01 01:28:52,Simple,True,Good
433,235,1,1,1066,948,1962,0.008911,5,2024-08-21 17:11:00,Medium,True,Excellent
434,444,4,6,2446,2363,1685,0.011028,3,2024-04-03 10:51:43,Complex,True,Good
435,133,4,1,229,240,850,0.001294,5,2024-06-03 02:42:15,Simple,False,Good
436,100,2,1,902,958,2473,0.007256,2,2024-03-11 05:16:38,Medium,True,Fair
437,266,1,3,608,969,1976,0.009583,3,2024-10-13 15:44:57,Medium,False,Good
438,204,1,2,695,937,1448,0.009875,3,2024-11-17 01:26:15,Medium,True,Good
439,361,1,6,1333,1345,4323,0.013051,3,2024-08-16 19:36:22,Medium,False,Good
440,414,2,6,489,523,500,0.004048,2,2024-09-30 08:58:50,Medium,True,Fair
441,454,1,3,3007,2817,1065,0.030496,3,2024-01-07 23:31:05,Complex,True,Good
442,319,4,1,1451,1495,3859,0.00757,5,2024-10-13 15:54:13,Medium,True,Good
443,246,5,6,451,677,1477,0.001858,4,2024-03-20 17:14:14,Medium,False,Good
444,139,2,2,271,356,511,0.00304,3,2024-03-11 18:26:31,Simple,True,Good
445,202,1,6,918,930,2019,0.009605,4,2024-08-16 08:10:40,Medium,True,Excellent
446,311,4,2,315,453,2167,0.002342,4,2024-02-13 21:25:24,Simple,True,Good
447,348,3,3,2014,2878,1738,0.020024,5,2024-01-30 14:26:22,Complex,True,Good
448,479,3,6,414,484,3458,0.003276,4,2024-12-20 20:38:03,Simple,True,Good
449,201,2,3,491,588,1521,0.004634,4,2024-08-14 16:49:24,Medium,True,Excellent
450,183,1,1,424,505,2976,0.00528,1,2024-08-09 01:29:42,Medium,False,Fair
451,400,4,3,2148,2061,4772,0.010694,5,2024-09-12 23:50:41,Complex,True,Good
452,398,4,2,955,1219,970,0.006666,2,2024-11-03 09:28:52,Medium,True,Fair
453,266,3,6,4430,4000,1366,0.028909,2,2024-03-10 07:35:42,Complex,True,Fair
454,331,3,6,2791,4000,1280,0.030498,4,2024-04-16 06:39:18,Complex,True,Good
455,172,1,1,858,1219,993,0.012018,3,2024-07-18 00:22:17,Medium,False,Good
456,147,3,1,986,1357,1397,0.009907,5,2024-02-06 21:19:18,Medium,False,Good
457,448,4,1,3809,3504,1626,0.01632,3,2024-05-06 00:50:24,Complex,True,Good
458,78,4,1,901,1032,1677,0.004838,4,2024-03-19 22:18:20,Medium,True,Good
459,216,4,5,1112,1225,3792,0.006729,4,2024-07-30 08:26:11,Medium,False,Good
460,351,1,5,1750,1867,2507,0.019707,4,2024-01-02 05:42:05,Medium,True,Excellent
461,197,4,2,1035,1269,1654,0.006629,4,2024-04-19 14:10:20,Medium,True,Good
462,131,4,3,396,352,3068,0.001588,5,2024-03-30 15:24:30,Simple,True,Good
463,3,3,1,1179,1904,4315,0.01447,4,2024-10-31 17:11:03,Medium,False,Good
464,39,3,6,360,563,6612,0.003735,4,2024-09-30 10:20:51,Medium,True,Good
465,428,4,2,494,581,856,0.003154,3,2024-03-14 09:51:32,Medium,False,Good
466,358,3,2,1262,1062,1717,0.007984,2,2024-12-17 23:33:27,Medium,False,Fair
467,35,4,4,1648,1741,2033,0.008676,2,2024-07-19 07:00:34,Medium,False,Fair
468,148,5,2,978,842,4427,0.00276,4,2024-10-23 02:01:56,Medium,True,Good
469,453,1,1,553,912,1791,0.008975,4,2024-01-26 18:06:04,Medium,True,Excellent
470,405,1,2,1745,2278,2265,0.022329,3,2024-01-22 18:16:56,Complex,True,Good
471,279,2,3,805,983,2567,0.008504,3,2024-02-26 05:40:39,Medium,False,Good
472,121,4,8,1181,1445,3082,0.00665,1,2024-08-13 13:30:21,Medium,True,Fair
473,130,4,1,510,607,2887,0.002845,5,2024-11-23 12:55:35,Medium,True,Good
474,42,1,1,502,505,3697,0.005012,4,2024-10-16 14:16:01,Medium,True,Excellent
475,48,1,8,3068,2741,1149,0.027178,4,2024-04-07 02:50:47,Complex,False,Excellent
476,141,1,6,404,629,2237,0.005677,2,2024-02-01 20:18:43,Medium,True,Fair
477,470,4,2,530,855,1971,0.003852,3,2024-04-15 12:42:04,Medium,False,Good
478,290,4,7,1835,1752,3746,0.009577,5,2024-09-10 13:50:16,Medium,False,Good
479,38,3,2,305,320,1802,0.002105,4,2024-10-06 06:46:56,Simple,True,Good
480,84,2,8,172,197,1198,0.001546,4,2024-03-30 11:20:24,Simple,True,Excellent
481,102,2,3,1427,2168,854,0.017319,5,2024-04-18 03:40:41,Complex,False,Excellent
482,275,4,2,1274,1233,1827,0.005552,4,2024-11-24 12:45:32,Medium,True,Good
483,362,1,7,538,819,1661,0.007938,4,2024-02-03 15:29:09,Medium,True,Excellent
484,96,1,1,801,1101,1760,0.012045,5,2024-07-01 05:57:51,Medium,True,Excellent
485,26,3,2,928,922,838,0.00597,5,2024-01-13 11:05:36,Medium,False,Good
486,359,2,6,1376,1568,1313,0.012023,4,2024-11-23 16:24:43,Medium,False,Excellent
487,246,2,2,252,328,901,0.002535,5,2024-01-13 19:11:07,Simple,True,Excellent
488,450,4,2,606,591,3511,0.003065,4,2024-06-30 11:57:01,Medium,True,Good
489,171,1,9,2279,1964,2837,0.019171,4,2024-05-10 10:15:22,Medium,True,Excellent
490,251,3,3,362,326,1892,0.002207,5,2024-08-05 04:56:22,Simple,True,Good
491,412,1,6,1745,1619,2846,0.017262,2,2024-11-15 08:22:58,Medium,True,Fair
492,468,2,2,542,490,1268,0.003863,4,2024-06-07 11:33:33,Simple,True,Excellent
493,86,4,6,1096,1802,558,0.008618,5,2024-07-08 13:56:17,Medium,False,Good
494,433,4,2,2500,2366,1610,0.012345,5,2024-06-14 11:14:04,Complex,True,Good
495,342,4,9,500,582,1760,0.002623,5,2024-12-07 01:17:10,Medium,False,Good
496,462,4,1,674,716,1005,0.003263,5,2024-10-27 10:04:40,Medium,True,Good
497,321,2,2,892,947,2180,0.007088,4,2024-12-22 18:41:59,Medium,True,Excellent
498,61,1,2,437,367,1556,0.003956,2,2024-07-08 08:33:07,Simple,False,Fair
499,457,2,2,853,844,3367,0.006464,1,2024-11-11 17:23:21,Medium,True,Fair
500,89,1,1,387,425,1141,0.004081,2,2024-03-29 16:40:03,Simple,True,Fair
501,285,4,1,423,659,4611,0.003225,5,2024-01-19 08:55:44,Medium,False,Good
502,407,1,6,462,412,3974,0.003903,3,2024-05-24 16:02:30,Simple,True,Good
503,81,4,7,326,357,2818,0.001619,2,2024-06-06 14:02:07,Simple,True,Fair
504,364,4,2,745,988,1416,0.005411,2,2024-05-11 01:30:53,Medium,True,Fair
505,380,1,1,565,646,1556,0.006753,1,2024-04-11 04:01:52,Medium,True,Fair
506,426,1,2,801,741,2001,0.007633,4,2024-02-26 08:36:52,Medium,True,Excellent
507,494,1,1,541,755,2698,0.007895,4,2024-03-03 07:34:56,Medium,True,Excellent
508,242,1,3,2719,3155,2054,0.032206,4,2024-01-04 21:10:33,Complex,True,Excellent
509,126,1,1,767,1000,1327,0.0104,4,2024-06-02 18:47:14,Medium,True,Excellent
510,23,1,2,1044,1094,2989,0.011521,4,2024-05-23 22:15:07,Medium,False,Excellent
511,484,2,3,563,603,1110,0.005023,5,2024-08-01 20:33:39,Medium,True,Excellent
512,431,2,2,4020,4000,1976,0.030494,5,2024-08-17 21:53:15,Complex,False,Excellent
513,324,1,7,192,262,840,0.002612,3,2024-12-02 17:29:30,Simple,True,Good
514,491,5,7,1012,1260,3346,0.003594,3,2024-10-02 05:28:41,Medium,False,Good
515,462,3,1,267,441,1723,0.00333,2,2024-05-27 09:39:26,Simple,False,Fair
516,337,1,2,311,306,2133,0.003272,5,2024-08-27 04:09:43,Simple,True,Excellent
517,225,2,1,602,883,761,0.007629,5,2024-07-21 09:19:14,Medium,True,Excellent
518,165,1,1,1174,996,2115,0.010937,4,2024-07-14 12:55:16,Medium,True,Excellent
519,185,2,4,770,813,751,0.006498,3,2024-11-20 09:55:49,Medium,True,Good
520,371,4,6,253,247,1590,0.001327,4,2024-03-07 12:12:43,Simple,True,Good
521,352,1,2,390,563,1691,0.005565,1,2024-01-19 20:09:08,Medium,True,Fair
522,227,1,4,847,863,1644,0.008957,4,2024-08-21 14:41:17,Medium,True,Excellent
523,204,1,9,2783,2466,3162,0.026837,5,2024-06-29 19:36:38,Complex,True,Excellent
524,463,2,2,1161,1168,3134,0.008451,4,2024-10-14 21:01:06,Medium,True,Excellent
525,500,1,6,339,505,3246,0.00502,4,2024-08-14 20:27:41,Medium,True,Excellent
526,443,1,2,1085,907,1626,0.008428,1,2024-05-24 01:04:59,Medium,False,Fair
527,407,4,3,979,1167,2919,0.006026,5,2024-09-15 18:57:24,Medium,True,Good
528,248,1,2,264,400,5768,0.003772,4,2024-12-20 23:50:22,Simple,True,Excellent
529,353,4,6,1566,1403,753,0.006771,4,2024-08-19 00:39:16,Medium,True,Good
530,471,4,1,771,786,1638,0.003829,3,2024-10-22 05:54:05,Medium,True,Good
531,295,1,2,559,592,735,0.00553,5,2024-12-29 11:37:19,Medium,True,Excellent
532,313,4,1,890,1305,1465,0.006902,5,2024-12-18 10:26:54,Medium,True,Good
533,53,3,1,598,709,500,0.005225,4,2024-08-13 20:58:48,Medium,True,Good
534,96,1,2,583,538,500,0.005479,4,2024-04-04 21:05:23,Medium,True,Excellent
535,261,1,7,3315,4000,1123,0.042425,5,2024-06-19 21:53:52,Complex,False,Excellent
536,73,4,1,484,624,808,0.00323,5,2024-09-17 15:56:22,Medium,True,Good
537,41,2,1,615,725,3233,0.006331,4,2024-09-14 21:52:18,Medium,True,Excellent
538,282,1,1,1181,1218,2265,0.011337,2,2024-05-16 05:12:07,Medium,True,Fair
539,373,2,3,390,485,2896,0.003792,2,2024-12-04 03:46:37,Simple,True,Fair
540,181,5,8,3737,3967,6092,0.010787,2,2024-07-29 02:47:10,Complex,True,Fair
541,176,2,3,323,429,2548,0.003336,4,2024-04-11 05:03:27,Simple,True,Excellent
542,237,4,5,1560,1364,4636,0.006957,5,2024-10-22 13:30:38,Medium,True,Good
543,413,4,9,613,855,4014,0.004048,5,2024-03-16 06:25:08,Medium,False,Good
544,358,4,1,498,551,3602,0.00298,3,2024-02-25 12:06:32,Medium,True,Good
545,248,4,2,1586,1638,1676,0.007377,4,2024-09-29 15:31:30,Medium,True,Good
546,74,1,7,1556,1397,1838,0.015171,5,2024-04-28 10:55:45,Medium,True,Excellent
547,217,4,5,642,932,1989,0.004291,5,2024-12-06 13:37:59,Medium,False,Good
548,41,4,4,1111,1448,1551,0.007485,4,2024-07-15 19:51:16,Medium,False,Good
549,20,1,1,1024,1303,1989,0.013092,4,2024-12-26 02:35:22,Medium,True,Excellent
550,375,2,1,467,550,3442,0.004236,4,2024-04-19 19:31:19,Medium,True,Excellent
551,148,4,2,752,707,3221,0.003318,4,2024-08-27 06:06:12,Medium,True,Good
552,396,3,3,820,1057,2313,0.007275,5,2024-02-17 21:52:53,Medium,False,Good
553,360,4,9,1149,1508,1880,0.00817,4,2024-09-18 10:35:43,Medium,True,Good
554,477,1,4,1272,2096,1269,0.022706,5,2024-02-22 21:32:47,Complex,True,Excellent
555,462,4,1,276,449,1471,0.002267,1,2024-03-24 04:47:09,Simple,False,Fair
556,29,3,2,1222,1041,2876,0.007933,5,2024-06-29 23:22:03,Medium,True,Good
557,387,2,4,1125,1573,3296,0.011725,3,2024-01-24 05:56:26,Medium,True,Good
558,422,3,1,667,760,5397,0.005847,3,2024-04-17 16:16:36,Medium,True,Good
559,141,4,8,563,811,3180,0.003722,2,2024-02-17 16:35:10,Medium,True,Fair
560,14,1,6,743,924,500,0.008556,4,2024-09-30 15:54:47,Medium,True,Excellent
561,160,3,3,352,350,4217,0.002548,4,2024-11-09 09:38:05,Simple,True,Good
562,373,4,6,660,1096,2174,0.005462,5,2024-07-03 08:26:52,Medium,True,Good
563,406,2,1,2032,2179,1635,0.017147,4,2024-04-29 13:07:27,Complex,True,Excellent
564,177,1,9,1188,1048,2661,0.010442,5,2024-04-07 03:41:12,Medium,True,Excellent
565,167,4,8,863,970,2481,0.005093,4,2024-04-05 12:00:56,Medium,True,Good
566,413,4,4,639,555,8739,0.002835,5,2024-08-05 00:52:10,Medium,False,Good
567,489,1,1,349,302,1852,0.003286,4,2024-09-30 18:46:28,Simple,True,Excellent
568,193,1,1,385,619,793,0.005891,4,2024-02-28 17:08:48,Medium,True,Excellent
569,65,4,3,2333,2894,2501,0.013817,5,2024-01-08 12:26:12,Complex,True,Good
570,178,2,2,378,403,1899,0.003331,4,2024-09-29 02:09:43,Simple,True,Excellent
571,281,4,8,497,452,1774,0.002151,2,2024-05-16 19:05:38,Simple,True,Fair
572,370,2,1,486,633,7134,0.00527,3,2024-03-29 04:50:49,Medium,False,Good
573,390,1,2,419,592,1585,0.005456,4,2024-11-02 16:06:12,Medium,True,Excellent
574,401,1,2,2276,2087,2609,0.022214,5,2024-05-02 10:25:32,Complex,True,Excellent
575,460,2,6,395,340,2468,0.002512,5,2024-07-11 07:48:49,Simple,True,Excellent
576,301,1,9,523,679,1192,0.006911,4,2024-06-28 16:35:56,Medium,True,Excellent
577,120,4,8,260,350,2284,0.00189,3,2024-03-20 15:07:42,Simple,False,Good
578,369,1,7,125,199,2573,0.001859,3,2024-08-20 09:00:23,Simple,True,Good
579,148,2,1,2877,2516,1014,0.022052,4,2024-09-04 05:16:59,Complex,True,Excellent
580,457,1,6,517,540,6081,0.004949,3,2024-03-25 04:00:43,Medium,True,Good
581,465,3,1,922,882,2452,0.005773,5,2024-02-22 04:50:06,Medium,True,Good
582,50,3,4,2426,2262,4147,0.016758,5,2024-12-14 04:18:53,Complex,False,Good
583,399,1,6,701,777,1582,0.007614,2,2024-11-13 05:07:51,Medium,True,Fair
584,150,1,6,763,740,1551,0.006936,3,2024-06-06 02:16:28,Medium,False,Good
585,36,1,5,504,724,2589,0.006602,4,2024-08-09 10:15:07,Medium,True,Excellent
586,221,4,6,381,560,1139,0.002625,1,2024-09-07 00:57:28,Medium,False,Fair
587,449,5,5,488,619,1281,0.001982,4,2024-04-20 14:45:06,Medium,True,Good
588,498,4,9,2768,4000,687,0.019798,4,2024-06-03 19:30:23,Complex,True,Good
589,53,4,3,1092,1760,808,0.008073,5,2024-04-12 07:53:18,Medium,True,Good
590,333,5,1,933,996,758,0.003274,5,2024-05-31 20:32:31,Medium,True,Good
591,27,1,1,342,547,1451,0.005573,2,2024-05-23 03:41:54,Medium,True,Fair
592,112,2,5,793,1015,1553,0.008789,4,2024-02-23 19:20:44,Medium,True,Excellent
593,463,5,7,885,1057,3320,0.003356,5,2024-07-23 15:41:25,Medium,True,Good
594,384,1,6,746,779,2565,0.007823,4,2024-04-02 21:14:07,Medium,True,Excellent
595,330,5,6,204,328,3386,0.000921,1,2024-08-19 11:28:22,Simple,False,Fair
596,107,4,1,1440,1408,5068,0.007524,1,2024-08-14 22:38:59,Medium,True,Fair
597,315,1,7,1389,1695,1418,0.015309,2,2024-05-07 00:45:24,Medium,True,Fair
598,306,1,3,1111,1571,912,0.016551,2,2024-04-23 07:35:27,Medium,False,Fair
599,228,5,1,201,285,1961,0.000906,4,2024-03-31 02:58:09,Simple,True,Good
600,29,4,1,1418,1709,3260,0.008021,5,2024-05-12 21:54:53,Medium,True,Good
601,34,4,1,533,691,3393,0.003111,3,2024-07-28 02:09:49,Medium,True,Good
602,312,4,1,818,1100,1732,0.00541,5,2024-08-04 09:41:48,Medium,True,Good
603,86,2,2,482,473,5271,0.003976,4,2024-09-17 13:47:48,Simple,True,Excellent
604,85,4,1,287,428,943,0.00207,1,2024-12-10 10:17:17,Simple,False,Fair
605,313,3,2,564,674,2134,0.00448,2,2024-12-11 23:17:57,Medium,False,Fair
606,92,4,3,396,442,1797,0.002169,3,2024-02-27 15:02:07,Simple,False,Good
607,65,5,3,959,881,784,0.002467,4,2024-12-17 11:16:30,Medium,True,Good
608,461,1,3,1839,1712,720,0.0173,1,2024-03-21 06:57:48,Medium,False,Fair
609,226,4,1,1201,1306,958,0.005879,3,2024-09-04 22:13:16,Medium,True,Good
610,263,2,2,2723,3803,2496,0.027867,4,2024-01-30 22:47:02,Complex,True,Excellent
611,310,4,3,2103,3380,3947,0.018141,3,2024-12-03 14:17:59,Complex,False,Good
612,257,1,6,242,231,805,0.002273,4,2024-01-09 03:30:35,Simple,True,Excellent
613,348,2,6,814,827,1158,0.006276,4,2024-07-13 17:10:36,Medium,True,Excellent
614,33,4,6,2207,3292,1567,0.017748,4,2024-03-06 17:09:56,Complex,True,Good
615,134,1,7,1544,1381,1289,0.0134,4,2024-07-20 18:50:02,Medium,True,Excellent
616,365,1,1,1374,1683,1346,0.015631,5,2024-09-06 11:25:28,Medium,True,Excellent
617,173,3,1,1195,1587,1158,0.010236,4,2024-08-20 14:49:41,Medium,True,Good
618,343,4,3,4294,4000,3248,0.020357,3,2024-12-08 12:58:59,Complex,True,Good
619,20,4,1,972,1483,2757,0.007266,4,2024-04-19 02:59:41,Medium,True,Good
620,328,1,9,880,832,1079,0.00795,5,2024-10-29 12:09:08,Medium,True,Excellent
621,473,1,6,496,425,1995,0.004445,4,2024-04-14 00:16:19,Simple,True,Excellent
622,437,1,3,340,411,4200,0.004508,5,2024-02-12 05:12:02,Simple,True,Excellent
623,351,4,8,677,1100,5053,0.005542,4,2024-06-20 06:33:46,Medium,False,Good
624,173,4,6,779,790,1974,0.004188,4,2024-11-07 17:26:31,Medium,True,Good
625,330,1,1,644,908,3144,0.00926,5,2024-11-01 15:06:37,Medium,True,Excellent
626,281,4,4,1040,876,922,0.00429,3,2024-08-12 09:18:01,Medium,False,Good
627,448,1,1,1671,2011,1155,0.018767,4,2024-11-25 13:18:35,Complex,True,Excellent
628,344,1,2,585,492,961,0.004927,3,2024-02-03 18:08:25,Simple,True,Good
629,107,2,1,1419,1774,813,0.014969,4,2024-04-01 18:35:27,Medium,True,Excellent
630,126,1,3,1138,1561,5705,0.01527,5,2024-07-02 10:21:21,Medium,True,Excellent
631,484,3,7,1141,954,1210,0.006443,4,2024-10-24 09:54:22,Medium,True,Good
632,365,2,3,1682,1881,2011,0.013626,3,2024-06-25 17:27:34,Medium,True,Good
633,476,1,2,317,431,1860,0.004054,4,2024-01-10 01:15:42,Simple,True,Excellent
634,453,1,2,538,726,639,0.007834,5,2024-06-24 07:29:24,Medium,True,Excellent
635,404,4,1,490,619,4828,0.003062,5,2024-05-04 13:23:17,Medium,True,Good
636,479,4,1,2095,2095,2390,0.009626,5,2024-03-05 20:21:20,Complex,True,Good
637,264,4,3,1570,1478,2192,0.00721,2,2024-02-08 05:44:03,Medium,False,Fair
638,335,1,3,1201,1033,793,0.01037,4,2024-09-30 07:01:56,Medium,True,Excellent
639,364,4,2,613,950,925,0.004557,3,2024-10-25 23:42:39,Medium,False,Good
640,261,5,8,1236,1230,883,0.003468,4,2024-11-12 13:41:16,Medium,True,Good
641,320,3,4,1663,1762,746,0.01354,5,2024-02-29 18:41:17,Medium,False,Good
642,460,4,2,925,772,2096,0.003987,4,2024-05-15 00:41:20,Medium,True,Good
643,121,1,6,250,285,1216,0.002831,4,2024-12-17 02:50:48,Simple,True,Excellent
644,212,4,2,884,1131,2197,0.005867,3,2024-05-27 23:10:54,Medium,False,Good
645,473,4,1,552,618,998,0.003288,4,2024-12-18 20:29:16,Medium,True,Good
646,322,1,3,361,382,2071,0.003443,5,2024-06-22 14:24:35,Simple,True,Excellent
647,320,4,3,723,638,7781,0.003496,3,2024-10-09 14:59:36,Medium,True,Good
648,240,1,8,2838,4000,1566,0.038281,4,2024-11-03 05:23:37,Complex,True,Excellent
649,214,1,1,785,664,2247,0.007201,4,2024-03-02 03:56:57,Medium,False,Excellent
650,329,4,1,1617,1559,4394,0.007143,5,2024-02-05 09:29:47,Medium,True,Good
651,205,1,4,173,228,3746,0.002383,3,2024-05-13 14:06:19,Simple,True,Good
652,123,3,8,635,871,1268,0.005813,1,2024-10-27 10:38:00,Medium,True,Fair
653,236,4,2,405,531,797,0.002682,5,2024-05-11 18:27:09,Medium,True,Good
654,133,4,3,2200,1897,839,0.008803,4,2024-03-11 20:57:49,Medium,True,Good
655,421,4,6,783,950,3419,0.004677,3,2024-05-21 12:49:12,Medium,True,Good
656,211,2,1,446,708,1426,0.005491,5,2024-11-25 22:17:45,Medium,True,Excellent
657,137,1,2,695,745,5192,0.007501,5,2024-05-05 17:07:07,Medium,True,Excellent
658,278,1,3,396,436,2041,0.004597,5,2024-10-04 08:17:48,Simple,True,Excellent
659,8,2,1,1619,2503,2304,0.021943,4,2024-04-12 01:09:06,Complex,True,Excellent
660,401,1,1,185,175,1561,0.001623,3,2024-02-17 04:08:25,Simple,False,Good
661,394,1,4,802,818,6638,0.008849,4,2024-12-07 14:30:58,Medium,True,Excellent
662,163,2,3,586,943,1128,0.007398,4,2024-11-24 08:44:42,Medium,True,Excellent
663,178,1,6,741,758,2554,0.008153,5,2024-11-22 18:58:49,Medium,True,Excellent
664,355,1,2,471,688,2457,0.007451,3,2024-11-11 05:29:56,Medium,True,Good
665,100,1,6,216,357,1624,0.003516,3,2024-06-16 18:08:04,Simple,True,Good
666,21,1,7,369,580,1475,0.0059,4,2024-08-01 06:11:38,Medium,True,Excellent
667,356,2,6,984,1625,1436,0.012952,3,2024-03-30 17:28:53,Medium,True,Good
668,434,1,1,412,585,4713,0.005313,3,2024-07-23 21:51:41,Medium,True,Good
669,117,4,6,885,1205,2154,0.006518,4,2024-11-19 18:20:02,Medium,True,Good
670,52,4,3,282,345,1718,0.001582,5,2024-03-27 17:59:49,Simple,True,Good
671,216,1,5,425,695,1928,0.007155,3,2024-06-25 06:57:39,Medium,False,Good
672,366,5,1,787,831,1345,0.002254,4,2024-01-15 12:21:20,Medium,True,Good
673,194,2,6,298,322,1421,0.002373,4,2024-05-26 14:15:36,Simple,True,Excellent
674,161,3,8,297,304,3817,0.002047,4,2024-04-15 08:59:06,Simple,False,Good
675,452,4,2,605,560,2683,0.002666,3,2024-03-20 04:54:29,Medium,True,Good
676,480,4,2,387,571,1769,0.002695,5,2024-03-15 16:34:37,Medium,False,Good
677,49,4,3,97,156,794,0.000807,4,2024-05-04 14:28:42,Simple,False,Good
678,323,4,3,665,736,2106,0.003658,4,2024-08-03 06:57:16,Medium,False,Good
679,18,4,9,998,1223,4682,0.005746,4,2024-01-30 04:57:44,Medium,True,Good
680,74,3,3,1457,1354,612,0.009816,4,2024-02-25 22:54:38,Medium,True,Good
681,453,3,2,383,388,3175,0.002712,2,2024-03-26 15:01:17,Simple,False,Fair
682,323,1,5,607,727,3880,0.006899,3,2024-07-06 06:25:03,Medium,True,Good
683,12,1,8,586,635,1114,0.006519,5,2024-11-08 16:40:15,Medium,True,Excellent
684,435,2,7,622,653,1002,0.004842,5,2024-03-16 17:02:50,Medium,True,Excellent
685,214,1,1,832,799,5770,0.008659,3,2024-10-16 15:44:01,Medium,True,Good
686,13,3,2,244,261,4013,0.001874,5,2024-06-09 07:20:59,Simple,True,Good
687,161,1,7,355,519,1020,0.005281,3,2024-04-13 00:35:40,Medium,True,Good
688,175,4,1,271,444,1227,0.002036,4,2024-09-18 11:22:41,Simple,False,Good
689,384,1,6,1054,1066,1164,0.009619,5,2024-01-27 14:01:17,Medium,True,Excellent
690,325,1,6,1047,1095,1000,0.010423,5,2024-02-08 12:16:48,Medium,True,Excellent
691,354,4,6,2011,1904,2269,0.010442,4,2024-12-16 20:52:23,Medium,True,Good
692,330,1,3,339,450,795,0.00485,4,2024-07-29 15:53:36,Simple,True,Excellent
693,276,3,9,1469,1274,6326,0.008402,4,2024-12-14 04:16:39,Medium,True,Good
694,371,2,1,117,164,2753,0.001378,2,2024-03-19 01:26:39,Simple,True,Fair
695,276,4,2,464,583,1965,0.002719,5,2024-07-27 23:15:16,Medium,True,Good
696,368,5,2,666,686,635,0.001981,4,2024-09-03 05:06:40,Medium,False,Good
697,110,1,3,926,1066,3706,0.011688,4,2024-06-07 13:52:11,Medium,True,Excellent
698,319,4,2,862,900,2700,0.004754,4,2024-04-22 03:01:46,Medium,True,Good
699,21,4,4,597,621,607,0.003208,4,2024-09-14 12:32:29,Medium,False,Good
700,240,4,2,405,469,2820,0.002563,3,2024-10-09 02:14:56,Simple,False,Good
701,191,1,2,1095,1694,6258,0.015386,5,2024-10-20 07:23:57,Medium,True,Excellent
702,454,2,2,427,470,1320,0.003858,5,2024-06-26 06:54:00,Simple,True,Excellent
703,33,2,8,418,501,3101,0.003796,4,2024-10-17 22:45:19,Medium,True,Excellent
704,50,4,5,228,245,1700,0.001325,4,2024-01-24 11:58:47,Simple,True,Good
705,191,1,4,1023,1598,1556,0.017504,4,2024-11-22 23:09:52,Medium,True,Excellent
706,426,4,8,1534,1541,3129,0.007609,3,2024-01-08 22:47:17,Medium,True,Good
707,296,4,8,2032,2233,2342,0.0118,4,2024-10-15 12:07:31,Complex,True,Good
708,120,4,1,722,1022,1519,0.005257,5,2024-09-24 10:02:38,Medium,True,Good
709,13,1,6,584,658,1613,0.006024,5,2024-06-18 06:56:23,Medium,False,Excellent
710,137,2,2,609,522,1454,0.00436,3,2024-03-30 12:16:29,Medium,True,Good
711,311,1,5,529,500,2277,0.004589,5,2024-12-27 06:26:28,Medium,True,Excellent
712,62,1,7,507,752,3704,0.006906,5,2024-04-06 11:34:30,Medium,True,Excellent
713,42,2,1,962,1348,2173,0.009759,4,2024-09-16 23:21:34,Medium,True,Excellent
714,265,5,7,1493,1867,1044,0.0054,5,2024-10-04 15:07:19,Medium,True,Good
715,48,2,2,153,228,2523,0.001731,2,2024-03-31 13:22:02,Simple,True,Fair
716,491,1,1,598,738,1893,0.007589,4,2024-01-04 21:08:13,Medium,True,Excellent
717,262,1,1,2156,1987,1564,0.018032,3,2024-06-16 14:19:50,Medium,True,Good
718,158,2,2,1218,1081,1416,0.008994,5,2024-01-15 09:57:22,Medium,True,Excellent
719,158,1,1,1037,1001,660,0.009994,4,2024-12-18 09:47:01,Medium,True,Excellent
720,365,4,2,297,464,1168,0.002089,3,2024-06-24 02:48:48,Simple,True,Good
721,189,4,7,507,600,9053,0.002904,5,2024-09-29 11:11:27,Medium,True,Good
722,97,1,2,1384,1170,7726,0.011031,4,2024-07-30 21:12:21,Medium,True,Excellent
723,108,1,2,868,1045,627,0.010378,5,2024-06-12 20:48:27,Medium,True,Excellent
724,462,4,1,1107,1059,1313,0.005601,2,2024-08-12 08:25:34,Medium,True,Fair
725,106,1,2,4309,4000,1195,0.043828,3,2024-03-07 04:04:22,Complex,True,Good
726,406,1,2,720,921,3353,0.008841,5,2024-12-06 21:55:22,Medium,True,Excellent
727,274,2,1,1145,1511,500,0.013038,4,2024-11-28 03:09:24,Medium,True,Excellent
728,495,3,2,997,1218,2321,0.009257,2,2024-05-12 05:35:52,Medium,True,Fair
729,442,4,2,518,694,748,0.003696,4,2024-07-28 16:26:52,Medium,True,Good
730,172,1,2,1360,1977,795,0.021102,3,2024-06-21 14:04:06,Medium,True,Good
731,304,1,1,1177,1281,3391,0.013826,4,2024-07-09 14:39:26,Medium,True,Excellent
732,361,2,3,569,615,829,0.00489,3,2024-09-11 06:33:38,Medium,True,Good
733,127,4,1,345,395,1160,0.002162,4,2024-07-27 06:15:53,Simple,False,Good
734,443,4,5,237,282,1665,0.001492,2,2024-01-11 17:33:25,Simple,True,Fair
735,50,2,6,1799,1656,1141,0.012717,3,2024-09-11 06:35:58,Medium,True,Good
736,188,4,1,1426,1203,1089,0.005818,3,2024-06-09 14:05:51,Medium,True,Good
737,461,4,2,461,712,1474,0.00374,5,2024-04-14 10:08:02,Medium,True,Good
738,272,4,2,3142,3644,5265,0.016765,4,2024-05-13 06:14:05,Complex,True,Good
739,320,4,2,1308,1363,500,0.006343,4,2024-03-13 18:57:10,Medium,False,Good
740,243,2,2,396,571,1656,0.004841,5,2024-09-15 23:26:58,Medium,True,Excellent
741,197,1,1,1407,1431,500,0.013693,4,2024-08-29 15:52:50,Medium,False,Excellent
742,84,1,3,647,807,665,0.007288,4,2024-11-22 18:37:17,Medium,True,Excellent
743,141,4,6,1452,1337,2407,0.006038,3,2024-12-28 06:52:31,Medium,False,Good
744,216,4,8,1004,1219,3386,0.00551,5,2024-12-14 01:37:53,Medium,True,Good
745,297,4,1,778,742,1180,0.004013,3,2024-07-30 10:21:31,Medium,True,Good
746,105,1,8,386,485,2902,0.004617,5,2024-11-29 15:11:57,Simple,True,Excellent
747,478,2,1,320,421,2945,0.003622,5,2024-01-13 23:47:12,Simple,True,Excellent
748,493,4,6,276,424,2680,0.002321,5,2024-03-23 23:26:24,Simple,True,Good
749,164,4,1,265,362,2425,0.001808,5,2024-06-12 08:54:34,Simple,True,Good
750,113,4,6,1408,1675,1154,0.008966,5,2024-07-31 09:25:18,Medium,False,Good
751,269,2,3,454,705,1413,0.005798,5,2024-12-17 22:41:40,Medium,True,Excellent
752,401,3,6,303,431,1216,0.002751,4,2024-05-15 01:16:35,Simple,True,Good
753,192,2,7,858,1096,2572,0.009112,3,2024-02-22 08:52:43,Medium,True,Good
754,149,1,7,237,248,5867,0.002656,5,2024-06-04 03:27:17,Simple,True,Excellent
755,349,1,4,458,691,1098,0.007349,5,2024-11-25 05:54:56,Medium,True,Excellent
756,32,4,2,994,1487,3866,0.007954,4,2024-07-25 13:06:36,Medium,False,Good
757,428,2,2,204,240,1068,0.001814,4,2024-07-17 09:06:11,Simple,True,Excellent
758,2,1,6,950,1493,5662,0.014884,5,2024-03-21 21:58:25,Medium,True,Excellent
759,445,1,2,1551,1353,2617,0.012213,4,2024-04-15 18:21:06,Medium,False,Excellent
760,121,3,1,1827,2988,3527,0.021964,4,2024-04-12 23:30:49,Complex,True,Good
761,258,5,1,527,595,2116,0.001659,1,2024-11-01 20:37:49,Medium,True,Fair
762,350,5,3,1534,1614,4970,0.004869,4,2024-07-02 21:10:24,Medium,False,Good
763,298,1,5,536,585,1928,0.006225,4,2024-05-28 21:59:07,Medium,True,Excellent
764,371,4,2,1339,1586,580,0.007926,5,2024-10-10 18:04:39,Medium,True,Good
765,283,4,2,193,207,3189,0.001009,2,2024-04-22 04:20:16,Simple,True,Fair
766,53,2,6,454,392,925,0.003418,4,2024-12-19 10:02:07,Simple,True,Excellent
767,237,4,1,495,520,3875,0.002421,4,2024-09-04 00:38:27,Medium,True,Good
768,412,4,2,681,619,1589,0.003096,5,2024-02-17 10:37:40,Medium,True,Good
769,240,2,8,1949,1864,2713,0.0137,4,2024-01-02 10:01:20,Medium,True,Excellent
770,181,4,4,2086,1758,3675,0.008857,3,2024-01-13 09:17:36,Medium,True,Good
771,80,4,6,1410,1706,2853,0.007979,3,2024-05-19 01:43:26,Medium,True,Good
772,232,3,1,2696,4000,1634,0.027304,4,2024-06-29 09:38:16,Complex,True,Good
773,117,1,3,193,220,2048,0.002144,4,2024-11-24 15:11:44,Simple,True,Excellent
774,392,1,6,3064,3399,2267,0.036372,5,2024-10-06 07:29:09,Complex,True,Excellent
775,225,3,1,2791,3329,3646,0.021273,4,2024-06-23 09:15:23,Complex,True,Good
776,64,1,1,161,159,1017,0.001683,5,2024-04-05 07:24:22,Simple,True,Excellent
777,245,4,2,672,634,1108,0.003169,4,2024-09-22 23:15:14,Medium,False,Good
778,285,1,5,573,521,2602,0.004921,3,2024-07-09 10:58:50,Medium,False,Good
779,111,1,2,1168,1263,1915,0.012479,2,2024-04-26 04:53:09,Medium,True,Fair
780,270,5,9,1218,1409,3282,0.004186,4,2024-12-29 01:44:23,Medium,True,Good
781,480,4,6,754,766,1383,0.003973,5,2024-12-29 20:02:16,Medium,True,Good
782,87,4,4,2251,3449,2193,0.0178,4,2024-10-15 00:05:36,Complex,True,Good
783,385,1,3,1273,2022,2270,0.018442,5,2024-02-10 06:47:29,Complex,True,Excellent
784,423,1,1,634,1008,4418,0.010477,4,2024-04-07 00:25:37,Medium,True,Excellent
785,350,4,6,2371,2099,2310,0.010678,4,2024-03-21 00:36:05,Complex,True,Good
786,111,1,1,1240,1358,1604,0.014532,3,2024-11-08 19:37:06,Medium,False,Good
787,368,4,1,703,792,550,0.003896,4,2024-10-05 19:45:19,Medium,False,Good
788,314,4,1,453,582,3203,0.003142,4,2024-10-29 16:32:39,Medium,True,Good
789,356,4,3,676,758,1322,0.003573,5,2024-11-16 00:05:56,Medium,True,Good
790,352,5,6,622,833,756,0.002372,3,2024-01-21 11:44:37,Medium,True,Good
791,27,3,1,324,459,1884,0.003446,4,2024-07-23 15:49:38,Simple,True,Good
792,217,1,3,3281,3207,2269,0.032458,4,2024-06-02 06:50:21,Complex,False,Excellent
793,75,4,1,861,754,1235,0.003458,2,2024-08-26 15:49:22,Medium,True,Fair
794,83,4,2,135,189,720,0.000888,4,2024-03-31 01:09:10,Simple,True,Good
795,91,1,2,501,717,2002,0.006886,3,2024-11-09 02:53:24,Medium,True,Good
796,146,1,4,547,622,1630,0.005833,2,2024-02-01 10:44:19,Medium,True,Fair
797,365,4,3,336,318,5705,0.001676,3,2024-05-14 10:08:12,Simple,True,Good
798,232,1,3,458,596,1339,0.006262,4,2024-03-28 12:35:19,Medium,False,Excellent
799,80,1,9,773,831,744,0.007953,5,2024-09-02 20:08:41,Medium,True,Excellent
800,277,1,1,1008,934,4065,0.009856,5,2024-11-23 02:18:41,Medium,True,Excellent
801,130,2,2,4150,3598,1606,0.030455,5,2024-12-25 06:22:45,Complex,False,Excellent
802,238,4,3,2412,2158,862,0.010798,5,2024-11-11 12:39:42,Complex,True,Good
803,393,2,3,1459,2014,2165,0.015938,3,2024-10-13 09:38:39,Complex,True,Good
804,461,4,6,997,1295,2555,0.006346,3,2024-03-02 03:58:33,Medium,False,Good
805,465,1,1,530,474,1066,0.004324,2,2024-09-21 18:38:04,Simple,True,Fair
806,10,3,9,423,419,1135,0.002879,5,2024-06-03 19:06:08,Simple,True,Good
807,29,1,1,682,1068,2289,0.010055,3,2024-07-07 09:16:23,Medium,True,Good
808,278,2,3,279,288,5485,0.002428,4,2024-01-09 21:39:59,Simple,True,Excellent
809,394,4,3,828,844,932,0.004403,5,2024-03-12 11:18:59,Medium,True,Good
810,328,1,3,396,451,502,0.00416,2,2024-12-06 01:55:08,Simple,False,Fair
811,214,1,1,747,1016,2501,0.010212,2,2024-03-13 11:22:33,Medium,True,Fair
812,311,1,1,828,1186,1364,0.011785,5,2024-08-07 15:15:43,Medium,True,Excellent
813,400,4,1,2463,2344,2585,0.012713,4,2024-11-22 03:51:24,Complex,True,Good
814,196,4,7,1618,1375,519,0.006209,4,2024-03-17 15:27:12,Medium,False,Good
815,76,1,3,1352,1134,926,0.011315,4,2024-08-23 16:22:02,Medium,True,Excellent
816,386,4,1,539,599,930,0.00287,4,2024-08-27 20:19:07,Medium,False,Good
817,129,2,2,712,1187,699,0.009013,1,2024-07-31 08:42:42,Medium,True,Fair
818,63,1,1,160,220,2751,0.002073,2,2024-02-22 10:46:28,Simple,True,Fair
819,466,4,5,731,708,992,0.003517,5,2024-07-17 07:07:50,Medium,True,Good
820,364,1,1,4218,3877,2113,0.036071,5,2024-01-09 16:30:40,Complex,True,Excellent
821,485,4,2,1053,900,5356,0.00464,4,2024-02-03 11:21:21,Medium,True,Good
822,9,4,3,2762,2828,4297,0.012937,4,2024-06-22 15:20:35,Complex,True,Good
823,41,3,3,729,690,3025,0.005151,5,2024-12-01 02:08:30,Medium,True,Good
824,351,4,7,1017,907,1991,0.004153,4,2024-04-21 13:13:18,Medium,True,Good
825,135,4,9,1029,1035,1937,0.005522,3,2024-06-11 01:32:06,Medium,False,Good
826,272,5,3,878,881,2442,0.002845,5,2024-04-10 14:35:18,Medium,False,Good
827,454,1,2,590,920,3568,0.009953,1,2024-10-08 19:11:48,Medium,True,Fair
828,424,5,1,483,601,2533,0.001829,3,2024-12-14 13:58:12,Medium,True,Good
829,111,2,6,1218,1136,5612,0.008998,5,2024-01-17 16:35:24,Medium,True,Excellent
830,433,1,1,1525,1476,2261,0.01431,5,2024-02-05 10:45:34,Medium,True,Excellent
831,85,4,2,638,618,1427,0.003171,5,2024-02-12 20:57:05,Medium,False,Good
832,497,5,8,461,438,2250,0.00123,4,2024-01-06 20:38:31,Simple,True,Good
833,28,1,2,601,626,961,0.006347,1,2024-09-03 08:24:30,Medium,True,Fair
834,334,4,2,1850,1645,3965,0.008235,3,2024-02-08 17:18:47,Medium,True,Good
835,47,4,3,1464,1400,1205,0.007022,4,2024-05-11 10:08:24,Medium,True,Good
836,170,1,1,1733,1999,1558,0.021152,5,2024-01-29 09:19:44,Medium,True,Excellent
837,352,4,1,668,722,2047,0.003611,1,2024-10-20 07:01:12,Medium,True,Fair
838,15,4,7,476,526,1881,0.002847,2,2024-07-03 17:07:31,Medium,True,Fair
839,68,1,8,429,416,1359,0.004262,3,2024-11-05 17:56:56,Simple,True,Good
840,345,2,6,585,780,861,0.005897,4,2024-10-08 20:58:13,Medium,True,Excellent
841,396,1,3,391,327,1183,0.003187,4,2024-03-05 18:21:14,Simple,True,Excellent
842,32,2,5,1245,1375,1765,0.010145,3,2024-12-14 12:23:12,Medium,False,Good
843,88,3,2,1070,1031,1447,0.00682,3,2024-07-25 03:21:14,Medium,True,Good
844,401,4,1,615,716,1258,0.003317,5,2024-03-06 15:41:28,Medium,False,Good
845,218,3,9,153,181,1026,0.001228,3,2024-03-31 03:56:03,Simple,False,Good
846,432,4,2,538,568,1855,0.002616,3,2024-07-06 07:56:23,Medium,False,Good
847,257,4,4,967,1226,2665,0.006202,5,2024-12-29 16:35:06,Medium,True,Good
848,185,4,9,1678,1636,3876,0.008183,4,2024-12-25 01:30:33,Medium,True,Good
849,268,4,1,530,478,1385,0.002607,3,2024-06-19 01:59:36,Simple,True,Good
850,203,4,8,1104,1019,759,0.005064,4,2024-01-28 04:35:45,Medium,True,Good
851,297,2,1,787,738,1408,0.005745,4,2024-05-05 09:57:01,Medium,True,Excellent
852,440,3,3,761,824,1418,0.006338,4,2024-09-20 05:56:03,Medium,False,Good
853,356,1,1,1058,930,993,0.009126,5,2024-02-25 01:19:32,Medium,True,Excellent
854,141,4,4,497,661,3672,0.003441,5,2024-08-20 08:05:27,Medium,True,Good
855,345,4,2,634,995,528,0.005096,3,2024-08-06 00:42:26,Medium,False,Good
856,77,1,5,502,556,1488,0.005299,5,2024-06-26 01:45:22,Medium,True,Excellent
857,445,5,1,608,996,1720,0.00272,4,2024-04-22 06:52:50,Medium,False,Good
858,157,1,8,2146,2008,5731,0.019806,5,2024-10-03 06:00:32,Complex,True,Excellent
859,377,5,2,467,538,500,0.00176,3,2024-06-27 09:58:09,Medium,True,Good
860,460,1,1,617,789,1926,0.007603,5,2024-06-07 02:55:53,Medium,False,Excellent
861,479,2,1,598,526,951,0.004179,4,2024-09-07 05:46:40,Medium,True,Excellent
862,496,1,3,1248,1165,1990,0.010872,2,2024-09-16 00:32:25,Medium,True,Fair
863,248,4,2,400,478,1936,0.002519,5,2024-12-10 20:49:08,Simple,True,Good
864,183,1,2,161,223,1950,0.002175,2,2024-06-14 07:15:06,Simple,False,Fair
865,346,4,1,956,889,5602,0.0048,4,2024-05-08 10:33:45,Medium,True,Good
866,107,1,1,302,328,1077,0.0036,3,2024-08-25 10:31:28,Simple,False,Good
867,2,1,5,261,400,4513,0.004327,4,2024-02-24 05:33:54,Simple,True,Excellent
868,458,4,3,680,775,1152,0.003852,5,2024-10-26 07:53:20,Medium,True,Good
869,481,1,1,1580,1464,500,0.015422,4,2024-09-14 23:46:48,Medium,True,Excellent
870,337,3,2,1016,868,500,0.005606,2,2024-04-08 14:21:54,Medium,True,Fair
871,239,1,9,1352,1280,5429,0.011526,3,2024-08-06 15:40:53,Medium,True,Good
872,340,5,4,1477,1943,947,0.006248,4,2024-09-11 21:22:59,Medium,True,Good
873,265,4,6,548,758,2095,0.00376,4,2024-08-15 06:03:06,Medium,True,Good
874,373,1,3,664,1002,3186,0.009622,4,2024-01-04 10:14:10,Medium,True,Excellent
875,162,4,1,1120,1148,3201,0.005755,4,2024-10-16 00:21:31,Medium,True,Good
876,79,1,3,514,717,1348,0.006809,4,2024-07-18 10:35:53,Medium,True,Excellent
877,480,1,6,909,919,2957,0.009038,3,2024-02-23 02:27:34,Medium,True,Good
878,65,2,1,355,371,3363,0.002693,4,2024-06-09 12:36:37,Simple,True,Excellent
879,243,4,6,212,208,1985,0.001105,5,2024-11-13 04:40:04,Simple,True,Good
880,92,2,2,726,1123,2160,0.008175,3,2024-03-07 01:52:28,Medium,True,Good
881,81,4,5,1025,1266,1356,0.006704,2,2024-10-22 22:35:25,Medium,False,Fair
882,262,1,1,1693,1658,1944,0.016965,4,2024-10-27 13:42:59,Medium,True,Excellent
883,158,1,2,506,577,1535,0.006092,5,2024-12-25 20:05:45,Medium,True,Excellent
884,105,4,7,701,957,2872,0.005212,4,2024-03-21 03:48:27,Medium,True,Good
885,187,4,9,1620,1503,2253,0.00757,4,2024-08-02 04:28:47,Medium,True,Good
886,268,2,2,1234,1154,1618,0.009238,2,2024-07-15 23:16:29,Medium,True,Fair
887,125,4,7,1100,1601,1259,0.007651,4,2024-10-05 20:19:46,Medium,False,Good
888,65,3,4,288,388,2904,0.00253,1,2024-03-17 18:21:39,Simple,True,Fair
889,123,2,4,1813,2395,2892,0.018812,3,2024-01-27 03:09:06,Complex,False,Good
890,384,4,6,1989,2363,1770,0.012849,5,2024-03-12 08:32:19,Complex,True,Good
891,206,4,2,484,406,1594,0.002203,5,2024-03-23 21:33:31,Simple,True,Good
892,301,1,3,1484,2241,1624,0.021674,2,2024-06-24 19:34:42,Complex,False,Fair
893,367,1,2,516,796,991,0.007242,5,2024-09-24 22:32:33,Medium,True,Excellent
894,65,4,7,440,373,2221,0.001731,3,2024-07-18 23:01:39,Simple,False,Good
895,110,3,6,2204,2531,1915,0.01811,5,2024-04-04 13:37:09,Complex,False,Good
896,455,2,1,430,364,2124,0.002779,3,2024-09-30 02:27:38,Simple,True,Good
897,201,4,2,607,551,1938,0.00276,5,2024-02-13 15:05:46,Medium,True,Good
898,44,3,2,2006,2281,1426,0.015186,4,2024-06-03 22:51:48,Complex,True,Good
899,71,1,6,731,757,2055,0.00691,1,2024-04-23 07:57:05,Medium,True,Fair
900,299,2,4,439,384,1074,0.003108,1,2024-11-29 02:30:45,Simple,True,Fair
901,451,1,9,1824,1632,3920,0.016578,5,2024-11-20 23:21:54,Medium,True,Excellent
902,61,3,1,856,734,822,0.005089,4,2024-06-05 02:56:14,Medium,True,Good
903,184,1,9,713,728,2431,0.006749,4,2024-09-27 16:05:18,Medium,True,Excellent
904,236,1,2,515,512,5100,0.004798,4,2024-09-24 03:50:21,Medium,True,Excellent
905,380,4,3,542,501,2928,0.002493,5,2024-04-18 10:56:12,Medium,True,Good
906,13,4,2,482,512,6530,0.002701,5,2024-07-09 17:21:55,Medium,True,Good
907,312,1,2,199,319,1046,0.002987,4,2024-05-19 15:09:08,Simple,False,Excellent
908,42,2,1,1433,1257,1779,0.010231,3,2024-05-03 04:22:36,Medium,True,Good
909,392,4,2,209,221,613,0.00111,3,2024-08-13 14:43:23,Simple,True,Good
910,163,2,3,1209,1118,1691,0.008546,4,2024-12-05 13:46:19,Medium,True,Excellent
911,206,2,2,882,746,776,0.005643,3,2024-11-03 15:46:53,Medium,True,Good
912,8,1,1,622,819,738,0.007379,4,2024-06-08 02:31:39,Medium,True,Excellent
913,65,1,2,322,302,1052,0.002745,5,2024-06-10 07:00:41,Simple,True,Excellent
914,202,4,9,777,947,4366,0.005009,4,2024-11-24 02:36:05,Medium,True,Good
915,489,1,1,326,278,1928,0.00292,4,2024-06-12 06:51:45,Simple,True,Excellent
916,62,3,3,457,584,886,0.004064,4,2024-11-11 12:48:22,Medium,True,Good
917,437,2,1,902,826,1657,0.006664,3,2024-08-19 08:37:21,Medium,True,Good
918,469,4,3,1697,2081,2748,0.011098,4,2024-12-15 20:27:02,Complex,True,Good
919,29,1,2,552,837,1051,0.008448,4,2024-02-21 11:54:34,Medium,True,Excellent
920,211,1,1,1242,1528,2824,0.016503,4,2024-01-31 23:17:21,Medium,True,Excellent
921,469,1,6,676,794,500,0.007425,2,2024-03-20 20:25:00,Medium,True,Fair
922,105,4,9,2026,2128,1193,0.009765,3,2024-03-26 12:31:39,Complex,True,Good
923,405,1,1,897,1003,2419,0.010713,1,2024-02-16 08:32:29,Medium,True,Fair
924,20,4,2,690,983,2263,0.005316,3,2024-02-16 12:11:50,Medium,True,Good
925,423,4,2,702,770,2292,0.004152,4,2024-12-28 21:34:24,Medium,True,Good
926,418,4,2,284,466,4437,0.002327,4,2024-05-01 07:04:20,Simple,True,Good
927,217,4,2,1036,1421,2129,0.006694,1,2024-01-23 04:43:04,Medium,True,Fair
928,424,4,1,226,248,1172,0.001363,4,2024-08-19 13:24:00,Simple,True,Good
929,195,3,7,605,609,2109,0.004463,4,2024-03-10 02:16:40,Medium,False,Good
930,247,4,8,2226,2000,2828,0.009649,5,2024-01-16 21:15:26,Complex,True,Good
931,160,1,6,431,517,1658,0.005272,3,2024-09-02 18:40:26,Medium,False,Good
932,329,1,1,198,263,2643,0.002526,2,2024-03-08 19:26:48,Simple,False,Fair
933,41,1,3,1748,2281,2152,0.023452,3,2024-06-20 00:05:22,Complex,True,Good
934,210,4,2,2211,1864,2612,0.00956,2,2024-04-01 15:16:32,Medium,False,Fair
935,407,1,3,267,333,760,0.003476,4,2024-11-14 08:22:11,Simple,True,Excellent
936,384,4,4,1136,1454,2678,0.006658,3,2024-06-05 18:12:52,Medium,True,Good
937,353,5,6,4033,4000,1186,0.011349,5,2024-07-01 17:24:39,Complex,True,Good
938,423,4,3,1510,1347,1885,0.007281,3,2024-01-03 19:15:46,Medium,True,Good
939,106,1,6,2075,2216,1787,0.02029,5,2024-08-24 18:49:26,Complex,True,Excellent
940,240,2,7,390,507,2758,0.004061,2,2024-11-14 19:33:07,Medium,True,Fair
941,496,1,6,1587,2164,2886,0.021815,2,2024-08-28 17:05:51,Complex,True,Fair
942,60,3,1,644,831,1559,0.005251,4,2024-09-02 06:31:18,Medium,False,Good
943,34,3,2,808,832,1356,0.005431,5,2024-02-25 08:31:23,Medium,True,Good
944,231,1,1,670,589,2344,0.005624,4,2024-01-20 03:35:37,Medium,True,Excellent
945,170,1,5,1823,2833,3100,0.029797,4,2024-09-14 18:55:09,Complex,False,Excellent
946,446,2,8,1028,988,2571,0.008513,5,2024-09-09 16:40:25,Medium,True,Excellent
947,134,1,5,831,720,4141,0.006947,4,2024-04-14 16:25:49,Medium,False,Excellent
948,467,2,6,1458,1264,607,0.01073,5,2024-05-02 22:49:53,Medium,True,Excellent
949,199,1,5,495,439,1803,0.004152,5,2024-02-03 16:53:59,Simple,True,Excellent
950,197,2,1,289,480,1991,0.003734,5,2024-01-15 08:20:19,Simple,True,Excellent
951,415,2,2,375,461,980,0.003807,2,2024-06-24 01:11:58,Simple,True,Fair
952,329,4,1,842,952,4221,0.00439,2,2024-08-19 05:37:08,Medium,True,Fair
953,345,4,2,811,1251,1931,0.005722,4,2024-04-21 20:36:49,Medium,True,Good
954,273,4,1,963,1246,2323,0.005858,3,2024-06-20 15:18:13,Medium,True,Good
955,57,1,1,416,514,4446,0.004944,2,2024-09-20 06:51:21,Medium,True,Fair
956,302,4,8,329,503,696,0.0024,4,2024-01-03 10:51:11,Medium,False,Good
957,201,4,1,984,1407,2153,0.007589,3,2024-05-29 11:30:43,Medium,False,Good
958,120,4,1,2801,3212,814,0.015902,2,2024-11-01 22:41:23,Complex,False,Fair
959,431,4,2,201,184,1103,0.000945,2,2024-07-04 17:14:03,Simple,False,Fair
960,336,4,2,293,479,1142,0.002168,5,2024-10-27 14:22:30,Simple,True,Good
961,145,3,2,1089,1316,1457,0.00865,1,2024-07-08 11:16:26,Medium,True,Fair
962,393,1,1,1784,2337,2086,0.024668,4,2024-04-08 15:56:20,Complex,True,Excellent
963,168,2,2,920,1216,1688,0.009749,5,2024-11-09 23:51:09,Medium,True,Excellent
964,155,1,8,1638,1485,500,0.014866,2,2024-12-19 13:05:52,Medium,False,Fair
965,76,4,3,854,854,1463,0.00396,3,2024-05-27 06:54:22,Medium,True,Good
966,330,4,6,812,910,2881,0.004732,2,2024-02-08 01:57:06,Medium,True,Fair
967,364,4,2,1851,2459,1432,0.011988,5,2024-05-23 03:32:09,Complex,False,Good
968,400,1,6,362,595,2100,0.006096,3,2024-10-03 02:26:30,Medium,False,Good
969,141,1,5,2891,2574,2355,0.025665,3,2024-04-21 08:18:30,Complex,True,Good
970,160,4,6,922,776,3425,0.004136,2,2024-06-23 03:18:51,Medium,False,Fair
971,277,4,1,360,555,1410,0.003032,1,2024-12-23 00:58:12,Medium,True,Fair
972,116,4,1,1925,1693,760,0.008938,5,2024-10-07 03:26:12,Medium,True,Good
973,328,1,4,92,128,1446,0.001181,4,2024-06-24 01:46:13,Simple,True,Excellent
974,477,1,2,350,448,1810,0.004454,4,2024-11-29 04:26:22,Simple,True,Excellent
975,141,4,9,2093,2408,1220,0.011394,5,2024-01-13 01:19:50,Complex,True,Good
976,56,4,3,614,586,1116,0.003123,5,2024-03-08 00:16:12,Medium,True,Good
977,104,3,7,1145,1698,661,0.011694,4,2024-08-13 14:33:55,Medium,True,Good
978,260,1,5,1621,1442,1429,0.014167,3,2024-04-13 10:02:25,Medium,True,Good
979,468,5,2,1682,2383,917,0.007226,5,2024-12-24 21:50:37,Complex,False,Good
980,57,4,7,532,802,2602,0.004335,5,2024-10-14 04:33:05,Medium,True,Good
981,451,5,6,1254,1159,1197,0.003707,2,2024-06-14 20:43:53,Medium,True,Fair
982,372,1,3,829,885,886,0.008643,4,2024-12-01 05:56:23,Medium,True,Excellent
983,384,1,3,2837,3150,2626,0.032202,5,2024-03-31 03:00:47,Complex,True,Excellent
984,160,4,3,1288,1216,1791,0.006099,3,2024-07-11 23:39:18,Medium,True,Good
985,38,4,2,81,99,2848,0.00049,2,2024-06-04 22:08:46,Simple,False,Fair
986,402,1,3,1173,1052,4475,0.010136,4,2024-12-21 13:03:11,Medium,True,Excellent
987,298,1,9,1152,1069,1973,0.010773,4,2024-03-22 05:43:57,Medium,True,Excellent
988,383,3,9,1478,1234,1230,0.007883,2,2024-02-17 22:13:11,Medium,True,Fair
989,272,4,6,4615,4000,1171,0.018428,5,2024-06-30 11:43:28,Complex,True,Good
990,54,1,2,1054,883,7294,0.009051,4,2024-04-06 20:28:52,Medium,True,Excellent
991,281,5,4,980,1039,927,0.003051,5,2024-02-20 06:16:08,Medium,True,Good
992,461,4,1,451,380,1299,0.001988,5,2024-10-31 00:04:33,Simple,False,Good
993,283,4,4,755,696,997,0.003222,5,2024-09-04 07:24:59,Medium,True,Good
994,433,1,2,719,654,1813,0.007069,2,2024-12-12 19:29:29,Medium,True,Fair
995,333,1,2,1214,1178,1509,0.012174,4,2024-02-28 00:49:07,Medium,True,Excellent
996,388,1,3,1956,2019,2069,0.020217,4,2024-05-09 23:46:09,Complex,True,Excellent
997,306,3,6,355,516,3226,0.0039,1,2024-08-25 03:35:59,Medium,True,Fair
998,459,2,1,955,1349,1962,0.010444,4,2024-01-21 01:42:14,Medium,True,Excellent
999,457,1,6,565,584,1935,0.005465,5,2024-06-06 08:38:19,Medium,True,Excellent
1000,4,1,6,1193,1561,799,0.016064,5,2024-08-06 04:52:01,Medium,True,Excellent
1001,57,4,2,293,283,742,0.001391,3,2024-01-28 16:25:08,Simple,True,Good
1002,428,3,2,483,453,956,0.003013,4,2024-05-14 14:00:00,Simple,True,Good
1003,294,1,4,986,1440,3275,0.015154,5,2024-11-16 04:30:16,Medium,True,Excellent
1004,365,2,2,685,731,2114,0.005737,5,2024-12-02 04:54:32,Medium,True,Excellent
1005,100,1,9,264,426,979,0.004672,5,2024-04-18 02:41:13,Simple,True,Excellent
1006,469,1,2,697,1041,928,0.009524,3,2024-11-26 15:28:50,Medium,True,Good
1007,255,4,2,605,529,1889,0.002769,4,2024-11-08 18:47:53,Medium,True,Good
1008,178,1,1,330,419,1519,0.004295,3,2024-08-29 22:03:33,Simple,True,Good
1009,173,4,3,369,531,3694,0.002833,3,2024-07-03 01:28:11,Medium,False,Good
1010,195,1,1,125,203,1559,0.001969,4,2024-03-19 06:16:58,Simple,True,Excellent
1011,138,5,3,383,606,5048,0.001673,4,2024-10-04 03:30:15,Medium,True,Good
1012,84,2,6,491,801,1962,0.006467,5,2024-07-26 22:06:24,Medium,True,Excellent
1013,18,4,5,2023,1755,1646,0.008368,1,2024-09-07 08:07:51,Medium,True,Fair
1014,490,1,2,576,831,1931,0.009057,4,2024-05-21 16:29:14,Medium,True,Excellent
1015,26,1,6,1048,1111,618,0.010073,2,2024-09-18 08:40:37,Medium,False,Fair
1016,139,3,2,1315,1622,2490,0.011843,4,2024-09-25 16:54:39,Medium,True,Good
1017,323,1,7,1010,847,1064,0.008461,4,2024-12-01 12:02:02,Medium,True,Excellent
1018,72,4,6,490,681,1629,0.00356,4,2024-03-05 03:22:38,Medium,True,Good
1019,305,4,2,949,1205,1638,0.006285,5,2024-12-08 19:21:40,Medium,False,Good
1020,395,4,7,499,448,1177,0.00215,2,2024-05-28 22:11:04,Simple,False,Fair
1021,249,4,9,539,834,1304,0.004053,5,2024-06-29 12:39:54,Medium,True,Good
1022,329,1,1,1336,2222,2889,0.021061,3,2024-06-23 13:29:42,Complex,True,Good
1023,113,4,8,629,655,2103,0.003046,2,2024-09-18 09:10:25,Medium,True,Fair
1024,492,4,7,540,557,734,0.002775,1,2024-03-16 02:57:30,Medium,True,Fair
1025,233,4,4,902,940,790,0.004321,5,2024-01-29 09:43:00,Medium,True,Good
1026,222,1,2,373,618,1200,0.006695,4,2024-12-05 01:57:13,Medium,True,Excellent
1027,250,1,1,1106,1500,1043,0.016073,3,2024-07-14 16:13:13,Medium,True,Good
1028,41,1,4,2254,2975,2613,0.02678,5,2024-07-27 11:38:45,Complex,True,Excellent
1029,119,4,3,1489,1658,2015,0.008144,3,2024-06-03 19:29:29,Medium,True,Good
1030,298,4,8,873,895,3585,0.004112,3,2024-05-22 10:19:05,Medium,True,Good
1031,336,1,1,1411,1236,2965,0.012162,4,2024-01-14 20:18:48,Medium,True,Excellent
1032,330,1,1,422,614,3854,0.005569,5,2024-09-08 18:23:43,Medium,True,Excellent
1033,112,2,4,2515,2548,4371,0.020318,5,2024-01-17 09:55:46,Complex,True,Excellent
1034,10,5,5,1088,1248,1110,0.003968,5,2024-08-20 01:49:19,Medium,True,Good
1035,484,3,2,1083,1652,1872,0.011316,4,2024-10-22 21:37:25,Medium,True,Good
1036,92,4,6,1268,1118,1768,0.00565,4,2024-08-30 09:50:35,Medium,True,Good
1037,148,2,3,1055,900,1608,0.007627,3,2024-11-19 01:09:18,Medium,True,Good
1038,485,1,2,638,543,1761,0.005115,4,2024-03-01 17:06:28,Medium,True,Excellent
1039,248,4,1,2282,2496,2340,0.011709,4,2024-09-17 03:12:50,Complex,True,Good
1040,482,4,5,2142,2181,1400,0.011332,5,2024-01-13 03:24:12,Complex,True,Good
1041,427,1,2,990,1415,1248,0.013676,4,2024-02-01 04:15:46,Medium,True,Excellent
1042,205,4,7,1361,1312,1084,0.006963,5,2024-10-21 12:19:11,Medium,True,Good
1043,259,2,4,693,1071,500,0.009336,5,2024-11-15 20:31:44,Medium,True,Excellent
1044,57,4,2,614,753,1329,0.004084,4,2024-05-28 07:10:39,Medium,False,Good
1045,483,4,2,801,903,1279,0.004835,4,2024-11-10 14:26:34,Medium,True,Good
1046,40,1,2,1122,1598,500,0.014985,2,2024-08-30 16:54:18,Medium,True,Fair
1047,454,5,2,1480,1245,1412,0.003529,3,2024-03-02 07:11:27,Medium,True,Good
1048,25,1,9,375,455,905,0.004653,4,2024-04-15 23:26:08,Simple,True,Excellent
1049,200,1,2,279,278,500,0.002984,5,2024-02-15 04:57:40,Simple,True,Excellent
1050,79,1,2,1223,1272,1653,0.01232,3,2024-08-28 18:21:05,Medium,True,Good
1051,69,3,2,1062,1461,2926,0.009266,2,2024-09-11 22:17:16,Medium,True,Fair
1052,165,2,6,404,534,1346,0.004386,3,2024-06-19 14:55:53,Medium,False,Good
1053,418,1,5,446,683,505,0.007201,5,2024-10-16 21:28:40,Medium,True,Excellent
1054,206,1,7,1138,1161,500,0.01185,5,2024-05-15 20:28:30,Medium,True,Excellent
1055,59,4,2,249,256,814,0.001361,4,2024-12-08 19:10:51,Simple,False,Good
1056,407,3,7,433,690,684,0.005199,4,2024-06-09 08:02:06,Medium,True,Good
1057,428,1,3,618,867,2927,0.008458,2,2024-11-08 12:03:16,Medium,False,Fair
1058,165,5,1,519,460,1549,0.001359,3,2024-01-23 14:36:06,Simple,True,Good
1059,287,2,1,420,453,2261,0.00328,5,2024-12-13 04:18:57,Simple,True,Excellent
1060,127,4,2,889,1343,4212,0.007098,3,2024-11-25 21:21:34,Medium,True,Good
1061,45,2,2,979,821,534,0.006815,4,2024-08-27 13:49:19,Medium,True,Excellent
1062,221,1,7,291,458,806,0.004896,4,2024-04-20 19:31:24,Simple,False,Excellent
1063,395,1,2,632,949,1728,0.01014,4,2024-09-08 23:05:32,Medium,True,Excellent
1064,355,1,8,2892,2770,2143,0.027835,5,2024-10-28 21:25:00,Complex,True,Excellent
1065,309,1,7,257,408,2865,0.004037,3,2024-12-15 10:50:29,Simple,False,Good
1066,302,1,2,631,688,908,0.006586,4,2024-07-18 07:20:21,Medium,False,Excellent
1067,245,1,2,617,972,673,0.010585,5,2024-08-12 17:59:20,Medium,True,Excellent
1068,292,2,4,1535,1779,500,0.013396,3,2024-02-18 01:03:51,Medium,False,Good
1069,418,2,2,1861,1567,1442,0.012646,4,2024-07-26 14:02:02,Medium,False,Excellent
1070,236,4,1,710,829,2269,0.003779,4,2024-04-12 07:03:19,Medium,True,Good
1071,468,1,2,473,557,1773,0.005725,5,2024-03-17 21:13:16,Medium,True,Excellent
1072,70,2,6,633,668,834,0.005279,3,2024-07-18 13:44:06,Medium,True,Good
1073,238,4,4,809,712,2061,0.003554,4,2024-02-26 04:09:29,Medium,True,Good
1074,183,5,6,1209,1130,2889,0.003143,2,2024-03-01 00:18:32,Medium,True,Fair
1075,459,1,2,770,729,2319,0.007881,4,2024-01-03 03:49:34,Medium,True,Excellent
1076,156,4,2,616,679,2853,0.003243,5,2024-12-28 10:36:50,Medium,True,Good
1077,496,1,3,1101,1331,1115,0.014445,3,2024-10-08 22:39:45,Medium,True,Good
1078,35,2,8,391,470,2429,0.003669,5,2024-11-20 18:15:28,Simple,True,Excellent
1079,67,4,2,1427,1224,1757,0.006596,5,2024-04-02 23:09:39,Medium,True,Good
1080,429,1,2,1647,1444,1234,0.015252,4,2024-12-07 06:04:51,Medium,True,Excellent
1081,312,4,5,552,485,1291,0.002646,1,2024-03-31 11:52:45,Simple,True,Fair
1082,329,2,2,1153,1608,823,0.013349,3,2024-05-16 16:05:49,Medium,False,Good
1083,394,1,1,434,410,633,0.003906,4,2024-03-28 06:23:53,Simple,True,Excellent
1084,118,4,6,119,166,2442,0.000849,3,2024-12-28 13:05:36,Simple,False,Good
1085,231,1,1,1212,1520,1040,0.014359,4,2024-06-12 18:41:15,Medium,False,Excellent
1086,420,4,3,1201,1126,1954,0.005317,5,2024-08-12 22:10:09,Medium,True,Good
1087,356,4,7,415,392,500,0.001991,5,2024-10-13 09:29:01,Simple,True,Good
1088,105,1,9,202,288,1670,0.00299,3,2024-07-23 10:57:07,Simple,True,Good
1089,55,3,6,1506,1418,2894,0.010237,4,2024-02-16 22:16:32,Medium,False,Good
1090,450,3,2,1196,1806,2182,0.01159,4,2024-10-02 20:18:21,Medium,False,Good
1091,295,1,1,1071,1238,1960,0.011792,2,2024-04-26 15:07:37,Medium,True,Fair
1092,419,2,9,432,620,1678,0.005394,4,2024-10-25 08:05:04,Medium,True,Excellent
1093,277,2,7,488,677,3650,0.005438,5,2024-01-16 11:58:30,Medium,True,Excellent
1094,163,4,3,1892,1718,3082,0.009191,5,2024-06-11 08:37:42,Medium,True,Good
1095,343,1,4,347,550,1593,0.005704,2,2024-03-31 09:55:23,Medium,False,Fair
1096,438,4,1,719,1086,2761,0.005181,4,2024-10-30 15:32:33,Medium,True,Good
1097,380,1,2,530,744,1092,0.007357,5,2024-05-18 13:53:52,Medium,True,Excellent
1098,327,1,2,260,225,2756,0.002469,2,2024-05-27 18:31:03,Simple,True,Fair
1099,87,1,8,2649,3172,1032,0.032049,4,2024-02-04 06:59:23,Complex,True,Excellent
1100,47,4,1,1475,1376,4179,0.006889,4,2024-10-18 11:39:37,Medium,True,Good
1101,235,4,6,1391,1713,2906,0.008952,3,2024-12-30 13:21:21,Medium,True,Good
1102,252,4,2,505,544,2608,0.0026,4,2024-05-29 12:06:29,Medium,True,Good
1103,463,2,1,3762,3586,500,0.026711,5,2024-06-19 11:38:13,Complex,True,Excellent
1104,149,2,3,250,388,4191,0.002905,5,2024-05-12 23:00:57,Simple,True,Excellent
1105,300,4,6,1134,1163,5494,0.005964,4,2024-01-20 15:14:52,Medium,True,Good
1106,148,2,4,1118,1120,647,0.008988,5,2024-05-17 06:04:31,Medium,True,Excellent
1107,255,2,1,763,1078,673,0.008198,4,2024-10-14 17:30:23,Medium,True,Excellent
1108,358,1,2,464,593,2829,0.006005,2,2024-09-11 05:01:50,Medium,True,Fair
1109,394,1,3,545,853,980,0.008898,1,2024-07-27 04:19:22,Medium,True,Fair
1110,409,3,1,697,1102,723,0.008006,5,2024-08-09 05:17:51,Medium,True,Good
1111,397,1,1,1069,961,2262,0.009248,4,2024-04-22 13:42:22,Medium,True,Excellent
1112,137,1,7,1307,1784,2388,0.018404,3,2024-08-18 19:20:34,Medium,False,Good
1113,300,2,2,1474,1344,1268,0.00975,5,2024-09-05 12:11:25,Medium,True,Excellent
1114,46,4,2,1254,1317,2662,0.006362,4,2024-09-02 10:45:52,Medium,True,Good
1115,330,4,2,1542,1961,1205,0.008832,2,2024-12-15 10:00:36,Medium,True,Fair
1116,153,4,2,424,459,1742,0.002093,4,2024-10-04 18:34:06,Simple,True,Good
1117,9,1,6,1074,998,1317,0.010209,4,2024-05-17 06:03:40,Medium,True,Excellent
1118,375,4,6,378,535,2707,0.002447,3,2024-11-24 13:51:09,Medium,True,Good
1119,488,4,3,549,530,2366,0.00283,5,2024-07-19 14:13:38,Medium,True,Good
1120,451,2,1,572,525,1922,0.003873,5,2024-10-31 19:05:57,Medium,False,Excellent
1121,301,2,3,4427,4000,1795,0.032993,5,2024-04-08 14:44:34,Complex,True,Excellent
1122,455,3,2,751,862,847,0.005728,4,2024-05-05 23:26:48,Medium,True,Good
1123,366,3,2,953,1423,1037,0.009627,1,2024-05-29 06:53:43,Medium,True,Fair
1124,85,2,2,1889,1697,1736,0.012302,5,2024-02-08 06:54:25,Medium,True,Excellent
1125,91,4,2,1235,1201,1579,0.006273,5,2024-07-25 08:27:51,Medium,True,Good
1126,7,5,1,447,580,643,0.001723,3,2024-01-11 16:53:16,Medium,True,Good
1127,497,4,1,774,1142,1062,0.005448,4,2024-07-11 16:36:30,Medium,True,Good
1128,258,1,2,1105,1480,1735,0.01623,5,2024-12-06 14:18:00,Medium,True,Excellent
1129,338,1,6,776,853,2079,0.008769,4,2024-08-04 06:07:13,Medium,True,Excellent
1130,206,5,3,3736,4000,1348,0.012596,4,2024-06-11 13:39:03,Complex,False,Good
1131,169,4,2,210,351,2169,0.001724,4,2024-05-21 07:56:45,Simple,False,Good
1132,312,1,9,854,998,500,0.009736,5,2024-07-06 21:54:45,Medium,True,Excellent
1133,36,3,8,2297,3233,782,0.024454,1,2024-07-29 09:45:32,Complex,True,Fair
1134,53,4,2,576,492,3123,0.002538,3,2024-12-20 21:12:29,Simple,True,Good
1135,413,1,9,1304,1499,1982,0.014516,3,2024-05-22 12:10:02,Medium,False,Good
1136,342,4,9,802,775,793,0.003981,1,2024-05-11 22:10:39,Medium,True,Fair
1137,339,1,9,503,588,666,0.005399,4,2024-10-26 21:34:58,Medium,False,Excellent
1138,329,4,1,893,787,1478,0.004031,5,2024-01-27 02:47:43,Medium,True,Good
1139,254,1,3,932,1267,3090,0.013311,5,2024-10-09 13:36:46,Medium,True,Excellent
1140,343,1,5,1278,1118,1953,0.010852,5,2024-07-22 01:52:14,Medium,True,Excellent
1141,293,1,7,2716,2826,2316,0.03049,4,2024-04-23 23:31:14,Complex,True,Excellent
1142,193,4,1,980,917,2702,0.004284,5,2024-10-18 03:31:12,Medium,True,Good
1143,176,2,2,512,507,2144,0.003922,3,2024-12-27 16:06:00,Medium,False,Good
1144,133,3,3,355,334,2147,0.002221,3,2024-10-28 06:35:31,Simple,False,Good
1145,455,4,1,1696,1762,1854,0.008368,4,2024-09-22 06:48:33,Medium,True,Good
1146,236,3,1,484,522,629,0.003406,3,2024-11-05 12:19:31,Medium,False,Good
1147,485,2,9,2262,2613,591,0.020206,5,2024-07-31 06:36:03,Complex,True,Excellent
1148,306,1,1,1364,1237,2648,0.012464,4,2024-08-27 03:27:20,Medium,True,Excellent
1149,298,4,9,1408,1244,2113,0.006761,3,2024-02-04 01:09:09,Medium,True,Good
1150,329,1,1,434,369,3056,0.003499,3,2024-09-02 21:02:07,Simple,True,Good
1151,341,1,1,2438,2282,1700,0.024045,4,2024-12-14 21:22:49,Complex,True,Excellent
1152,478,4,1,1008,844,1825,0.004455,4,2024-03-24 22:39:15,Medium,True,Good
1153,113,3,9,2415,2515,944,0.016975,5,2024-05-23 05:34:55,Complex,False,Good
1154,399,3,6,863,803,955,0.006052,3,2024-02-01 02:00:10,Medium,True,Good
1155,357,4,2,1604,1939,3790,0.009061,5,2024-04-12 22:45:43,Medium,True,Good
1156,210,1,7,892,801,774,0.007538,4,2024-05-06 08:29:54,Medium,True,Excellent
1157,342,1,3,469,462,694,0.004575,3,2024-01-31 17:46:43,Simple,True,Good
1158,344,1,3,1241,1297,831,0.014122,1,2024-08-20 08:01:44,Medium,False,Fair
1159,201,1,6,412,345,1247,0.003787,4,2024-07-15 03:02:30,Simple,True,Excellent
1160,484,1,7,1742,1529,1559,0.016215,5,2024-11-15 06:50:54,Medium,True,Excellent
1161,493,1,1,153,230,3358,0.002364,5,2024-10-26 22:46:36,Simple,True,Excellent
1162,232,5,6,195,198,1712,0.000592,3,2024-04-27 00:13:33,Simple,False,Good
1163,126,3,6,1022,1173,2206,0.008969,5,2024-05-25 17:56:12,Medium,True,Good
1164,309,4,2,318,439,951,0.002365,4,2024-11-06 12:25:06,Simple,True,Good
1165,379,4,1,739,1214,876,0.005955,3,2024-08-09 22:29:48,Medium,True,Good
1166,78,4,1,1622,1946,1457,0.009171,5,2024-04-27 23:40:16,Medium,False,Good
1167,306,4,1,251,261,3086,0.001272,3,2024-05-13 14:48:48,Simple,True,Good
1168,353,5,3,824,1007,1251,0.00332,5,2024-09-25 20:41:14,Medium,True,Good
1169,342,3,1,839,954,1334,0.006791,4,2024-08-19 20:00:15,Medium,True,Good
1170,305,4,1,919,937,4836,0.004631,3,2024-10-05 22:57:13,Medium,True,Good
1171,245,1,1,238,248,1971,0.002708,4,2024-03-14 03:29:23,Simple,True,Excellent
1172,332,3,2,3900,3399,1698,0.021607,4,2024-02-26 05:45:50,Complex,True,Good
1173,306,4,6,1201,1036,4286,0.004686,4,2024-03-31 08:09:01,Medium,True,Good
1174,356,3,6,1256,1701,2400,0.011641,4,2024-04-17 08:35:48,Medium,False,Good
1175,426,1,4,870,1052,1709,0.011025,4,2024-11-18 17:14:28,Medium,True,Excellent
1176,454,1,1,1784,1776,2207,0.017748,5,2024-08-20 20:18:13,Medium,False,Excellent
1177,237,1,7,1220,1275,1741,0.012779,3,2024-11-04 14:41:22,Medium,True,Good
1178,481,5,2,439,550,2030,0.001557,4,2024-05-21 18:49:04,Medium,True,Good
1179,252,4,6,1687,1469,2456,0.007667,1,2024-06-16 15:03:16,Medium,True,Fair
1180,217,4,8,203,321,2573,0.001558,4,2024-10-01 09:41:55,Simple,False,Good
1181,220,4,1,340,507,5216,0.00259,1,2024-07-02 05:41:49,Medium,True,Fair
1182,236,4,1,453,448,2590,0.002197,5,2024-05-28 03:46:17,Simple,True,Good
1183,295,4,8,475,536,1898,0.002522,5,2024-11-16 15:24:35,Medium,False,Good
1184,97,5,6,1356,1166,1699,0.003528,4,2024-10-18 19:57:50,Medium,False,Good
1185,402,4,2,1078,957,1517,0.004947,4,2024-08-01 10:12:38,Medium,True,Good
1186,263,1,3,3085,3441,5333,0.03377,4,2024-06-09 05:14:54,Complex,True,Excellent
1187,370,4,1,584,548,1553,0.002654,4,2024-02-19 17:59:34,Medium,True,Good
1188,375,4,1,560,636,1245,0.003269,1,2024-09-13 17:25:54,Medium,True,Fair
1189,236,1,1,2543,2140,1891,0.023452,5,2024-10-25 15:24:36,Complex,True,Excellent
1190,324,2,4,942,848,1651,0.007438,5,2024-05-27 03:13:41,Medium,True,Excellent
1191,353,4,6,1301,1724,1287,0.008417,5,2024-01-16 23:26:20,Medium,True,Good
1192,329,1,3,568,474,839,0.00479,3,2024-11-22 08:07:14,Simple,True,Good
1193,400,4,1,448,413,1852,0.002085,5,2024-06-07 08:06:55,Simple,True,Good
1194,113,1,8,466,609,2226,0.006463,5,2024-08-29 11:15:09,Medium,True,Excellent
1195,185,1,9,419,494,1544,0.004924,2,2024-05-18 14:06:14,Simple,True,Fair
1196,93,4,1,939,1467,811,0.007304,2,2024-07-31 02:51:05,Medium,True,Fair
1197,391,1,2,744,1031,1232,0.010287,2,2024-10-29 03:26:11,Medium,True,Fair
1198,164,4,1,2018,1915,2164,0.008828,4,2024-03-31 18:48:49,Medium,True,Good
1199,436,4,1,136,170,2435,0.00078,4,2024-12-24 11:26:32,Simple,False,Good
1200,133,1,1,733,981,4376,0.009508,3,2024-06-07 16:58:37,Medium,True,Good
1201,36,1,3,1077,1007,1665,0.010115,3,2024-07-04 13:12:17,Medium,True,Good
1202,330,4,6,1961,2152,1320,0.010884,3,2024-03-08 14:28:28,Complex,False,Good
1203,290,4,7,877,983,1679,0.005402,4,2024-02-10 19:39:41,Medium,True,Good
1204,225,4,6,519,718,2052,0.003894,4,2024-05-25 18:19:24,Medium,True,Good
1205,297,1,1,652,875,1969,0.007933,4,2024-02-13 20:47:12,Medium,True,Excellent
1206,209,3,6,929,1334,5366,0.008502,4,2024-11-13 10:57:55,Medium,True,Good
1207,358,1,1,520,663,1377,0.006632,4,2024-02-14 12:06:32,Medium,True,Excellent
1208,251,2,3,359,332,3547,0.002516,5,2024-03-10 15:36:12,Simple,True,Excellent
1209,389,2,6,1146,1298,1184,0.011402,5,2024-10-16 00:53:27,Medium,True,Excellent
1210,51,4,2,1452,1991,586,0.010923,3,2024-11-22 07:52:04,Medium,True,Good
1211,84,3,3,593,521,1449,0.003522,5,2024-06-24 05:35:50,Medium,True,Good
1212,410,4,3,2609,2421,3331,0.012174,4,2024-02-10 21:31:16,Complex,True,Good
1213,193,5,7,607,627,1794,0.001871,4,2024-03-05 09:36:46,Medium,True,Good
1214,387,4,9,751,662,2815,0.003166,4,2024-06-03 17:19:27,Medium,False,Good
1215,176,3,2,524,805,1699,0.005366,3,2024-11-07 04:02:32,Medium,True,Good
1216,172,4,6,260,318,2068,0.001475,5,2024-12-28 06:20:26,Simple,True,Good
1217,48,3,7,926,975,820,0.006511,5,2024-09-13 16:36:26,Medium,True,Good
1218,472,2,4,314,415,1921,0.003573,2,2024-09-21 06:26:07,Simple,True,Fair
1219,183,1,2,881,1244,2570,0.012035,4,2024-05-25 03:05:35,Medium,True,Excellent
1220,207,4,1,1915,2101,1379,0.011052,4,2024-09-15 03:20:48,Complex,True,Good
1221,379,1,2,343,368,1179,0.003893,2,2024-01-08 03:01:08,Simple,True,Fair
1222,269,4,7,1498,1525,1390,0.00761,4,2024-08-14 20:07:27,Medium,False,Good
1223,478,1,1,2213,3576,947,0.03914,4,2024-09-20 14:18:11,Complex,True,Excellent
1224,104,1,4,1103,1075,1451,0.010416,3,2024-05-26 01:13:35,Medium,True,Good
1225,44,1,2,2501,2257,622,0.022461,5,2024-09-03 00:33:35,Complex,True,Excellent
1226,125,4,2,1047,1430,3025,0.007598,3,2024-07-08 09:59:06,Medium,False,Good
1227,66,2,7,673,593,2827,0.004805,4,2024-12-24 18:51:53,Medium,True,Excellent
1228,180,4,2,695,962,2089,0.004422,3,2024-04-03 22:19:03,Medium,True,Good
1229,257,4,5,735,777,1693,0.004199,1,2024-08-14 06:57:24,Medium,True,Fair
1230,344,1,3,1273,1320,2731,0.012954,3,2024-03-06 17:00:06,Medium,True,Good
1231,28,1,7,933,1259,2981,0.013813,4,2024-07-02 10:24:25,Medium,True,Excellent
1232,61,1,1,375,581,1416,0.006138,3,2024-03-02 06:10:22,Medium,True,Good
1233,95,5,8,2314,2114,2623,0.006691,3,2024-09-26 17:01:43,Complex,True,Good
1234,26,4,2,173,168,887,0.000764,3,2024-03-30 01:15:02,Simple,False,Good
1235,179,4,2,355,352,2725,0.001852,5,2024-03-16 23:46:37,Simple,False,Good
1236,83,1,1,503,614,2225,0.006354,4,2024-05-15 15:16:48,Medium,True,Excellent
1237,168,1,1,556,887,1410,0.00876,3,2024-11-27 14:55:12,Medium,True,Good
1238,143,4,9,862,1259,1193,0.006478,4,2024-05-19 01:45:18,Medium,False,Good
1239,141,1,7,1893,1661,2214,0.015969,3,2024-06-19 04:50:05,Medium,False,Good
1240,237,2,1,696,1039,3644,0.007691,5,2024-09-04 06:01:15,Medium,True,Excellent
1241,26,1,2,311,388,2079,0.00416,1,2024-05-06 01:50:45,Simple,True,Fair
1242,422,1,2,157,189,3741,0.001964,4,2024-06-09 02:14:39,Simple,True,Excellent
1243,282,3,1,940,1049,2840,0.007791,4,2024-07-27 10:16:03,Medium,False,Good
1244,385,1,3,847,860,3188,0.007946,5,2024-08-21 15:12:53,Medium,True,Excellent
1245,396,2,2,695,1060,2523,0.009326,4,2024-10-20 07:40:05,Medium,True,Excellent
1246,316,4,3,1134,1496,1511,0.007826,3,2024-09-16 17:37:38,Medium,True,Good
1247,180,4,6,244,266,1629,0.00134,5,2024-02-28 16:00:46,Simple,True,Good
1248,465,4,6,263,340,1732,0.001782,3,2024-06-02 14:52:53,Simple,True,Good
1249,381,1,3,3769,3690,1405,0.04026,4,2024-12-16 23:06:51,Complex,True,Excellent
1250,457,1,3,531,477,2009,0.004477,4,2024-09-13 19:09:30,Simple,False,Excellent
1251,435,2,1,1362,1875,2617,0.014919,4,2024-09-27 09:35:00,Medium,True,Excellent
1252,132,4,8,1237,1416,2216,0.0067,1,2024-03-03 21:47:42,Medium,False,Fair
1253,249,5,8,294,333,1277,0.00108,4,2024-10-02 11:17:46,Simple,False,Good
1254,138,4,4,2348,2220,1628,0.012127,5,2024-09-28 11:02:41,Complex,True,Good
1255,13,1,8,328,459,673,0.004388,5,2024-10-19 03:28:39,Simple,True,Excellent
1256,29,4,1,304,404,914,0.00187,4,2024-12-01 14:48:26,Simple,False,Good
1257,361,1,3,707,771,1987,0.007006,4,2024-12-02 16:17:36,Medium,True,Excellent
1258,135,1,2,1097,1149,1572,0.010465,4,2024-07-29 03:47:20,Medium,True,Excellent
1259,415,3,1,439,462,3535,0.003417,2,2024-01-29 00:17:27,Simple,True,Fair
1260,301,4,8,2236,2084,1855,0.010514,5,2024-08-06 07:03:20,Complex,False,Good
1261,403,1,2,365,565,1635,0.005567,4,2024-02-24 18:32:23,Medium,True,Excellent
1262,327,4,6,624,908,3267,0.004923,5,2024-01-27 09:20:41,Medium,True,Good
1263,77,1,5,542,848,1359,0.007927,5,2024-09-01 17:51:52,Medium,True,Excellent
1264,255,4,2,1007,976,4616,0.004649,3,2024-06-11 16:56:40,Medium,True,Good
1265,463,1,3,2954,3537,2960,0.036798,2,2024-05-01 10:46:08,Complex,True,Fair
1266,127,4,2,376,543,2182,0.002691,4,2024-07-16 12:29:53,Medium,True,Good
1267,144,1,6,269,227,1852,0.002476,3,2024-03-03 12:00:54,Simple,True,Good
1268,89,1,2,890,857,887,0.009147,3,2024-03-22 06:44:07,Medium,False,Good
1269,60,1,1,664,792,2743,0.007862,5,2024-11-02 22:32:22,Medium,True,Excellent
1270,29,1,6,234,216,798,0.002353,4,2024-03-07 19:10:30,Simple,True,Excellent
1271,345,4,2,310,448,1493,0.002324,4,2024-09-25 21:51:11,Simple,True,Good
1272,421,1,1,215,197,5824,0.002019,3,2024-02-05 19:10:54,Simple,True,Good
1273,143,1,1,804,1013,923,0.00979,3,2024-03-30 09:57:09,Medium,True,Good
1274,174,4,6,1098,1040,1579,0.005354,5,2024-10-11 00:23:32,Medium,True,Good
1275,467,5,1,662,887,2560,0.00278,4,2024-11-05 12:44:22,Medium,True,Good
1276,164,3,7,483,770,2088,0.004861,2,2024-05-30 02:41:07,Medium,False,Fair
1277,216,4,8,604,508,4896,0.002641,3,2024-06-04 05:17:40,Medium,True,Good
1278,429,4,2,1966,2191,1070,0.011818,5,2024-06-29 03:02:06,Complex,True,Good
1279,56,2,1,1458,1327,1431,0.011063,5,2024-01-29 06:04:42,Medium,True,Excellent
1280,230,4,2,495,553,2674,0.002648,2,2024-11-24 13:00:54,Medium,True,Fair
1281,483,1,2,1532,2494,1749,0.026832,4,2024-03-10 04:23:25,Complex,True,Excellent
1282,334,1,1,780,904,2855,0.008179,5,2024-11-09 02:51:55,Medium,True,Excellent
1283,347,5,2,676,785,726,0.00233,4,2024-05-20 10:19:07,Medium,True,Good
1284,466,4,2,194,189,2646,0.00101,5,2024-11-27 18:22:45,Simple,True,Good
1285,391,1,1,740,1098,2084,0.011197,4,2024-03-06 04:14:11,Medium,True,Excellent
1286,9,3,1,1325,1960,1848,0.012895,4,2024-09-17 09:58:51,Medium,True,Good
1287,331,4,4,427,503,954,0.002559,3,2024-03-31 11:11:50,Medium,True,Good
1288,460,1,2,2827,2781,3031,0.028164,4,2024-09-29 02:20:23,Complex,True,Excellent
1289,428,1,7,651,945,1958,0.009862,4,2024-12-08 08:51:59,Medium,True,Excellent
1290,312,4,4,1142,1011,4049,0.00467,4,2024-09-15 13:04:33,Medium,True,Good
1291,54,5,1,329,355,934,0.001005,5,2024-02-04 05:28:01,Simple,True,Good
1292,16,4,1,843,929,1989,0.005068,3,2024-11-12 23:42:50,Medium,True,Good
1293,23,1,3,696,617,1435,0.006697,4,2024-09-17 23:17:42,Medium,True,Excellent
1294,95,4,8,1158,1321,1662,0.006535,4,2024-05-02 05:22:21,Medium,True,Good
1295,17,4,6,749,679,1533,0.003597,2,2024-06-09 10:04:22,Medium,True,Fair
1296,190,2,8,377,469,2883,0.003812,5,2024-06-26 06:02:28,Simple,True,Excellent
1297,226,4,7,1098,1752,2171,0.00957,4,2024-10-29 01:40:06,Medium,True,Good
1298,338,3,2,1007,995,3408,0.006669,4,2024-06-17 18:49:06,Medium,True,Good
1299,137,5,1,1381,1342,2381,0.004082,5,2024-03-14 15:09:51,Medium,True,Good
1300,215,1,1,452,426,4422,0.004084,4,2024-02-24 22:41:14,Simple,True,Excellent
1301,122,1,6,602,703,1253,0.007545,3,2024-08-17 22:50:07,Medium,True,Good
1302,319,1,3,2540,2574,1275,0.024579,4,2024-09-07 02:35:09,Complex,True,Excellent
1303,291,4,4,352,320,1954,0.001598,5,2024-06-27 00:46:11,Simple,True,Good
1304,296,4,1,804,1189,1850,0.006424,5,2024-07-18 22:46:12,Medium,True,Good
1305,380,4,3,3844,3445,713,0.015568,5,2024-06-01 20:39:08,Complex,True,Good
1306,78,1,8,2090,3178,1639,0.032002,4,2024-02-20 23:47:30,Complex,True,Excellent
1307,494,1,3,565,781,2587,0.0079,3,2024-05-06 05:44:45,Medium,True,Good
1308,111,4,1,575,574,2349,0.00305,4,2024-02-06 12:04:48,Medium,True,Good
1309,138,3,6,830,1352,2460,0.010303,3,2024-11-09 12:52:49,Medium,True,Good
1310,43,1,8,716,946,5044,0.010321,4,2024-03-04 06:00:35,Medium,False,Excellent
1311,125,4,3,2433,2247,1384,0.010564,4,2024-01-26 11:41:37,Complex,True,Good
1312,442,1,9,1091,1615,2672,0.016294,2,2024-04-13 08:36:29,Medium,True,Fair
1313,465,4,7,470,498,2076,0.002628,4,2024-03-02 15:37:04,Simple,True,Good
1314,454,4,1,330,528,987,0.002715,5,2024-12-04 14:19:54,Medium,True,Good
1315,21,4,6,1051,1666,2092,0.008714,4,2024-04-05 20:09:56,Medium,True,Good
1316,322,5,2,278,450,2073,0.001257,1,2024-08-25 23:18:01,Simple,True,Fair
1317,178,4,1,827,861,3080,0.004341,5,2024-07-29 10:05:05,Medium,True,Good
1318,236,5,2,438,423,1986,0.001331,4,2024-02-27 02:49:14,Simple,True,Good
1319,482,2,7,434,372,1788,0.002846,2,2024-07-09 03:40:37,Simple,True,Fair
1320,163,2,6,1377,1888,832,0.013786,4,2024-11-02 14:03:15,Medium,True,Excellent
1321,114,5,7,329,531,1123,0.001702,5,2024-07-16 22:43:52,Medium,False,Good
1322,316,3,1,1599,1352,2249,0.008963,3,2024-03-10 00:16:05,Medium,True,Good
1323,401,4,1,1591,1447,777,0.006928,3,2024-04-04 01:57:03,Medium,True,Good
1324,304,4,3,754,736,866,0.003988,3,2024-08-11 13:40:52,Medium,False,Good
1325,35,2,9,1439,1243,1025,0.010288,3,2024-06-16 23:34:45,Medium,True,Good
1326,101,4,1,4704,4000,889,0.020283,5,2024-11-20 05:55:46,Complex,True,Good
1327,290,1,9,2549,3885,1485,0.038479,4,2024-06-13 04:22:49,Complex,False,Excellent
1328,72,1,6,553,553,2062,0.005309,3,2024-02-16 18:44:10,Medium,False,Good
1329,459,4,7,1698,1716,1167,0.007921,5,2024-10-17 01:54:26,Medium,True,Good
1330,205,4,2,1490,1242,2490,0.00576,3,2024-04-28 05:24:43,Medium,False,Good
1331,458,4,3,731,1063,1768,0.005636,5,2024-03-10 16:21:50,Medium,True,Good
1332,70,2,5,922,948,3262,0.007108,2,2024-02-17 06:15:14,Medium,True,Fair
1333,369,1,6,418,602,3108,0.006112,5,2024-11-14 04:37:02,Medium,True,Excellent
1334,172,1,6,603,854,4620,0.008678,4,2024-03-02 07:04:21,Medium,True,Excellent
1335,244,2,2,1794,1908,5039,0.016459,4,2024-10-20 22:45:32,Medium,True,Excellent
1336,177,4,4,1602,1696,1425,0.008342,4,2024-06-22 07:52:21,Medium,True,Good
1337,496,2,8,573,917,2685,0.007736,3,2024-02-25 08:59:00,Medium,True,Good
1338,361,1,3,396,528,2077,0.005318,4,2024-09-14 15:27:48,Medium,True,Excellent
1339,495,1,7,2195,2240,1428,0.021855,4,2024-03-24 02:22:18,Complex,True,Excellent
1340,129,5,2,1170,1182,2728,0.003587,4,2024-02-11 17:22:48,Medium,True,Good
1341,484,4,6,332,536,1615,0.002629,4,2024-11-23 08:27:19,Medium,True,Good
1342,109,4,4,888,1234,5422,0.0065,5,2024-04-28 15:14:17,Medium,True,Good
1343,219,4,2,370,555,1666,0.00273,5,2024-11-16 08:51:01,Medium,True,Good
1344,76,4,1,671,891,1161,0.004206,3,2024-07-14 21:01:01,Medium,True,Good
1345,207,1,1,822,946,669,0.008851,4,2024-03-01 00:14:03,Medium,True,Excellent
1346,187,2,2,674,729,1376,0.005355,4,2024-10-03 18:39:35,Medium,True,Excellent
1347,293,1,1,391,454,1585,0.004776,4,2024-02-14 20:00:45,Simple,True,Excellent
1348,238,4,6,725,958,1389,0.004361,5,2024-01-24 04:35:30,Medium,False,Good
1349,274,1,6,1517,2074,2309,0.02261,1,2024-04-11 04:07:58,Complex,True,Fair
1350,114,1,1,615,668,1609,0.007208,4,2024-03-08 10:10:03,Medium,True,Excellent
1351,370,4,7,842,983,4036,0.005029,4,2024-09-14 22:41:25,Medium,True,Good
1352,31,4,6,758,854,5711,0.004364,4,2024-10-28 22:29:55,Medium,False,Good
1353,174,1,6,731,1124,1943,0.011158,2,2024-02-17 14:37:59,Medium,True,Fair
1354,194,1,7,2198,2527,3955,0.026423,3,2024-04-15 21:28:50,Complex,True,Good
1355,276,4,1,269,306,1901,0.001628,4,2024-09-20 04:01:51,Simple,True,Good
1356,244,4,6,1282,1270,1109,0.006495,4,2024-01-09 09:49:51,Medium,True,Good
1357,236,1,3,386,468,4215,0.004314,5,2024-06-07 15:03:34,Simple,True,Excellent
1358,348,4,7,1854,1650,1532,0.008962,4,2024-01-28 22:20:15,Medium,True,Good
1359,217,1,1,526,540,1691,0.005202,4,2024-03-18 01:55:35,Medium,True,Excellent
1360,76,1,6,848,768,1250,0.007657,3,2024-02-17 03:46:55,Medium,True,Good
1361,119,2,3,306,343,1488,0.002902,4,2024-09-09 03:37:41,Simple,True,Excellent
1362,60,4,3,697,1017,1268,0.005593,4,2024-01-18 05:07:34,Medium,False,Good
1363,258,1,6,1046,1320,2734,0.012551,4,2024-07-07 08:16:08,Medium,True,Excellent
1364,38,4,3,473,589,858,0.002889,4,2024-05-09 12:47:54,Medium,False,Good
1365,165,5,6,684,705,2159,0.00221,4,2024-02-09 23:08:28,Medium,False,Good
1366,164,1,1,368,354,826,0.00335,5,2024-03-24 12:18:45,Simple,False,Excellent
1367,491,1,2,314,301,1465,0.003242,4,2024-08-07 13:20:44,Simple,True,Excellent
1368,294,2,2,3996,3694,1295,0.030807,5,2024-07-01 08:02:53,Complex,True,Excellent
1369,477,3,7,1851,2178,4507,0.016332,5,2024-07-10 04:20:03,Complex,False,Good
1370,164,1,1,447,440,1571,0.004831,4,2024-11-23 18:42:50,Simple,True,Excellent
1371,126,1,6,791,945,1747,0.010374,5,2024-09-23 06:05:35,Medium,True,Excellent
1372,147,3,2,562,769,828,0.005106,5,2024-05-24 21:57:55,Medium,True,Good
1373,419,2,8,217,329,4556,0.002624,3,2024-08-31 10:23:05,Simple,True,Good
1374,356,5,3,968,1017,3406,0.003182,4,2024-06-12 07:05:29,Medium,False,Good
1375,370,4,1,622,931,6795,0.004346,2,2024-07-02 21:01:51,Medium,True,Fair
1376,298,1,1,203,333,1511,0.003336,3,2024-06-19 21:05:01,Simple,False,Good
1377,432,2,3,1177,1236,1827,0.009885,1,2024-07-18 06:56:41,Medium,False,Fair
1378,238,3,2,791,790,2707,0.005947,5,2024-01-07 19:13:32,Medium,False,Good
1379,42,1,1,786,1128,546,0.011556,4,2024-04-12 13:37:09,Medium,True,Excellent
1380,21,1,3,709,925,1454,0.010083,4,2024-05-01 22:31:35,Medium,True,Excellent
1381,409,4,2,782,1152,500,0.005751,4,2024-02-04 00:28:24,Medium,True,Good
1382,10,2,4,909,1369,1927,0.01203,4,2024-07-23 00:15:17,Medium,True,Excellent
1383,42,4,6,805,1175,1171,0.006022,3,2024-11-19 07:54:00,Medium,True,Good
1384,467,1,2,2319,2474,1094,0.022535,2,2024-03-15 17:03:03,Complex,False,Fair
1385,100,4,5,400,666,892,0.003288,3,2024-05-18 12:12:17,Medium,False,Good
1386,135,4,4,340,439,2526,0.002125,3,2024-09-12 18:40:13,Simple,True,Good
1387,367,2,3,259,235,2198,0.001854,3,2024-03-26 01:16:49,Simple,True,Good
1388,119,1,5,1340,1488,1713,0.01449,4,2024-03-20 00:57:26,Medium,True,Excellent
1389,204,1,9,791,1136,2660,0.011428,4,2024-04-18 02:47:14,Medium,True,Excellent
1390,188,4,1,866,989,642,0.004491,4,2024-06-07 15:06:30,Medium,True,Good
1391,242,1,1,1367,1199,3916,0.012038,3,2024-07-21 16:26:42,Medium,True,Good
1392,476,1,2,1378,1455,3071,0.015417,3,2024-02-29 17:39:26,Medium,False,Good
1393,421,5,2,699,1055,3747,0.003401,4,2024-07-31 14:15:52,Medium,False,Good
1394,495,2,1,275,275,1049,0.002128,5,2024-12-24 22:23:42,Simple,True,Excellent
1395,278,4,7,2355,3348,2138,0.016518,4,2024-02-19 14:13:53,Complex,False,Good
1396,342,1,5,1268,1713,1333,0.017083,4,2024-01-17 00:08:08,Medium,True,Excellent
1397,321,3,1,624,540,1839,0.00391,3,2024-01-20 10:32:27,Medium,True,Good
1398,300,4,2,981,1222,2073,0.006473,5,2024-04-26 10:32:17,Medium,False,Good
1399,19,1,2,1064,979,1642,0.008982,5,2024-11-29 09:46:36,Medium,True,Excellent
1400,41,4,7,762,751,1563,0.004031,3,2024-04-07 16:00:03,Medium,True,Good
1401,63,4,6,454,622,1320,0.002859,4,2024-01-09 16:57:47,Medium,False,Good
1402,228,3,6,1193,1026,2528,0.0079,3,2024-02-14 10:52:27,Medium,True,Good
1403,318,1,2,447,683,937,0.007261,4,2024-06-06 23:57:03,Medium,True,Excellent
1404,60,4,6,1781,1580,1563,0.00757,5,2024-07-21 16:53:59,Medium,True,Good
1405,410,5,2,328,364,3755,0.001087,3,2024-08-02 00:14:20,Simple,True,Good
1406,308,3,3,1101,1399,1692,0.009721,5,2024-12-01 08:16:04,Medium,True,Good
1407,219,1,6,508,812,1321,0.008214,1,2024-06-24 07:52:23,Medium,True,Fair
1408,269,3,6,451,681,1011,0.005041,5,2024-06-20 19:22:30,Medium,True,Good
1409,362,1,2,459,594,3171,0.006432,4,2024-06-03 10:42:30,Medium,True,Excellent
1410,430,5,4,1211,1387,628,0.004189,4,2024-06-06 12:13:32,Medium,True,Good
1411,445,5,1,1082,920,2130,0.002849,4,2024-02-10 04:43:05,Medium,True,Good
1412,294,1,6,929,1010,2382,0.010585,4,2024-08-18 00:56:07,Medium,True,Excellent
1413,349,2,9,416,621,3097,0.004941,4,2024-08-12 16:48:33,Medium,True,Excellent
1414,424,1,6,217,361,2654,0.00339,4,2024-04-03 20:33:14,Simple,True,Excellent
1415,408,1,1,440,545,1902,0.005669,3,2024-10-04 03:04:31,Medium,True,Good
1416,277,1,2,2297,2178,1555,0.021489,3,2024-05-31 10:13:01,Complex,True,Good
1417,330,3,4,2203,2000,1456,0.012715,4,2024-03-21 23:35:00,Complex,False,Good
1418,494,2,2,914,1136,4562,0.009308,4,2024-11-03 21:28:48,Medium,True,Excellent
1419,244,4,5,891,806,1792,0.004,4,2024-04-06 05:54:09,Medium,False,Good
1420,420,5,2,1464,1828,1680,0.005982,4,2024-07-19 14:11:39,Medium,True,Good
1421,477,1,1,397,592,3336,0.005657,4,2024-02-03 10:47:17,Medium,True,Excellent
1422,397,4,6,1174,1324,3088,0.006429,4,2024-06-03 01:55:00,Medium,True,Good
1423,468,2,2,340,504,2411,0.004084,5,2024-11-26 14:38:34,Medium,True,Excellent
1424,339,4,5,380,604,3886,0.002891,3,2024-02-08 18:52:00,Medium,False,Good
1425,371,4,2,1342,1214,4334,0.006115,5,2024-01-01 22:59:10,Medium,True,Good
1426,464,1,2,1161,1185,1436,0.012857,3,2024-10-19 20:25:39,Medium,False,Good
1427,128,1,1,479,483,1416,0.005287,4,2024-10-16 23:18:53,Simple,True,Excellent
1428,120,1,9,1934,1628,957,0.016126,5,2024-02-16 21:26:02,Medium,True,Excellent
1429,442,1,8,1738,1610,5393,0.015054,2,2024-08-04 04:29:50,Medium,True,Fair
1430,160,4,8,1862,2622,1424,0.012785,4,2024-02-16 23:53:00,Complex,True,Good
1431,159,1,2,523,785,522,0.008171,3,2024-09-07 18:26:01,Medium,True,Good
1432,89,2,6,827,735,2297,0.005731,5,2024-03-31 10:59:26,Medium,False,Excellent
1433,267,1,2,968,1129,1350,0.011067,1,2024-10-25 04:06:41,Medium,True,Fair
1434,396,4,1,557,830,3557,0.004383,4,2024-07-01 12:04:03,Medium,True,Good
1435,146,4,9,196,288,500,0.001424,3,2024-10-31 16:56:12,Simple,True,Good
1436,292,1,8,292,391,715,0.00421,3,2024-08-21 06:15:05,Simple,False,Good
1437,216,4,6,352,363,1507,0.001979,4,2024-09-28 10:22:40,Simple,True,Good
1438,292,4,5,590,868,1024,0.004634,1,2024-01-22 02:54:54,Medium,True,Fair
1439,113,4,7,369,318,1515,0.001661,2,2024-12-02 17:17:43,Simple,True,Fair
1440,338,1,1,510,724,1261,0.007756,1,2024-03-11 11:35:41,Medium,True,Fair
1441,41,1,2,2078,2846,4199,0.03043,4,2024-10-15 16:05:46,Complex,True,Excellent
1442,443,4,2,544,522,6373,0.002835,4,2024-11-29 12:04:59,Medium,True,Good
1443,5,4,7,1542,2221,1373,0.011584,2,2024-02-16 04:56:37,Complex,True,Fair
1444,296,1,8,622,645,1248,0.006718,3,2024-06-18 23:24:43,Medium,True,Good
1445,241,1,2,1166,1817,3021,0.018111,2,2024-07-11 08:26:57,Medium,True,Fair
1446,489,4,1,519,682,1866,0.003746,4,2024-11-03 08:28:40,Medium,True,Good
1447,95,1,1,489,477,1338,0.004327,3,2024-11-12 10:40:19,Simple,True,Good
1448,486,1,1,317,402,2302,0.004076,4,2024-09-24 04:12:23,Simple,True,Excellent
1449,59,3,6,323,345,2138,0.002204,4,2024-11-22 20:40:30,Simple,True,Good
1450,208,3,3,4140,3595,1354,0.027452,3,2024-04-20 08:37:34,Complex,True,Good
1451,195,3,2,922,981,2223,0.007042,4,2024-07-10 01:25:07,Medium,False,Good
1452,497,4,8,592,590,2997,0.002799,5,2024-12-04 23:16:18,Medium,True,Good
1453,58,1,1,431,584,1553,0.005569,3,2024-05-30 05:13:57,Medium,True,Good
1454,3,4,6,4119,4000,2027,0.018038,3,2024-11-14 02:19:49,Complex,True,Good
1455,6,4,1,365,361,975,0.001763,5,2024-09-06 14:39:58,Simple,True,Good
1456,140,1,7,3930,4000,1904,0.036224,5,2024-12-06 21:22:05,Complex,True,Excellent
1457,344,1,1,537,625,1290,0.006543,4,2024-01-08 01:59:37,Medium,True,Excellent
1458,460,3,2,2216,2076,1810,0.014727,4,2024-12-20 07:59:24,Complex,True,Good
1459,495,1,5,1890,1793,568,0.019007,2,2024-06-18 04:21:34,Medium,True,Fair
1460,410,3,7,3738,3347,1111,0.024837,3,2024-05-17 23:40:27,Complex,True,Good
1461,464,2,2,866,1324,1594,0.01034,2,2024-03-05 05:01:15,Medium,True,Fair
1462,369,1,1,2427,4000,2058,0.038164,5,2024-10-09 18:26:07,Complex,True,Excellent
1463,485,4,6,1205,1419,867,0.006452,5,2024-07-27 14:01:31,Medium,True,Good
1464,445,1,3,412,525,1425,0.005444,4,2024-02-11 06:07:30,Medium,True,Excellent
1465,498,5,6,1172,1282,2869,0.003731,4,2024-12-27 18:12:28,Medium,True,Good
1466,99,1,1,866,1160,1901,0.010809,5,2024-02-05 23:27:28,Medium,True,Excellent
1467,495,4,8,520,738,891,0.003546,1,2024-09-06 23:23:05,Medium,True,Fair
1468,486,2,1,1580,1798,3883,0.015177,4,2024-08-24 04:24:18,Medium,True,Excellent
1469,486,3,1,718,1160,1507,0.007472,4,2024-05-17 19:40:38,Medium,False,Good
1470,189,4,9,872,859,2377,0.004272,2,2024-01-30 21:51:41,Medium,False,Fair
1471,2,3,6,1443,2185,1098,0.015704,4,2024-03-29 09:01:50,Complex,True,Good
1472,260,4,9,997,1131,2265,0.005692,4,2024-11-06 02:12:00,Medium,True,Good
1473,392,2,9,444,484,605,0.003926,4,2024-04-11 11:10:07,Simple,True,Excellent
1474,448,1,2,2007,1953,974,0.018812,4,2024-03-08 20:51:45,Medium,True,Excellent
1475,110,4,2,692,1108,6391,0.005059,4,2024-11-24 21:08:07,Medium,True,Good
1476,7,4,6,1517,1377,637,0.006199,4,2024-01-06 17:01:02,Medium,True,Good
1477,47,3,1,3259,3191,2484,0.022305,1,2024-07-20 02:35:59,Complex,True,Fair
1478,467,2,3,1170,1253,1572,0.010394,5,2024-12-18 00:28:44,Medium,True,Excellent
1479,287,2,2,360,395,1134,0.003086,4,2024-03-05 03:37:15,Simple,True,Excellent
1480,428,2,1,315,366,2843,0.002958,2,2024-06-04 13:21:20,Simple,True,Fair
1481,23,5,2,1469,1480,743,0.004884,4,2024-12-25 04:16:43,Medium,False,Good
1482,363,1,2,1299,1469,1037,0.014345,2,2024-04-23 16:51:58,Medium,False,Fair
1483,254,1,5,1023,963,2824,0.010075,3,2024-02-23 02:48:21,Medium,True,Good
1484,386,4,2,2605,3051,8352,0.015836,5,2024-07-13 09:56:51,Complex,True,Good
1485,67,4,1,308,344,1278,0.001672,2,2024-10-06 01:54:41,Simple,False,Fair
1486,26,2,6,862,1328,665,0.010361,5,2024-03-31 14:18:06,Medium,True,Excellent
1487,427,1,2,368,353,3566,0.003801,2,2024-02-13 15:59:34,Simple,True,Fair
1488,197,1,1,1207,1054,928,0.010649,5,2024-06-07 21:14:10,Medium,True,Excellent
1489,458,1,1,469,723,3036,0.006598,4,2024-10-14 02:25:32,Medium,True,Excellent
1490,447,4,2,358,490,3382,0.002538,3,2024-12-01 23:19:13,Simple,True,Good
1491,312,1,1,993,830,2807,0.009053,4,2024-02-14 07:31:50,Medium,True,Excellent
1492,131,4,1,1003,1412,1341,0.007765,3,2024-06-25 03:44:40,Medium,True,Good
1493,45,4,2,1575,1434,3238,0.007674,4,2024-03-01 20:47:08,Medium,True,Good
1494,68,4,6,1147,1232,770,0.00648,2,2024-07-04 11:40:23,Medium,True,Fair
1495,70,1,1,751,730,1697,0.007088,2,2024-10-22 03:51:20,Medium,True,Fair
1496,402,4,3,1053,1314,2968,0.007042,4,2024-08-01 02:35:11,Medium,False,Good
1497,424,4,1,1279,1152,783,0.005212,4,2024-03-21 17:10:38,Medium,True,Good
1498,115,4,3,2716,2594,3065,0.013344,4,2024-07-04 21:19:45,Complex,False,Good
1499,373,1,6,2840,3230,3297,0.0336,3,2024-03-03 18:57:05,Complex,True,Good
1500,450,2,1,2781,2933,1423,0.024247,5,2024-07-20 08:38:20,Complex,True,Excellent
1501,83,2,1,1126,1444,1051,0.012107,3,2024-03-26 00:10:35,Medium,False,Good
1502,325,2,1,841,868,2259,0.007634,4,2024-06-19 03:03:46,Medium,True,Excellent
1503,257,4,5,551,661,658,0.003335,1,2024-05-06 18:04:10,Medium,True,Fair
1504,200,3,1,492,811,1525,0.005912,5,2024-05-23 03:27:08,Medium,True,Good
1505,249,1,7,802,732,1988,0.006588,5,2024-05-04 10:34:29,Medium,True,Excellent
1506,348,2,1,718,990,1411,0.008681,4,2024-10-08 07:19:03,Medium,True,Excellent
1507,144,1,2,370,584,1474,0.005322,4,2024-11-03 18:00:24,Medium,True,Excellent
1508,178,4,1,183,264,3536,0.001226,2,2024-12-06 04:03:50,Simple,False,Fair
1509,394,4,4,312,410,924,0.001916,4,2024-02-13 22:36:42,Simple,True,Good
1510,441,1,4,1659,1870,2415,0.017687,4,2024-03-06 02:39:37,Medium,False,Excellent
1511,228,1,2,1205,1291,3068,0.011863,2,2024-08-13 12:02:32,Medium,True,Fair
1512,278,1,8,1325,1123,2369,0.010516,3,2024-01-12 23:50:44,Medium,True,Good
1513,375,2,6,1097,1026,4413,0.008986,4,2024-12-21 08:49:12,Medium,True,Excellent
1514,182,2,4,1183,1333,2684,0.011487,5,2024-10-28 05:59:22,Medium,True,Excellent
1515,69,4,1,490,457,1607,0.002145,5,2024-01-18 19:10:20,Simple,True,Good
1516,419,4,3,155,207,4703,0.001054,3,2024-03-17 10:24:37,Simple,True,Good
1517,104,4,3,596,624,1477,0.003283,3,2024-12-06 02:22:39,Medium,True,Good
1518,192,1,1,1280,1400,1397,0.013133,3,2024-02-16 21:26:26,Medium,True,Good
1519,421,1,1,279,425,1452,0.004191,5,2024-10-11 09:18:23,Simple,True,Excellent
1520,340,5,2,2325,2551,1621,0.007501,2,2024-12-30 09:17:59,Complex,True,Fair
1521,269,4,3,836,801,3562,0.003726,4,2024-07-21 23:19:26,Medium,True,Good
1522,300,4,3,372,505,803,0.00269,4,2024-04-13 05:34:49,Medium,True,Good
1523,13,1,7,160,188,820,0.001782,4,2024-01-30 23:43:56,Simple,True,Excellent
1524,201,3,2,640,700,2400,0.004828,3,2024-05-21 12:58:03,Medium,True,Good
1525,499,2,1,449,497,972,0.004323,5,2024-04-26 05:21:49,Simple,True,Excellent
1526,37,2,6,527,777,992,0.005782,4,2024-07-30 22:48:26,Medium,True,Excellent
1527,16,4,2,205,221,2844,0.001186,5,2024-06-22 10:52:37,Simple,False,Good
1528,278,4,1,599,881,1516,0.004447,5,2024-10-28 10:47:19,Medium,False,Good
1529,102,1,9,535,787,3643,0.008238,4,2024-09-10 04:57:25,Medium,False,Excellent
1530,267,2,2,445,421,2840,0.00314,5,2024-08-17 03:27:24,Simple,True,Excellent
1531,285,2,1,267,314,2059,0.002738,4,2024-07-01 04:32:52,Simple,True,Excellent
1532,487,4,6,1876,1606,709,0.007913,4,2024-03-25 12:38:39,Medium,False,Good
1533,308,5,7,1123,1334,2511,0.004071,4,2024-08-19 19:08:40,Medium,True,Good
1534,65,1,5,775,980,4404,0.009997,4,2024-05-19 18:33:25,Medium,True,Excellent
1535,343,2,2,843,1201,1155,0.009249,5,2024-02-01 10:28:43,Medium,True,Excellent
1536,121,1,8,535,448,942,0.004806,3,2024-07-02 23:40:59,Simple,False,Good
1537,442,1,1,1100,1681,2800,0.015234,5,2024-03-05 08:16:21,Medium,True,Excellent
1538,181,1,9,732,1024,2046,0.010334,4,2024-12-24 18:38:53,Medium,True,Excellent
1539,405,1,3,406,537,5453,0.005726,2,2024-05-19 22:41:58,Medium,True,Fair
1540,90,1,8,957,1184,761,0.012477,1,2024-08-19 20:34:24,Medium,False,Fair
1541,428,3,1,527,689,1350,0.004341,5,2024-01-19 15:49:12,Medium,True,Good
1542,172,4,6,683,1025,2652,0.005199,3,2024-06-18 06:45:42,Medium,True,Good
1543,456,3,6,1458,2415,4228,0.016215,3,2024-09-16 21:59:36,Complex,True,Good
1544,201,3,2,1051,1653,4231,0.011425,3,2024-11-25 19:03:44,Medium,True,Good
1545,239,1,5,417,562,1659,0.005308,5,2024-01-21 00:38:28,Medium,True,Excellent
1546,428,1,2,2444,4000,612,0.03946,4,2024-01-24 17:28:33,Complex,True,Excellent
1547,230,1,6,348,548,1521,0.005631,4,2024-09-02 21:55:02,Medium,True,Excellent
1548,324,4,3,560,641,716,0.003358,3,2024-03-05 12:50:24,Medium,True,Good
1549,432,4,4,333,360,4196,0.001806,4,2024-09-11 05:01:25,Simple,True,Good
1550,285,2,7,2002,1901,1198,0.013793,2,2024-04-03 10:08:01,Medium,True,Fair
1551,421,1,1,657,570,593,0.005531,5,2024-07-17 08:52:37,Medium,False,Excellent
1552,278,4,4,533,708,1433,0.003619,3,2024-01-20 15:36:57,Medium,True,Good
1553,407,2,8,592,652,806,0.005127,4,2024-05-21 08:39:21,Medium,True,Excellent
1554,302,4,1,401,533,6925,0.002802,4,2024-05-25 19:27:41,Medium,True,Good
1555,399,4,1,1502,1264,2345,0.006537,5,2024-04-07 16:19:18,Medium,True,Good
1556,357,2,7,1763,2713,2590,0.019558,5,2024-12-12 12:13:30,Complex,True,Excellent
1557,104,1,3,416,380,3123,0.003574,4,2024-12-15 07:54:05,Simple,True,Excellent
1558,414,5,2,808,805,3958,0.002629,4,2024-05-10 11:09:24,Medium,False,Good
1559,58,1,2,625,726,792,0.007249,4,2024-08-09 12:53:30,Medium,True,Excellent
1560,250,4,2,798,702,1421,0.003818,5,2024-10-16 15:19:05,Medium,True,Good
1561,32,4,4,745,844,2360,0.004071,3,2024-07-29 01:39:15,Medium,True,Good
1562,270,2,9,390,501,1519,0.003691,3,2024-07-08 04:41:00,Medium,True,Good
1563,134,1,7,984,1106,7525,0.010372,5,2024-11-08 08:03:09,Medium,True,Excellent
1564,420,1,3,1001,1254,645,0.013543,5,2024-11-07 03:14:02,Medium,True,Excellent
1565,372,4,4,535,871,1118,0.004419,5,2024-03-30 11:50:52,Medium,False,Good
1566,157,1,6,70,109,1016,0.001067,4,2024-06-19 18:47:04,Simple,True,Excellent
1567,426,1,8,866,1298,4242,0.012442,4,2024-12-18 21:51:45,Medium,True,Excellent
1568,178,1,1,217,326,2043,0.003456,4,2024-10-09 21:38:58,Simple,True,Excellent
1569,237,3,3,2992,2796,1000,0.020619,5,2024-01-07 07:02:21,Complex,True,Good
1570,156,3,2,675,804,500,0.005592,2,2024-11-01 23:57:18,Medium,True,Fair
1571,306,2,2,550,660,2007,0.005658,4,2024-07-08 01:44:02,Medium,True,Excellent
1572,495,4,4,1018,920,1723,0.004832,5,2024-08-29 08:32:58,Medium,False,Good
1573,55,5,7,400,500,1332,0.001646,4,2024-09-12 13:01:15,Medium,True,Good
1574,126,4,6,1844,1601,2771,0.0075,3,2024-08-17 06:26:22,Medium,False,Good
1575,3,4,1,383,467,676,0.002141,3,2024-08-22 11:23:42,Simple,True,Good
1576,359,5,8,578,531,1748,0.001683,3,2024-11-11 20:29:37,Medium,True,Good
1577,232,1,2,2126,2228,1950,0.022344,4,2024-03-11 17:27:52,Complex,True,Excellent
1578,117,4,6,2484,2333,2293,0.010526,1,2024-08-20 08:29:56,Complex,True,Fair
1579,432,3,9,333,498,2096,0.003394,1,2024-02-08 14:36:49,Simple,True,Fair
1580,206,3,1,546,563,2738,0.00374,3,2024-11-05 08:13:45,Medium,True,Good
1581,72,4,1,679,1025,738,0.004921,5,2024-04-22 12:32:42,Medium,False,Good
1582,382,4,6,2321,2257,2098,0.010601,5,2024-02-07 05:46:16,Complex,False,Good
1583,331,2,8,266,414,3292,0.003182,3,2024-10-21 21:54:41,Simple,True,Good
1584,440,1,9,615,603,2931,0.005683,3,2024-02-09 22:20:50,Medium,True,Good
1585,258,4,2,1790,1935,4059,0.010035,1,2024-08-09 07:09:33,Medium,True,Fair
1586,295,2,1,419,544,1395,0.004677,4,2024-04-03 02:37:40,Medium,True,Excellent
1587,314,4,2,341,539,4453,0.002846,4,2024-05-10 09:28:25,Medium,True,Good
1588,151,2,1,1111,1250,1726,0.010339,4,2024-08-08 10:45:11,Medium,True,Excellent
1589,40,1,7,1282,1223,500,0.012224,1,2024-10-01 19:42:47,Medium,True,Fair
1590,141,1,2,1175,1324,1087,0.012914,2,2024-03-03 10:52:49,Medium,True,Fair
1591,173,1,1,886,919,1494,0.01006,5,2024-02-14 19:13:05,Medium,True,Excellent
1592,129,1,2,182,174,2053,0.001711,2,2024-09-02 13:21:58,Simple,True,Fair
1593,416,5,3,348,314,3096,0.000918,4,2024-10-15 21:57:23,Simple,False,Good
1594,120,4,6,1711,1961,2659,0.008877,5,2024-06-10 06:34:14,Medium,True,Good
1595,109,4,4,743,666,1948,0.003289,3,2024-11-08 05:17:35,Medium,True,Good
1596,340,1,2,1283,1560,961,0.015007,5,2024-07-20 04:27:05,Medium,False,Excellent
1597,187,4,7,572,778,831,0.004268,3,2024-01-11 08:27:40,Medium,False,Good
1598,120,4,4,726,626,1334,0.002882,5,2024-12-11 17:39:39,Medium,True,Good
1599,276,2,3,874,858,2527,0.007323,3,2024-06-03 17:05:21,Medium,True,Good
1600,134,4,6,1575,1363,1397,0.00688,1,2024-05-08 04:00:13,Medium,True,Fair
1601,241,1,3,672,780,4028,0.008435,5,2024-03-20 22:58:23,Medium,True,Excellent
1602,8,3,1,399,465,1034,0.003379,4,2024-04-25 10:15:53,Simple,True,Good
1603,278,4,2,1358,1389,788,0.006412,3,2024-10-20 05:16:29,Medium,False,Good
1604,351,4,8,1206,1197,3045,0.006206,4,2024-07-20 20:35:11,Medium,True,Good
1605,396,3,1,1168,1377,731,0.008683,4,2024-04-15 09:23:31,Medium,True,Good
1606,79,1,2,493,474,5316,0.005019,4,2024-07-27 10:23:02,Simple,True,Excellent
1607,126,1,3,252,293,2892,0.002814,5,2024-12-24 09:09:40,Simple,True,Excellent
1608,413,4,3,637,706,1070,0.00381,4,2024-07-31 12:41:25,Medium,True,Good
1609,335,4,7,1096,1751,872,0.009494,1,2024-04-04 05:31:59,Medium,True,Fair
1610,499,1,2,1808,1803,4011,0.016722,4,2024-08-13 23:15:32,Medium,True,Excellent
1611,340,1,1,611,512,1189,0.004905,3,2024-12-09 18:23:16,Medium,True,Good
1612,318,2,2,386,586,1880,0.004285,5,2024-06-09 19:37:05,Medium,True,Excellent
1613,136,4,2,849,1000,3867,0.005101,3,2024-06-14 09:10:24,Medium,True,Good
1614,378,3,1,156,226,746,0.001578,2,2024-05-11 04:37:37,Simple,True,Fair
1615,338,4,2,1882,1956,1402,0.01008,5,2024-10-31 03:01:17,Medium,False,Good
1616,407,4,2,592,554,1298,0.002496,4,2024-02-15 07:15:40,Medium,True,Good
1617,336,1,2,478,448,2263,0.004262,2,2024-01-09 15:28:37,Simple,True,Fair
1618,339,5,6,277,419,3051,0.00134,5,2024-09-24 04:56:46,Simple,False,Good
1619,345,1,1,742,772,2736,0.007187,2,2024-07-08 18:19:51,Medium,True,Fair
1620,96,4,2,352,357,1275,0.001675,1,2024-09-25 00:54:11,Simple,True,Fair
1621,378,1,1,715,828,2295,0.008192,4,2024-06-13 10:12:08,Medium,True,Excellent
1622,37,1,3,1437,2226,1850,0.020828,5,2024-11-07 19:05:03,Complex,True,Excellent
1623,404,1,2,638,595,1582,0.005435,4,2024-02-14 17:07:14,Medium,False,Excellent
1624,464,1,5,906,996,500,0.00958,5,2024-10-19 08:11:51,Medium,True,Excellent
1625,348,5,2,2705,2460,1769,0.007214,4,2024-01-23 17:23:30,Complex,False,Good
1626,23,4,7,293,269,3278,0.001372,5,2024-01-23 03:35:54,Simple,False,Good
1627,371,3,6,939,1057,3248,0.007117,4,2024-11-02 14:38:07,Medium,True,Good
1628,433,2,1,410,656,1471,0.005425,3,2024-04-09 00:09:36,Medium,False,Good
1629,242,4,1,814,974,3381,0.00505,2,2024-06-15 23:02:54,Medium,True,Fair
1630,84,3,3,2232,2206,645,0.014729,3,2024-09-22 00:55:06,Complex,False,Good
1631,140,5,2,952,929,5235,0.003064,5,2024-11-28 05:10:14,Medium,False,Good
1632,374,4,5,1122,1359,1222,0.006116,5,2024-03-20 12:07:20,Medium,True,Good
1633,261,4,8,166,235,1845,0.00126,4,2024-12-24 17:28:30,Simple,True,Good
1634,461,2,2,667,619,2566,0.004723,1,2024-12-15 12:00:51,Medium,True,Fair
1635,74,1,3,916,1186,1576,0.011645,5,2024-09-26 15:11:21,Medium,True,Excellent
1636,315,1,6,1419,2143,2475,0.02125,5,2024-04-14 01:58:48,Complex,True,Excellent
1637,232,4,2,1478,1944,1217,0.010478,1,2024-11-19 00:35:22,Medium,True,Fair
1638,127,2,6,1008,1661,1143,0.014347,5,2024-01-21 17:01:55,Medium,True,Excellent
1639,278,5,2,1712,1602,2143,0.004764,5,2024-10-17 18:16:36,Medium,True,Good
1640,386,2,6,966,917,1287,0.007897,2,2024-11-25 22:47:19,Medium,True,Fair
1641,438,1,9,470,629,2017,0.006646,4,2024-01-18 09:04:12,Medium,True,Excellent
1642,20,1,3,361,437,2815,0.004377,2,2024-11-27 07:55:46,Simple,True,Fair
1643,56,4,4,263,420,5753,0.00217,4,2024-02-26 23:23:12,Simple,True,Good
1644,92,2,1,1805,1960,2445,0.015858,5,2024-12-11 18:44:21,Medium,True,Excellent
1645,118,1,6,545,693,2119,0.006951,2,2024-05-07 16:25:48,Medium,True,Fair
1646,386,4,1,577,917,2391,0.004308,3,2024-06-18 22:35:46,Medium,True,Good
1647,159,4,2,1048,1035,1478,0.004915,3,2024-11-27 08:58:38,Medium,True,Good
1648,340,1,6,1836,1600,1348,0.017157,3,2024-09-15 18:30:46,Medium,True,Good
1649,346,2,1,1886,2195,1481,0.01586,5,2024-07-30 07:48:50,Complex,True,Excellent
1650,83,4,1,1811,1568,1662,0.00842,4,2024-06-21 05:47:27,Medium,False,Good
1651,245,5,2,1766,2194,1566,0.007013,2,2024-05-10 05:34:53,Complex,False,Fair
1652,290,4,5,534,721,1711,0.003383,3,2024-02-09 07:18:26,Medium,False,Good
1653,188,4,8,740,950,915,0.00512,5,2024-07-04 21:38:17,Medium,True,Good
1654,90,3,5,568,737,2075,0.005603,5,2024-11-21 08:22:41,Medium,True,Good
1655,434,4,1,1096,1371,1576,0.006725,5,2024-04-10 09:21:50,Medium,False,Good
1656,102,2,6,571,574,3047,0.004976,5,2024-03-12 05:46:29,Medium,False,Excellent
1657,23,1,1,612,944,1472,0.008523,3,2024-03-08 07:49:30,Medium,False,Good
1658,23,1,2,156,233,674,0.002283,4,2024-05-29 22:46:46,Simple,True,Excellent
1659,317,1,8,610,981,2077,0.009788,4,2024-06-19 20:58:38,Medium,False,Excellent
1660,94,4,4,410,605,1723,0.002827,3,2024-03-02 04:38:19,Medium,True,Good
1661,364,1,3,515,590,2156,0.006463,4,2024-09-08 19:36:31,Medium,True,Excellent
1662,211,1,2,200,214,1248,0.002231,5,2024-12-21 11:20:51,Simple,True,Excellent
1663,227,1,6,371,461,2645,0.004616,4,2024-02-14 15:07:45,Simple,True,Excellent
1664,382,1,1,897,1135,4330,0.012251,3,2024-02-10 13:42:13,Medium,False,Good
1665,368,2,1,763,676,2378,0.005219,5,2024-03-13 13:50:50,Medium,True,Excellent
1666,271,4,5,1384,1311,4060,0.006656,5,2024-06-30 09:07:17,Medium,True,Good
1667,105,4,1,600,535,1284,0.002816,3,2024-02-25 19:29:06,Medium,True,Good
1668,497,2,9,806,1041,814,0.009138,5,2024-04-04 22:15:29,Medium,True,Excellent
1669,22,1,1,1368,1266,1725,0.011892,4,2024-12-09 13:09:02,Medium,True,Excellent
1670,42,5,6,1263,1214,1440,0.00392,3,2024-05-06 20:08:39,Medium,False,Good
1671,379,1,2,2087,1909,1393,0.018226,3,2024-03-08 20:17:32,Medium,True,Good
1672,312,4,2,925,1336,622,0.007053,3,2024-05-02 01:47:20,Medium,True,Good
1673,35,1,6,1829,2447,2087,0.023847,2,2024-03-07 15:06:29,Complex,True,Fair
1674,276,4,3,496,560,949,0.002785,1,2024-08-13 03:28:00,Medium,True,Fair
1675,341,2,1,245,343,1459,0.002964,4,2024-12-11 07:09:30,Simple,False,Excellent
1676,257,4,9,639,551,1091,0.002694,4,2024-07-23 19:29:22,Medium,True,Good
1677,389,1,2,1339,1252,1229,0.011729,3,2024-04-07 07:39:46,Medium,True,Good
1678,330,5,8,795,1133,1209,0.003523,4,2024-06-13 15:42:24,Medium,True,Good
1679,37,1,6,2702,2263,2846,0.02475,3,2024-12-24 03:02:15,Complex,False,Good
1680,231,1,1,1033,1182,2286,0.011753,1,2024-03-16 20:13:15,Medium,False,Fair
1681,398,4,9,1499,2219,1760,0.01164,3,2024-09-25 12:39:45,Complex,True,Good
1682,46,1,2,950,1217,1757,0.013303,3,2024-05-12 01:13:44,Medium,True,Good
1683,154,1,2,663,924,2739,0.009752,4,2024-09-30 17:39:09,Medium,False,Excellent
1684,135,2,5,2629,3829,2588,0.030491,3,2024-09-16 02:07:13,Complex,True,Good
1685,57,3,6,1847,1779,1434,0.013298,4,2024-10-04 01:45:32,Medium,True,Good
1686,494,1,2,2053,2921,574,0.031662,4,2024-01-15 01:47:17,Complex,False,Excellent
1687,236,1,7,289,334,1457,0.003074,2,2024-05-01 21:47:57,Simple,True,Fair
1688,116,2,1,348,426,1273,0.003081,3,2024-08-21 20:06:20,Simple,True,Good
1689,12,1,4,394,628,500,0.006077,5,2024-01-18 21:51:22,Medium,True,Excellent
1690,38,4,3,251,415,1273,0.00228,3,2024-11-11 06:01:09,Simple,True,Good
1691,315,4,4,430,610,3112,0.003008,4,2024-06-09 02:26:57,Medium,True,Good
1692,215,2,3,442,540,721,0.004348,5,2024-08-28 00:38:17,Medium,True,Excellent
1693,395,1,2,2185,2786,1207,0.025616,5,2024-02-17 14:32:23,Complex,True,Excellent
1694,465,1,1,211,352,1884,0.003727,5,2024-09-18 11:32:34,Simple,True,Excellent
1695,373,1,2,355,363,1005,0.003867,5,2024-01-20 00:25:05,Simple,True,Excellent
1696,342,4,8,2139,2868,1986,0.013006,4,2024-03-23 16:19:08,Complex,True,Good
1697,416,4,2,937,782,2042,0.003768,4,2024-07-08 18:22:55,Medium,True,Good
1698,218,1,9,2701,4000,1486,0.037987,3,2024-08-31 08:24:20,Complex,True,Good
1699,442,1,3,1054,1230,1259,0.012397,3,2024-10-09 01:07:37,Medium,False,Good
1700,13,4,5,2178,2682,1215,0.013864,5,2024-05-10 01:04:41,Complex,False,Good
1701,26,2,2,1841,2795,1717,0.021439,1,2024-10-11 00:56:08,Complex,True,Fair
1702,150,1,4,719,827,610,0.00812,4,2024-10-30 10:29:51,Medium,False,Excellent
1703,36,2,4,320,297,713,0.002201,3,2024-05-09 00:45:55,Simple,False,Good
1704,352,4,6,258,422,1434,0.002083,5,2024-01-27 06:00:25,Simple,True,Good
1705,405,4,6,781,893,992,0.004611,5,2024-03-25 07:09:27,Medium,True,Good
1706,181,4,4,1108,1368,1329,0.006349,5,2024-05-30 22:26:07,Medium,True,Good
1707,309,1,6,782,940,1405,0.008689,4,2024-01-29 12:23:25,Medium,True,Excellent
1708,190,4,8,638,998,677,0.005319,4,2024-04-25 21:40:14,Medium,True,Good
1709,268,1,2,250,255,1707,0.002669,3,2024-06-21 18:21:24,Simple,True,Good
1710,116,1,1,1903,2057,2182,0.021772,4,2024-02-08 03:45:33,Complex,True,Excellent
1711,449,4,2,840,1143,1227,0.005656,4,2024-09-25 08:15:07,Medium,True,Good
1712,10,4,5,571,538,972,0.002792,1,2024-08-28 02:13:28,Medium,True,Fair
1713,74,4,6,2326,2601,5025,0.013225,4,2024-01-29 23:58:07,Complex,True,Good
1714,357,1,1,2137,2557,681,0.027133,2,2024-07-30 08:45:51,Complex,True,Fair
1715,240,1,4,1826,2188,4414,0.023577,4,2024-06-19 03:29:53,Complex,True,Excellent
1716,381,4,1,466,524,1899,0.002791,3,2024-11-26 03:34:10,Medium,True,Good
1717,486,5,2,909,1492,1785,0.004715,4,2024-09-06 11:05:20,Medium,True,Good
1718,122,5,2,374,441,1661,0.001336,4,2024-02-15 21:58:54,Simple,False,Good
1719,258,2,1,428,376,567,0.002932,4,2024-01-12 17:42:46,Simple,True,Excellent
1720,425,2,9,592,954,1280,0.007158,1,2024-05-12 14:55:01,Medium,True,Fair
1721,357,4,6,1156,1002,1231,0.005437,1,2024-06-02 05:19:28,Medium,True,Fair
1722,86,1,3,804,866,3513,0.007932,5,2024-08-15 13:23:16,Medium,True,Excellent
1723,488,4,7,1859,1574,896,0.00767,4,2024-02-03 05:27:27,Medium,True,Good
1724,497,4,9,398,430,3539,0.002334,3,2024-07-08 04:41:01,Simple,True,Good
1725,204,1,5,1680,1910,5172,0.020705,4,2024-04-06 20:15:22,Medium,False,Excellent
1726,153,4,2,1205,1082,2515,0.004982,4,2024-12-11 09:16:39,Medium,True,Good
1727,23,1,1,430,516,2474,0.005369,3,2024-07-02 05:32:32,Medium,True,Good
1728,143,4,2,776,1163,5851,0.006145,3,2024-04-29 21:04:57,Medium,False,Good
1729,111,4,1,191,286,4403,0.001568,5,2024-05-22 00:07:42,Simple,True,Good
1730,463,1,6,816,777,11390,0.007113,2,2024-07-29 11:05:23,Medium,True,Fair
1731,85,1,6,1232,1080,676,0.010864,2,2024-03-24 06:12:01,Medium,True,Fair
1732,64,1,2,459,496,736,0.005011,3,2024-02-29 10:20:07,Simple,True,Good
1733,493,1,1,1832,2252,2640,0.022436,2,2024-10-13 14:33:51,Complex,True,Fair
1734,387,4,2,438,415,1904,0.001937,4,2024-04-24 16:35:50,Simple,True,Good
1735,87,1,8,643,875,6232,0.009452,3,2024-11-04 23:37:41,Medium,True,Good
1736,462,2,1,1146,1026,1656,0.007419,3,2024-06-22 07:54:31,Medium,True,Good
1737,330,1,7,755,822,778,0.008255,3,2024-02-28 08:50:35,Medium,False,Good
1738,187,1,3,3066,3079,754,0.028014,2,2024-12-05 23:10:05,Complex,False,Fair
1739,408,4,9,2121,2295,953,0.011476,4,2024-05-01 11:55:58,Complex,False,Good
1740,345,4,6,624,990,774,0.005441,5,2024-05-07 17:44:26,Medium,True,Good
1741,75,1,1,246,342,1931,0.003566,4,2024-10-17 08:47:14,Simple,True,Excellent
1742,438,2,9,4455,4000,1973,0.034651,4,2024-04-26 20:40:41,Complex,True,Excellent
1743,186,1,2,244,388,2780,0.003611,5,2024-07-11 10:10:49,Simple,True,Excellent
1744,257,3,3,495,459,1806,0.003127,3,2024-10-10 11:38:53,Simple,False,Good
1745,236,1,1,596,950,1599,0.008558,2,2024-04-21 21:47:48,Medium,True,Fair
1746,56,1,1,1029,1631,1058,0.017619,1,2024-09-04 15:25:54,Medium,True,Fair
1747,221,4,1,322,323,3076,0.001538,3,2024-04-15 07:01:53,Simple,True,Good
1748,6,4,2,1302,1154,1634,0.005953,5,2024-01-31 13:15:57,Medium,True,Good
1749,283,3,4,511,575,2833,0.004234,3,2024-10-14 14:06:37,Medium,True,Good
1750,344,4,6,498,764,1418,0.003608,2,2024-01-31 23:02:20,Medium,True,Fair
1751,335,5,1,632,561,1051,0.001664,3,2024-09-04 21:12:24,Medium,True,Good
1752,364,4,1,669,1069,2405,0.004898,5,2024-04-22 02:18:35,Medium,True,Good
1753,193,4,2,504,486,1690,0.00265,5,2024-01-23 12:13:56,Simple,True,Good
1754,213,1,1,1908,2624,2106,0.024474,4,2024-09-29 17:03:51,Complex,True,Excellent
1755,161,1,3,1220,1045,856,0.011434,4,2024-08-15 16:27:30,Medium,True,Excellent
1756,263,1,3,696,957,4920,0.009217,4,2024-11-24 11:05:09,Medium,True,Excellent
1757,257,4,9,126,106,2060,0.000504,4,2024-04-07 18:53:24,Simple,True,Good
1758,160,4,3,833,1211,2020,0.005893,3,2024-02-22 08:39:53,Medium,False,Good
1759,186,1,6,279,353,3619,0.00363,4,2024-08-20 04:30:41,Simple,True,Excellent
1760,486,1,6,1418,2220,1501,0.020895,4,2024-01-07 00:53:58,Complex,True,Excellent
1761,458,4,6,535,579,1444,0.0029,1,2024-06-29 17:41:19,Medium,False,Fair
1762,149,4,2,1034,1519,2636,0.008101,3,2024-03-18 12:57:37,Medium,True,Good
1763,226,1,1,981,1106,2625,0.010773,4,2024-01-28 01:42:36,Medium,True,Excellent
1764,163,3,1,1448,1953,7204,0.013308,2,2024-11-26 14:08:39,Medium,True,Fair
1765,17,2,1,555,782,1875,0.006454,4,2024-08-28 21:58:08,Medium,True,Excellent
1766,177,2,2,517,820,629,0.006969,5,2024-10-06 02:50:50,Medium,True,Excellent
1767,302,4,6,710,624,1741,0.002988,5,2024-06-07 02:57:37,Medium,True,Good
1768,103,4,2,182,226,6986,0.00111,3,2024-01-14 05:41:55,Simple,True,Good
1769,150,1,4,1473,1489,1997,0.014266,5,2024-08-24 02:12:27,Medium,False,Excellent
1770,170,4,8,392,344,3782,0.001727,4,2024-07-08 19:20:51,Simple,True,Good
1771,461,4,2,1117,1256,835,0.005862,4,2024-02-10 05:15:01,Medium,True,Good
1772,106,2,2,238,287,4756,0.002171,3,2024-12-01 03:01:10,Simple,True,Good
1773,235,2,7,3622,4000,813,0.032884,3,2024-11-24 11:30:35,Complex,True,Good
1774,360,1,4,777,914,2130,0.008611,4,2024-07-08 19:04:23,Medium,False,Excellent
1775,251,1,8,887,760,1274,0.008015,4,2024-11-29 08:00:51,Medium,True,Excellent
1776,481,2,1,500,827,1951,0.007016,4,2024-07-20 06:18:27,Medium,True,Excellent
1777,130,4,1,251,305,1924,0.001616,5,2024-04-29 00:52:05,Simple,False,Good
1778,403,3,1,1204,1090,2530,0.007292,4,2024-04-20 08:38:07,Medium,True,Good
1779,242,1,2,629,740,1869,0.00746,4,2024-08-19 21:47:32,Medium,False,Excellent
1780,402,3,2,2787,3515,1931,0.023444,5,2024-10-02 18:13:53,Complex,False,Good
1781,327,1,6,271,277,7061,0.002626,1,2024-01-25 05:49:00,Simple,False,Fair
1782,456,1,2,744,973,1295,0.009934,5,2024-08-25 04:44:30,Medium,True,Excellent
1783,28,3,3,666,628,644,0.004834,3,2024-01-06 09:30:41,Medium,True,Good
1784,237,1,8,385,618,2324,0.005578,4,2024-08-08 10:35:12,Medium,True,Excellent
1785,421,4,3,1234,1114,2116,0.005817,1,2024-06-30 03:40:14,Medium,True,Fair
1786,383,1,1,1049,989,5921,0.009392,3,2024-12-13 19:50:21,Medium,True,Good
1787,78,1,3,441,557,977,0.005667,4,2024-03-31 07:11:43,Medium,True,Excellent
1788,280,4,5,851,777,2382,0.004188,4,2024-07-30 12:10:40,Medium,False,Good
1789,302,2,5,592,632,1853,0.004598,5,2024-10-05 08:17:55,Medium,True,Excellent
1790,369,4,3,418,375,3126,0.001772,3,2024-11-16 19:02:56,Simple,True,Good
1791,495,3,9,928,963,876,0.007042,5,2024-10-10 08:07:27,Medium,True,Good
1792,383,1,7,788,764,1939,0.007455,4,2024-08-24 21:00:04,Medium,True,Excellent
1793,90,2,7,351,346,2709,0.002609,3,2024-02-14 13:23:33,Simple,True,Good
1794,175,2,6,2951,2548,5681,0.022083,2,2024-04-20 08:04:52,Complex,False,Fair
1795,90,4,1,628,555,1845,0.002732,4,2024-02-23 21:54:34,Medium,True,Good
1796,150,3,9,3877,3237,2051,0.02452,4,2024-03-06 17:45:14,Complex,True,Good
1797,493,4,1,319,455,1250,0.002231,4,2024-10-31 14:21:38,Simple,True,Good
1798,395,1,2,252,395,3372,0.003865,5,2024-03-25 21:45:16,Simple,False,Excellent
1799,447,2,4,632,629,1029,0.004855,5,2024-06-23 03:34:26,Medium,True,Excellent
1800,201,1,1,475,646,2124,0.00591,3,2024-11-01 06:37:51,Medium,False,Good
1801,403,4,1,1571,2028,821,0.010406,3,2024-06-18 15:54:16,Complex,True,Good
1802,37,3,2,2044,1782,7698,0.013112,3,2024-04-23 06:38:14,Medium,True,Good
1803,73,4,2,345,452,2072,0.002395,4,2024-07-01 19:51:06,Simple,True,Good
1804,363,1,4,1195,1107,915,0.011304,2,2024-08-24 04:25:26,Medium,True,Fair
1805,390,4,6,871,873,1180,0.004014,5,2024-09-24 13:48:49,Medium,True,Good
1806,323,4,1,1230,1407,1328,0.00735,2,2024-05-01 23:07:34,Medium,True,Fair
1807,68,2,2,1360,1174,1537,0.008463,5,2024-08-07 22:59:29,Medium,True,Excellent
1808,187,4,1,262,363,1303,0.001655,5,2024-08-18 08:47:54,Simple,False,Good
1809,184,1,7,699,619,1713,0.006462,5,2024-12-10 06:42:38,Medium,True,Excellent
1810,228,1,2,94,83,6925,0.00081,5,2024-11-26 01:53:29,Simple,True,Excellent
1811,107,1,2,427,569,1834,0.005317,2,2024-10-29 06:07:14,Medium,True,Fair
1812,382,4,7,1078,1448,5517,0.007536,5,2024-11-28 03:10:16,Medium,True,Good
1813,194,4,1,616,1001,1361,0.004535,3,2024-08-25 05:55:59,Medium,True,Good
1814,268,2,2,460,680,2530,0.004962,3,2024-06-21 08:03:12,Medium,True,Good
1815,178,4,2,494,740,2395,0.004045,4,2024-03-12 22:38:02,Medium,True,Good
1816,91,3,6,1934,1648,1961,0.012464,5,2024-12-27 01:40:42,Medium,False,Good
1817,385,3,7,725,857,1132,0.005495,4,2024-02-06 18:24:08,Medium,True,Good
1818,9,1,2,807,1256,1190,0.011486,5,2024-12-30 09:11:16,Medium,True,Excellent
1819,103,1,1,1340,1206,500,0.012439,4,2024-08-18 00:36:58,Medium,False,Excellent
1820,333,2,6,672,986,2890,0.008606,3,2024-02-10 10:11:35,Medium,True,Good
1821,113,1,5,887,778,603,0.008456,1,2024-04-22 08:34:33,Medium,True,Fair
1822,320,4,7,439,608,1772,0.002835,3,2024-07-14 18:31:36,Medium,True,Good
1823,111,1,1,491,640,1431,0.00627,4,2024-06-09 00:33:27,Medium,True,Excellent
1824,332,2,2,1800,1538,1258,0.011886,5,2024-06-15 23:35:56,Medium,False,Excellent
1825,492,4,7,1123,1299,3244,0.006247,5,2024-07-27 07:05:48,Medium,True,Good
1826,386,3,6,498,488,3713,0.003632,3,2024-06-11 13:25:52,Simple,False,Good
1827,411,4,3,323,471,5239,0.002365,2,2024-04-13 19:12:40,Simple,True,Fair
1828,172,1,2,1269,1063,2111,0.009944,4,2024-10-18 09:15:41,Medium,False,Excellent
1829,421,3,2,260,384,2198,0.0028,5,2024-03-21 04:55:58,Simple,True,Good
1830,11,1,4,455,462,2395,0.004263,2,2024-11-11 02:41:30,Simple,True,Fair
1831,302,5,9,585,560,1593,0.001583,5,2024-11-15 18:18:11,Medium,True,Good
1832,348,4,1,4567,4000,1632,0.019245,5,2024-12-24 14:28:59,Complex,False,Good
1833,198,1,2,1029,1108,2105,0.011697,5,2024-05-10 12:15:07,Medium,True,Excellent
1834,454,4,1,1535,1677,2791,0.008159,4,2024-10-21 13:06:59,Medium,True,Good
1835,69,3,6,612,981,3859,0.00637,4,2024-04-14 13:05:11,Medium,True,Good
1836,276,1,3,614,530,1636,0.005103,4,2024-10-05 22:11:10,Medium,True,Excellent
1837,488,1,1,567,481,5530,0.005179,4,2024-10-11 20:37:33,Simple,True,Excellent
1838,5,4,1,844,835,2698,0.004232,5,2024-06-16 16:58:25,Medium,True,Good
1839,446,1,3,1144,1295,1553,0.013627,4,2024-01-17 21:11:37,Medium,False,Excellent
1840,123,1,2,799,719,617,0.006531,2,2024-04-28 03:04:18,Medium,False,Fair
1841,412,4,6,1607,1439,713,0.006545,3,2024-07-02 08:06:51,Medium,False,Good
1842,333,4,6,292,365,1162,0.001937,5,2024-01-31 16:55:41,Simple,True,Good
1843,116,3,1,603,582,5252,0.004465,4,2024-09-10 07:51:31,Medium,True,Good
1844,352,3,2,563,535,2438,0.004091,4,2024-08-07 12:45:06,Medium,True,Good
1845,482,5,6,462,603,2736,0.001829,4,2024-07-19 21:36:23,Medium,False,Good
1846,408,4,7,2915,2763,850,0.012468,4,2024-01-20 05:09:02,Complex,False,Good
1847,186,4,9,780,920,1755,0.004467,5,2024-10-28 16:52:08,Medium,False,Good
1848,190,1,8,820,808,3657,0.007576,2,2024-11-18 01:58:16,Medium,True,Fair
1849,114,1,4,1113,959,2483,0.008936,3,2024-11-28 12:30:59,Medium,True,Good
1850,368,1,6,673,691,4599,0.006485,3,2024-04-21 17:58:06,Medium,True,Good
1851,364,1,6,350,567,3028,0.006122,3,2024-10-02 15:50:37,Medium,True,Good
1852,293,5,2,1166,1915,1282,0.005443,3,2024-10-26 18:26:06,Medium,False,Good
1853,430,2,5,307,333,673,0.002494,4,2024-12-21 04:05:00,Simple,True,Excellent
1854,98,5,2,963,866,1675,0.002363,4,2024-10-20 07:35:54,Medium,True,Good
1855,198,4,6,3524,3388,1761,0.01862,3,2024-05-06 00:49:24,Complex,True,Good
1856,213,4,2,3125,4000,1064,0.021129,2,2024-04-17 14:29:39,Complex,True,Fair
1857,435,4,1,369,422,1480,0.002284,3,2024-09-13 05:52:57,Simple,True,Good
1858,126,4,1,305,388,3314,0.001749,4,2024-08-26 22:21:40,Simple,False,Good
1859,395,3,6,327,390,1081,0.002578,3,2024-11-15 15:36:59,Simple,True,Good
1860,472,4,9,432,621,500,0.003154,4,2024-03-08 15:29:04,Medium,True,Good
1861,440,3,9,959,1407,3555,0.008985,2,2024-12-04 19:10:12,Medium,False,Fair
1862,415,4,1,1130,1297,704,0.006185,5,2024-01-13 11:41:56,Medium,True,Good
1863,328,1,6,557,479,2120,0.004839,5,2024-08-25 07:14:07,Simple,True,Excellent
1864,415,4,1,1257,1109,1732,0.005219,4,2024-06-09 12:38:52,Medium,True,Good
1865,301,1,5,1348,1298,577,0.012988,4,2024-02-19 02:16:33,Medium,True,Excellent
1866,350,5,6,1091,1369,1873,0.004319,3,2024-11-16 13:17:45,Medium,True,Good
1867,236,4,1,1709,1711,1911,0.007845,1,2024-07-02 02:32:33,Medium,True,Fair
1868,225,4,1,580,938,2852,0.004958,5,2024-07-20 02:39:31,Medium,True,Good
1869,490,4,7,781,926,2307,0.004321,2,2024-11-14 08:42:01,Medium,True,Fair
1870,344,4,6,935,1287,1606,0.006551,5,2024-10-22 00:50:06,Medium,True,Good
1871,424,1,1,583,751,4565,0.007839,4,2024-01-08 05:09:05,Medium,True,Excellent
1872,32,1,1,394,427,3325,0.0044,2,2024-12-01 00:02:19,Simple,False,Fair
1873,302,4,3,1306,1128,703,0.00537,4,2024-07-09 11:23:13,Medium,True,Good
1874,62,1,6,386,483,1630,0.004374,3,2024-03-24 04:25:36,Simple,True,Good
1875,258,2,1,2633,2873,1602,0.024579,3,2024-09-03 13:35:08,Complex,False,Good
1876,11,1,6,893,776,4914,0.007795,3,2024-05-12 12:40:27,Medium,False,Good
1877,73,3,2,689,904,2803,0.006595,4,2024-01-08 01:53:56,Medium,True,Good
1878,175,5,3,192,238,2327,0.000676,2,2024-11-07 06:06:37,Simple,True,Fair
1879,256,4,4,786,1051,2394,0.005318,4,2024-08-01 00:16:18,Medium,True,Good
1880,253,4,1,720,665,2405,0.00331,3,2024-05-31 07:00:58,Medium,True,Good
1881,27,1,1,506,511,2434,0.004885,4,2024-02-01 18:39:17,Medium,True,Excellent
1882,83,5,1,244,242,6356,0.000685,5,2024-04-24 13:45:13,Simple,False,Good
1883,430,2,8,2066,2088,3222,0.018028,2,2024-12-06 17:08:11,Complex,False,Fair
1884,48,4,9,2639,2264,1852,0.0115,4,2024-06-01 15:39:28,Complex,False,Good
1885,267,1,2,496,544,2350,0.00517,5,2024-07-19 03:36:03,Medium,True,Excellent
1886,385,4,4,1983,1852,1294,0.009051,4,2024-04-28 05:34:57,Medium,True,Good
1887,17,4,2,483,445,3417,0.002035,5,2024-10-05 09:38:25,Simple,True,Good
1888,102,4,2,3476,4000,2991,0.021546,4,2024-08-03 04:10:53,Complex,False,Good
1889,133,1,2,866,724,5004,0.007012,4,2024-01-17 05:00:00,Medium,True,Excellent
1890,264,1,1,635,837,500,0.008211,5,2024-05-26 18:58:42,Medium,True,Excellent
1891,118,1,2,803,886,12000,0.009288,1,2024-04-02 23:57:34,Medium,False,Fair
1892,360,4,8,348,505,5682,0.002557,4,2024-09-10 04:11:09,Medium,False,Good
1893,81,5,6,2797,2819,1487,0.008799,2,2024-03-04 21:55:28,Complex,False,Fair
1894,297,2,1,452,522,1306,0.003943,2,2024-07-05 15:08:49,Medium,True,Fair
1895,98,3,1,1257,1263,2735,0.008568,2,2024-12-11 17:59:55,Medium,True,Fair
1896,251,1,8,270,317,2838,0.003234,3,2024-04-04 11:41:21,Simple,True,Good
1897,293,4,2,636,876,1163,0.004237,5,2024-09-22 22:26:34,Medium,True,Good
1898,118,2,2,447,414,788,0.003398,4,2024-03-25 18:28:18,Simple,True,Excellent
1899,281,4,8,2599,3454,1589,0.018312,5,2024-11-22 11:14:30,Complex,True,Good
1900,279,4,2,402,373,1346,0.001849,4,2024-01-15 21:28:31,Simple,True,Good
1901,1,3,1,314,373,1858,0.002373,3,2024-06-07 08:36:28,Simple,True,Good
1902,63,4,2,1053,1054,2901,0.004918,5,2024-03-25 22:55:03,Medium,True,Good
1903,100,4,9,870,1123,1024,0.006111,5,2024-11-05 06:20:32,Medium,False,Good
1904,361,4,1,690,845,1045,0.004404,2,2024-04-19 06:32:26,Medium,True,Fair
1905,418,3,5,825,1078,2778,0.007874,3,2024-01-25 03:33:24,Medium,True,Good
1906,108,4,1,3618,3026,1964,0.015399,3,2024-06-27 00:28:37,Complex,False,Good
1907,437,1,1,1668,1487,2253,0.013923,5,2024-04-11 18:42:05,Medium,True,Excellent
1908,308,3,1,576,601,5727,0.004165,4,2024-09-26 11:06:58,Medium,True,Good
1909,483,4,1,732,803,1169,0.003957,5,2024-01-10 19:54:03,Medium,True,Good
1910,389,2,6,516,469,521,0.00411,4,2024-01-28 03:35:34,Simple,True,Excellent
1911,414,2,1,1189,1004,3244,0.007258,5,2024-07-22 10:07:54,Medium,True,Excellent
1912,326,4,2,914,1233,702,0.005957,4,2024-02-27 18:42:52,Medium,False,Good
1913,146,1,6,2919,2892,2486,0.027439,3,2024-09-15 10:20:14,Complex,True,Good
1914,347,4,8,438,637,4532,0.003129,5,2024-09-27 14:33:52,Medium,True,Good
1915,178,1,2,262,301,3841,0.00271,3,2024-05-09 07:01:38,Simple,False,Good
1916,345,1,1,389,594,697,0.005925,4,2024-01-13 20:42:21,Medium,True,Excellent
1917,446,1,8,854,932,3875,0.010082,5,2024-04-24 11:14:46,Medium,True,Excellent
1918,72,4,3,1350,1472,1459,0.006983,4,2024-08-24 22:32:21,Medium,True,Good
1919,306,1,2,437,373,2428,0.003981,5,2024-05-10 20:51:13,Simple,True,Excellent
1920,269,1,7,1632,1529,4442,0.015201,3,2024-07-17 01:33:03,Medium,True,Good
1921,38,1,4,2047,1879,2548,0.018197,3,2024-03-22 15:06:08,Medium,False,Good
1922,203,4,7,1390,2191,1121,0.011966,1,2024-02-08 04:09:38,Complex,True,Fair
1923,404,1,2,626,769,1212,0.007144,3,2024-04-18 03:05:28,Medium,False,Good
1924,406,4,3,765,1017,2737,0.005197,4,2024-07-18 21:19:44,Medium,True,Good
1925,205,4,7,1427,1754,2262,0.008426,3,2024-10-21 13:51:49,Medium,True,Good
1926,339,1,5,402,608,816,0.005528,3,2024-06-25 21:24:35,Medium,True,Good
1927,210,5,1,250,354,1929,0.001154,5,2024-09-21 09:04:03,Simple,True,Good
1928,198,4,1,592,579,2394,0.002608,3,2024-11-09 02:29:05,Medium,True,Good
1929,98,1,3,694,789,965,0.007677,5,2024-09-22 21:45:19,Medium,True,Excellent
1930,62,3,1,565,844,1535,0.005964,5,2024-06-25 11:47:51,Medium,True,Good
1931,93,5,8,635,817,3909,0.002208,5,2024-11-04 16:05:49,Medium,True,Good
1932,97,4,2,1220,1199,702,0.005877,3,2024-01-30 02:46:10,Medium,True,Good
1933,24,3,2,280,435,1106,0.003272,2,2024-08-02 22:38:53,Simple,True,Fair
1934,74,5,2,3556,4000,1727,0.012791,5,2024-06-25 11:53:30,Complex,True,Good
1935,5,1,6,512,512,648,0.005516,2,2024-11-17 01:02:26,Medium,True,Fair
1936,392,1,4,95,117,4425,0.001282,2,2024-08-14 01:07:19,Simple,False,Fair
1937,187,4,3,1677,1561,1808,0.007028,4,2024-11-30 13:08:51,Medium,False,Good
1938,342,1,1,767,1214,1186,0.011471,5,2024-01-29 00:51:27,Medium,True,Excellent
1939,113,2,4,1143,1195,833,0.00994,3,2024-05-17 23:59:16,Medium,True,Good
1940,184,3,4,601,563,5016,0.003929,5,2024-06-29 06:11:13,Medium,True,Good
1941,34,1,2,191,294,2441,0.002948,3,2024-10-14 08:30:38,Simple,True,Good
1942,334,4,2,459,692,530,0.003213,5,2024-02-05 11:39:09,Medium,True,Good
1943,7,2,2,1584,2083,1595,0.015499,5,2024-09-15 18:54:53,Complex,True,Excellent
1944,163,1,6,461,645,1053,0.006842,3,2024-03-03 13:27:57,Medium,False,Good
1945,110,2,1,448,452,1145,0.00374,1,2024-06-17 17:57:33,Simple,True,Fair
1946,466,3,9,1490,1438,891,0.010232,5,2024-03-28 02:53:11,Medium,False,Good
1947,322,4,1,263,379,1238,0.002079,4,2024-06-02 04:27:04,Simple,False,Good
1948,128,1,6,1366,1782,1227,0.019492,4,2024-05-30 15:21:48,Medium,True,Excellent
1949,154,1,3,668,574,7439,0.005925,4,2024-03-16 15:18:41,Medium,True,Excellent
1950,399,5,1,527,604,1248,0.0017,5,2024-07-29 10:52:29,Medium,True,Good
1951,295,5,3,564,616,2378,0.00185,5,2024-12-22 04:11:13,Medium,True,Good
1952,281,4,4,809,716,1349,0.003474,5,2024-09-11 00:08:39,Medium,False,Good
1953,287,1,1,380,614,3133,0.005748,2,2024-12-15 14:41:36,Medium,False,Fair
1954,145,3,1,2213,1996,1250,0.013355,5,2024-11-19 03:47:48,Medium,True,Good
1955,26,3,1,840,1316,1844,0.009267,4,2024-09-24 10:09:18,Medium,False,Good
1956,333,1,6,1770,1732,1415,0.016649,5,2024-09-03 16:06:58,Medium,True,Excellent
1957,289,4,1,476,792,3349,0.003848,5,2024-07-24 00:12:01,Medium,True,Good
1958,377,1,3,1635,1541,1262,0.016775,4,2024-04-20 13:40:09,Medium,True,Excellent
1959,211,3,1,348,553,1744,0.003506,5,2024-01-23 21:12:42,Medium,False,Good
1960,433,4,2,1655,1446,1299,0.007484,4,2024-05-01 09:41:00,Medium,True,Good
1961,107,4,2,648,821,1396,0.004053,2,2024-02-01 21:16:32,Medium,True,Fair
1962,181,2,6,577,509,906,0.003925,3,2024-12-17 01:51:26,Medium,True,Good
1963,206,1,1,920,1352,1070,0.013413,2,2024-04-18 08:27:58,Medium,False,Fair
1964,74,2,1,1480,1297,576,0.010756,4,2024-07-10 16:11:31,Medium,True,Excellent
1965,28,4,5,736,1007,820,0.005449,5,2024-08-23 05:02:46,Medium,False,Good
1966,229,5,1,1084,1035,3701,0.002919,4,2024-06-22 14:01:04,Medium,True,Good
1967,151,4,2,861,1289,1756,0.006181,2,2024-12-29 14:31:36,Medium,True,Fair
1968,414,3,1,550,520,1253,0.003896,3,2024-10-11 06:18:30,Medium,False,Good
1969,458,5,1,773,1106,6148,0.003087,3,2024-12-23 08:51:50,Medium,True,Good
1970,205,2,5,650,758,1369,0.006431,4,2024-03-06 20:39:50,Medium,True,Excellent
1971,416,1,4,1353,1402,1755,0.012946,4,2024-09-09 23:25:23,Medium,True,Excellent
1972,234,1,6,771,1023,818,0.009837,4,2024-01-07 20:33:45,Medium,True,Excellent
1973,342,1,3,438,618,1463,0.005707,4,2024-07-29 15:49:37,Medium,True,Excellent
1974,364,4,1,778,811,5113,0.003957,3,2024-04-29 04:11:51,Medium,True,Good
1975,197,4,1,857,734,940,0.003981,5,2024-04-21 20:27:04,Medium,True,Good
1976,53,5,1,4431,4000,1658,0.010952,4,2024-06-13 01:29:14,Complex,True,Good
1977,55,2,3,765,805,1813,0.006829,4,2024-09-17 18:29:16,Medium,True,Excellent
1978,412,5,2,295,355,2203,0.001057,2,2024-11-24 11:15:35,Simple,True,Fair
1979,277,2,2,4064,4000,1551,0.033841,4,2024-11-22 13:17:32,Complex,True,Excellent
1980,174,1,1,276,263,2381,0.002721,3,2024-03-06 19:47:26,Simple,False,Good
1981,379,1,3,613,589,7607,0.005853,1,2024-11-27 09:55:36,Medium,True,Fair
1982,39,5,7,706,1125,1800,0.003271,5,2024-10-01 10:52:14,Medium,True,Good
1983,212,1,2,397,602,962,0.005923,5,2024-06-23 17:45:03,Medium,True,Excellent
1984,113,5,6,1035,1064,1247,0.003339,5,2024-08-27 13:27:55,Medium,True,Good
1985,282,4,1,759,679,10608,0.003115,5,2024-06-23 05:03:36,Medium,True,Good
1986,199,2,5,485,501,1411,0.00364,4,2024-07-22 15:45:55,Medium,True,Excellent
1987,354,4,2,1527,1350,3740,0.006351,5,2024-06-05 04:42:43,Medium,False,Good
1988,371,4,2,863,836,2596,0.003806,4,2024-02-11 18:38:10,Medium,False,Good
1989,417,1,2,1953,1649,1932,0.01724,5,2024-11-06 22:25:59,Medium,True,Excellent
1990,50,3,2,475,478,1366,0.003628,4,2024-01-12 14:13:06,Simple,True,Good
1991,211,1,6,2552,2486,848,0.024531,4,2024-10-03 09:34:48,Complex,True,Excellent
1992,487,4,2,487,414,1254,0.002167,3,2024-04-12 12:23:30,Simple,True,Good
1993,250,1,3,814,752,2504,0.00705,4,2024-12-03 12:59:38,Medium,True,Excellent
1994,187,3,7,1047,912,1394,0.006292,4,2024-12-20 21:42:59,Medium,True,Good
1995,454,4,1,1374,1305,6355,0.005917,3,2024-09-11 04:39:31,Medium,True,Good
1996,193,4,2,882,1447,2036,0.007361,4,2024-11-23 15:24:54,Medium,True,Good
1997,23,4,6,467,432,1833,0.002228,5,2024-06-05 10:04:48,Simple,True,Good
1998,448,3,7,467,507,2302,0.00367,4,2024-09-01 04:40:54,Medium,False,Good
1999,45,1,1,914,1261,1138,0.013609,3,2024-10-12 11:37:39,Medium,False,Good
2000,315,3,9,1665,2068,2017,0.014821,3,2024-02-12 08:07:25,Complex,True,Good
2001,73,1,1,744,836,2333,0.008242,3,2024-10-07 14:59:20,Medium,False,Good
2002,211,1,6,198,189,1750,0.00172,4,2024-07-01 05:17:20,Simple,True,Excellent
2003,406,3,1,2399,2262,2421,0.015258,4,2024-01-24 03:29:33,Complex,True,Good
2004,252,2,6,1427,1437,2389,0.011058,3,2024-02-24 09:56:16,Medium,True,Good
2005,206,1,3,954,1057,4137,0.010489,4,2024-09-01 00:24:19,Medium,True,Excellent
2006,485,5,3,309,470,500,0.001368,4,2024-12-17 21:10:24,Simple,True,Good
2007,300,4,2,2057,2759,1641,0.012452,5,2024-10-26 02:13:05,Complex,True,Good
2008,476,4,2,355,375,2121,0.001787,5,2024-08-07 15:11:00,Simple,False,Good
2009,121,4,2,85,140,2206,0.000733,4,2024-08-01 09:34:11,Simple,True,Good
2010,152,5,3,527,557,1464,0.001518,3,2024-12-17 18:28:17,Medium,False,Good
2011,290,5,9,342,560,809,0.001809,5,2024-01-09 20:45:49,Medium,True,Good
2012,218,1,8,898,764,1751,0.007765,1,2024-11-26 09:50:37,Medium,True,Fair
2013,138,5,1,999,1097,1430,0.003512,4,2024-06-11 22:00:02,Medium,True,Good
2014,148,1,8,665,841,1842,0.008222,5,2024-01-09 03:07:57,Medium,True,Excellent
2015,208,1,8,741,755,1306,0.007628,3,2024-09-08 21:26:16,Medium,True,Good
2016,222,1,1,469,765,3165,0.007686,3,2024-11-05 06:59:46,Medium,True,Good
2017,43,1,3,850,1084,993,0.010421,4,2024-06-13 13:52:07,Medium,True,Excellent
2018,114,4,6,1596,1794,1497,0.009052,4,2024-05-11 23:31:33,Medium,False,Good
2019,396,5,2,1463,1525,2246,0.004523,4,2024-03-18 10:40:49,Medium,True,Good
2020,153,2,3,916,1174,2170,0.009404,4,2024-11-19 02:57:12,Medium,True,Excellent
2021,310,3,1,2366,2086,1746,0.013206,5,2024-09-15 15:21:03,Complex,True,Good
2022,166,4,1,598,771,500,0.003985,5,2024-01-26 07:12:24,Medium,True,Good
2023,469,1,1,1225,1222,1321,0.01216,5,2024-03-30 02:13:37,Medium,True,Excellent
2024,340,2,1,729,665,1583,0.005165,4,2024-02-10 08:21:56,Medium,True,Excellent
2025,353,1,1,1394,1768,2225,0.018519,2,2024-09-12 08:33:12,Medium,True,Fair
2026,77,4,8,494,502,807,0.002441,4,2024-08-19 23:32:58,Medium,True,Good
2027,44,1,6,732,636,2284,0.006261,3,2024-01-13 09:56:32,Medium,True,Good
2028,438,1,8,919,1280,2101,0.013119,4,2024-09-24 11:04:39,Medium,True,Excellent
2029,29,1,2,722,828,4576,0.008268,4,2024-02-27 16:52:55,Medium,True,Excellent
2030,412,1,1,436,601,1207,0.005972,4,2024-02-12 15:00:11,Medium,True,Excellent
2031,457,4,9,397,427,3488,0.002073,1,2024-12-21 21:49:20,Simple,True,Fair
2032,254,4,2,1116,987,1711,0.004985,4,2024-01-20 04:10:44,Medium,False,Good
2033,379,1,2,552,596,504,0.006175,3,2024-03-11 20:29:28,Medium,True,Good
2034,361,1,2,2029,2703,865,0.027938,3,2024-11-13 06:58:09,Complex,True,Good
2035,33,1,1,1492,1265,2937,0.01259,3,2024-10-01 00:16:45,Medium,True,Good
2036,431,4,3,936,984,1910,0.00512,3,2024-11-05 15:02:04,Medium,True,Good
2037,365,1,1,394,533,1301,0.005377,4,2024-12-03 13:27:47,Medium,True,Excellent
2038,261,2,9,475,563,1450,0.004654,5,2024-06-08 19:52:09,Medium,True,Excellent
2039,494,1,1,390,601,922,0.006568,4,2024-10-13 18:13:11,Medium,False,Excellent
2040,471,1,4,1781,1765,996,0.018391,2,2024-02-17 13:24:33,Medium,True,Fair
2041,467,1,2,628,580,962,0.006027,3,2024-04-15 18:01:47,Medium,True,Good
2042,169,1,6,1357,1178,687,0.01182,5,2024-11-20 00:41:26,Medium,True,Excellent
2043,293,1,1,349,385,3760,0.003938,4,2024-06-25 05:06:12,Simple,False,Excellent
2044,298,4,9,384,379,1377,0.002,5,2024-11-11 02:50:05,Simple,False,Good
2045,396,4,6,1346,1793,764,0.009221,3,2024-02-04 09:40:23,Medium,True,Good
2046,160,1,7,1320,1232,3521,0.012529,3,2024-03-22 11:02:12,Medium,True,Good
2047,456,4,2,1050,1177,2906,0.006428,4,2024-02-09 13:52:11,Medium,True,Good
2048,439,1,6,718,795,1032,0.007762,2,2024-11-05 13:41:06,Medium,True,Fair
2049,294,2,4,1015,1063,1459,0.00905,4,2024-04-21 09:19:08,Medium,True,Excellent
2050,374,2,9,1043,876,1312,0.006701,5,2024-07-16 16:17:28,Medium,True,Excellent
2051,306,2,2,795,863,2117,0.007283,5,2024-06-04 01:30:51,Medium,True,Excellent
2052,490,1,1,1035,928,1857,0.009803,5,2024-09-22 02:39:31,Medium,True,Excellent
2053,332,1,1,562,817,944,0.008445,5,2024-12-25 01:43:36,Medium,True,Excellent
2054,485,1,3,2616,2386,832,0.024736,5,2024-10-22 23:39:11,Complex,True,Excellent
2055,237,1,4,1125,1124,1874,0.010885,4,2024-07-02 02:45:59,Medium,True,Excellent
2056,462,1,3,428,452,4669,0.004318,5,2024-03-09 09:42:53,Simple,True,Excellent
2057,461,4,2,1303,1176,1950,0.005634,2,2024-06-08 20:16:36,Medium,True,Fair
2058,443,4,5,345,357,2053,0.001744,1,2024-11-16 02:50:35,Simple,True,Fair
2059,145,4,7,1968,1798,1868,0.009721,3,2024-02-26 13:13:07,Medium,False,Good
2060,191,4,5,854,719,1308,0.003261,5,2024-08-16 12:35:58,Medium,True,Good
2061,306,3,1,1722,1442,1605,0.011058,4,2024-10-03 11:28:45,Medium,True,Good
2062,247,1,4,907,1036,1061,0.009329,5,2024-09-23 00:08:46,Medium,True,Excellent
2063,443,2,9,209,201,974,0.001671,5,2024-06-07 17:23:36,Simple,True,Excellent
2064,396,4,3,2370,2358,2738,0.011112,5,2024-11-04 19:30:15,Complex,True,Good
2065,326,4,1,1012,919,3209,0.004713,5,2024-08-28 13:20:11,Medium,True,Good
2066,400,4,6,675,822,3118,0.00383,4,2024-12-22 01:37:39,Medium,True,Good
2067,237,5,5,172,180,881,0.000523,4,2024-06-13 21:28:50,Simple,True,Good
2068,476,4,9,914,798,828,0.003712,3,2024-11-30 05:46:58,Medium,True,Good
2069,17,3,2,807,827,2188,0.005272,4,2024-07-17 06:49:52,Medium,True,Good
2070,432,4,2,1357,1284,1901,0.005871,4,2024-07-08 06:24:28,Medium,True,Good
2071,366,3,2,770,1254,5832,0.008247,4,2024-04-04 21:33:15,Medium,True,Good
2072,55,4,1,511,507,2027,0.002392,4,2024-05-15 20:43:26,Medium,False,Good
2073,419,1,5,1594,1378,1663,0.015031,3,2024-09-07 06:53:18,Medium,True,Good
2074,237,5,5,1723,2612,902,0.008549,3,2024-07-11 04:30:06,Complex,False,Good
2075,475,4,6,429,688,1599,0.003244,5,2024-01-06 15:50:43,Medium,True,Good
2076,433,4,1,1724,1582,3872,0.007227,2,2024-09-17 07:30:45,Medium,True,Fair
2077,376,3,1,2150,1865,1454,0.013142,4,2024-11-08 11:27:49,Medium,True,Good
2078,74,4,1,4462,4000,2409,0.020271,3,2024-09-09 02:15:48,Complex,False,Good
2079,332,2,1,598,506,1006,0.004301,4,2024-03-13 00:59:54,Medium,True,Excellent
2080,404,4,1,583,617,3717,0.002795,5,2024-06-13 02:30:42,Medium,False,Good
2081,180,5,9,668,641,2294,0.00176,2,2024-02-18 05:40:27,Medium,True,Fair
2082,65,5,9,484,581,1767,0.00172,5,2024-08-15 22:06:12,Medium,True,Good
2083,413,4,2,451,749,3942,0.004006,5,2024-06-28 02:00:33,Medium,True,Good
2084,73,1,2,451,382,1252,0.004075,4,2024-03-04 13:13:36,Simple,True,Excellent
2085,250,4,1,1106,1043,1967,0.00478,2,2024-01-29 08:45:54,Medium,True,Fair
2086,371,4,1,753,658,4426,0.002965,4,2024-12-03 14:27:09,Medium,True,Good
2087,31,3,1,697,724,500,0.005413,4,2024-03-15 08:11:31,Medium,True,Good
2088,493,1,2,520,727,662,0.007605,5,2024-01-28 01:02:37,Medium,True,Excellent
2089,260,2,3,1196,1144,1373,0.008838,4,2024-10-14 08:19:39,Medium,True,Excellent
2090,259,1,6,3249,3121,1126,0.031208,5,2024-08-26 00:11:59,Complex,True,Excellent
2091,223,2,2,844,865,1056,0.006411,5,2024-03-17 10:38:24,Medium,True,Excellent
2092,173,1,1,1411,2228,924,0.02422,4,2024-09-06 16:42:39,Complex,True,Excellent
2093,216,1,9,482,455,4233,0.004298,4,2024-05-23 20:52:47,Simple,True,Excellent
2094,125,1,2,727,672,4751,0.006822,5,2024-12-21 04:39:47,Medium,True,Excellent
2095,215,4,2,764,1263,2759,0.00585,4,2024-09-18 20:42:27,Medium,True,Good
2096,450,3,2,276,302,2817,0.00226,5,2024-09-19 02:35:31,Simple,True,Good
2097,171,1,5,860,935,2428,0.008894,3,2024-08-20 14:20:38,Medium,True,Good
2098,180,3,7,289,311,973,0.002308,5,2024-06-27 05:15:35,Simple,False,Good
2099,97,4,1,235,298,3518,0.00146,3,2024-09-30 21:34:48,Simple,True,Good
2100,252,2,2,786,964,1485,0.007831,2,2024-08-01 18:42:07,Medium,True,Fair
2101,182,1,3,652,570,1287,0.00584,4,2024-02-01 15:21:20,Medium,True,Excellent
2102,483,4,6,92,147,870,0.000734,4,2024-11-05 18:54:20,Simple,True,Good
2103,64,2,2,623,1032,943,0.008118,4,2024-12-26 10:25:25,Medium,True,Excellent
2104,38,1,4,1575,1782,866,0.018721,4,2024-07-06 11:05:53,Medium,False,Excellent
2105,401,1,1,138,200,1878,0.0021,4,2024-02-03 15:48:45,Simple,True,Excellent
2106,167,4,9,705,1089,2315,0.005898,2,2024-12-13 03:30:59,Medium,True,Fair
2107,103,4,4,226,360,971,0.001688,5,2024-12-23 18:32:01,Simple,True,Good
2108,265,1,7,773,784,1062,0.008118,3,2024-06-22 05:33:50,Medium,True,Good
2109,242,4,7,3269,4000,1905,0.020433,3,2024-03-12 04:08:48,Complex,True,Good
2110,318,5,6,1805,1507,1576,0.004437,4,2024-09-24 07:57:23,Medium,True,Good
2111,44,5,6,1778,1561,3273,0.005044,2,2024-02-11 10:16:43,Medium,True,Fair
2112,121,2,7,424,566,1007,0.004087,4,2024-10-28 02:09:45,Medium,True,Excellent
2113,166,5,2,299,488,4726,0.001333,5,2024-07-30 03:33:52,Simple,True,Good
2114,208,4,2,805,1128,969,0.005254,4,2024-09-16 04:52:45,Medium,False,Good
2115,241,1,2,277,381,1554,0.003447,4,2024-08-24 07:28:18,Simple,True,Excellent
2116,118,2,1,1699,1756,3861,0.015011,3,2024-12-30 18:55:40,Medium,True,Good
2117,339,4,7,591,607,4614,0.003288,3,2024-08-06 04:07:08,Medium,True,Good
2118,146,5,3,617,938,3409,0.00259,5,2024-11-08 21:38:54,Medium,True,Good
2119,117,4,2,505,681,2353,0.003133,4,2024-12-15 09:25:17,Medium,False,Good
2120,416,4,1,2222,2028,2618,0.010603,4,2024-05-21 20:13:50,Complex,True,Good
2121,459,1,1,639,838,1469,0.00852,4,2024-05-08 00:40:57,Medium,False,Excellent
2122,464,1,8,1698,2096,4187,0.021536,4,2024-02-05 10:29:04,Complex,True,Excellent
2123,398,4,2,2351,2347,914,0.01249,5,2024-11-19 18:09:59,Complex,False,Good
2124,234,4,6,940,855,909,0.004115,4,2024-05-07 09:05:07,Medium,True,Good
2125,275,3,6,418,378,1222,0.002672,5,2024-07-26 23:38:07,Simple,True,Good
2126,61,1,3,683,1035,500,0.010593,4,2024-05-23 10:42:47,Medium,True,Excellent
2127,65,4,6,492,672,2070,0.003034,3,2024-01-17 19:17:15,Medium,True,Good
2128,179,1,1,1834,1947,4306,0.019124,4,2024-02-01 11:12:42,Medium,True,Excellent
2129,232,1,1,447,378,2316,0.003423,4,2024-02-29 20:04:14,Simple,True,Excellent
2130,448,1,1,2779,3470,1378,0.03588,5,2024-01-11 21:45:13,Complex,False,Excellent
2131,218,2,5,482,434,2803,0.003298,5,2024-08-01 16:23:15,Simple,True,Excellent
2132,317,3,7,602,679,1521,0.004865,3,2024-07-15 13:33:54,Medium,True,Good
2133,78,1,7,2146,2769,1396,0.026819,3,2024-12-30 15:21:52,Complex,True,Good
2134,9,2,2,1159,1752,3116,0.014958,4,2024-06-04 13:35:00,Medium,True,Excellent
2135,463,4,6,739,786,1802,0.003928,5,2024-06-05 17:37:56,Medium,True,Good
2136,50,3,8,957,833,1432,0.005709,1,2024-06-11 12:45:38,Medium,True,Fair
2137,290,2,3,2396,2069,1762,0.017718,2,2024-06-02 14:38:49,Complex,True,Fair
2138,125,1,1,1723,1735,1892,0.016586,4,2024-01-22 10:18:32,Medium,True,Excellent
2139,265,4,7,284,368,929,0.001777,3,2024-03-13 15:47:46,Simple,True,Good
2140,218,1,6,1410,1324,1267,0.013449,4,2024-10-22 05:40:02,Medium,True,Excellent
2141,134,1,3,2229,1889,2082,0.019607,3,2024-11-08 20:23:43,Medium,True,Good
2142,66,3,1,1390,1165,1313,0.008874,1,2024-09-12 00:49:49,Medium,True,Fair
2143,228,4,1,631,528,2548,0.002599,1,2024-01-16 19:42:56,Medium,True,Fair
2144,477,3,7,455,487,3199,0.00349,2,2024-08-02 01:36:48,Simple,True,Fair
2145,100,5,6,381,538,1208,0.001724,3,2024-10-09 15:45:11,Medium,True,Good
2146,466,1,1,566,813,1838,0.007959,3,2024-06-25 18:35:46,Medium,False,Good
2147,440,4,8,524,574,4857,0.003099,4,2024-09-24 20:33:59,Medium,True,Good
2148,331,2,1,516,643,2161,0.005414,3,2024-04-27 11:25:39,Medium,True,Good
2149,25,4,4,656,600,892,0.003193,4,2024-10-04 11:03:20,Medium,True,Good
2150,432,1,3,424,403,1908,0.003952,4,2024-04-23 21:15:51,Simple,True,Excellent
2151,75,4,6,1092,1578,6235,0.008664,5,2024-03-01 04:01:58,Medium,True,Good
2152,476,3,9,221,308,1830,0.002004,2,2024-04-16 11:32:36,Simple,True,Fair
2153,191,3,7,1163,1459,1117,0.009599,5,2024-09-24 18:41:46,Medium,True,Good
2154,445,4,1,827,1336,1156,0.006725,4,2024-11-23 15:39:18,Medium,True,Good
2155,335,4,2,665,661,1764,0.003563,4,2024-11-18 04:30:53,Medium,False,Good
2156,137,4,1,1358,1668,1730,0.00904,1,2024-05-31 04:49:04,Medium,False,Fair
2157,109,3,2,1340,2027,821,0.01403,4,2024-10-05 04:34:29,Complex,True,Good
2158,341,2,2,588,856,6528,0.007495,5,2024-10-28 09:44:31,Medium,True,Excellent
2159,329,4,2,997,984,2931,0.005236,4,2024-07-01 12:05:51,Medium,True,Good
2160,103,4,8,1030,904,4530,0.004334,3,2024-06-20 10:23:38,Medium,True,Good
2161,76,1,6,404,447,2983,0.004724,5,2024-08-12 04:48:10,Simple,True,Excellent
2162,38,3,2,550,730,1648,0.005504,3,2024-04-26 07:15:50,Medium,True,Good
2163,86,5,6,692,647,1131,0.002029,5,2024-08-22 14:26:45,Medium,True,Good
2164,490,5,1,825,894,1795,0.002434,3,2024-12-20 22:59:50,Medium,False,Good
2165,458,1,1,1977,2287,2150,0.022126,4,2024-12-26 01:40:41,Complex,True,Excellent
2166,248,4,2,2352,3061,2893,0.015885,4,2024-03-14 07:31:36,Complex,True,Good
2167,230,4,3,723,661,979,0.003566,4,2024-03-05 03:52:56,Medium,True,Good
2168,52,2,6,1194,1625,1951,0.013983,3,2024-07-27 12:17:36,Medium,True,Good
2169,283,4,9,140,181,1592,0.000988,5,2024-11-20 18:44:48,Simple,True,Good
2170,358,2,1,1141,976,3578,0.00787,1,2024-01-07 18:17:06,Medium,True,Fair
2171,174,2,7,1324,1290,2507,0.009663,2,2024-01-01 02:27:27,Medium,True,Fair
2172,421,2,1,3255,3106,1097,0.023643,3,2024-12-02 06:07:30,Complex,True,Good
2173,167,3,3,806,864,854,0.006634,2,2024-02-03 22:28:51,Medium,True,Fair
2174,46,4,4,215,303,2152,0.001487,5,2024-06-22 09:40:22,Simple,True,Good
2175,449,3,5,558,693,2663,0.004796,3,2024-12-25 12:10:06,Medium,True,Good
2176,358,1,6,882,1358,1871,0.013386,2,2024-05-15 09:28:58,Medium,False,Fair
2177,436,2,6,392,559,10265,0.00404,5,2024-11-06 08:03:50,Medium,True,Excellent
2178,120,1,3,1228,1067,1852,0.010752,2,2024-01-16 04:27:11,Medium,True,Fair
2179,446,1,9,110,139,1281,0.0013,5,2024-09-23 07:46:48,Simple,True,Excellent
2180,17,1,6,414,656,1955,0.006028,3,2024-01-28 17:46:18,Medium,True,Good
2181,472,2,9,204,334,4054,0.002631,4,2024-08-05 09:45:24,Simple,True,Excellent
2182,21,2,2,414,435,1440,0.003574,3,2024-03-27 15:30:52,Simple,False,Good
2183,104,4,1,871,1141,2377,0.006097,4,2024-10-10 18:41:30,Medium,True,Good
2184,376,1,2,2806,3429,2515,0.03483,2,2024-07-24 15:38:56,Complex,False,Fair
2185,169,1,2,563,567,1477,0.005135,4,2024-06-19 11:54:47,Medium,True,Excellent
2186,481,4,2,573,600,1147,0.002869,4,2024-08-08 02:27:52,Medium,False,Good
2187,111,1,2,1345,1640,1017,0.0166,4,2024-11-04 09:36:01,Medium,True,Excellent
2188,191,1,9,224,305,1605,0.002827,2,2024-11-20 15:18:29,Simple,True,Fair
2189,103,4,7,317,334,3217,0.001806,5,2024-10-23 21:32:03,Simple,False,Good
2190,8,2,1,239,287,1532,0.002126,2,2024-09-24 23:57:22,Simple,False,Fair
2191,20,1,1,850,1014,4252,0.009269,4,2024-12-03 12:06:01,Medium,True,Excellent
2192,398,5,9,295,248,1512,0.000798,5,2024-01-10 21:38:26,Simple,True,Good
2193,495,4,3,736,796,897,0.003721,5,2024-10-06 06:02:11,Medium,False,Good
2194,402,4,1,474,403,3027,0.001902,1,2024-07-25 20:52:52,Simple,False,Fair
2195,250,1,1,362,429,2044,0.004712,2,2024-03-23 12:44:20,Simple,True,Fair
2196,17,1,1,535,793,3282,0.007654,5,2024-11-18 18:39:41,Medium,True,Excellent
2197,160,2,7,408,466,1966,0.003763,2,2024-09-14 05:50:33,Simple,True,Fair
2198,41,4,3,1907,2976,2086,0.013475,5,2024-04-09 10:40:29,Complex,True,Good
2199,288,1,5,589,494,1862,0.00468,5,2024-06-25 05:51:51,Simple,True,Excellent
2200,337,4,1,703,606,2315,0.003294,4,2024-05-18 00:22:32,Medium,True,Good
2201,114,2,7,559,564,2537,0.004169,4,2024-04-14 19:20:46,Medium,True,Excellent
2202,315,1,4,999,850,1165,0.009131,3,2024-04-01 03:37:37,Medium,True,Good
2203,378,2,6,848,1038,2144,0.00818,5,2024-12-16 12:43:04,Medium,True,Excellent
2204,204,3,3,773,690,2663,0.00436,5,2024-01-25 11:28:36,Medium,True,Good
2205,252,5,3,679,658,604,0.00183,4,2024-11-27 19:27:30,Medium,True,Good
2206,378,2,2,304,490,671,0.003737,4,2024-09-01 23:54:02,Simple,True,Excellent
2207,36,2,2,407,533,1114,0.004533,5,2024-08-24 09:34:23,Medium,True,Excellent
2208,180,3,8,1053,1453,972,0.011001,5,2024-05-06 22:04:16,Medium,True,Good
2209,421,4,2,1735,2709,1137,0.013061,5,2024-08-20 13:05:20,Complex,False,Good
2210,73,1,7,279,281,1310,0.002681,5,2024-09-20 10:39:43,Simple,True,Excellent
2211,247,2,8,759,1220,1648,0.009481,2,2024-07-20 19:56:08,Medium,True,Fair
2212,377,4,3,1302,1108,3523,0.005512,2,2024-02-17 04:13:43,Medium,True,Fair
2213,228,4,2,499,563,1468,0.002834,2,2024-04-06 07:06:05,Medium,True,Fair
2214,159,4,2,933,1009,2546,0.004751,3,2024-11-23 09:13:03,Medium,False,Good
2215,345,1,2,519,839,4161,0.009031,2,2024-06-13 01:31:20,Medium,True,Fair
2216,306,4,2,1211,1407,1777,0.006789,3,2024-05-29 08:18:01,Medium,True,Good
2217,114,3,9,569,538,650,0.00344,4,2024-12-12 08:54:08,Medium,True,Good
2218,10,4,8,468,469,1821,0.002112,1,2024-10-04 16:53:18,Simple,True,Fair
2219,259,4,1,750,670,872,0.003632,4,2024-04-13 21:24:35,Medium,True,Good
2220,4,3,6,934,1240,2016,0.008723,3,2024-12-15 14:31:38,Medium,False,Good
2221,424,3,1,347,297,1501,0.001972,3,2024-02-04 13:04:48,Simple,True,Good
2222,435,1,1,235,346,2505,0.003538,4,2024-05-07 15:13:02,Simple,True,Excellent
2223,35,4,6,276,398,7353,0.001913,4,2024-02-24 01:10:15,Simple,False,Good
2224,257,2,8,1316,1140,5123,0.009249,2,2024-03-04 00:26:11,Medium,True,Fair
2225,53,3,1,803,858,1665,0.005928,1,2024-09-21 23:52:27,Medium,True,Fair
2226,311,2,7,1601,1433,2067,0.010745,2,2024-03-20 08:04:59,Medium,True,Fair
2227,339,1,2,927,814,6105,0.007453,5,2024-03-27 06:14:59,Medium,True,Excellent
2228,106,4,3,448,394,1215,0.002,2,2024-04-28 08:01:44,Simple,True,Fair
2229,203,1,4,1427,1313,2834,0.012773,3,2024-10-21 01:35:39,Medium,True,Good
2230,72,4,1,1175,1065,4480,0.005802,2,2024-07-14 18:46:21,Medium,False,Fair
2231,189,4,1,910,925,1474,0.005063,3,2024-01-23 04:56:04,Medium,True,Good
2232,46,3,1,945,1067,1247,0.008153,5,2024-10-21 06:30:50,Medium,True,Good
2233,402,5,2,1595,1935,1694,0.006271,4,2024-09-30 02:29:52,Medium,True,Good
2234,358,4,1,723,811,3238,0.004036,4,2024-04-22 02:51:13,Medium,True,Good
2235,114,2,5,824,1128,5992,0.0099,3,2024-11-25 10:44:31,Medium,True,Good
2236,210,1,2,591,745,3675,0.006999,4,2024-01-19 05:51:02,Medium,True,Excellent
2237,150,3,3,1742,1822,500,0.01285,5,2024-01-07 15:02:31,Medium,True,Good
2238,460,4,2,892,790,1106,0.00401,3,2024-07-12 06:10:42,Medium,True,Good
2239,275,1,1,1095,1062,1354,0.011047,3,2024-01-14 11:40:13,Medium,True,Good
2240,271,1,9,1313,1197,500,0.011373,4,2024-12-12 02:29:53,Medium,True,Excellent
2241,115,4,7,484,804,2153,0.0042,4,2024-08-31 20:36:08,Medium,True,Good
2242,155,1,8,402,564,1039,0.005795,5,2024-11-27 04:46:54,Medium,True,Excellent
2243,403,5,2,1497,1486,661,0.004201,2,2024-06-07 16:41:25,Medium,True,Fair
2244,385,4,9,557,851,676,0.004459,4,2024-07-24 22:44:45,Medium,True,Good
2245,305,2,6,372,555,1548,0.004764,3,2024-10-18 14:54:50,Medium,True,Good
2246,485,1,8,800,767,1338,0.008322,2,2024-06-04 17:15:50,Medium,True,Fair
2247,46,2,2,1057,1336,3033,0.011426,1,2024-05-07 03:23:01,Medium,True,Fair
2248,188,4,9,1470,1331,922,0.006963,4,2024-03-02 09:58:39,Medium,True,Good
2249,452,4,6,443,498,1508,0.002548,4,2024-05-31 05:04:22,Simple,True,Good
2250,57,4,1,1987,1673,1228,0.008817,4,2024-10-07 04:33:22,Medium,False,Good
2251,253,1,1,1416,1451,2302,0.014689,4,2024-03-24 04:46:24,Medium,True,Excellent
2252,267,4,2,913,978,2099,0.00476,4,2024-07-14 11:42:22,Medium,True,Good
2253,46,3,6,617,871,1502,0.006489,3,2024-01-07 20:27:04,Medium,False,Good
2254,351,4,5,911,1024,2123,0.005327,4,2024-09-27 05:48:48,Medium,True,Good
2255,197,2,6,703,970,1093,0.007773,4,2024-09-29 20:58:28,Medium,True,Excellent
2256,181,1,9,931,1377,1804,0.012847,2,2024-06-17 04:33:14,Medium,False,Fair
2257,104,4,9,1087,1249,2529,0.006767,4,2024-07-29 13:06:18,Medium,True,Good
2258,2,4,9,1326,1230,2371,0.006639,4,2024-04-02 06:26:55,Medium,False,Good
2259,211,1,1,1817,2684,814,0.027572,4,2024-12-12 01:04:48,Complex,True,Excellent
2260,84,1,1,2187,2344,1265,0.021898,4,2024-08-09 22:29:31,Complex,False,Excellent
2261,67,4,1,602,618,1031,0.003039,5,2024-07-16 23:54:05,Medium,True,Good
2262,341,4,3,1152,1266,2163,0.005841,5,2024-05-15 17:25:58,Medium,True,Good
2263,152,1,1,496,457,773,0.004618,2,2024-01-06 03:10:48,Simple,True,Fair
2264,324,4,7,1920,2165,3578,0.010541,4,2024-10-08 17:32:23,Complex,True,Good
2265,36,1,5,617,708,2012,0.007287,4,2024-02-05 21:33:52,Medium,True,Excellent
2266,158,1,2,893,1388,4949,0.013849,1,2024-07-13 05:46:32,Medium,False,Fair
2267,469,4,3,207,260,2812,0.001296,3,2024-05-08 05:53:08,Simple,True,Good
2268,299,1,5,1002,849,2115,0.008776,5,2024-01-25 02:15:21,Medium,False,Excellent
2269,295,1,3,503,639,510,0.006133,5,2024-05-23 00:39:02,Medium,True,Excellent
2270,363,1,7,3290,4000,1718,0.04071,4,2024-04-06 09:18:45,Complex,True,Excellent
2271,334,1,2,991,829,1717,0.008214,4,2024-09-26 13:45:43,Medium,False,Excellent
2272,140,4,3,1630,1506,1554,0.007933,3,2024-08-29 21:18:26,Medium,False,Good
2273,237,4,8,1116,1066,2666,0.004966,3,2024-12-25 01:45:51,Medium,True,Good
2274,98,1,1,1048,1281,1225,0.011809,4,2024-06-21 10:59:16,Medium,True,Excellent
2275,56,4,6,1270,1281,1099,0.005809,5,2024-06-12 03:04:29,Medium,True,Good
2276,344,1,6,501,595,5992,0.006254,4,2024-01-26 15:06:20,Medium,True,Excellent
2277,357,1,2,1043,1048,577,0.010346,5,2024-06-21 15:13:39,Medium,True,Excellent
2278,205,1,2,1492,1294,3083,0.013356,4,2024-05-04 08:56:38,Medium,True,Excellent
2279,450,4,1,1339,1968,2266,0.008956,5,2024-03-03 10:54:45,Medium,False,Good
2280,11,5,5,519,590,650,0.001676,3,2024-05-20 16:56:02,Medium,True,Good
2281,425,2,9,471,653,1680,0.004995,4,2024-01-31 05:23:08,Medium,True,Excellent
2282,274,4,1,287,477,1652,0.002328,5,2024-01-10 12:59:17,Simple,False,Good
2283,381,4,1,534,514,1686,0.002541,4,2024-08-01 16:52:59,Medium,True,Good
2284,91,1,2,405,560,654,0.005751,2,2024-07-20 19:48:18,Medium,True,Fair
2285,104,3,3,769,1006,3105,0.007623,5,2024-10-11 00:23:13,Medium,True,Good
2286,389,1,6,937,859,2138,0.00887,4,2024-11-06 11:50:17,Medium,True,Excellent
2287,253,4,7,977,913,1851,0.004222,5,2024-03-09 07:08:28,Medium,False,Good
2288,27,1,7,1638,2101,1755,0.020757,4,2024-12-21 11:26:05,Complex,True,Excellent
2289,103,1,7,1946,1711,890,0.018205,3,2024-04-04 06:11:39,Medium,True,Good
2290,321,4,3,487,624,1681,0.003356,4,2024-11-15 20:59:46,Medium,False,Good
2291,11,3,3,224,187,1016,0.001182,1,2024-03-31 13:52:41,Simple,True,Fair
2292,137,1,6,1444,1458,1514,0.015176,5,2024-11-11 12:07:38,Medium,True,Excellent
2293,337,1,7,1388,1363,2766,0.014281,4,2024-09-04 08:49:38,Medium,True,Excellent
2294,105,1,3,376,590,917,0.005552,5,2024-02-07 03:16:04,Medium,True,Excellent
2295,398,2,9,248,234,807,0.001883,5,2024-03-27 07:56:12,Simple,True,Excellent
2296,33,3,2,617,911,6043,0.005883,4,2024-08-05 18:17:55,Medium,True,Good
2297,360,2,4,807,979,2504,0.007139,2,2024-05-20 16:43:34,Medium,True,Fair
2298,258,1,1,856,1069,3212,0.011376,1,2024-04-30 17:37:16,Medium,False,Fair
2299,395,3,6,3161,4000,3612,0.02712,3,2024-12-01 20:56:11,Complex,True,Good
2300,270,4,1,327,495,2033,0.002303,4,2024-12-03 04:24:24,Simple,True,Good
2301,442,3,8,3636,3462,1242,0.025856,3,2024-02-12 07:03:18,Complex,True,Good
2302,461,3,1,2009,2430,4552,0.017229,3,2024-11-08 21:56:00,Complex,False,Good
2303,130,3,2,772,1180,1322,0.007876,4,2024-07-25 13:38:27,Medium,False,Good
2304,243,2,1,1335,1338,1041,0.009827,4,2024-09-05 02:13:42,Medium,True,Excellent
2305,408,5,4,753,713,1356,0.001962,5,2024-06-05 01:36:51,Medium,True,Good
2306,45,1,1,260,402,1642,0.004136,4,2024-07-31 05:53:48,Simple,False,Excellent
2307,95,4,7,2096,1795,4073,0.009365,3,2024-11-26 11:14:07,Medium,True,Good
2308,103,4,3,396,494,1026,0.002482,3,2024-05-21 01:36:37,Simple,True,Good
2309,116,2,2,1603,1722,1863,0.013614,4,2024-05-26 17:47:46,Medium,True,Excellent
2310,140,4,4,1623,1503,2550,0.008133,4,2024-03-03 09:35:25,Medium,True,Good
2311,138,1,8,1415,1529,1928,0.014898,4,2024-06-01 02:53:57,Medium,True,Excellent
2312,450,2,2,2156,3076,3112,0.024414,4,2024-09-26 01:12:33,Complex,True,Excellent
2313,458,1,1,956,1126,902,0.011441,3,2024-08-21 15:45:20,Medium,True,Good
2314,365,1,1,646,572,3177,0.00529,2,2024-10-02 02:52:01,Medium,True,Fair
2315,372,4,9,703,626,2659,0.00313,4,2024-12-29 12:27:53,Medium,True,Good
2316,199,3,8,684,571,7394,0.003977,5,2024-01-12 01:21:41,Medium,True,Good
2317,386,1,2,717,700,1829,0.007345,3,2024-05-04 13:07:31,Medium,True,Good
2318,163,3,4,2069,1796,5062,0.012122,4,2024-03-20 19:12:24,Medium,True,Good
2319,131,4,2,2190,2108,3507,0.010675,4,2024-01-20 19:08:21,Complex,False,Good
2320,462,1,3,1467,1423,2853,0.014422,3,2024-08-03 04:12:18,Medium,True,Good
2321,202,3,1,840,1215,1609,0.008193,5,2024-04-09 08:34:50,Medium,True,Good
2322,58,1,1,816,1236,2917,0.013469,3,2024-01-31 11:52:55,Medium,True,Good
2323,495,4,2,282,424,1733,0.002228,4,2024-06-30 08:26:29,Simple,True,Good
2324,491,2,2,1066,954,1746,0.00701,5,2024-08-15 11:15:01,Medium,True,Excellent
2325,167,2,7,513,482,1571,0.003621,5,2024-08-03 23:45:21,Simple,True,Excellent
2326,213,5,1,1132,1098,1106,0.003425,4,2024-09-05 07:23:35,Medium,True,Good
2327,153,4,1,1488,1705,599,0.008431,5,2024-06-15 00:28:12,Medium,True,Good
2328,338,2,2,2045,3223,1058,0.027571,3,2024-02-26 17:43:08,Complex,False,Good
2329,381,3,1,504,623,1567,0.00461,3,2024-06-05 12:17:13,Medium,True,Good
2330,447,2,8,1062,927,4839,0.006733,4,2024-12-15 04:01:21,Medium,True,Excellent
2331,295,1,7,856,814,719,0.008201,4,2024-04-08 18:56:22,Medium,True,Excellent
2332,12,4,3,389,329,2567,0.001539,1,2024-11-01 02:02:50,Simple,True,Fair
2333,72,5,3,326,494,5811,0.001456,5,2024-02-08 21:13:24,Simple,True,Good
2334,326,1,2,345,334,1257,0.003646,5,2024-08-16 00:11:14,Simple,True,Excellent
2335,315,1,4,985,1438,795,0.01413,3,2024-02-22 23:24:45,Medium,True,Good
2336,294,2,8,302,291,5150,0.002504,4,2024-03-13 19:49:39,Simple,True,Excellent
2337,444,4,4,1717,1589,2493,0.007949,3,2024-08-07 17:50:17,Medium,True,Good
2338,222,2,1,975,1286,696,0.009568,4,2024-11-05 05:32:16,Medium,False,Excellent
2339,47,1,1,496,732,926,0.007954,4,2024-11-08 10:42:58,Medium,True,Excellent
2340,443,4,8,435,513,1014,0.002633,4,2024-08-05 19:22:22,Medium,True,Good
2341,263,4,2,294,426,2840,0.002014,2,2024-06-09 17:27:54,Simple,True,Fair
2342,77,2,4,1495,1619,1723,0.01284,3,2024-07-03 13:49:33,Medium,True,Good
2343,386,1,6,385,464,1025,0.004706,1,2024-10-15 15:13:49,Simple,True,Fair
2344,213,1,2,1571,2148,2373,0.019922,4,2024-07-18 20:06:54,Complex,True,Excellent
2345,247,1,4,1452,1562,2508,0.015867,4,2024-06-23 14:39:49,Medium,False,Excellent
2346,387,1,6,568,532,1491,0.005133,3,2024-08-30 10:39:57,Medium,True,Good
2347,433,3,2,1747,1978,1443,0.013397,4,2024-08-05 17:03:52,Medium,True,Good
2348,191,1,1,311,469,2905,0.004847,5,2024-08-24 12:20:39,Simple,True,Excellent
2349,199,4,1,710,1172,809,0.006324,3,2024-02-12 07:10:35,Medium,True,Good
2350,207,1,3,1293,1481,886,0.016108,4,2024-05-09 23:27:45,Medium,True,Excellent
2351,11,4,8,601,979,4606,0.005286,4,2024-04-14 07:56:43,Medium,False,Good
2352,73,1,6,644,690,790,0.00643,5,2024-04-19 17:44:01,Medium,True,Excellent
2353,7,2,2,3376,3106,1271,0.023643,4,2024-04-15 00:38:57,Complex,True,Excellent
2354,357,4,2,1176,1250,1643,0.005891,5,2024-06-25 15:48:04,Medium,True,Good
2355,54,3,3,1943,1802,2083,0.01341,3,2024-04-25 17:19:18,Medium,True,Good
2356,177,1,9,939,995,3779,0.010941,4,2024-02-13 21:36:56,Medium,True,Excellent
2357,457,1,1,813,984,1310,0.010558,5,2024-12-20 11:05:58,Medium,True,Excellent
2358,219,2,3,1598,1384,1522,0.011842,2,2024-02-06 08:48:27,Medium,True,Fair
2359,418,4,3,2811,2855,3366,0.013201,5,2024-04-20 10:54:49,Complex,True,Good
2360,49,1,9,618,752,3794,0.008102,1,2024-05-11 04:19:11,Medium,True,Fair
2361,336,4,1,1270,1340,2974,0.006313,5,2024-10-08 02:28:51,Medium,True,Good
2362,475,2,1,1295,1882,504,0.015819,4,2024-11-17 00:13:17,Medium,True,Excellent
2363,480,4,1,690,759,2682,0.004106,3,2024-11-28 20:37:07,Medium,False,Good
2364,77,5,9,3054,2625,1787,0.008625,4,2024-01-27 17:26:35,Complex,True,Good
2365,333,4,1,305,434,814,0.002249,4,2024-08-18 23:18:00,Simple,True,Good
2366,216,1,6,2799,4000,1576,0.04003,5,2024-12-20 09:21:16,Complex,True,Excellent
2367,194,4,3,1976,2082,3371,0.010881,4,2024-04-23 19:00:44,Complex,True,Good
2368,273,3,3,1162,1089,1330,0.007221,2,2024-11-30 15:58:37,Medium,True,Fair
2369,103,2,7,302,397,666,0.003212,4,2024-11-02 03:39:05,Simple,True,Excellent
2370,68,2,1,924,1119,1961,0.0091,3,2024-04-03 11:55:55,Medium,False,Good
2371,24,4,2,940,1025,1025,0.00531,3,2024-10-12 14:30:44,Medium,False,Good
2372,214,4,1,523,716,2924,0.003287,5,2024-02-08 03:34:35,Medium,True,Good
2373,220,5,2,542,773,1127,0.002177,1,2024-12-06 09:17:39,Medium,False,Fair
2374,169,3,1,596,758,5602,0.00521,5,2024-09-18 02:02:12,Medium,True,Good
2375,19,4,1,757,733,2665,0.003551,4,2024-04-19 00:06:44,Medium,True,Good
2376,448,4,2,679,1049,1953,0.005407,2,2024-12-15 10:54:38,Medium,False,Fair
2377,107,1,1,1822,2538,2723,0.02687,4,2024-01-19 03:04:58,Complex,True,Excellent
2378,147,1,2,1547,1344,6044,0.012412,5,2024-10-14 19:43:55,Medium,True,Excellent
2379,391,1,2,846,1004,1604,0.010972,2,2024-06-29 01:59:59,Medium,True,Fair
2380,402,4,2,1336,1295,1750,0.006656,4,2024-11-27 09:54:46,Medium,True,Good
2381,290,4,8,932,1132,1015,0.005949,5,2024-11-30 22:16:05,Medium,True,Good
2382,426,1,9,583,859,1423,0.008732,4,2024-11-09 11:12:07,Medium,True,Excellent
2383,26,1,1,953,891,1551,0.009647,5,2024-11-01 01:52:38,Medium,True,Excellent
2384,395,1,2,954,874,870,0.009534,5,2024-11-15 16:34:54,Medium,True,Excellent
2385,149,4,6,600,598,2278,0.002734,4,2024-01-21 15:38:29,Medium,False,Good
2386,21,1,8,854,1143,876,0.010635,3,2024-09-29 12:18:49,Medium,True,Good
2387,338,4,3,385,432,1439,0.002064,5,2024-02-03 05:06:46,Simple,False,Good
2388,205,3,8,471,414,2467,0.002713,4,2024-12-18 18:20:41,Simple,True,Good
2389,252,4,1,1162,1278,573,0.006636,4,2024-09-16 08:32:10,Medium,True,Good
2390,140,4,2,1204,1434,4518,0.007788,3,2024-11-24 17:34:24,Medium,True,Good
2391,297,1,2,279,345,890,0.003331,2,2024-10-18 12:05:35,Simple,False,Fair
2392,112,2,8,951,1296,919,0.011037,5,2024-05-31 20:47:12,Medium,True,Excellent
2393,305,5,1,410,635,2045,0.002081,5,2024-08-23 17:47:32,Medium,False,Good
2394,483,5,1,1282,1232,2608,0.00344,5,2024-04-24 14:21:41,Medium,True,Good
2395,449,1,8,1267,1274,996,0.013787,2,2024-02-02 11:40:30,Medium,True,Fair
2396,360,4,8,547,607,8719,0.003338,3,2024-10-25 23:43:28,Medium,True,Good
2397,8,4,1,1288,1174,1059,0.005841,3,2024-12-25 17:18:10,Medium,True,Good
2398,139,1,3,1303,1373,3070,0.014522,5,2024-10-10 10:32:36,Medium,True,Excellent
2399,140,4,2,581,564,1563,0.00283,3,2024-01-24 00:12:31,Medium,True,Good
2400,221,3,7,1238,1129,2291,0.007462,4,2024-03-22 13:08:08,Medium,True,Good
2401,182,1,8,977,877,2239,0.008704,5,2024-11-27 14:13:16,Medium,True,Excellent
2402,186,1,3,947,1553,702,0.014994,3,2024-06-06 08:08:10,Medium,True,Good
2403,114,4,8,1428,1989,3070,0.009062,4,2024-05-16 11:21:04,Medium,True,Good
2404,141,4,3,1940,1732,3041,0.00788,2,2024-03-24 06:01:19,Medium,False,Fair
2405,485,1,7,637,1011,1587,0.010411,5,2024-02-18 13:04:49,Medium,False,Excellent
2406,114,2,2,1454,1346,1195,0.010596,4,2024-04-22 08:22:44,Medium,True,Excellent
2407,42,3,1,1796,2200,4451,0.01584,1,2024-06-22 17:07:02,Complex,True,Fair
2408,375,1,2,370,393,1902,0.003902,2,2024-11-05 02:18:59,Simple,False,Fair
2409,125,4,1,1851,2636,1767,0.01345,4,2024-04-06 20:33:42,Complex,True,Good
2410,319,4,2,508,465,671,0.002449,4,2024-07-31 22:49:54,Simple,True,Good
2411,388,1,2,392,384,1354,0.00399,4,2024-09-10 19:07:03,Simple,True,Excellent
2412,433,5,1,835,819,1141,0.002387,5,2024-01-27 12:41:41,Medium,False,Good
2413,83,1,2,842,761,5165,0.008089,5,2024-06-16 14:53:28,Medium,True,Excellent
2414,401,1,2,390,473,707,0.004927,1,2024-07-20 08:00:24,Simple,True,Fair
2415,277,4,1,2855,3735,3130,0.016881,4,2024-03-18 03:19:59,Complex,False,Good
2416,30,4,2,491,650,820,0.00294,5,2024-09-30 00:26:46,Medium,True,Good
2417,464,4,2,315,332,2159,0.001524,1,2024-06-27 07:26:28,Simple,False,Fair
2418,166,2,2,1380,1711,3652,0.013847,5,2024-02-18 02:01:57,Medium,True,Excellent
2419,479,4,2,3441,2876,1180,0.015123,4,2024-04-16 21:44:26,Complex,False,Good
2420,114,3,9,578,754,1213,0.005261,3,2024-09-23 18:32:13,Medium,False,Good
2421,136,4,3,663,620,2618,0.003062,2,2024-05-05 06:57:02,Medium,False,Fair
2422,283,4,5,1755,2212,2523,0.010331,5,2024-01-02 10:39:17,Complex,True,Good
2423,168,3,7,278,328,946,0.002071,4,2024-04-07 18:20:46,Simple,True,Good
2424,469,4,1,903,801,966,0.004197,4,2024-08-01 01:01:50,Medium,True,Good
2425,85,1,7,1208,1235,1123,0.013481,1,2024-08-07 05:12:41,Medium,True,Fair
2426,249,4,4,477,629,3601,0.003113,4,2024-02-17 12:35:40,Medium,False,Good
2427,259,1,3,3425,3864,2249,0.038224,4,2024-08-24 15:00:38,Complex,True,Excellent
2428,126,3,6,1158,1630,5186,0.011904,4,2024-09-16 18:43:55,Medium,True,Good
2429,458,2,1,902,1466,2851,0.011469,5,2024-09-17 08:28:57,Medium,True,Excellent
2430,301,4,9,366,533,835,0.002427,4,2024-06-02 14:04:44,Medium,False,Good
2431,372,2,3,427,386,2107,0.002884,4,2024-01-03 15:11:28,Simple,True,Excellent
2432,115,4,1,672,977,2904,0.00477,4,2024-10-28 00:10:50,Medium,True,Good
2433,59,2,1,759,902,975,0.007552,3,2024-07-09 20:28:49,Medium,True,Good
2434,226,1,2,2171,2657,3230,0.024824,4,2024-05-23 01:55:26,Complex,True,Excellent
2435,472,1,2,307,396,2047,0.003924,4,2024-02-25 11:30:51,Simple,False,Excellent
2436,342,4,3,491,499,2750,0.002712,3,2024-06-15 03:29:45,Simple,True,Good
2437,354,4,1,434,628,1545,0.002856,2,2024-01-11 12:49:47,Medium,False,Fair
2438,455,2,1,252,352,4323,0.002824,4,2024-03-04 19:37:35,Simple,True,Excellent
2439,443,2,3,978,917,1527,0.007171,5,2024-04-23 08:00:23,Medium,True,Excellent
2440,67,5,2,587,742,4391,0.002258,3,2024-12-27 01:07:02,Medium,True,Good
2441,103,1,9,1053,1296,2068,0.013196,4,2024-04-10 10:25:26,Medium,True,Excellent
2442,206,1,3,462,467,1088,0.005041,4,2024-01-15 04:45:05,Simple,True,Excellent
2443,178,2,6,870,1123,3267,0.008887,3,2024-01-20 14:50:52,Medium,True,Good
2444,249,2,3,580,722,954,0.005841,5,2024-06-11 07:06:22,Medium,True,Excellent
2445,172,3,3,610,902,1067,0.00658,5,2024-09-23 17:32:48,Medium,True,Good
2446,270,4,3,1525,1512,2924,0.008242,2,2024-01-07 13:35:06,Medium,True,Fair
2447,58,4,1,760,781,1695,0.004118,5,2024-07-15 09:12:35,Medium,True,Good
2448,239,1,9,378,355,895,0.003716,3,2024-07-15 02:13:45,Simple,True,Good
2449,310,2,1,480,759,1199,0.006111,1,2024-03-26 00:32:45,Medium,True,Fair
2450,127,1,1,2136,2245,1324,0.020648,5,2024-11-04 14:42:56,Complex,True,Excellent
2451,61,1,2,429,660,956,0.007033,4,2024-11-21 17:09:24,Medium,False,Excellent
2452,402,4,2,275,389,4510,0.001982,3,2024-11-12 16:07:08,Simple,True,Good
2453,148,2,5,1991,2300,1005,0.0169,2,2024-03-15 06:24:14,Complex,True,Fair
2454,43,1,1,1490,2078,3495,0.018999,4,2024-03-22 16:27:56,Complex,True,Excellent
2455,465,1,2,245,313,1333,0.002836,5,2024-11-04 12:13:16,Simple,True,Excellent
2456,204,1,5,348,345,1775,0.003317,4,2024-06-12 14:55:42,Simple,True,Excellent
2457,438,2,3,628,634,3671,0.004962,3,2024-06-06 01:07:46,Medium,True,Good
2458,407,4,8,657,568,1577,0.002777,3,2024-11-23 15:29:12,Medium,False,Good
2459,278,3,5,991,885,2675,0.006772,2,2024-03-11 22:10:11,Medium,True,Fair
2460,400,1,2,399,589,4274,0.006224,4,2024-10-11 13:42:11,Medium,True,Excellent
2461,298,1,2,3135,3251,532,0.035536,3,2024-06-16 17:28:33,Complex,False,Good
2462,38,2,6,934,1260,1502,0.010316,5,2024-12-25 03:49:38,Medium,True,Excellent
2463,359,3,9,4013,4000,1703,0.026009,4,2024-09-02 18:40:00,Complex,True,Good
2464,324,1,1,459,713,1432,0.007419,4,2024-12-28 02:44:38,Medium,True,Excellent
2465,122,4,3,638,833,11065,0.004045,4,2024-06-01 16:52:42,Medium,True,Good
2466,317,1,7,585,619,2289,0.005833,4,2024-03-24 16:12:32,Medium,True,Excellent
2467,238,4,2,342,406,4315,0.002127,4,2024-06-07 23:06:47,Simple,True,Good
2468,259,1,8,915,1263,2876,0.011803,4,2024-03-23 12:19:25,Medium,True,Excellent
2469,255,1,2,284,375,1015,0.003805,4,2024-01-03 21:43:31,Simple,True,Excellent
2470,140,4,5,1375,1296,1213,0.00643,5,2024-03-12 19:22:49,Medium,True,Good
2471,436,1,2,3163,2697,2112,0.027885,5,2024-05-10 20:14:37,Complex,True,Excellent
2472,5,1,6,1074,933,1862,0.008955,5,2024-03-01 17:56:19,Medium,True,Excellent
2473,90,5,4,810,1186,3236,0.003281,3,2024-09-16 23:24:12,Medium,True,Good
2474,210,4,2,296,332,1926,0.001637,4,2024-02-04 16:32:02,Simple,True,Good
2475,80,4,5,1343,1202,845,0.006461,4,2024-02-20 18:14:57,Medium,True,Good
2476,464,1,3,750,1063,500,0.010194,2,2024-05-03 09:06:17,Medium,True,Fair
2477,204,4,4,507,820,2279,0.003868,5,2024-09-17 17:50:09,Medium,True,Good
2478,281,1,6,623,717,1951,0.006564,5,2024-09-08 21:28:27,Medium,True,Excellent
2479,354,1,2,1395,1900,2442,0.020144,5,2024-10-13 04:17:57,Medium,True,Excellent
2480,339,1,3,1744,1673,1165,0.016956,5,2024-09-15 23:50:40,Medium,True,Excellent
2481,148,2,5,1218,1714,2426,0.014068,5,2024-01-02 15:51:03,Medium,True,Excellent
2482,401,4,1,178,258,5536,0.001271,4,2024-09-26 13:51:43,Simple,True,Good
2483,367,4,4,1705,1638,2446,0.008123,4,2024-08-25 07:48:00,Medium,True,Good
2484,209,1,6,895,1100,5546,0.011692,4,2024-08-19 15:46:31,Medium,True,Excellent
2485,23,2,1,399,550,1795,0.004364,4,2024-04-08 03:53:55,Medium,True,Excellent
2486,278,1,9,1314,1505,3989,0.014717,4,2024-08-29 20:32:54,Medium,True,Excellent
2487,386,4,2,652,716,2067,0.00376,3,2024-04-30 20:58:26,Medium,False,Good
2488,429,1,6,2432,3102,5066,0.034042,4,2024-10-31 13:37:52,Complex,True,Excellent
2489,374,1,9,1065,1716,1218,0.016156,3,2024-12-03 02:09:47,Medium,False,Good
2490,90,4,7,1489,1448,1479,0.007812,4,2024-04-04 20:09:29,Medium,False,Good
2491,96,1,2,909,1111,1194,0.010594,4,2024-01-16 22:02:06,Medium,True,Excellent
2492,36,4,5,502,625,2164,0.002917,5,2024-12-27 17:39:50,Medium,True,Good
2493,103,4,5,261,231,1636,0.001236,3,2024-06-03 10:24:00,Simple,True,Good
2494,472,5,8,350,557,1609,0.001694,4,2024-12-06 22:18:42,Medium,True,Good
2495,371,1,2,726,1025,1458,0.010792,4,2024-05-13 20:36:43,Medium,True,Excellent
2496,441,1,5,354,326,1119,0.003544,5,2024-08-01 10:03:54,Simple,True,Excellent
2497,22,4,2,299,378,1665,0.001734,5,2024-07-07 02:35:50,Simple,False,Good
2498,120,1,8,1743,1776,2841,0.017749,3,2024-05-13 04:40:26,Medium,True,Good
2499,393,2,1,1112,1437,1992,0.012316,5,2024-10-22 03:58:12,Medium,True,Excellent
2500,405,4,2,1058,953,1967,0.005115,4,2024-01-03 06:40:36,Medium,False,Good
2501,77,1,1,1301,1241,1407,0.012795,1,2024-04-19 01:14:41,Medium,True,Fair
2502,446,2,3,1060,1208,4676,0.008996,3,2024-09-20 16:00:34,Medium,True,Good
2503,138,1,5,1042,914,612,0.008596,5,2024-12-24 23:29:28,Medium,True,Excellent
2504,255,4,2,639,797,2033,0.004263,5,2024-05-20 13:00:28,Medium,True,Good
2505,69,1,6,362,580,2534,0.005268,4,2024-03-27 03:51:26,Medium,True,Excellent
2506,205,1,3,1824,2441,1413,0.025991,3,2024-07-29 06:33:41,Complex,True,Good
2507,76,4,1,899,1400,2108,0.007089,4,2024-12-13 20:53:54,Medium,False,Good
2508,365,1,1,1741,1467,639,0.015832,4,2024-08-03 15:14:56,Medium,True,Excellent
2509,442,1,3,318,307,585,0.003053,3,2024-02-13 08:08:09,Simple,True,Good
2510,375,2,1,1177,1395,2324,0.010334,5,2024-03-12 23:55:42,Medium,True,Excellent
2511,87,1,8,398,570,2903,0.005556,4,2024-12-06 18:14:04,Medium,True,Excellent
2512,87,4,4,1128,1728,3080,0.007845,4,2024-09-29 05:15:28,Medium,True,Good
2513,30,1,6,342,461,1223,0.004565,2,2024-05-14 14:23:18,Simple,True,Fair
2514,138,1,8,522,732,2095,0.007604,3,2024-05-09 06:02:38,Medium,True,Good
2515,69,2,1,700,593,1676,0.005116,5,2024-02-25 10:56:46,Medium,True,Excellent
2516,415,4,2,1567,1342,2432,0.006784,3,2024-10-24 05:40:41,Medium,True,Good
2517,381,4,6,1713,2025,3214,0.009551,4,2024-07-20 16:07:21,Complex,False,Good
2518,49,1,4,406,593,2674,0.005773,5,2024-03-28 22:06:52,Medium,True,Excellent
2519,224,2,1,277,301,1836,0.002627,3,2024-09-16 15:03:49,Simple,False,Good
2520,242,2,2,3266,3735,2754,0.028271,4,2024-01-04 09:55:26,Complex,True,Excellent
2521,20,4,2,1268,1636,1338,0.008473,2,2024-04-15 01:41:34,Medium,True,Fair
2522,239,1,4,600,711,946,0.006954,4,2024-04-03 12:27:40,Medium,True,Excellent
2523,335,4,1,2944,3826,1649,0.019234,3,2024-11-24 01:02:44,Complex,True,Good
2524,319,3,1,1955,1630,3135,0.010273,4,2024-01-09 07:41:49,Medium,True,Good
2525,275,1,6,848,1186,2938,0.012416,5,2024-03-01 20:47:19,Medium,True,Excellent
2526,482,1,5,1039,881,3837,0.008914,5,2024-03-15 20:14:50,Medium,True,Excellent
2527,107,2,2,3168,4000,2696,0.032334,4,2024-09-01 16:46:32,Complex,True,Excellent
2528,246,1,2,866,919,555,0.008959,4,2024-01-23 05:50:25,Medium,True,Excellent
2529,83,1,6,730,786,2687,0.007545,3,2024-01-05 06:43:12,Medium,True,Good
2530,37,4,1,1339,1149,5642,0.006235,5,2024-02-02 08:17:46,Medium,True,Good
2531,104,4,7,382,367,1846,0.001926,3,2024-05-24 19:22:54,Simple,True,Good
2532,382,2,3,1642,1923,1505,0.013938,5,2024-12-21 22:03:47,Medium,True,Excellent
2533,40,1,7,1046,889,2742,0.00839,4,2024-02-20 08:10:06,Medium,True,Excellent
2534,128,3,1,1825,1535,2827,0.009812,5,2024-01-03 05:47:52,Medium,True,Good
2535,308,2,4,1068,1044,1202,0.008244,4,2024-06-27 18:18:45,Medium,True,Excellent
2536,207,3,1,3119,2895,1834,0.019983,3,2024-06-13 10:59:05,Complex,True,Good
2537,67,4,1,400,604,1214,0.002825,5,2024-10-30 20:36:24,Medium,False,Good
2538,155,4,1,2213,1865,2899,0.010138,4,2024-06-07 20:30:40,Medium,False,Good
2539,189,4,1,747,657,1576,0.003482,4,2024-12-05 11:25:09,Medium,True,Good
2540,311,2,2,954,1400,1327,0.012133,3,2024-08-02 00:48:46,Medium,True,Good
2541,329,4,7,372,391,1636,0.001856,4,2024-09-10 19:00:44,Simple,True,Good
2542,347,4,6,724,651,877,0.003184,5,2024-03-18 02:44:40,Medium,False,Good
2543,271,4,8,1425,1699,3864,0.009053,2,2024-01-30 21:35:39,Medium,True,Fair
2544,44,1,6,686,855,1658,0.008804,5,2024-10-20 23:15:05,Medium,False,Excellent
2545,44,2,6,735,1068,2436,0.008647,5,2024-09-19 15:19:22,Medium,True,Excellent
2546,107,1,3,898,1016,3687,0.011156,3,2024-03-21 21:35:16,Medium,False,Good
2547,486,3,3,896,750,2925,0.005643,5,2024-09-08 04:11:31,Medium,True,Good
2548,275,2,6,813,838,907,0.00726,4,2024-02-08 14:07:05,Medium,True,Excellent
2549,448,4,1,586,939,3181,0.005149,4,2024-06-29 17:20:42,Medium,True,Good
2550,103,4,3,1773,1957,1221,0.009495,3,2024-06-04 04:29:08,Medium,True,Good
2551,203,2,3,1498,1715,1372,0.012696,3,2024-11-24 10:34:37,Medium,True,Good
2552,425,4,5,1054,970,1382,0.004384,4,2024-05-14 13:12:28,Medium,True,Good
2553,3,4,2,1391,1547,1342,0.007245,4,2024-12-14 05:06:08,Medium,True,Good
2554,448,4,6,511,568,1430,0.00311,5,2024-09-27 01:12:17,Medium,False,Good
2555,105,2,5,745,770,2780,0.006318,4,2024-08-21 21:45:40,Medium,True,Excellent
2556,37,4,6,1011,1192,2171,0.006398,4,2024-01-13 09:13:34,Medium,False,Good
2557,251,1,5,1577,1833,500,0.019245,3,2024-08-10 19:37:00,Medium,True,Good
2558,278,4,7,135,142,2875,0.000779,4,2024-04-23 22:25:17,Simple,True,Good
2559,322,1,3,122,168,3306,0.001555,2,2024-02-01 00:50:04,Simple,False,Fair
2560,424,4,2,571,849,3018,0.004372,5,2024-03-15 00:36:01,Medium,False,Good
2561,140,1,2,533,722,533,0.006998,4,2024-02-12 23:21:26,Medium,True,Excellent
2562,84,1,5,71,102,2572,0.001012,5,2024-02-18 00:55:23,Simple,True,Excellent
2563,329,4,2,1060,1087,1446,0.005389,4,2024-04-12 18:13:57,Medium,False,Good
2564,274,4,2,649,1013,1159,0.005047,2,2024-07-01 00:41:05,Medium,False,Fair
2565,490,1,2,588,525,510,0.005145,5,2024-11-24 20:02:01,Medium,True,Excellent
2566,230,4,2,1687,1442,787,0.007058,4,2024-02-22 23:17:44,Medium,True,Good
2567,127,4,1,277,240,2014,0.001095,4,2024-04-19 19:47:48,Simple,True,Good
2568,76,2,2,2942,2666,951,0.020803,4,2024-06-23 14:06:00,Complex,True,Excellent
2569,280,4,8,968,1070,1838,0.005154,1,2024-06-10 13:57:58,Medium,False,Fair
2570,69,4,1,1159,1074,1690,0.005045,4,2024-07-10 03:26:47,Medium,True,Good
2571,122,1,2,359,306,1451,0.003002,4,2024-12-21 05:59:37,Simple,True,Excellent
2572,90,3,1,406,533,4200,0.003568,4,2024-07-27 16:15:08,Medium,False,Good
2573,311,2,7,180,233,6669,0.002039,4,2024-05-02 12:54:28,Simple,True,Excellent
2574,355,4,4,990,1097,2386,0.005079,3,2024-04-11 09:21:12,Medium,True,Good
2575,45,4,6,715,823,2598,0.003715,4,2024-07-11 05:28:24,Medium,False,Good
2576,228,1,3,819,895,633,0.009593,5,2024-05-15 18:28:22,Medium,True,Excellent
2577,317,1,8,1016,1299,1693,0.014231,5,2024-02-23 05:08:31,Medium,True,Excellent
2578,356,4,1,550,859,2231,0.0045,4,2024-09-17 15:10:59,Medium,True,Good
2579,270,3,7,349,482,1072,0.003421,4,2024-06-10 02:16:21,Simple,False,Good
2580,432,4,4,210,294,1376,0.00151,5,2024-08-16 19:28:05,Simple,True,Good
2581,315,2,3,509,499,2524,0.004248,5,2024-03-08 04:29:58,Simple,True,Excellent
2582,214,4,2,452,600,1345,0.00316,5,2024-12-19 07:23:02,Medium,True,Good
2583,42,4,3,1006,1098,3603,0.005582,2,2024-04-30 12:20:39,Medium,False,Fair
2584,410,2,1,817,1315,1808,0.010573,5,2024-11-22 07:59:33,Medium,False,Excellent
2585,76,1,2,1004,903,1526,0.009761,4,2024-10-18 23:07:46,Medium,True,Excellent
2586,228,4,2,520,784,1125,0.003547,4,2024-05-23 12:55:21,Medium,True,Good
2587,142,4,2,891,769,3851,0.003966,4,2024-09-22 22:56:23,Medium,True,Good
2588,275,3,1,699,643,11702,0.004417,4,2024-07-16 10:04:56,Medium,True,Good
2589,170,1,6,1949,1802,2932,0.017154,3,2024-08-27 09:53:09,Medium,True,Good
2590,140,1,6,372,380,2778,0.0035,2,2024-06-23 04:55:43,Simple,True,Fair
2591,422,4,7,1426,1567,821,0.0077,4,2024-08-08 08:26:22,Medium,True,Good
2592,296,1,7,670,689,1923,0.006467,3,2024-10-27 04:06:30,Medium,False,Good
2593,316,5,3,1441,1879,2278,0.005928,5,2024-12-17 09:06:30,Medium,False,Good
2594,233,2,2,1453,2040,1381,0.017293,1,2024-02-04 07:57:30,Complex,True,Fair
2595,336,1,2,1079,1058,1154,0.011207,3,2024-01-13 08:19:13,Medium,True,Good
2596,106,2,2,370,367,1592,0.003004,5,2024-01-05 11:49:45,Simple,False,Excellent
2597,168,4,4,915,1222,4164,0.006294,2,2024-02-22 03:09:16,Medium,True,Fair
2598,480,4,1,1018,1559,2460,0.007876,3,2024-06-04 20:43:26,Medium,False,Good
2599,281,4,5,460,486,1155,0.002202,3,2024-02-08 18:02:00,Simple,False,Good
2600,187,4,8,3042,3718,1361,0.017898,4,2024-05-05 14:43:28,Complex,True,Good
2601,256,2,1,632,670,2496,0.005205,5,2024-10-05 23:00:34,Medium,True,Excellent
2602,55,4,1,1348,1771,3213,0.009437,4,2024-01-10 17:02:21,Medium,True,Good
2603,498,2,1,375,358,3554,0.003001,4,2024-08-27 19:33:23,Simple,True,Excellent
2604,470,1,5,854,1164,1841,0.012136,5,2024-12-03 13:46:40,Medium,True,Excellent
2605,136,3,2,2920,3915,1368,0.027474,5,2024-06-14 19:06:04,Complex,True,Good
2606,34,1,3,1237,1240,1298,0.011472,5,2024-12-04 13:37:05,Medium,True,Excellent
2607,427,5,2,457,556,1035,0.001504,4,2024-09-05 15:07:51,Medium,True,Good
2608,172,4,1,627,787,1409,0.003732,4,2024-03-10 19:55:08,Medium,False,Good
2609,74,1,2,524,735,2671,0.007994,2,2024-03-31 12:14:15,Medium,True,Fair
2610,78,1,2,887,865,2769,0.007847,4,2024-08-14 05:50:25,Medium,True,Excellent
2611,133,1,6,2405,2063,5273,0.022501,1,2024-08-27 15:55:41,Complex,True,Fair
2612,21,4,7,2300,2384,1680,0.011531,3,2024-03-08 04:55:41,Complex,True,Good
2613,297,2,1,181,302,794,0.002464,4,2024-08-22 02:39:08,Simple,True,Excellent
2614,277,5,2,194,268,613,0.000724,2,2024-10-17 04:17:12,Simple,True,Fair
2615,200,1,3,272,273,696,0.002955,4,2024-06-05 05:54:16,Simple,True,Excellent
2616,182,1,4,806,980,758,0.009409,4,2024-04-04 13:56:25,Medium,True,Excellent
2617,80,1,6,1096,1166,3727,0.011723,4,2024-10-07 10:43:13,Medium,True,Excellent
2618,177,1,6,2929,3157,2158,0.02869,3,2024-12-11 18:00:51,Complex,True,Good
2619,339,4,4,738,954,2602,0.005023,3,2024-04-21 06:47:42,Medium,True,Good
2620,22,1,1,309,407,2430,0.004387,3,2024-02-01 09:46:14,Simple,True,Good
2621,487,4,1,496,483,1631,0.002388,3,2024-11-21 00:44:28,Simple,True,Good
2622,199,4,1,374,342,760,0.001562,3,2024-06-13 20:20:05,Simple,False,Good
2623,19,4,1,501,534,2158,0.002575,5,2024-02-23 04:26:23,Medium,True,Good
2624,320,4,2,696,1030,2211,0.005606,2,2024-06-02 18:33:15,Medium,True,Fair
2625,63,2,1,274,390,2139,0.002822,2,2024-03-01 23:45:55,Simple,True,Fair
2626,181,1,8,486,763,1060,0.007822,4,2024-07-19 15:01:38,Medium,True,Excellent
2627,487,3,1,511,464,2209,0.003283,3,2024-08-14 10:27:32,Simple,True,Good
2628,51,2,1,1872,1887,3095,0.015255,1,2024-12-23 11:00:36,Medium,True,Fair
2629,85,1,2,789,1057,2820,0.010964,3,2024-03-06 04:10:17,Medium,False,Good
2630,37,3,6,745,972,1211,0.00705,5,2024-06-12 06:37:08,Medium,True,Good
2631,17,4,2,2752,3315,556,0.016364,5,2024-12-02 13:06:05,Complex,True,Good
2632,373,1,6,2588,2158,1618,0.022657,5,2024-02-12 23:50:49,Complex,True,Excellent
2633,299,3,7,3189,2949,657,0.02172,5,2024-04-09 06:41:53,Complex,True,Good
2634,461,5,1,1456,1621,2157,0.004687,3,2024-10-25 03:52:19,Medium,True,Good
2635,169,4,2,2727,4000,2373,0.018965,4,2024-07-16 11:09:11,Complex,False,Good
2636,55,4,1,3038,2641,3520,0.012791,2,2024-02-19 18:43:28,Complex,True,Fair
2637,332,4,3,236,311,1684,0.001629,5,2024-04-17 14:23:07,Simple,True,Good
2638,470,4,4,587,714,1901,0.003754,3,2024-05-09 04:48:15,Medium,False,Good
2639,317,4,5,2273,3410,2978,0.016343,5,2024-09-29 23:35:54,Complex,True,Good
2640,221,4,5,1054,1076,1051,0.005094,2,2024-11-13 01:59:09,Medium,True,Fair
2641,30,1,2,625,547,1562,0.005245,3,2024-10-10 10:20:59,Medium,True,Good
2642,496,3,1,649,646,4106,0.004702,3,2024-07-15 17:16:19,Medium,False,Good
2643,272,5,2,1213,1554,4592,0.004219,3,2024-10-28 19:59:12,Medium,True,Good
2644,113,4,1,1370,1460,1247,0.007336,4,2024-08-02 06:42:13,Medium,True,Good
2645,5,1,3,775,1084,1265,0.010589,5,2024-02-03 16:04:16,Medium,False,Excellent
2646,88,1,1,1133,1308,2601,0.013662,4,2024-09-01 14:22:13,Medium,True,Excellent
2647,333,4,1,1363,1997,1042,0.009313,5,2024-08-10 20:32:07,Medium,True,Good
2648,102,4,3,1255,1496,3027,0.008025,4,2024-10-10 17:33:30,Medium,True,Good
2649,252,1,2,1578,2013,3874,0.020891,5,2024-09-06 00:06:06,Complex,True,Excellent
2650,425,1,3,1060,1352,1302,0.012347,3,2024-06-05 18:48:46,Medium,False,Good
2651,232,2,3,1339,1202,689,0.010116,2,2024-11-05 01:42:41,Medium,False,Fair
2652,133,2,6,1996,2277,1536,0.019776,5,2024-04-08 04:11:27,Complex,True,Excellent
2653,435,5,1,892,1103,2706,0.003174,2,2024-05-17 21:17:57,Medium,False,Fair
2654,390,4,6,995,952,1185,0.005082,4,2024-10-07 05:19:00,Medium,True,Good
2655,68,1,3,726,1075,1255,0.01104,4,2024-09-12 02:35:02,Medium,False,Excellent
2656,272,4,6,879,883,2839,0.004219,3,2024-03-03 00:53:01,Medium,False,Good
2657,327,4,2,649,985,685,0.005414,5,2024-02-22 16:16:32,Medium,True,Good
2658,53,1,2,850,1403,1091,0.014239,3,2024-01-15 14:06:04,Medium,True,Good
2659,162,4,6,668,651,3785,0.003309,4,2024-05-23 10:45:55,Medium,True,Good
2660,398,1,2,849,866,3923,0.008584,4,2024-09-27 21:34:08,Medium,True,Excellent
2661,144,4,1,919,857,1823,0.004221,4,2024-02-05 11:51:31,Medium,True,Good
2662,388,4,1,4125,4000,1360,0.020067,4,2024-10-31 17:41:06,Complex,False,Good
2663,223,4,2,2503,2391,939,0.011627,5,2024-10-22 01:16:09,Complex,True,Good
2664,213,1,1,2720,4000,887,0.042229,4,2024-10-12 02:13:02,Complex,True,Excellent
2665,312,3,8,799,801,2134,0.00521,3,2024-04-21 09:05:17,Medium,True,Good
2666,240,1,7,658,901,2182,0.008557,5,2024-07-15 23:04:59,Medium,True,Excellent
2667,194,4,2,3285,3530,2077,0.017408,4,2024-05-29 07:28:16,Complex,True,Good
2668,88,2,1,690,713,1591,0.005915,4,2024-07-28 09:08:34,Medium,True,Excellent
2669,296,5,2,661,653,2175,0.001959,5,2024-11-04 05:37:44,Medium,True,Good
2670,222,1,1,2612,2336,4461,0.022937,5,2024-06-05 16:00:10,Complex,True,Excellent
2671,15,1,9,2019,1802,4679,0.017027,2,2024-05-21 11:35:08,Medium,True,Fair
2672,224,3,2,1938,1851,2533,0.01259,3,2024-11-30 00:02:11,Medium,False,Good
2673,84,4,3,546,555,1643,0.0027,4,2024-04-30 20:25:14,Medium,True,Good
2674,278,4,6,722,1133,1819,0.005921,2,2024-04-29 13:14:17,Medium,True,Fair
2675,226,1,2,1538,1889,2366,0.019495,4,2024-08-25 09:43:18,Medium,True,Excellent
2676,122,1,6,497,519,2324,0.004761,4,2024-07-10 06:40:58,Medium,True,Excellent
2677,422,2,2,561,919,1373,0.007343,3,2024-09-19 23:33:15,Medium,True,Good
2678,144,3,7,262,288,1232,0.001967,4,2024-06-04 15:26:39,Simple,True,Good
2679,253,1,1,1234,1105,2182,0.011531,1,2024-06-29 12:14:01,Medium,True,Fair
2680,68,3,3,325,412,1374,0.002701,4,2024-10-06 03:24:47,Simple,True,Good
2681,489,2,3,959,1420,2432,0.010934,4,2024-07-10 02:28:03,Medium,True,Excellent
2682,420,2,1,400,659,2925,0.004958,3,2024-02-06 12:53:34,Medium,True,Good
2683,372,3,6,1111,951,1940,0.006436,4,2024-08-22 20:59:11,Medium,False,Good
2684,490,1,1,662,797,1307,0.008696,3,2024-01-23 16:37:45,Medium,True,Good
2685,455,4,1,350,458,1461,0.002244,4,2024-05-17 11:46:33,Simple,True,Good
2686,347,4,1,523,617,2639,0.002828,4,2024-10-18 10:53:44,Medium,True,Good
2687,80,2,5,230,333,1964,0.002901,3,2024-09-28 04:05:29,Simple,False,Good
2688,421,1,3,559,803,2498,0.008736,5,2024-09-09 07:49:14,Medium,True,Excellent
2689,76,1,1,752,969,2619,0.009747,2,2024-12-27 01:06:33,Medium,True,Fair
2690,142,2,2,70,71,2423,0.000516,1,2024-12-06 23:56:16,Simple,False,Fair
2691,220,5,2,486,533,1276,0.00168,4,2024-06-18 18:26:01,Medium,True,Good
2692,325,2,1,1705,2131,1004,0.017693,5,2024-07-07 11:22:16,Complex,True,Excellent
2693,457,2,7,805,796,852,0.006589,4,2024-10-03 19:25:30,Medium,True,Excellent
2694,358,2,1,397,615,2716,0.005143,4,2024-05-31 16:36:58,Medium,True,Excellent
2695,236,3,1,2271,2472,3766,0.016891,4,2024-05-23 15:56:18,Complex,True,Good
2696,41,3,4,4776,4000,1721,0.026288,3,2024-12-30 09:54:07,Complex,True,Good
2697,222,1,1,785,933,2150,0.010037,4,2024-12-16 11:04:45,Medium,True,Excellent
2698,262,3,1,1077,1122,1695,0.007231,5,2024-01-23 10:37:43,Medium,False,Good
2699,411,2,9,854,1115,2119,0.009415,3,2024-05-08 04:30:55,Medium,False,Good
2700,10,4,5,916,1097,3597,0.005219,3,2024-05-29 22:23:03,Medium,False,Good
2701,399,4,6,2997,3128,1543,0.014734,4,2024-07-05 10:37:28,Complex,True,Good
2702,79,4,7,814,997,1111,0.004954,4,2024-12-26 22:57:03,Medium,True,Good
2703,202,2,5,882,959,2098,0.007738,5,2024-01-06 21:34:40,Medium,True,Excellent
2704,289,4,1,464,392,2888,0.001786,4,2024-07-19 09:18:54,Simple,False,Good
2705,224,5,2,355,370,500,0.001111,2,2024-05-02 15:48:31,Simple,False,Fair
2706,266,4,4,431,476,3430,0.002355,4,2024-03-27 10:25:46,Simple,False,Good
2707,48,1,4,948,1004,1063,0.009156,4,2024-11-13 06:21:31,Medium,True,Excellent
2708,314,3,1,1039,1137,2019,0.008307,4,2024-07-25 17:00:17,Medium,False,Good
2709,22,3,1,600,924,5567,0.006348,2,2024-05-12 11:49:56,Medium,True,Fair
2710,332,3,3,1901,1751,1167,0.012437,5,2024-01-30 20:07:23,Medium,True,Good
2711,405,1,2,1243,2049,2262,0.021571,1,2024-05-14 13:20:44,Complex,True,Fair
2712,404,4,3,932,1182,1744,0.005631,4,2024-10-16 01:06:50,Medium,True,Good
2713,239,3,8,405,589,2253,0.004092,5,2024-09-04 04:54:07,Medium,True,Good
2714,209,1,1,771,1161,3368,0.01177,3,2024-11-21 23:12:04,Medium,True,Good
2715,88,1,2,2607,2956,3208,0.026709,4,2024-02-21 15:36:43,Complex,True,Excellent
2716,354,1,1,1380,1401,1070,0.014113,1,2024-04-12 04:50:02,Medium,False,Fair
2717,19,2,2,577,702,620,0.005838,3,2024-11-27 18:15:18,Medium,True,Good
2718,250,1,1,638,992,1407,0.009937,5,2024-04-18 19:48:27,Medium,True,Excellent
2719,247,1,2,1195,1432,3727,0.012971,1,2024-03-16 07:00:10,Medium,True,Fair
2720,229,1,1,691,684,2733,0.007209,4,2024-07-14 15:15:01,Medium,True,Excellent
2721,243,1,6,1156,1887,7615,0.020509,4,2024-12-06 06:26:03,Medium,True,Excellent
2722,155,4,9,978,1121,1654,0.005719,5,2024-07-08 23:14:34,Medium,True,Good
2723,73,5,1,2589,4000,750,0.011123,2,2024-05-12 23:41:46,Complex,False,Fair
2724,129,3,3,1477,2144,1461,0.013908,4,2024-07-07 05:54:24,Complex,True,Good
2725,140,1,4,790,675,3033,0.006454,5,2024-03-12 10:11:13,Medium,True,Excellent
2726,471,4,9,415,399,2027,0.00205,3,2024-01-16 14:45:12,Simple,True,Good
2727,291,4,4,628,809,2849,0.004019,3,2024-11-03 06:45:01,Medium,True,Good
2728,403,1,2,330,453,500,0.004374,2,2024-11-02 09:05:46,Simple,True,Fair
2729,116,3,7,317,517,500,0.003903,4,2024-10-04 19:23:14,Medium,False,Good
2730,437,4,2,300,298,1480,0.001514,4,2024-05-14 08:34:03,Simple,False,Good
2731,56,3,6,440,549,773,0.003923,5,2024-04-05 10:04:50,Medium,False,Good
2732,93,2,4,1384,1350,998,0.010488,5,2024-03-11 14:52:00,Medium,False,Excellent
2733,191,1,1,1508,1319,1149,0.014388,4,2024-04-25 10:56:54,Medium,True,Excellent
2734,188,4,5,986,1021,2142,0.005536,5,2024-08-31 16:02:02,Medium,True,Good
2735,454,4,2,1088,1015,1770,0.004569,5,2024-05-01 14:49:08,Medium,False,Good
2736,278,1,7,811,962,1487,0.00997,5,2024-10-26 04:48:48,Medium,True,Excellent
2737,189,1,3,1449,1752,1053,0.017857,4,2024-04-16 12:30:01,Medium,True,Excellent
2738,212,2,6,1445,1897,1306,0.015794,5,2024-04-30 16:51:21,Medium,True,Excellent
2739,345,4,1,445,585,3693,0.00289,5,2024-02-01 22:42:16,Medium,True,Good
2740,282,4,6,1243,1688,908,0.008623,4,2024-02-16 00:55:17,Medium,True,Good
2741,418,2,6,835,1053,1539,0.007754,2,2024-10-31 09:07:05,Medium,False,Fair
2742,89,3,7,1247,1166,5940,0.008693,3,2024-01-14 20:11:46,Medium,True,Good
2743,485,5,4,2562,2592,1909,0.008429,4,2024-03-13 02:36:26,Complex,True,Good
2744,365,2,2,1238,1132,1689,0.008835,5,2024-01-04 02:25:51,Medium,True,Excellent
2745,127,3,1,385,470,2587,0.00331,4,2024-11-24 22:05:48,Simple,True,Good
2746,248,3,2,250,288,1585,0.001827,5,2024-05-28 01:18:08,Simple,False,Good
2747,174,1,1,799,778,3223,0.007413,5,2024-09-14 05:08:59,Medium,True,Excellent
2748,54,1,1,1078,1460,2560,0.014451,4,2024-03-05 21:54:39,Medium,True,Excellent
2749,357,2,2,2968,3497,2131,0.029919,2,2024-05-20 07:33:35,Complex,True,Fair
2750,483,1,1,1867,2042,2667,0.022306,1,2024-06-11 07:21:16,Complex,True,Fair
2751,416,2,8,464,440,2254,0.003561,4,2024-03-08 11:40:18,Simple,True,Excellent
2752,238,1,9,505,464,2114,0.005041,5,2024-03-29 23:36:52,Simple,True,Excellent
2753,482,1,8,648,1038,981,0.009352,4,2024-02-19 03:46:28,Medium,True,Excellent
2754,253,2,6,1416,1418,3689,0.010514,5,2024-12-19 06:23:23,Medium,True,Excellent
2755,470,1,7,1142,1132,2214,0.011669,5,2024-03-24 22:54:00,Medium,True,Excellent
2756,158,1,3,582,910,805,0.00884,2,2024-04-10 20:55:11,Medium,True,Fair
2757,447,1,3,395,545,1880,0.005875,5,2024-08-18 23:59:04,Medium,False,Excellent
2758,409,1,3,576,942,1502,0.008691,5,2024-04-16 19:38:44,Medium,True,Excellent
2759,353,3,6,701,908,832,0.006914,4,2024-10-05 01:50:47,Medium,True,Good
2760,412,4,2,394,390,1845,0.002021,2,2024-06-18 06:42:06,Simple,True,Fair
2761,400,1,1,1319,1140,1858,0.011497,4,2024-06-07 18:50:28,Medium,False,Excellent
2762,333,4,6,1202,1002,500,0.004711,3,2024-10-01 05:03:23,Medium,False,Good
2763,20,4,1,851,915,2027,0.004837,1,2024-12-27 02:43:33,Medium,True,Fair
2764,242,4,2,331,469,4475,0.002244,4,2024-12-02 22:17:25,Simple,True,Good
2765,383,1,9,570,623,1126,0.006613,3,2024-12-01 05:50:59,Medium,False,Good
2766,115,1,2,617,942,903,0.010309,3,2024-08-20 05:17:56,Medium,True,Good
2767,45,1,1,327,384,2086,0.003648,5,2024-03-29 18:36:11,Simple,True,Excellent
2768,36,1,3,435,376,1338,0.003985,4,2024-05-31 09:47:01,Simple,True,Excellent
2769,312,1,3,474,660,1809,0.005994,2,2024-07-06 00:45:04,Medium,True,Fair
2770,468,1,2,2255,1888,2564,0.019076,5,2024-09-06 06:14:30,Medium,True,Excellent
2771,252,1,2,528,638,2285,0.006284,3,2024-12-19 17:40:49,Medium,True,Good
2772,311,3,4,580,552,3534,0.004117,4,2024-11-21 00:25:14,Medium,True,Good
2773,189,4,8,1092,1564,1039,0.007285,5,2024-02-15 09:31:19,Medium,False,Good
2774,297,3,7,750,673,3836,0.004666,3,2024-07-27 00:05:15,Medium,True,Good
2775,182,2,3,1126,1415,2580,0.012146,3,2024-10-27 23:34:23,Medium,False,Good
2776,75,1,1,632,792,1651,0.007942,5,2024-05-03 04:48:44,Medium,True,Excellent
2777,258,4,2,388,469,941,0.002486,4,2024-01-17 08:26:56,Simple,True,Good
2778,340,4,8,1635,1876,2466,0.010005,5,2024-04-18 06:29:32,Medium,False,Good
2779,415,1,6,827,1201,5757,0.011667,4,2024-01-02 11:51:47,Medium,True,Excellent
2780,170,3,5,2593,3663,3315,0.024725,4,2024-03-08 22:04:27,Complex,True,Good
2781,96,1,6,280,269,5013,0.002796,1,2024-08-26 17:09:36,Simple,False,Fair
2782,209,1,1,405,664,5372,0.006694,4,2024-05-21 11:09:34,Medium,True,Excellent
2783,3,4,1,328,335,3708,0.001744,5,2024-09-18 13:57:58,Simple,True,Good
2784,92,1,6,475,745,4502,0.007168,2,2024-08-09 16:13:06,Medium,True,Fair
2785,23,4,2,2056,1886,1088,0.009532,4,2024-01-25 00:46:17,Medium,True,Good
2786,165,3,6,1618,1593,1646,0.010163,3,2024-10-18 15:01:33,Medium,True,Good
2787,431,4,2,2161,2096,2622,0.011187,3,2024-07-26 21:00:27,Complex,True,Good
2788,309,4,4,1333,1192,1934,0.005984,4,2024-06-30 09:47:12,Medium,False,Good
2789,72,1,6,3364,4000,827,0.038867,2,2024-12-08 09:32:36,Complex,True,Fair
2790,307,1,1,1175,1235,609,0.011474,3,2024-11-29 23:32:58,Medium,True,Good
2791,143,4,3,704,988,3113,0.005159,3,2024-07-22 20:58:41,Medium,True,Good
2792,261,1,8,885,1248,4157,0.011291,4,2024-05-23 06:59:57,Medium,True,Excellent
2793,485,5,9,1379,1814,1641,0.005593,1,2024-12-29 02:03:05,Medium,True,Fair
2794,35,3,8,1998,2621,1093,0.017189,5,2024-08-24 03:46:31,Complex,True,Good
2795,83,4,3,426,455,1112,0.002221,4,2024-12-12 09:16:26,Simple,True,Good
2796,60,5,2,441,725,2123,0.002088,3,2024-02-27 01:35:24,Medium,True,Good
2797,417,2,7,664,881,1740,0.006833,4,2024-07-06 06:23:08,Medium,True,Excellent
2798,426,2,2,2024,1772,3150,0.01474,5,2024-05-06 22:07:57,Medium,True,Excellent
2799,473,4,6,557,695,1153,0.003438,1,2024-06-14 00:20:15,Medium,True,Fair
2800,455,5,7,460,720,2343,0.002094,3,2024-06-05 15:52:42,Medium,True,Good
2801,139,1,4,352,469,1153,0.004396,4,2024-05-04 23:09:28,Simple,True,Excellent
2802,112,3,2,700,779,2711,0.005258,5,2024-09-08 07:31:06,Medium,True,Good
2803,402,3,2,1273,1485,1675,0.010921,3,2024-12-27 18:27:54,Medium,True,Good
2804,445,4,1,475,661,991,0.003143,4,2024-02-09 10:36:34,Medium,True,Good
2805,426,2,7,2383,2361,1150,0.019989,5,2024-09-19 02:56:06,Complex,True,Excellent
2806,376,1,1,179,284,2447,0.002689,3,2024-07-09 09:32:15,Simple,True,Good
2807,438,2,1,754,781,1486,0.00655,5,2024-06-16 00:28:46,Medium,True,Excellent
2808,219,4,1,368,389,1905,0.001829,4,2024-01-26 20:35:29,Simple,True,Good
2809,384,4,2,579,628,1376,0.003269,1,2024-05-21 20:44:59,Medium,False,Fair
2810,380,4,8,1250,1109,2406,0.005198,3,2024-11-30 21:32:18,Medium,False,Good
2811,61,4,2,1941,1695,2529,0.007637,5,2024-09-29 20:15:57,Medium,True,Good
2812,29,4,1,791,1191,1522,0.006298,3,2024-09-10 12:38:57,Medium,False,Good
2813,183,1,3,679,743,3776,0.008032,4,2024-11-14 03:50:16,Medium,True,Excellent
2814,70,1,1,1106,1222,2342,0.013142,4,2024-01-14 17:53:06,Medium,True,Excellent
2815,158,4,1,813,1069,1723,0.005086,5,2024-04-20 04:45:26,Medium,True,Good
2816,319,5,2,714,897,1110,0.002794,2,2024-07-24 01:28:21,Medium,True,Fair
2817,229,1,1,2553,2142,1882,0.019749,3,2024-11-12 07:54:48,Complex,True,Good
2818,16,1,1,237,219,2266,0.002134,3,2024-09-18 09:42:41,Simple,True,Good
2819,42,4,2,336,484,2501,0.002339,4,2024-08-10 21:02:48,Simple,True,Good
2820,376,2,6,578,855,2571,0.006172,3,2024-04-26 03:17:57,Medium,True,Good
2821,470,5,1,1058,1281,2455,0.003571,5,2024-02-20 08:24:00,Medium,True,Good
2822,404,4,3,1098,978,1800,0.00442,4,2024-06-05 20:46:07,Medium,False,Good
2823,304,3,2,323,413,3849,0.003005,4,2024-09-17 00:25:49,Simple,False,Good
2824,190,3,5,578,536,4336,0.003958,3,2024-07-02 05:57:12,Medium,False,Good
2825,449,1,6,941,836,2681,0.00814,3,2024-10-26 06:00:11,Medium,True,Good
2826,387,2,6,1452,1422,3590,0.011761,5,2024-12-04 06:50:32,Medium,True,Excellent
2827,41,1,9,849,769,5637,0.007796,4,2024-12-27 17:56:29,Medium,False,Excellent
2828,4,4,2,1057,1007,1555,0.004931,5,2024-04-04 18:40:16,Medium,True,Good
2829,108,2,1,533,568,1551,0.004449,3,2024-01-26 02:14:30,Medium,True,Good
2830,56,2,3,489,737,969,0.006232,1,2024-08-30 13:55:54,Medium,True,Fair
2831,325,4,2,192,309,3187,0.00152,3,2024-06-02 05:18:13,Simple,True,Good
2832,245,4,2,436,606,1471,0.003133,4,2024-06-16 20:58:09,Medium,True,Good
2833,34,5,1,3457,4000,2957,0.01129,3,2024-04-15 16:33:47,Complex,True,Good
2834,93,3,1,477,502,1364,0.003393,1,2024-06-23 03:16:27,Medium,True,Fair
2835,299,1,1,642,899,2105,0.008782,3,2024-07-05 15:41:53,Medium,True,Good
2836,310,4,6,1028,1450,991,0.006896,2,2024-04-13 10:33:54,Medium,False,Fair
2837,201,4,6,931,1233,1588,0.006164,4,2024-10-13 09:55:14,Medium,False,Good
2838,93,2,7,459,414,951,0.003483,2,2024-05-20 10:38:08,Simple,True,Fair
2839,418,4,6,428,557,1591,0.002964,4,2024-08-20 07:45:33,Medium,False,Good
2840,255,4,2,1437,1405,2756,0.007435,4,2024-02-26 13:11:15,Medium,True,Good
2841,341,2,6,1052,894,2742,0.006782,4,2024-07-25 11:26:59,Medium,True,Excellent
2842,500,1,1,868,1222,940,0.011293,5,2024-12-03 08:51:51,Medium,True,Excellent
2843,274,1,6,803,1290,5016,0.013404,4,2024-04-26 06:32:40,Medium,True,Excellent
2844,311,4,3,1187,1054,5214,0.004999,4,2024-03-23 00:48:37,Medium,True,Good
2845,496,1,3,655,661,893,0.005975,3,2024-11-02 23:57:09,Medium,True,Good
2846,488,3,1,3080,2740,1767,0.019971,4,2024-12-07 15:15:27,Complex,False,Good
2847,445,1,6,1684,2289,2473,0.021832,4,2024-08-10 04:43:28,Complex,True,Excellent
2848,215,4,1,582,811,3385,0.003816,4,2024-03-10 06:55:00,Medium,True,Good
2849,132,5,1,454,660,3581,0.001901,3,2024-05-21 09:59:50,Medium,True,Good
2850,355,1,3,355,428,2261,0.004684,4,2024-12-26 09:23:22,Simple,True,Excellent
2851,349,4,9,468,602,2359,0.002751,4,2024-06-24 11:32:20,Medium,True,Good
2852,403,5,3,197,284,1272,0.000909,2,2024-06-04 17:22:59,Simple,True,Fair
2853,217,4,9,749,627,3517,0.002881,3,2024-11-20 18:17:17,Medium,True,Good
2854,217,1,6,694,942,3282,0.008924,4,2024-08-05 12:55:37,Medium,True,Excellent
2855,206,4,6,434,684,914,0.003179,2,2024-07-18 13:06:16,Medium,True,Fair
2856,153,1,1,268,304,593,0.002812,2,2024-12-17 12:29:08,Simple,True,Fair
2857,392,1,4,1413,1601,1878,0.016586,5,2024-01-13 14:58:09,Medium,True,Excellent
2858,281,4,3,903,844,635,0.004291,4,2024-02-04 10:50:56,Medium,True,Good
2859,105,1,3,245,332,1400,0.003201,2,2024-10-09 10:39:16,Simple,False,Fair
2860,447,4,6,1298,1811,979,0.009698,1,2024-02-18 01:56:35,Medium,True,Fair
2861,202,3,7,889,872,1763,0.006159,4,2024-06-03 07:35:53,Medium,False,Good
2862,432,4,3,702,734,1513,0.003303,3,2024-11-13 11:03:31,Medium,True,Good
2863,437,4,2,1885,1934,564,0.009252,4,2024-09-26 18:45:40,Medium,True,Good
2864,472,2,3,4060,4000,1595,0.029029,3,2024-11-22 09:22:03,Complex,True,Good
2865,192,1,1,548,773,1591,0.007574,3,2024-02-29 00:47:49,Medium,True,Good
2866,132,1,3,906,1474,2850,0.016068,4,2024-07-29 02:02:25,Medium,True,Excellent
2867,27,4,2,1621,1660,563,0.007805,4,2024-12-05 17:05:59,Medium,True,Good
2868,378,4,2,1063,934,2125,0.00488,4,2024-11-19 08:08:53,Medium,True,Good
2869,304,1,2,3108,3060,1908,0.029668,4,2024-01-24 23:52:42,Complex,True,Excellent
2870,116,4,1,493,599,1291,0.002745,1,2024-11-25 12:53:21,Medium,True,Fair
2871,313,2,1,1471,1758,2980,0.012698,3,2024-05-10 04:09:54,Medium,True,Good
2872,104,1,8,377,360,1405,0.00332,3,2024-12-22 16:00:15,Simple,True,Good
2873,56,3,5,3354,4000,2679,0.027537,3,2024-09-24 02:45:13,Complex,False,Good
2874,258,4,1,1434,1343,1700,0.006187,3,2024-02-10 15:46:13,Medium,False,Good
2875,253,1,1,569,622,1364,0.006579,4,2024-11-01 07:05:49,Medium,True,Excellent
2876,401,4,2,874,768,876,0.00368,4,2024-05-08 16:51:35,Medium,False,Good
2877,462,1,2,357,301,1123,0.002941,5,2024-03-17 19:29:37,Simple,True,Excellent
2878,423,3,1,1691,2446,3091,0.017113,5,2024-08-13 23:48:51,Complex,False,Good
2879,253,4,6,1083,1309,3685,0.006851,5,2024-07-30 04:47:28,Medium,True,Good
2880,126,1,6,1051,992,2690,0.009654,4,2024-01-23 23:52:51,Medium,True,Excellent
2881,298,4,7,2143,2270,1737,0.01058,4,2024-05-24 03:14:26,Complex,True,Good
2882,400,1,3,2571,2395,4121,0.02469,4,2024-08-25 20:35:30,Complex,True,Excellent
2883,112,1,2,281,328,1126,0.003363,1,2024-05-30 07:59:45,Simple,True,Fair
2884,91,2,6,1703,1532,3752,0.012374,3,2024-07-19 11:56:24,Medium,True,Good
2885,494,4,1,1392,1181,1872,0.005763,5,2024-01-13 09:24:12,Medium,True,Good
2886,429,1,2,1273,1865,3994,0.017448,4,2024-02-24 00:41:33,Medium,True,Excellent
2887,25,1,1,1081,959,2254,0.009324,4,2024-10-28 12:04:01,Medium,True,Excellent
2888,323,2,4,489,805,1132,0.006374,5,2024-01-10 10:36:49,Medium,True,Excellent
2889,113,1,6,821,930,3372,0.009926,5,2024-09-27 16:54:31,Medium,True,Excellent
2890,400,1,3,211,234,4948,0.002532,1,2024-12-26 15:37:32,Simple,True,Fair
2891,398,1,5,939,1512,2513,0.014284,5,2024-11-20 11:03:05,Medium,True,Excellent
2892,390,1,2,233,355,735,0.003761,4,2024-05-16 13:57:42,Simple,True,Excellent
2893,271,4,7,1562,1912,5044,0.008831,4,2024-09-18 12:24:01,Medium,True,Good
2894,499,1,2,1351,1216,635,0.010968,3,2024-08-09 15:15:54,Medium,False,Good
2895,185,1,8,545,508,1234,0.005308,4,2024-12-22 14:12:00,Medium,True,Excellent
2896,67,1,2,262,345,2674,0.003517,3,2024-01-03 10:47:45,Simple,False,Good
2897,82,4,8,589,646,2730,0.003203,4,2024-02-11 09:09:29,Medium,True,Good
2898,262,3,2,1592,1696,947,0.010984,5,2024-05-27 15:57:28,Medium,True,Good
2899,111,3,1,1599,2023,974,0.015197,4,2024-02-21 22:28:37,Complex,True,Good
2900,155,4,4,412,476,4960,0.002593,3,2024-01-06 20:32:50,Simple,True,Good
2901,245,1,1,789,708,703,0.006735,4,2024-03-06 06:32:09,Medium,True,Excellent
2902,352,4,1,169,252,682,0.001214,4,2024-03-02 03:03:16,Simple,True,Good
2903,195,1,1,1148,1476,2010,0.01443,5,2024-10-29 04:34:15,Medium,True,Excellent
2904,353,4,2,776,972,1128,0.004628,3,2024-02-07 12:02:24,Medium,True,Good
2905,313,5,7,1293,1544,2137,0.004437,3,2024-05-09 06:11:16,Medium,False,Good
2906,257,3,5,423,502,2868,0.003308,5,2024-12-19 15:04:18,Medium,True,Good
2907,100,3,3,957,899,1337,0.005965,2,2024-07-11 21:39:39,Medium,True,Fair
2908,223,1,2,363,498,5709,0.004777,3,2024-02-17 20:34:26,Simple,True,Good
2909,50,1,3,3036,2816,2137,0.025866,5,2024-04-27 20:44:36,Complex,True,Excellent
2910,63,1,1,1122,1019,7194,0.010134,4,2024-12-14 21:21:38,Medium,True,Excellent
2911,98,4,2,781,1096,1598,0.005821,5,2024-02-03 18:37:34,Medium,True,Good
2912,15,3,2,868,1432,2362,0.010253,4,2024-02-05 16:03:02,Medium,True,Good
2913,49,4,9,2508,2955,1154,0.015604,5,2024-10-07 20:16:06,Complex,True,Good
2914,192,4,2,476,687,3409,0.003143,4,2024-10-23 20:21:17,Medium,True,Good
2915,30,1,1,1949,1802,1628,0.016758,5,2024-04-04 20:15:43,Medium,True,Excellent
2916,107,4,2,570,743,2243,0.003415,5,2024-10-04 20:56:10,Medium,False,Good
2917,4,2,2,1420,1232,2777,0.01003,3,2024-05-05 07:03:07,Medium,True,Good
2918,233,2,3,2139,1830,2205,0.015348,2,2024-12-13 03:22:06,Medium,True,Fair
2919,198,4,1,1492,1486,1820,0.007558,5,2024-01-09 19:53:01,Medium,True,Good
2920,4,4,1,2115,1917,6271,0.010352,1,2024-06-26 11:09:57,Medium,True,Fair
2921,469,1,2,1623,1521,3348,0.015805,2,2024-12-08 13:43:45,Medium,True,Fair
2922,33,4,6,370,374,500,0.001729,3,2024-06-12 16:47:36,Simple,True,Good
2923,456,2,1,979,1028,3497,0.008242,4,2024-10-17 12:09:37,Medium,True,Excellent
2924,428,4,2,433,629,2563,0.003025,4,2024-02-29 06:10:21,Medium,True,Good
2925,258,1,3,714,1161,2076,0.010823,3,2024-10-04 22:48:53,Medium,True,Good
2926,418,4,1,2084,2083,1263,0.010139,4,2024-03-26 07:09:42,Complex,True,Good
2927,165,4,2,798,1015,1372,0.005044,5,2024-01-25 18:02:00,Medium,False,Good
2928,386,2,6,242,313,1814,0.002376,5,2024-10-14 22:24:58,Simple,True,Excellent
2929,194,1,2,976,1324,2793,0.012826,5,2024-08-13 17:30:40,Medium,True,Excellent
2930,338,5,7,1364,1204,5813,0.003559,5,2024-03-13 06:44:21,Medium,True,Good
2931,190,1,4,979,1251,1241,0.013693,3,2024-02-07 19:24:42,Medium,True,Good
2932,391,4,1,1205,1155,1078,0.005294,4,2024-11-15 03:25:03,Medium,True,Good
2933,423,4,6,2283,2174,1608,0.010261,2,2024-07-02 10:54:51,Complex,True,Fair
2934,236,4,6,165,213,1637,0.001045,4,2024-11-06 08:40:41,Simple,False,Good
2935,273,4,3,1698,1884,930,0.009869,4,2024-04-12 12:59:32,Medium,True,Good
2936,344,1,1,2261,2516,2378,0.024386,4,2024-02-05 10:27:21,Complex,True,Excellent
2937,136,3,1,151,181,1984,0.001165,5,2024-07-08 19:38:09,Simple,False,Good
2938,500,2,3,1532,2459,2441,0.019217,4,2024-07-24 23:57:12,Complex,True,Excellent
2939,12,4,1,1557,1899,2300,0.009847,2,2024-01-15 10:23:00,Medium,False,Fair
2940,308,4,5,627,703,1639,0.00365,5,2024-10-13 05:05:50,Medium,False,Good
2941,418,1,4,619,714,1519,0.006503,3,2024-06-27 10:54:18,Medium,True,Good
2942,368,1,2,720,683,2743,0.007051,5,2024-06-17 10:47:52,Medium,True,Excellent
2943,212,2,6,818,1321,6191,0.011457,4,2024-10-29 21:53:11,Medium,True,Excellent
2944,388,4,1,632,841,2318,0.004021,4,2024-08-08 18:19:22,Medium,False,Good
2945,394,4,8,169,281,1210,0.00136,3,2024-03-31 09:12:29,Simple,True,Good
2946,384,4,2,549,883,872,0.004424,5,2024-02-23 22:43:17,Medium,False,Good
2947,151,1,6,314,458,649,0.004777,4,2024-08-23 11:52:50,Simple,True,Excellent
2948,122,4,2,2637,3107,1892,0.015074,4,2024-03-09 03:07:26,Complex,False,Good
2949,360,4,6,928,1040,5299,0.005649,2,2024-05-29 23:06:21,Medium,True,Fair
2950,183,4,6,592,630,2309,0.003449,3,2024-10-24 06:09:27,Medium,True,Good
2951,229,5,2,3284,3954,2745,0.012623,4,2024-03-12 14:45:34,Complex,True,Good
2952,103,4,7,496,804,8376,0.004221,4,2024-04-21 06:43:26,Medium,False,Good
2953,340,4,5,1239,1646,2258,0.008504,4,2024-10-20 10:00:41,Medium,True,Good
2954,120,1,4,1078,1532,1139,0.014418,4,2024-10-25 18:48:20,Medium,False,Excellent
2955,117,3,6,1418,1559,733,0.011827,4,2024-01-28 00:09:02,Medium,True,Good
2956,394,4,9,728,683,991,0.003394,5,2024-04-02 18:55:52,Medium,True,Good
2957,39,1,1,1153,1460,1526,0.014263,4,2024-12-04 09:18:10,Medium,True,Excellent
2958,10,1,3,1462,2331,2701,0.024526,2,2024-12-12 10:20:48,Complex,True,Fair
2959,214,1,3,2071,1834,1334,0.020124,4,2024-12-12 07:15:56,Medium,True,Excellent
2960,312,1,5,1738,1869,2819,0.019575,4,2024-04-03 12:57:50,Medium,True,Excellent
2961,192,4,1,1444,1366,2766,0.007032,3,2024-09-02 03:43:39,Medium,True,Good
2962,43,1,1,1201,1120,803,0.011177,1,2024-09-24 10:20:39,Medium,True,Fair
2963,283,1,3,673,846,500,0.00852,3,2024-03-30 15:06:29,Medium,True,Good
2964,314,2,2,541,495,1130,0.003565,3,2024-05-22 03:17:15,Simple,False,Good
2965,145,1,6,1348,1272,790,0.011687,3,2024-12-08 19:19:15,Medium,True,Good
2966,218,1,2,1503,1724,1046,0.017043,5,2024-02-07 13:59:26,Medium,True,Excellent
2967,471,1,6,851,820,2032,0.008504,4,2024-10-07 03:13:02,Medium,False,Excellent
2968,223,4,2,652,722,4715,0.003878,4,2024-08-07 03:31:26,Medium,True,Good
2969,442,5,1,857,950,1727,0.003054,4,2024-02-17 19:53:25,Medium,True,Good
2970,223,5,2,2465,2698,1830,0.008015,2,2024-03-16 23:27:43,Complex,True,Fair
2971,315,5,5,198,302,981,0.000837,5,2024-02-29 13:37:53,Simple,True,Good
2972,169,4,2,557,475,1556,0.002148,3,2024-07-19 07:14:00,Simple,False,Good
2973,56,4,7,1086,1773,3107,0.008975,4,2024-06-11 09:35:58,Medium,True,Good
2974,281,1,1,1227,1319,3305,0.01391,4,2024-03-08 19:08:25,Medium,True,Excellent
2975,398,1,8,330,537,1005,0.004937,2,2024-03-22 08:04:06,Medium,True,Fair
2976,74,2,1,290,443,562,0.003694,2,2024-06-19 11:30:20,Simple,False,Fair
2977,176,4,2,1852,2194,1159,0.010798,4,2024-09-10 01:22:53,Complex,True,Good
2978,149,1,7,988,1327,1387,0.014452,4,2024-07-08 20:04:42,Medium,True,Excellent
2979,55,4,1,1171,1033,1362,0.005508,5,2024-02-28 19:35:06,Medium,False,Good
2980,243,2,2,422,577,2519,0.004884,3,2024-03-28 23:08:08,Medium,True,Good
2981,227,1,2,1316,1187,2314,0.011446,3,2024-05-22 16:15:21,Medium,True,Good
2982,471,4,6,3926,4000,3402,0.019706,5,2024-12-29 03:06:20,Complex,True,Good
2983,13,3,2,780,1064,786,0.006808,5,2024-02-13 21:02:25,Medium,False,Good
2984,451,1,4,418,384,3522,0.003848,3,2024-03-24 03:42:33,Simple,True,Good
2985,27,4,2,462,544,6602,0.002646,5,2024-10-16 02:51:01,Medium,True,Good
2986,28,4,5,2486,2335,2102,0.010843,4,2024-02-15 00:13:03,Complex,True,Good
2987,200,2,1,2628,3290,2533,0.024093,2,2024-05-06 23:16:44,Complex,False,Fair
2988,223,4,6,483,695,1977,0.003236,4,2024-04-24 16:13:49,Medium,True,Good
2989,193,3,6,1853,2640,1771,0.018339,2,2024-03-22 05:37:50,Complex,True,Fair
2990,468,1,1,2106,2025,923,0.021868,1,2024-03-20 14:38:08,Complex,True,Fair
2991,453,4,1,2221,1869,3059,0.009675,4,2024-04-01 15:04:11,Medium,False,Good
2992,414,4,1,487,673,3313,0.003544,3,2024-11-26 19:31:42,Medium,False,Good
2993,282,2,1,762,721,4734,0.00549,5,2024-05-30 19:47:21,Medium,True,Excellent
2994,242,4,3,2778,2327,1549,0.01253,3,2024-12-06 19:52:31,Complex,False,Good
2995,148,2,7,451,449,2266,0.003873,4,2024-01-12 18:58:30,Simple,False,Excellent
2996,499,4,2,1630,2154,1340,0.011721,4,2024-02-04 23:56:52,Complex,True,Good
2997,421,2,2,414,546,923,0.004261,3,2024-05-25 12:59:36,Medium,False,Good
2998,226,2,1,440,405,1488,0.003204,4,2024-02-16 04:03:28,Simple,True,Excellent
2999,63,4,3,1424,1226,1652,0.006464,3,2024-01-14 04:56:13,Medium,True,Good
3000,366,3,2,228,264,966,0.001985,1,2024-05-27 06:37:22,Simple,True,Fair
3001,483,1,1,1379,1322,1693,0.013614,5,2024-12-26 05:40:13,Medium,True,Excellent
3002,227,4,7,866,1204,1063,0.005857,4,2024-01-10 21:22:53,Medium,True,Good
3003,224,4,6,1373,1428,2108,0.00744,2,2024-11-14 11:38:40,Medium,True,Fair
3004,447,1,9,344,426,987,0.004629,2,2024-05-16 22:31:22,Simple,True,Fair
3005,141,4,7,340,542,2840,0.002598,5,2024-09-01 16:49:55,Medium,True,Good
3006,215,3,3,519,486,1316,0.003442,5,2024-09-29 20:27:16,Simple,True,Good
3007,130,4,7,667,636,1084,0.002903,4,2024-11-29 14:29:25,Medium,False,Good
3008,204,1,9,734,749,1289,0.006865,1,2024-07-30 21:30:41,Medium,False,Fair
3009,50,3,9,1437,1374,5254,0.009685,5,2024-01-26 00:40:23,Medium,True,Good
3010,331,1,6,374,420,880,0.003957,4,2024-10-29 03:05:57,Simple,True,Excellent
3011,313,1,3,3552,4000,3735,0.040462,3,2024-07-29 19:19:00,Complex,True,Good
3012,90,4,9,557,760,1327,0.003873,4,2024-05-04 21:59:59,Medium,True,Good
3013,106,1,2,2081,1895,2450,0.020503,3,2024-10-19 09:07:44,Medium,True,Good
3014,273,1,2,423,603,3868,0.006121,3,2024-08-05 22:56:12,Medium,False,Good
3015,431,4,1,1867,2098,1460,0.009753,4,2024-11-21 09:06:43,Complex,False,Good
3016,256,4,5,4184,3827,1623,0.018462,4,2024-06-22 03:54:27,Complex,False,Good
3017,241,4,3,803,833,1919,0.004545,5,2024-05-24 19:39:33,Medium,True,Good
3018,351,4,4,569,488,2955,0.002301,4,2024-03-01 19:21:11,Simple,False,Good
3019,16,4,1,341,503,2300,0.002324,4,2024-08-22 18:02:44,Medium,True,Good
3020,132,2,5,2649,2683,1120,0.022296,1,2024-08-18 18:05:45,Complex,True,Fair
3021,13,3,9,966,807,2001,0.005612,5,2024-08-31 19:40:11,Medium,True,Good
3022,251,4,5,1396,1342,594,0.007267,1,2024-09-20 05:39:23,Medium,False,Fair
3023,323,5,5,1011,1009,3827,0.002844,4,2024-04-12 14:46:18,Medium,True,Good
3024,416,4,7,459,469,1057,0.002566,3,2024-10-12 19:13:12,Simple,True,Good
3025,362,4,2,1296,1572,2569,0.008123,4,2024-10-30 22:27:26,Medium,True,Good
3026,52,2,3,417,452,4468,0.003678,4,2024-09-12 17:21:18,Simple,True,Excellent
3027,460,1,7,281,293,1740,0.00279,4,2024-09-18 05:45:09,Simple,True,Excellent
3028,420,4,2,2367,2088,7191,0.009943,2,2024-12-11 06:18:52,Complex,True,Fair
3029,256,1,6,272,369,1310,0.003454,3,2024-04-19 23:08:12,Simple,False,Good
3030,350,1,1,277,366,1512,0.003616,4,2024-04-04 18:40:47,Simple,True,Excellent
3031,186,3,6,889,986,3551,0.006802,5,2024-10-16 09:30:25,Medium,True,Good
3032,401,1,2,774,1191,1610,0.0111,4,2024-11-26 00:04:17,Medium,False,Excellent
3033,453,4,3,2120,3121,4367,0.014092,4,2024-02-29 11:30:32,Complex,True,Good
3034,410,4,3,373,312,3664,0.001695,1,2024-12-13 14:33:23,Simple,False,Fair
3035,158,4,6,446,698,1456,0.003349,4,2024-11-14 02:06:06,Medium,True,Good
3036,79,4,7,1112,1668,773,0.008256,4,2024-12-24 11:44:06,Medium,True,Good
3037,393,3,3,2734,2998,1141,0.021272,5,2024-02-07 09:03:02,Complex,True,Good
3038,80,4,6,2229,3214,1619,0.015062,4,2024-06-27 13:49:55,Complex,True,Good
3039,290,4,4,521,862,1581,0.00435,4,2024-01-23 02:03:58,Medium,False,Good
3040,373,1,1,1295,1085,2932,0.010374,4,2024-11-14 19:57:02,Medium,True,Excellent
3041,44,4,2,523,607,1568,0.003337,5,2024-09-24 09:23:26,Medium,True,Good
3042,132,4,2,844,849,2721,0.004045,2,2024-06-25 05:05:46,Medium,False,Fair
3043,363,1,3,548,863,2214,0.008935,3,2024-01-10 20:34:59,Medium,True,Good
3044,395,4,6,1910,1740,1366,0.008321,4,2024-10-15 13:13:34,Medium,True,Good
3045,153,1,6,516,790,1567,0.007253,3,2024-02-24 23:08:28,Medium,True,Good
3046,362,1,2,1284,2055,1374,0.022525,3,2024-06-16 16:53:16,Complex,True,Good
3047,492,4,7,993,933,2636,0.004842,4,2024-11-04 21:59:46,Medium,False,Good
3048,240,2,8,277,322,2415,0.002394,4,2024-01-29 02:47:13,Simple,True,Excellent
3049,43,4,8,1083,1679,1560,0.008961,3,2024-12-29 04:43:21,Medium,True,Good
3050,90,4,8,1840,1588,1294,0.008528,4,2024-09-08 08:53:51,Medium,False,Good
3051,414,4,6,1182,1329,1618,0.006885,3,2024-10-24 18:45:55,Medium,True,Good
3052,264,4,2,617,657,1365,0.003216,4,2024-06-29 03:26:35,Medium,True,Good
3053,80,3,1,1112,1356,922,0.008917,4,2024-06-26 06:17:41,Medium,False,Good
3054,374,4,1,810,1160,3035,0.005722,5,2024-09-23 19:39:10,Medium,True,Good
3055,40,1,7,629,674,2935,0.006616,5,2024-08-01 22:03:38,Medium,True,Excellent
3056,208,5,6,693,719,6287,0.002273,2,2024-06-20 22:19:03,Medium,True,Fair
3057,113,4,4,510,610,826,0.002811,3,2024-01-07 09:28:24,Medium,False,Good
3058,190,2,5,1551,1534,1565,0.011452,5,2024-07-24 20:19:27,Medium,True,Excellent
3059,491,4,6,2284,2929,585,0.016091,1,2024-09-28 02:50:52,Complex,True,Fair
3060,480,3,1,785,1094,1104,0.008353,5,2024-12-18 03:38:12,Medium,True,Good
3061,183,4,6,1629,1906,3880,0.008755,3,2024-05-07 07:07:47,Medium,True,Good
3062,184,1,2,650,834,1090,0.009131,4,2024-03-02 17:02:34,Medium,True,Excellent
3063,420,5,6,1420,1303,1590,0.003947,4,2024-08-17 18:28:45,Medium,True,Good
3064,63,1,3,1729,1573,690,0.01603,3,2024-09-25 14:58:49,Medium,True,Good
3065,44,1,1,444,411,2528,0.004077,4,2024-12-15 08:26:21,Simple,True,Excellent
3066,2,3,6,1097,1087,1181,0.006878,2,2024-02-18 13:24:18,Medium,True,Fair
3067,415,4,2,645,576,2148,0.002914,4,2024-04-08 14:33:27,Medium,False,Good
3068,193,1,7,329,501,3287,0.004629,3,2024-01-05 02:51:22,Medium,True,Good
3069,178,4,3,1310,1111,1252,0.006001,3,2024-12-09 21:07:22,Medium,False,Good
3070,17,3,1,2675,3353,2835,0.024116,5,2024-06-21 00:25:41,Complex,True,Good
3071,379,5,2,521,685,2012,0.001945,4,2024-07-27 03:55:52,Medium,True,Good
3072,202,4,9,339,488,2283,0.002249,4,2024-06-10 06:33:49,Simple,True,Good
3073,284,5,2,226,306,1349,0.000903,4,2024-10-18 23:20:44,Simple,True,Good
3074,152,2,1,148,168,3826,0.001264,3,2024-03-24 08:33:01,Simple,False,Good
3075,242,1,2,1189,1627,500,0.017287,5,2024-09-21 16:05:52,Medium,True,Excellent
3076,357,1,6,786,888,1472,0.009257,5,2024-05-30 19:46:59,Medium,True,Excellent
3077,317,4,7,378,490,2486,0.002597,5,2024-12-28 10:43:02,Simple,False,Good
3078,142,2,2,560,652,2799,0.0051,4,2024-07-17 09:54:41,Medium,True,Excellent
3079,352,4,1,860,1183,1735,0.006217,4,2024-11-05 07:10:12,Medium,True,Good
3080,2,1,9,473,716,2755,0.007079,5,2024-04-07 23:07:22,Medium,True,Excellent
3081,392,4,5,607,607,967,0.003224,5,2024-03-06 18:29:24,Medium,True,Good
3082,45,1,1,466,430,2423,0.004541,1,2024-12-11 01:46:31,Simple,True,Fair
3083,27,3,2,801,686,1958,0.004781,3,2024-04-20 22:29:05,Medium,True,Good
3084,41,4,9,529,677,1528,0.003428,5,2024-03-20 17:31:28,Medium,False,Good
3085,349,2,7,2611,3730,2997,0.029558,3,2024-10-17 12:13:54,Complex,True,Good
3086,144,4,1,1021,1058,3260,0.005135,4,2024-09-15 15:14:54,Medium,True,Good
3087,351,1,6,2041,1763,935,0.018658,2,2024-01-07 09:50:04,Medium,False,Fair
3088,379,5,3,1649,1986,2729,0.006505,4,2024-10-31 21:08:12,Medium,True,Good
3089,308,4,1,1485,1277,1110,0.006087,4,2024-08-11 11:05:53,Medium,False,Good
3090,349,2,4,1492,1316,1822,0.010325,3,2024-11-23 23:53:25,Medium,False,Good
3091,243,1,1,858,1176,1521,0.011115,2,2024-01-29 14:05:37,Medium,True,Fair
3092,280,1,3,159,237,881,0.002449,5,2024-04-11 04:23:23,Simple,True,Excellent
3093,208,3,3,1023,1621,1144,0.01081,5,2024-01-27 05:12:29,Medium,True,Good
3094,295,2,4,782,931,1484,0.008128,5,2024-11-20 02:31:43,Medium,True,Excellent
3095,54,1,2,500,695,885,0.006639,2,2024-03-31 16:29:52,Medium,False,Fair
3096,228,4,2,940,828,2144,0.004177,4,2024-05-25 19:02:53,Medium,False,Good
3097,478,4,9,1658,1724,1055,0.008487,4,2024-02-04 02:45:54,Medium,True,Good
3098,120,4,8,2145,2497,3192,0.011708,5,2024-10-07 18:32:57,Complex,True,Good
3099,271,2,6,1056,1012,995,0.00853,4,2024-02-19 20:00:57,Medium,True,Excellent
3100,24,1,1,508,540,1712,0.005313,5,2024-01-28 18:16:30,Medium,True,Excellent
3101,28,1,8,496,670,1683,0.006387,2,2024-11-27 14:58:56,Medium,True,Fair
3102,296,1,8,502,630,2678,0.006545,4,2024-11-26 20:20:58,Medium,True,Excellent
3103,308,4,4,1077,1033,2448,0.004881,4,2024-10-06 11:34:00,Medium,True,Good
3104,288,2,8,572,819,2923,0.006666,1,2024-07-02 19:09:01,Medium,False,Fair
3105,187,1,6,368,481,3592,0.004737,5,2024-08-21 09:25:57,Simple,True,Excellent
3106,401,1,1,608,872,1329,0.008095,5,2024-04-27 05:34:26,Medium,True,Excellent
3107,111,4,6,1244,1665,685,0.007895,4,2024-02-22 15:04:43,Medium,True,Good
3108,326,1,1,895,802,1693,0.008337,2,2024-05-21 15:03:02,Medium,True,Fair
3109,497,4,5,457,749,1863,0.004042,4,2024-11-19 01:22:49,Medium,False,Good
3110,209,1,1,221,273,797,0.002843,5,2024-04-08 15:17:52,Simple,True,Excellent
3111,226,1,2,857,1019,788,0.010918,1,2024-07-19 17:12:45,Medium,True,Fair
3112,280,1,3,525,545,641,0.005941,5,2024-10-17 16:43:39,Medium,True,Excellent
3113,140,4,8,557,540,3232,0.002922,5,2024-05-15 06:18:27,Medium,False,Good
3114,16,2,1,393,632,2403,0.005375,5,2024-09-16 19:12:50,Medium,True,Excellent
3115,89,3,2,358,318,1407,0.002165,5,2024-09-27 04:39:19,Simple,False,Good
3116,141,1,5,3439,3865,3364,0.035023,5,2024-08-11 21:53:12,Complex,True,Excellent
3117,276,4,8,763,980,500,0.004551,5,2024-12-03 18:21:51,Medium,False,Good
3118,150,1,7,555,660,1116,0.006067,2,2024-11-24 17:20:27,Medium,True,Fair
3119,173,1,7,1380,1501,2507,0.015889,4,2024-09-17 19:26:51,Medium,True,Excellent
3120,361,4,2,3648,4000,2521,0.021152,5,2024-07-04 16:02:10,Complex,True,Good
3121,33,1,9,375,499,2961,0.005365,5,2024-11-22 13:16:37,Simple,True,Excellent
3122,230,1,6,838,801,3096,0.007435,2,2024-08-03 12:12:19,Medium,True,Fair
3123,297,2,1,2182,3186,2452,0.023334,3,2024-10-02 19:03:18,Complex,True,Good
3124,72,2,6,1584,1574,3132,0.01326,5,2024-04-02 03:40:52,Medium,True,Excellent
3125,33,1,2,354,547,2036,0.004946,4,2024-05-01 07:25:07,Medium,True,Excellent
3126,364,3,1,724,1194,1084,0.007686,5,2024-04-10 09:20:59,Medium,True,Good
3127,67,4,1,579,645,1761,0.003257,3,2024-05-05 00:43:33,Medium,True,Good
3128,142,1,2,549,614,3349,0.006354,4,2024-05-07 19:07:13,Medium,False,Excellent
3129,293,4,1,1179,1051,1129,0.004815,3,2024-10-29 13:33:53,Medium,False,Good
3130,116,2,6,1795,2627,1651,0.019975,4,2024-12-14 19:24:05,Complex,True,Excellent
3131,423,4,3,551,478,2331,0.00247,4,2024-06-18 11:33:03,Simple,True,Good
3132,8,1,1,3097,4000,907,0.039864,5,2024-02-04 10:42:31,Complex,True,Excellent
3133,242,4,2,1222,1833,2436,0.009478,5,2024-02-07 17:02:16,Medium,True,Good
3134,187,4,7,863,882,1703,0.00399,5,2024-03-05 14:27:48,Medium,False,Good
3135,375,2,1,2080,1957,3179,0.014862,5,2024-09-29 19:18:37,Medium,True,Excellent
3136,286,1,7,259,425,974,0.004331,4,2024-11-20 00:53:12,Simple,True,Excellent
3137,345,3,3,380,425,1841,0.003235,4,2024-04-27 15:25:29,Simple,True,Good
3138,202,1,6,711,1132,740,0.011657,2,2024-04-06 09:53:45,Medium,True,Fair
3139,69,1,1,965,1099,1627,0.010377,5,2024-03-26 19:35:07,Medium,False,Excellent
3140,296,1,7,652,901,5752,0.008308,4,2024-12-05 03:44:19,Medium,True,Excellent
3141,67,2,6,430,488,3819,0.004121,5,2024-12-22 05:30:54,Simple,True,Excellent
3142,20,4,2,399,489,1256,0.002511,2,2024-05-11 08:23:32,Simple,True,Fair
3143,458,4,3,387,514,500,0.002491,4,2024-08-24 11:19:17,Medium,True,Good
3144,93,1,1,1535,1455,827,0.014921,4,2024-10-28 13:06:43,Medium,True,Excellent
3145,403,5,1,2195,2173,3337,0.006948,5,2024-04-27 09:39:09,Complex,False,Good
3146,431,2,1,412,634,903,0.005024,1,2024-10-12 03:43:35,Medium,True,Fair
3147,65,1,9,726,720,3364,0.007904,5,2024-07-27 15:58:43,Medium,True,Excellent
3148,34,4,1,804,960,2221,0.005027,4,2024-06-05 02:03:31,Medium,True,Good
3149,396,3,1,1484,2374,1234,0.017571,4,2024-05-17 11:31:20,Complex,True,Good
3150,103,1,4,1943,2107,6042,0.019058,5,2024-11-30 06:29:11,Complex,True,Excellent
3151,355,1,8,675,744,1217,0.006886,4,2024-01-27 16:37:14,Medium,True,Excellent
3152,232,1,6,770,986,1619,0.010456,3,2024-09-22 20:28:50,Medium,True,Good
3153,104,2,3,747,702,1530,0.005406,2,2024-06-09 20:20:12,Medium,True,Fair
3154,76,2,1,466,417,640,0.003008,4,2024-04-20 23:35:39,Simple,True,Excellent
3155,101,1,2,872,783,2703,0.007901,3,2024-06-28 06:26:38,Medium,True,Good
3156,351,4,1,415,435,2332,0.002075,5,2024-06-29 11:41:41,Simple,True,Good
3157,316,4,7,260,279,2693,0.001333,4,2024-03-27 21:17:09,Simple,True,Good
3158,269,4,1,122,178,2002,0.000904,5,2024-04-26 16:51:28,Simple,True,Good
3159,452,4,2,3135,3083,2199,0.015482,5,2024-05-19 18:04:24,Complex,True,Good
3160,389,4,2,1570,1956,1641,0.00924,3,2024-08-07 09:42:05,Medium,True,Good
3161,322,1,2,1111,1023,930,0.00922,5,2024-03-30 05:05:41,Medium,True,Excellent
3162,122,1,2,299,430,1942,0.004069,3,2024-02-14 03:33:41,Simple,True,Good
3163,419,1,2,3314,3027,1657,0.028518,3,2024-04-09 16:29:07,Complex,True,Good
3164,132,4,6,836,1148,2558,0.005986,5,2024-06-26 07:42:57,Medium,False,Good
3165,309,3,9,976,968,998,0.006226,3,2024-03-14 23:45:17,Medium,True,Good
3166,395,2,1,583,493,1811,0.003675,4,2024-02-25 15:42:54,Simple,True,Excellent
3167,233,1,2,2142,3560,811,0.032956,3,2024-11-06 20:17:29,Complex,True,Good
3168,396,2,6,726,961,1690,0.008033,4,2024-05-13 14:01:36,Medium,True,Excellent
3169,213,4,1,680,1103,5396,0.005239,4,2024-09-02 09:08:43,Medium,True,Good
3170,48,4,3,813,951,2551,0.004661,4,2024-11-14 09:16:24,Medium,True,Good
3171,177,4,6,393,622,1054,0.003069,4,2024-04-05 11:22:56,Medium,False,Good
3172,271,4,3,983,1581,910,0.00799,3,2024-12-22 14:39:37,Medium,True,Good
3173,106,4,6,498,514,1112,0.002744,5,2024-06-12 12:42:49,Medium,True,Good
3174,50,4,1,2652,2480,1008,0.01213,3,2024-09-16 21:28:46,Complex,True,Good
3175,379,5,3,501,627,832,0.001868,3,2024-11-30 10:21:39,Medium,True,Good
3176,96,1,2,375,569,980,0.005428,4,2024-04-20 21:18:58,Medium,True,Excellent
3177,59,4,1,1871,1711,3981,0.009133,2,2024-07-01 10:13:07,Medium,False,Fair
3178,378,4,1,2192,3345,2214,0.017705,5,2024-08-14 13:03:13,Complex,True,Good
3179,453,2,7,1569,1326,2807,0.010428,4,2024-04-17 14:59:04,Medium,True,Excellent
3180,161,1,1,389,621,4689,0.006252,4,2024-09-13 19:29:56,Medium,True,Excellent
3181,393,2,2,2361,2159,3063,0.018858,4,2024-01-24 15:54:39,Complex,True,Excellent
3182,206,3,1,3985,4000,4238,0.030323,5,2024-02-09 12:00:14,Complex,False,Good
3183,64,4,2,1069,1404,1335,0.007268,4,2024-03-11 10:09:04,Medium,True,Good
3184,109,4,2,804,1099,2242,0.005564,4,2024-04-26 23:45:12,Medium,False,Good
3185,268,4,6,649,930,3078,0.004203,5,2024-06-04 06:16:33,Medium,True,Good
3186,232,1,2,689,603,1156,0.006217,4,2024-09-19 09:45:32,Medium,True,Excellent
3187,162,1,9,796,1036,1807,0.010858,1,2024-02-19 21:59:02,Medium,False,Fair
3188,76,4,2,3116,2606,2903,0.011869,3,2024-08-30 07:47:27,Complex,True,Good
3189,198,1,1,3766,4000,5535,0.040688,5,2024-05-31 00:51:25,Complex,True,Excellent
3190,77,4,7,645,784,3039,0.003769,4,2024-01-29 23:18:00,Medium,False,Good
3191,20,2,1,2046,2076,1300,0.015068,4,2024-01-21 19:50:16,Complex,True,Excellent
3192,155,2,8,703,587,751,0.004311,3,2024-07-23 19:07:43,Medium,True,Good
3193,157,1,4,1607,2486,1174,0.023553,5,2024-08-15 10:11:26,Complex,True,Excellent
3194,217,4,6,628,820,1680,0.003855,4,2024-05-14 05:28:09,Medium,False,Good
3195,94,1,5,877,1290,1524,0.012378,3,2024-08-17 16:06:38,Medium,True,Good
3196,336,4,2,520,558,1262,0.002986,5,2024-01-13 17:28:15,Medium,False,Good
3197,120,2,9,1016,944,720,0.008301,4,2024-11-26 20:14:05,Medium,True,Excellent
3198,91,2,2,835,1182,2435,0.009179,2,2024-10-31 15:59:00,Medium,True,Fair
3199,489,3,2,813,897,1261,0.006652,4,2024-09-16 23:10:14,Medium,True,Good
3200,346,4,1,1586,2218,3566,0.012188,5,2024-07-31 04:27:26,Complex,True,Good
3201,182,2,4,312,505,1757,0.003807,5,2024-09-04 00:38:50,Medium,True,Excellent
3202,168,4,6,1135,1449,943,0.007854,4,2024-02-03 03:09:22,Medium,True,Good
3203,255,1,2,2516,2412,1341,0.025106,4,2024-06-16 05:47:11,Complex,True,Excellent
3204,234,1,6,504,564,2072,0.005387,4,2024-01-20 19:47:02,Medium,True,Excellent
3205,264,4,2,2067,1921,1139,0.008741,4,2024-05-28 08:39:18,Medium,False,Good
3206,202,2,6,578,791,3060,0.006103,4,2024-12-12 14:38:38,Medium,True,Excellent
3207,440,5,9,3783,4000,1279,0.012091,4,2024-08-09 16:15:43,Complex,True,Good
3208,237,4,8,893,1151,1136,0.00546,5,2024-01-04 03:10:56,Medium,False,Good
3209,192,1,1,391,366,2182,0.004021,2,2024-10-19 05:02:24,Simple,True,Fair
3210,498,4,7,443,632,3192,0.003373,4,2024-03-11 19:44:26,Medium,False,Good
3211,352,4,1,529,655,2396,0.003112,2,2024-08-01 13:49:03,Medium,True,Fair
3212,424,3,2,388,386,2105,0.002957,4,2024-03-20 03:28:15,Simple,True,Good
3213,125,1,2,591,787,1328,0.007118,5,2024-01-12 01:47:04,Medium,True,Excellent
3214,494,1,7,799,925,1573,0.009984,4,2024-10-03 13:44:52,Medium,True,Excellent
3215,303,1,1,372,365,2311,0.003913,5,2024-09-06 02:01:01,Simple,True,Excellent
3216,495,1,8,289,323,1685,0.003284,4,2024-08-15 01:22:28,Simple,True,Excellent
3217,122,1,1,889,1189,690,0.010943,4,2024-11-28 19:01:56,Medium,True,Excellent
3218,369,4,2,1853,1643,855,0.008344,4,2024-01-19 04:11:19,Medium,False,Good
3219,403,4,2,804,715,1405,0.003901,1,2024-10-19 02:02:48,Medium,True,Fair
3220,110,4,1,264,394,2155,0.002144,4,2024-09-16 15:10:00,Simple,True,Good
3221,99,1,6,2380,2314,4502,0.021132,5,2024-01-27 13:28:08,Complex,True,Excellent
3222,341,1,7,988,985,1462,0.009538,4,2024-09-14 14:42:57,Medium,True,Excellent
3223,91,4,2,204,301,1302,0.001605,5,2024-05-11 23:44:45,Simple,True,Good
3224,480,1,1,2349,2941,1245,0.027307,2,2024-06-12 16:38:38,Complex,True,Fair
3225,34,1,2,684,868,1359,0.009442,4,2024-07-10 03:19:51,Medium,False,Excellent
3226,351,1,7,650,698,1449,0.00696,2,2024-06-20 02:36:40,Medium,True,Fair
3227,480,2,3,837,741,1642,0.0056,4,2024-10-25 23:00:47,Medium,True,Excellent
3228,499,4,1,381,355,562,0.001661,3,2024-04-13 08:16:28,Simple,True,Good
3229,140,1,2,362,414,1379,0.004124,4,2024-01-30 01:10:16,Simple,True,Excellent
3230,488,1,3,579,742,1256,0.006886,5,2024-12-12 00:42:48,Medium,True,Excellent
3231,371,4,1,1588,2149,1242,0.011133,4,2024-12-30 00:14:31,Complex,True,Good
3232,426,4,2,536,857,1666,0.004451,3,2024-12-28 09:04:00,Medium,True,Good
3233,178,4,1,1580,1496,1343,0.006993,4,2024-07-01 15:57:43,Medium,True,Good
3234,135,2,5,1900,2027,1682,0.015632,2,2024-11-08 17:13:38,Complex,True,Fair
3235,221,4,4,480,517,2579,0.002795,5,2024-02-11 15:21:23,Medium,True,Good
3236,280,4,4,820,1142,1829,0.005385,4,2024-05-22 22:44:39,Medium,True,Good
3237,271,1,4,742,759,865,0.0071,5,2024-06-30 06:44:04,Medium,True,Excellent
3238,144,1,2,326,360,3810,0.003792,5,2024-07-16 04:21:58,Simple,False,Excellent
3239,82,4,1,316,331,519,0.001814,5,2024-12-07 02:44:19,Simple,True,Good
3240,414,2,3,845,711,1034,0.005152,4,2024-12-10 14:34:41,Medium,True,Excellent
3241,198,4,2,644,791,667,0.004075,3,2024-12-02 09:40:32,Medium,True,Good
3242,154,1,2,474,486,1600,0.005255,2,2024-08-25 05:51:10,Simple,True,Fair
3243,341,4,1,983,1075,1269,0.005158,5,2024-08-30 05:55:17,Medium,False,Good
3244,450,4,2,850,1030,2438,0.005413,3,2024-06-08 22:39:50,Medium,True,Good
3245,293,4,1,772,749,1397,0.003896,2,2024-01-09 07:10:31,Medium,True,Fair
3246,59,4,1,512,490,592,0.002578,4,2024-06-15 03:28:37,Simple,True,Good
3247,21,1,6,434,434,5964,0.004757,1,2024-08-13 21:43:43,Simple,True,Fair
3248,271,1,6,2556,4000,2485,0.042458,4,2024-01-13 08:11:25,Complex,True,Excellent
3249,165,1,1,254,259,2049,0.002658,4,2024-09-13 09:05:14,Simple,True,Excellent
3250,439,2,7,2659,3318,3821,0.027451,3,2024-11-22 02:07:34,Complex,True,Good
3251,146,1,8,2332,2526,2194,0.02453,5,2024-11-08 16:29:19,Complex,True,Excellent
3252,303,4,2,1013,1225,1216,0.005862,4,2024-08-03 12:51:21,Medium,False,Good
3253,342,4,5,973,955,2051,0.004828,4,2024-12-24 11:35:54,Medium,False,Good
3254,36,2,7,1853,1876,2358,0.013593,4,2024-05-16 09:31:03,Medium,True,Excellent
3255,274,4,2,422,388,1373,0.001903,4,2024-03-18 13:17:38,Simple,True,Good
3256,255,2,1,1041,1488,1882,0.013037,4,2024-07-21 17:48:29,Medium,True,Excellent
3257,415,4,1,300,407,1095,0.002053,1,2024-02-13 08:49:41,Simple,True,Fair
3258,334,1,2,374,564,1039,0.006031,3,2024-12-08 12:36:41,Medium,True,Good
3259,301,1,4,353,588,2062,0.006452,5,2024-01-29 13:46:27,Medium,True,Excellent
3260,118,1,1,1200,1032,3145,0.010447,5,2024-07-04 12:16:50,Medium,True,Excellent
3261,402,3,2,4239,4000,1167,0.027578,4,2024-02-25 15:46:34,Complex,True,Good
3262,484,2,1,424,541,1390,0.004507,5,2024-08-29 11:29:11,Medium,False,Excellent
3263,300,2,1,723,674,2429,0.00496,3,2024-06-27 20:42:03,Medium,True,Good
3264,310,4,2,1630,1696,1910,0.008459,5,2024-06-12 05:22:23,Medium,False,Good
3265,357,1,6,541,586,4641,0.006197,4,2024-09-02 12:26:02,Medium,True,Excellent
3266,450,2,1,554,753,2628,0.005509,4,2024-06-23 01:52:50,Medium,True,Excellent
3267,342,1,5,828,761,1263,0.007698,5,2024-08-19 16:27:46,Medium,False,Excellent
3268,469,2,2,734,1201,4010,0.010065,4,2024-07-28 12:09:41,Medium,True,Excellent
3269,487,1,1,1862,1653,2281,0.017251,2,2024-05-28 20:19:13,Medium,True,Fair
3270,142,4,1,990,1293,792,0.005989,5,2024-05-11 17:40:46,Medium,True,Good
3271,62,4,6,612,531,3898,0.002811,4,2024-11-21 07:02:56,Medium,False,Good
3272,7,4,1,613,604,1676,0.002964,4,2024-07-18 02:45:46,Medium,True,Good
3273,273,1,2,1168,1037,1210,0.011103,5,2024-12-18 02:15:46,Medium,True,Excellent
3274,409,4,6,1072,1077,4208,0.005137,4,2024-01-03 05:30:45,Medium,True,Good
3275,26,4,7,487,407,3314,0.001945,3,2024-10-18 01:28:09,Simple,False,Good
3276,212,4,2,1416,1593,4726,0.008383,4,2024-12-08 18:12:54,Medium,True,Good
3277,198,1,6,2549,2780,1892,0.026811,5,2024-05-04 02:36:59,Complex,True,Excellent
3278,395,1,1,270,303,2715,0.00333,5,2024-01-10 17:48:49,Simple,True,Excellent
3279,474,3,1,2389,3250,1483,0.021449,2,2024-04-04 20:25:34,Complex,True,Fair
3280,60,4,1,1170,1089,3344,0.005973,2,2024-05-13 22:12:11,Medium,True,Fair
3281,53,4,1,399,571,1085,0.00275,4,2024-09-24 07:13:56,Medium,True,Good
3282,451,1,7,2794,2528,1949,0.02424,4,2024-12-05 09:19:58,Complex,False,Excellent
3283,29,1,6,1390,1830,1591,0.018069,5,2024-01-24 07:37:19,Medium,True,Excellent
3284,205,1,8,820,815,2190,0.00843,4,2024-04-28 02:13:08,Medium,True,Excellent
3285,434,3,2,1497,1761,2155,0.012881,2,2024-07-29 07:27:50,Medium,True,Fair
3286,432,1,1,1061,1280,3813,0.012883,4,2024-11-26 04:53:03,Medium,False,Excellent
3287,272,4,2,903,953,500,0.004704,3,2024-04-10 23:11:32,Medium,True,Good
3288,396,1,1,570,623,933,0.006192,5,2024-10-06 04:09:30,Medium,True,Excellent
3289,358,4,2,234,337,1432,0.001764,3,2024-11-27 02:25:16,Simple,False,Good
3290,30,2,6,665,707,3784,0.005236,5,2024-01-27 21:40:40,Medium,False,Excellent
3291,420,2,1,1941,2100,4798,0.018329,2,2024-04-19 22:02:07,Complex,True,Fair
3292,366,1,1,1294,1764,990,0.016694,4,2024-11-12 16:29:50,Medium,True,Excellent
3293,105,4,5,524,649,627,0.003527,5,2024-09-06 13:33:43,Medium,False,Good
3294,482,2,4,433,677,9882,0.005754,4,2024-07-09 23:06:47,Medium,True,Excellent
3295,16,1,3,763,672,1819,0.007247,5,2024-02-08 06:18:31,Medium,True,Excellent
3296,83,2,1,1828,1904,1238,0.01568,4,2024-05-19 16:22:29,Medium,True,Excellent
3297,275,4,1,1301,1360,2950,0.006335,4,2024-03-01 06:01:09,Medium,False,Good
3298,397,2,1,427,587,2853,0.00428,4,2024-12-07 09:03:06,Medium,False,Excellent
3299,71,1,8,984,1145,1148,0.011327,2,2024-01-24 20:48:13,Medium,True,Fair
3300,112,1,7,201,242,1735,0.002323,4,2024-11-30 12:06:38,Simple,False,Excellent
3301,200,2,1,1402,1564,1184,0.011931,4,2024-01-02 02:00:58,Medium,False,Excellent
3302,350,4,6,4105,3806,1838,0.017343,4,2024-10-31 18:15:06,Complex,True,Good
3303,388,2,6,2525,2729,500,0.021508,3,2024-03-22 09:03:15,Complex,False,Good
3304,178,1,6,608,663,1340,0.006574,4,2024-04-22 17:03:06,Medium,True,Excellent
3305,351,1,1,549,816,3010,0.008837,3,2024-06-17 23:07:51,Medium,False,Good
3306,127,4,1,613,564,4438,0.002756,3,2024-03-25 14:33:53,Medium,False,Good
3307,494,1,2,468,692,1076,0.006589,2,2024-03-11 14:40:40,Medium,False,Fair
3308,301,1,8,1747,1685,3562,0.017696,4,2024-10-27 06:11:32,Medium,True,Excellent
3309,147,3,6,306,302,3059,0.002208,4,2024-10-16 07:33:20,Simple,True,Good
3310,88,3,2,976,918,1449,0.006459,4,2024-09-16 21:33:57,Medium,False,Good
3311,450,3,2,367,366,1636,0.002646,4,2024-11-12 06:29:38,Simple,True,Good
3312,39,1,1,190,270,2224,0.00278,4,2024-08-12 11:24:53,Simple,True,Excellent
3313,200,1,2,1030,955,2030,0.010017,2,2024-09-20 15:29:00,Medium,False,Fair
3314,201,1,2,1121,1291,4345,0.012008,5,2024-07-09 20:48:14,Medium,True,Excellent
3315,83,1,2,763,765,1396,0.008229,5,2024-07-27 17:54:11,Medium,True,Excellent
3316,119,4,9,915,952,3341,0.004318,3,2024-11-04 06:55:24,Medium,False,Good
3317,129,1,1,451,475,2464,0.004417,2,2024-10-03 07:53:14,Simple,False,Fair
3318,345,3,1,477,564,1295,0.004006,4,2024-12-01 04:29:14,Medium,True,Good
3319,413,3,8,455,595,2224,0.003958,2,2024-01-02 00:53:46,Medium,True,Fair
3320,246,2,6,416,470,3467,0.003888,5,2024-10-30 10:33:50,Simple,True,Excellent
3321,338,1,1,304,476,2236,0.004349,4,2024-02-17 02:22:43,Simple,True,Excellent
3322,34,1,3,569,518,1328,0.004675,1,2024-07-08 17:25:39,Medium,False,Fair
3323,309,1,4,315,478,1729,0.005156,4,2024-06-27 19:58:47,Simple,True,Excellent
3324,360,2,3,522,821,1072,0.006877,2,2024-02-23 15:55:35,Medium,True,Fair
3325,180,4,9,278,455,944,0.00226,3,2024-01-19 21:25:05,Simple,True,Good
3326,203,4,8,1053,1078,1760,0.005542,4,2024-06-21 04:44:47,Medium,True,Good
3327,330,4,7,670,622,4980,0.003008,4,2024-10-20 22:29:55,Medium,False,Good
3328,349,1,7,943,845,2123,0.00892,4,2024-09-30 17:25:11,Medium,True,Excellent
3329,299,4,4,1265,1257,1209,0.006444,4,2024-06-07 22:08:20,Medium,True,Good
3330,322,3,6,497,426,1717,0.002858,3,2024-08-13 08:47:40,Simple,True,Good
3331,364,4,2,2753,3259,2095,0.017856,4,2024-09-11 22:23:02,Complex,False,Good
3332,163,5,4,993,907,1593,0.002591,3,2024-06-18 22:27:59,Medium,True,Good
3333,210,4,1,1566,1766,1802,0.008293,5,2024-06-18 17:31:25,Medium,True,Good
3334,144,4,1,1423,1288,3559,0.005877,4,2024-12-18 12:44:49,Medium,False,Good
3335,488,1,2,690,592,1245,0.005474,5,2024-06-19 09:48:50,Medium,True,Excellent
3336,392,1,8,2140,1785,1777,0.016332,4,2024-08-19 14:53:05,Medium,True,Excellent
3337,205,4,4,439,731,2320,0.004016,4,2024-06-04 23:06:53,Medium,True,Good
3338,472,5,7,324,351,1870,0.001092,5,2024-06-20 21:47:11,Simple,True,Good
3339,25,4,9,739,869,1867,0.004472,4,2024-09-22 08:36:17,Medium,True,Good
3340,314,3,1,500,670,3333,0.004234,5,2024-12-08 11:50:15,Medium,True,Good
3341,149,4,6,1575,1834,1946,0.009711,4,2024-04-09 18:04:29,Medium,True,Good
3342,78,2,7,4181,3664,1190,0.03,5,2024-01-04 03:39:18,Complex,False,Excellent
3343,97,1,2,3574,3838,743,0.039292,2,2024-12-30 03:27:16,Complex,True,Fair
3344,218,2,5,899,1305,784,0.011254,5,2024-06-10 05:47:03,Medium,True,Excellent
3345,436,4,2,1134,1685,2429,0.008089,4,2024-02-23 11:46:07,Medium,False,Good
3346,107,4,1,819,948,2121,0.004307,5,2024-05-20 20:55:07,Medium,True,Good
3347,172,4,6,676,694,10596,0.003693,4,2024-02-17 12:02:11,Medium,True,Good
3348,20,4,1,248,333,1869,0.001774,3,2024-02-06 22:12:28,Simple,True,Good
3349,134,4,3,690,801,1680,0.00399,5,2024-06-01 00:23:32,Medium,True,Good
3350,307,1,6,1692,1458,1652,0.014131,4,2024-07-15 02:53:27,Medium,True,Excellent
3351,4,3,1,3003,2739,2108,0.017864,4,2024-06-29 17:28:18,Complex,True,Good
3352,13,1,1,464,516,983,0.005628,4,2024-05-27 13:09:14,Medium,True,Excellent
3353,484,4,5,749,737,3673,0.003643,4,2024-10-25 05:28:42,Medium,True,Good
3354,452,1,6,193,314,1307,0.00302,4,2024-06-02 21:28:53,Simple,True,Excellent
3355,320,1,1,365,469,3761,0.004397,4,2024-02-29 02:13:34,Simple,True,Excellent
3356,484,4,5,579,634,2216,0.003254,4,2024-06-13 06:23:46,Medium,True,Good
3357,261,4,4,464,604,6691,0.003257,4,2024-04-04 02:47:34,Medium,True,Good
3358,328,2,8,1408,1462,1920,0.012531,4,2024-07-20 16:48:12,Medium,True,Excellent
3359,476,3,8,753,675,2030,0.004666,3,2024-03-12 19:32:37,Medium,True,Good
3360,345,4,2,396,357,1769,0.00194,5,2024-01-30 21:00:17,Simple,True,Good
3361,368,4,2,1131,963,1858,0.004834,4,2024-12-18 09:45:24,Medium,True,Good
3362,150,1,1,1402,1328,500,0.013503,4,2024-05-21 07:13:33,Medium,True,Excellent
3363,285,1,7,420,641,4201,0.006934,5,2024-06-17 02:44:29,Medium,False,Excellent
3364,111,3,1,1349,2234,3600,0.015538,4,2024-09-30 12:26:59,Complex,True,Good
3365,364,5,1,563,550,525,0.001778,2,2024-06-06 13:35:24,Medium,True,Fair
3366,269,4,5,2232,2388,500,0.012664,4,2024-02-19 03:23:12,Complex,True,Good
3367,357,4,1,399,512,6891,0.00261,2,2024-05-11 15:38:57,Medium,True,Fair
3368,288,1,8,1862,2575,1194,0.027913,4,2024-06-20 14:44:35,Complex,True,Excellent
3369,285,1,3,373,567,2876,0.005351,3,2024-11-19 03:49:14,Medium,False,Good
3370,154,1,2,577,681,3075,0.006134,2,2024-11-14 13:37:03,Medium,False,Fair
3371,478,3,3,1240,1090,2028,0.007,4,2024-06-20 21:46:09,Medium,False,Good
3372,324,5,3,1831,1826,2805,0.005046,2,2024-04-04 17:15:04,Medium,True,Fair
3373,453,2,1,381,400,1954,0.002943,4,2024-05-01 04:10:50,Simple,True,Excellent
3374,309,1,8,821,1049,1196,0.011083,3,2024-11-01 01:44:03,Medium,True,Good
3375,390,1,1,670,663,3576,0.007083,5,2024-01-21 21:24:30,Medium,True,Excellent
3376,265,1,1,256,352,3223,0.003855,5,2024-01-25 17:27:39,Simple,True,Excellent
3377,29,2,3,363,374,701,0.003088,3,2024-03-26 08:28:45,Simple,True,Good
3378,346,4,2,836,1371,2813,0.006282,4,2024-02-10 12:08:43,Medium,True,Good
3379,93,4,2,2058,3291,2577,0.017103,5,2024-05-09 01:38:20,Complex,True,Good
3380,189,4,9,1069,963,3157,0.004638,4,2024-08-08 19:53:47,Medium,True,Good
3381,102,4,8,306,366,3228,0.001724,4,2024-04-23 18:23:11,Simple,True,Good
3382,387,3,6,515,547,2672,0.003558,4,2024-12-04 11:33:10,Medium,True,Good
3383,9,1,2,954,1510,2873,0.015419,4,2024-01-25 10:29:32,Medium,True,Excellent
3384,139,4,6,1063,893,4233,0.004307,3,2024-05-31 20:06:15,Medium,True,Good
3385,16,5,1,769,823,1213,0.0023,2,2024-08-20 15:33:57,Medium,True,Fair
3386,494,1,1,403,595,2294,0.005941,4,2024-10-11 04:11:46,Medium,True,Excellent
3387,162,4,8,1571,2174,1802,0.011375,4,2024-06-29 13:10:15,Complex,True,Good
3388,30,5,1,835,877,892,0.002381,5,2024-12-23 01:56:56,Medium,True,Good
3389,5,2,2,1275,1619,631,0.014047,4,2024-12-18 03:18:17,Medium,True,Excellent
3390,303,2,1,299,433,1677,0.003552,4,2024-12-19 14:39:48,Simple,True,Excellent
3391,150,4,2,685,799,2096,0.004306,4,2024-01-26 02:08:56,Medium,True,Good
3392,182,1,9,1086,1302,2423,0.012455,4,2024-02-23 06:45:15,Medium,True,Excellent
3393,257,4,2,183,200,3407,0.000995,4,2024-04-29 07:06:47,Simple,True,Good
3394,5,4,1,1114,1107,1329,0.004994,5,2024-10-26 10:27:20,Medium,False,Good
3395,187,4,8,1116,1115,947,0.005229,5,2024-06-24 07:55:06,Medium,True,Good
3396,112,2,3,631,586,552,0.004413,5,2024-05-05 08:45:01,Medium,True,Excellent
3397,76,2,1,1105,1389,1671,0.01204,5,2024-08-13 21:46:12,Medium,True,Excellent
3398,118,2,1,1879,2059,1300,0.015179,4,2024-01-12 12:23:31,Complex,True,Excellent
3399,119,2,7,225,364,1700,0.003162,3,2024-06-18 08:32:22,Simple,True,Good
3400,40,1,9,316,467,3573,0.004611,5,2024-02-22 00:26:45,Simple,True,Excellent
3401,370,4,2,521,710,1158,0.003445,2,2024-12-19 21:07:06,Medium,True,Fair
3402,39,4,6,2856,4000,1347,0.019546,4,2024-04-20 13:10:20,Complex,False,Good
3403,30,4,2,2162,2435,1807,0.011469,4,2024-04-24 15:41:08,Complex,False,Good
3404,317,1,3,1175,1127,848,0.011282,3,2024-07-10 22:30:57,Medium,True,Good
3405,324,2,9,2368,2159,1058,0.016842,3,2024-08-16 03:23:18,Complex,True,Good
3406,300,2,2,940,1103,2415,0.008282,5,2024-05-02 19:00:11,Medium,True,Excellent
3407,292,1,4,502,612,1347,0.00668,5,2024-04-14 09:27:48,Medium,True,Excellent
3408,269,2,9,1411,1218,1240,0.010221,3,2024-01-18 10:53:59,Medium,True,Good
3409,328,1,9,2549,2410,2024,0.025468,4,2024-06-20 13:57:34,Complex,True,Excellent
3410,6,5,1,779,741,751,0.002126,3,2024-10-22 02:23:45,Medium,True,Good
3411,306,1,2,830,1009,3611,0.009931,4,2024-07-17 13:12:16,Medium,True,Excellent
3412,476,2,7,730,807,2180,0.006145,2,2024-08-10 17:27:33,Medium,True,Fair
3413,344,4,1,4730,4000,1145,0.021294,5,2024-02-10 20:31:26,Complex,True,Good
3414,47,3,1,1289,1430,7098,0.009564,4,2024-10-10 00:23:41,Medium,True,Good
3415,221,4,4,1999,1957,500,0.010587,4,2024-11-04 04:14:39,Medium,True,Good
3416,7,1,2,1034,1007,1447,0.010319,1,2024-10-22 04:15:14,Medium,False,Fair
3417,64,4,2,909,1471,1858,0.006865,4,2024-07-21 03:41:52,Medium,True,Good
3418,65,4,8,137,195,4295,0.001053,5,2024-05-30 07:25:15,Simple,True,Good
3419,118,4,3,1912,1953,913,0.009015,5,2024-04-13 18:56:40,Medium,False,Good
3420,394,1,6,271,311,2061,0.002808,5,2024-09-19 00:34:42,Simple,True,Excellent
3421,326,4,1,963,1265,1700,0.005854,4,2024-09-18 16:39:59,Medium,False,Good
3422,410,1,1,565,603,3214,0.00556,4,2024-05-19 17:10:39,Medium,True,Excellent
3423,241,4,2,1140,1139,2184,0.006097,3,2024-09-06 12:21:14,Medium,True,Good
3424,7,4,1,254,253,1680,0.001388,2,2024-10-14 15:24:38,Simple,True,Fair
3425,310,1,2,553,553,2419,0.005544,2,2024-05-11 20:21:52,Medium,False,Fair
3426,478,1,3,666,597,6932,0.005405,4,2024-09-13 01:00:20,Medium,True,Excellent
3427,385,3,5,549,627,2001,0.004449,5,2024-12-27 00:27:16,Medium,True,Good
3428,110,1,1,1251,1445,2277,0.014627,4,2024-03-16 04:04:41,Medium,True,Excellent
3429,303,1,1,1623,1624,727,0.017486,4,2024-02-20 15:41:36,Medium,True,Excellent
3430,470,1,1,1255,1068,3465,0.009926,4,2024-06-12 07:43:37,Medium,True,Excellent
3431,411,2,7,237,285,1610,0.002374,4,2024-12-25 07:35:21,Simple,True,Excellent
3432,165,2,2,780,1195,503,0.009104,5,2024-11-02 17:37:09,Medium,True,Excellent
3433,213,4,1,1271,1204,500,0.006184,3,2024-05-21 05:01:08,Medium,True,Good
3434,29,1,1,1583,1655,2735,0.017938,5,2024-10-21 06:26:38,Medium,True,Excellent
3435,113,4,3,792,769,752,0.003897,4,2024-08-03 07:51:13,Medium,False,Good
3436,38,2,4,770,753,1082,0.005472,4,2024-04-16 07:47:20,Medium,True,Excellent
3437,431,4,1,982,1324,2150,0.00698,4,2024-08-09 11:15:45,Medium,True,Good
3438,284,4,9,1279,1546,799,0.008238,2,2024-05-06 15:07:18,Medium,False,Fair
3439,110,2,1,1890,1622,2698,0.012048,5,2024-07-24 23:30:40,Medium,True,Excellent
3440,354,4,2,745,911,4640,0.00448,2,2024-12-19 03:43:48,Medium,True,Fair
3441,340,4,6,911,1279,2775,0.005786,4,2024-11-12 02:15:51,Medium,True,Good
3442,426,3,9,730,1125,879,0.007477,2,2024-02-17 20:40:02,Medium,True,Fair
3443,492,4,1,1301,1584,1116,0.008697,3,2024-12-04 12:42:03,Medium,False,Good
3444,177,3,2,118,173,1408,0.001212,4,2024-04-20 02:38:14,Simple,False,Good
3445,254,1,5,968,1390,4871,0.012952,4,2024-03-25 23:49:00,Medium,True,Excellent
3446,144,3,7,1225,1176,1176,0.008847,3,2024-05-31 15:59:19,Medium,True,Good
3447,293,4,1,201,320,2449,0.001648,4,2024-04-15 22:44:20,Simple,True,Good
3448,258,1,1,501,450,3059,0.004506,5,2024-03-26 20:48:36,Simple,True,Excellent
3449,499,1,1,279,457,1758,0.004931,5,2024-06-20 14:28:55,Simple,False,Excellent
3450,258,1,1,558,852,1520,0.00909,4,2024-08-20 19:48:52,Medium,True,Excellent
3451,238,4,3,577,542,889,0.002462,5,2024-05-31 07:17:23,Medium,True,Good
3452,30,4,3,972,840,1802,0.003975,2,2024-12-20 05:20:48,Medium,True,Fair
3453,493,4,2,383,552,1417,0.002736,4,2024-08-31 14:28:34,Medium,False,Good
3454,286,1,9,361,393,2294,0.004051,4,2024-12-26 21:30:02,Simple,True,Excellent
3455,162,4,9,831,1263,1646,0.00589,3,2024-03-20 18:12:01,Medium,True,Good
3456,457,2,5,1362,1193,1251,0.008654,4,2024-02-01 04:59:14,Medium,True,Excellent
3457,115,2,6,1243,1235,2404,0.010372,2,2024-09-17 09:37:33,Medium,True,Fair
3458,28,3,1,721,658,1874,0.004157,3,2024-04-18 14:48:35,Medium,True,Good
3459,124,4,2,957,1215,1829,0.005653,4,2024-03-17 19:58:21,Medium,True,Good
3460,414,4,1,750,1238,2729,0.006553,4,2024-01-05 08:01:40,Medium,False,Good
3461,401,1,2,428,564,8478,0.00567,4,2024-05-13 03:05:07,Medium,True,Excellent
3462,34,2,1,509,749,1090,0.005893,4,2024-01-12 09:30:00,Medium,True,Excellent
3463,88,4,1,572,514,2337,0.002564,4,2024-05-19 18:25:28,Medium,False,Good
3464,42,1,2,750,864,5196,0.008753,3,2024-05-12 13:10:52,Medium,True,Good
3465,475,2,2,1609,1602,2674,0.012012,5,2024-05-05 16:03:21,Medium,True,Excellent
3466,270,1,6,2449,2384,1652,0.022573,3,2024-04-30 13:56:56,Complex,False,Good
3467,9,4,2,261,286,2181,0.001392,4,2024-07-24 13:15:50,Simple,False,Good
3468,487,4,3,495,531,1329,0.00286,4,2024-05-20 22:30:48,Medium,True,Good
3469,359,1,1,1269,1063,1592,0.010355,5,2024-04-24 11:54:24,Medium,True,Excellent
3470,328,5,7,1681,2159,500,0.00669,4,2024-04-04 01:24:11,Complex,True,Good
3471,390,4,1,687,887,1900,0.00447,3,2024-02-29 14:40:39,Medium,True,Good
3472,443,1,9,395,359,845,0.00389,4,2024-07-01 13:34:52,Simple,True,Excellent
3473,76,1,1,1299,1162,2476,0.011799,3,2024-04-22 02:45:16,Medium,False,Good
3474,439,4,6,239,298,528,0.00142,4,2024-04-07 04:19:52,Simple,True,Good
3475,45,4,1,505,521,1313,0.002702,1,2024-08-31 23:50:54,Medium,False,Fair
3476,351,5,9,372,344,3543,0.001126,5,2024-04-10 09:12:56,Simple,False,Good
3477,282,4,2,612,624,1137,0.003127,4,2024-08-12 01:13:06,Medium,False,Good
3478,257,1,7,1035,956,2554,0.008937,4,2024-06-02 05:13:33,Medium,True,Excellent
3479,430,1,6,721,918,1673,0.009491,3,2024-09-04 02:48:53,Medium,True,Good
3480,432,1,2,1333,1383,2949,0.014542,5,2024-12-11 19:48:42,Medium,True,Excellent
3481,281,4,3,350,294,2416,0.00134,3,2024-09-21 05:03:31,Simple,True,Good
3482,149,4,2,429,637,2478,0.003113,5,2024-07-30 14:14:29,Medium,False,Good
3483,109,4,9,2767,2717,694,0.013239,4,2024-01-02 19:14:47,Complex,True,Good
3484,487,4,2,272,273,2671,0.001273,4,2024-05-02 22:47:36,Simple,True,Good
3485,290,4,9,2626,2570,1025,0.012784,4,2024-01-07 02:54:41,Complex,True,Good
3486,290,5,2,1138,1097,2549,0.003241,4,2024-12-22 18:07:26,Medium,True,Good
3487,367,4,8,1027,893,3899,0.004534,4,2024-10-27 01:30:15,Medium,True,Good
3488,363,5,6,1650,1390,2180,0.003984,2,2024-03-29 03:02:48,Medium,True,Fair
3489,82,1,6,1000,942,1769,0.008821,4,2024-06-29 21:08:19,Medium,True,Excellent
3490,467,2,2,262,427,556,0.003603,4,2024-06-27 22:39:58,Simple,True,Excellent
3491,480,4,3,440,444,1909,0.002273,5,2024-06-23 07:32:06,Simple,True,Good
3492,90,1,8,553,513,937,0.005461,4,2024-11-02 14:17:46,Medium,True,Excellent
3493,15,5,2,329,359,4781,0.001168,4,2024-08-19 17:15:32,Simple,True,Good
3494,457,3,3,1676,1577,3002,0.0107,5,2024-05-26 15:02:22,Medium,True,Good
3495,483,1,3,447,633,2420,0.006312,3,2024-09-02 23:14:38,Medium,True,Good
3496,3,4,1,597,847,1930,0.003817,4,2024-11-10 15:14:48,Medium,True,Good
3497,69,5,1,1447,1661,3481,0.004576,4,2024-01-10 00:17:58,Medium,True,Good
3498,175,1,1,851,1354,4120,0.012939,5,2024-07-07 21:00:41,Medium,True,Excellent
3499,451,2,5,975,1039,1484,0.008099,4,2024-10-26 14:35:41,Medium,True,Excellent
3500,71,1,1,410,669,2304,0.007125,4,2024-12-26 16:17:25,Medium,True,Excellent
3501,307,4,2,183,267,4101,0.001333,5,2024-09-29 21:52:09,Simple,False,Good
3502,298,2,1,968,891,1071,0.007729,4,2024-10-20 03:44:58,Medium,True,Excellent
3503,237,1,8,265,329,2978,0.003583,4,2024-01-10 20:03:07,Simple,True,Excellent
3504,341,1,1,1757,1605,1281,0.015383,4,2024-05-13 04:54:37,Medium,True,Excellent
3505,140,4,8,604,923,927,0.004283,4,2024-07-23 07:23:50,Medium,True,Good
3506,224,1,3,1742,1686,2165,0.015787,4,2024-02-22 17:08:32,Medium,True,Excellent
3507,239,2,8,1341,1163,3799,0.009986,4,2024-10-13 01:34:17,Medium,True,Excellent
3508,269,4,9,541,747,3967,0.003576,5,2024-07-25 23:23:58,Medium,True,Good
3509,184,4,7,515,741,596,0.004049,4,2024-04-26 04:48:49,Medium,True,Good
3510,196,1,9,1605,1578,2202,0.016245,5,2024-05-04 14:21:27,Medium,True,Excellent
3511,165,4,1,1742,2063,1700,0.010083,5,2024-12-28 22:46:21,Complex,True,Good
3512,464,2,1,4522,3837,4134,0.030566,3,2024-11-04 22:48:01,Complex,False,Good
3513,463,1,4,1187,1389,1480,0.013824,4,2024-07-16 16:42:02,Medium,True,Excellent
3514,404,2,3,1338,1291,1524,0.010979,3,2024-08-03 19:21:17,Medium,True,Good
3515,88,4,2,155,144,1405,0.000759,4,2024-08-11 06:26:45,Simple,False,Good
3516,242,4,1,1190,1027,3187,0.004957,4,2024-03-03 17:03:31,Medium,True,Good
3517,252,1,1,1929,1952,2988,0.019002,5,2024-09-26 16:13:26,Medium,True,Excellent
3518,224,4,2,385,418,2323,0.002298,4,2024-09-27 04:16:58,Simple,False,Good
3519,314,4,1,398,377,826,0.001727,3,2024-04-18 10:07:29,Simple,True,Good
3520,389,4,1,380,322,2391,0.001685,4,2024-03-27 13:01:26,Simple,True,Good
3521,451,1,7,647,579,876,0.005472,4,2024-04-06 01:09:28,Medium,True,Excellent
3522,390,3,1,599,895,1622,0.00573,4,2024-09-09 17:09:35,Medium,False,Good
3523,71,5,2,342,320,1358,0.000957,4,2024-06-06 14:54:41,Simple,True,Good
3524,443,3,2,1320,1873,1543,0.013076,4,2024-07-25 01:35:43,Medium,True,Good
3525,301,1,7,1323,1263,1802,0.013008,4,2024-05-03 21:24:52,Medium,True,Excellent
3526,110,1,1,800,778,1112,0.007112,2,2024-02-27 22:36:57,Medium,True,Fair
3527,35,3,2,283,400,2916,0.002873,5,2024-03-18 16:08:38,Simple,True,Good
3528,203,2,9,411,446,4314,0.003347,4,2024-12-25 11:08:36,Simple,True,Excellent
3529,319,4,2,1520,1673,2565,0.008112,5,2024-12-22 04:50:35,Medium,True,Good
3530,208,1,3,848,881,1974,0.008391,2,2024-11-11 08:01:50,Medium,False,Fair
3531,61,5,1,600,734,3561,0.002329,2,2024-05-16 05:16:41,Medium,True,Fair
3532,179,4,2,1903,2670,632,0.014019,5,2024-05-28 18:54:48,Complex,True,Good
3533,205,1,2,507,810,1344,0.008489,4,2024-11-21 07:25:13,Medium,True,Excellent
3534,247,1,4,900,1133,6766,0.010236,3,2024-05-08 21:52:25,Medium,False,Good
3535,226,1,2,2120,1792,1407,0.017113,2,2024-11-08 02:00:35,Medium,True,Fair
3536,68,4,7,382,600,1265,0.002905,3,2024-05-29 12:35:29,Medium,True,Good
3537,168,1,9,3260,4000,876,0.039632,4,2024-10-08 11:19:49,Complex,True,Excellent
3538,393,1,2,1186,1025,3598,0.010654,5,2024-10-21 20:38:26,Medium,True,Excellent
3539,429,1,7,582,604,2476,0.006546,4,2024-11-16 09:03:05,Medium,True,Excellent
3540,221,3,1,695,1015,1456,0.007068,4,2024-05-15 23:11:32,Medium,True,Good
3541,360,4,8,754,712,896,0.003245,5,2024-09-15 04:27:43,Medium,True,Good
3542,334,3,2,467,548,1944,0.003669,2,2024-03-02 01:36:53,Medium,True,Fair
3543,139,2,5,176,291,2151,0.002205,1,2024-05-21 07:31:13,Simple,True,Fair
3544,361,1,1,2085,1787,1773,0.019281,4,2024-03-21 09:13:58,Medium,True,Excellent
3545,135,4,6,667,789,2151,0.003602,4,2024-12-28 16:46:26,Medium,True,Good
3546,303,4,6,1227,1804,1033,0.009239,3,2024-09-24 21:12:02,Medium,True,Good
3547,185,4,5,792,1105,3302,0.005406,4,2024-05-06 14:52:59,Medium,True,Good
3548,248,1,2,1094,1391,1466,0.013829,3,2024-10-14 03:55:13,Medium,True,Good
3549,277,2,1,235,205,1053,0.001778,5,2024-02-08 03:23:14,Simple,False,Excellent
3550,393,4,1,691,698,2283,0.00361,4,2024-03-03 14:09:40,Medium,True,Good
3551,2,4,1,819,895,650,0.004682,5,2024-01-29 09:58:09,Medium,True,Good
3552,197,1,2,407,413,1529,0.004269,4,2024-11-05 22:39:23,Simple,False,Excellent
3553,58,1,1,353,297,2013,0.002878,5,2024-12-27 23:57:04,Simple,True,Excellent
3554,219,1,2,865,907,1573,0.008682,5,2024-11-17 08:05:39,Medium,True,Excellent
3555,221,4,1,1141,1374,2059,0.00675,4,2024-06-22 15:59:38,Medium,True,Good
3556,311,4,5,2011,1913,1766,0.008705,4,2024-12-02 08:18:58,Medium,True,Good
3557,310,4,6,414,386,1269,0.001911,5,2024-04-05 06:18:35,Simple,True,Good
3558,297,1,6,307,272,1172,0.002499,4,2024-01-14 00:46:45,Simple,False,Excellent
3559,482,4,5,235,367,2721,0.001714,2,2024-02-04 10:38:47,Simple,True,Fair
3560,9,3,2,1607,1752,1806,0.01282,3,2024-09-26 02:04:05,Medium,True,Good
3561,261,2,4,1688,1671,3515,0.012553,4,2024-10-26 11:38:32,Medium,True,Excellent
3562,391,1,1,2060,1816,1216,0.01901,5,2024-04-17 09:39:26,Medium,True,Excellent
3563,116,4,6,490,443,1090,0.002356,4,2024-02-04 12:47:36,Simple,False,Good
3564,14,2,1,1322,1146,824,0.008491,4,2024-09-25 04:44:12,Medium,True,Excellent
3565,273,4,3,603,647,1599,0.003091,2,2024-08-26 21:49:15,Medium,False,Fair
3566,178,4,1,435,657,2372,0.003188,4,2024-12-28 17:09:39,Medium,False,Good
3567,277,1,3,352,465,9611,0.004592,5,2024-06-28 11:40:18,Simple,True,Excellent
3568,114,1,5,878,822,1240,0.008081,4,2024-09-29 20:31:54,Medium,True,Excellent
3569,109,4,5,566,652,1338,0.003479,4,2024-02-16 05:30:23,Medium,False,Good
3570,25,5,6,594,637,1321,0.002033,5,2024-07-30 20:34:34,Medium,True,Good
3571,386,1,2,1376,1518,1515,0.015368,1,2024-01-30 12:51:29,Medium,False,Fair
3572,400,1,1,1141,1357,645,0.013896,5,2024-08-13 00:32:17,Medium,True,Excellent
3573,44,1,1,306,300,2921,0.002738,4,2024-12-21 02:52:33,Simple,True,Excellent
3574,235,1,6,3113,2625,1792,0.026774,4,2024-11-30 02:42:55,Complex,True,Excellent
3575,175,1,2,1141,1136,1010,0.012164,5,2024-10-25 20:24:16,Medium,True,Excellent
3576,203,1,2,443,648,881,0.006958,4,2024-05-09 19:01:41,Medium,True,Excellent
3577,400,4,6,142,194,1223,0.000893,5,2024-04-09 19:44:16,Simple,True,Good
3578,89,1,3,919,835,1546,0.007608,5,2024-08-21 02:34:51,Medium,True,Excellent
3579,419,1,9,2856,2457,3491,0.026862,4,2024-09-05 15:27:15,Complex,True,Excellent
3580,482,1,1,1748,1871,9336,0.017264,4,2024-11-14 19:50:44,Medium,True,Excellent
3581,380,3,5,650,629,2356,0.004428,5,2024-07-21 13:13:08,Medium,True,Good
3582,84,1,1,398,535,3265,0.005157,2,2024-05-17 08:43:49,Medium,True,Fair
3583,98,1,1,1131,1277,1293,0.012696,4,2024-07-14 11:20:17,Medium,True,Excellent
3584,316,4,1,577,603,3950,0.002977,4,2024-12-28 01:06:41,Medium,True,Good
3585,84,3,6,2104,1850,2154,0.011949,5,2024-03-09 22:27:23,Medium,True,Good
3586,248,4,2,766,983,4831,0.004572,4,2024-04-06 09:54:11,Medium,True,Good
3587,86,5,3,2203,1959,948,0.005332,4,2024-11-04 01:11:31,Medium,True,Good
3588,477,3,1,289,290,1004,0.001953,4,2024-03-03 17:28:48,Simple,True,Good
3589,290,1,1,744,1094,2764,0.01195,3,2024-08-08 09:53:47,Medium,False,Good
3590,62,4,3,686,854,2516,0.004589,4,2024-12-17 18:16:19,Medium,False,Good
3591,403,4,1,546,666,1988,0.003126,3,2024-11-26 19:38:17,Medium,False,Good
3592,140,4,5,307,358,1323,0.001935,4,2024-11-12 22:39:55,Simple,False,Good
3593,102,4,9,459,706,4068,0.003506,5,2024-08-16 14:54:02,Medium,True,Good
3594,179,1,7,444,673,2500,0.00719,2,2024-11-28 14:25:12,Medium,True,Fair
3595,498,1,4,1087,940,985,0.010152,5,2024-08-08 17:31:36,Medium,True,Excellent
3596,279,5,2,240,235,2444,0.000743,2,2024-10-17 20:10:23,Simple,True,Fair
3597,88,4,1,870,1256,923,0.006073,5,2024-09-20 08:29:42,Medium,True,Good
3598,405,3,7,1196,1369,2056,0.009312,3,2024-02-16 04:07:50,Medium,True,Good
3599,207,1,2,788,952,923,0.010237,4,2024-01-16 14:33:40,Medium,True,Excellent
3600,393,4,1,1370,1562,2079,0.008031,2,2024-10-30 04:24:04,Medium,True,Fair
3601,144,1,1,1223,1185,1085,0.012137,3,2024-05-21 05:40:32,Medium,True,Good
3602,433,4,1,540,675,1320,0.003338,3,2024-05-14 11:14:02,Medium,True,Good
3603,432,4,6,954,1206,1197,0.005697,5,2024-09-04 01:46:39,Medium,False,Good
3604,4,4,1,1583,1849,548,0.008401,4,2024-09-19 04:15:54,Medium,True,Good
3605,63,1,3,421,566,828,0.005733,4,2024-05-22 02:51:28,Medium,True,Excellent
3606,466,2,8,1824,2028,2153,0.017438,4,2024-10-12 07:11:00,Complex,False,Excellent
3607,231,4,1,242,209,1468,0.000947,4,2024-02-20 08:00:28,Simple,True,Good
3608,113,4,9,1749,1593,1433,0.008412,5,2024-01-01 08:06:49,Medium,True,Good
3609,74,5,6,173,170,3009,0.000495,1,2024-03-12 17:41:21,Simple,False,Fair
3610,167,2,6,634,566,2530,0.00466,4,2024-09-20 13:47:19,Medium,True,Excellent
3611,436,2,2,890,1301,881,0.010018,3,2024-06-14 11:57:10,Medium,True,Good
3612,194,1,7,549,483,1067,0.004854,4,2024-02-12 15:56:31,Simple,True,Excellent
3613,329,2,1,530,712,3967,0.006016,5,2024-11-11 19:14:10,Medium,False,Excellent
3614,175,4,1,944,925,1588,0.004167,4,2024-06-25 05:39:50,Medium,False,Good
3615,312,4,4,906,822,2649,0.003979,4,2024-04-06 05:37:31,Medium,True,Good
3616,199,1,8,960,1145,1533,0.011656,5,2024-03-15 02:37:46,Medium,True,Excellent
3617,294,1,6,520,711,1373,0.00705,4,2024-05-08 03:26:57,Medium,True,Excellent
3618,248,2,2,303,416,4230,0.003457,2,2024-10-20 18:26:06,Simple,True,Fair
3619,349,2,4,2165,1832,1180,0.013247,2,2024-12-17 13:15:46,Medium,False,Fair
3620,352,4,1,526,508,4567,0.002571,5,2024-01-27 19:52:45,Medium,True,Good
3621,99,2,6,1195,1243,2585,0.009722,4,2024-04-30 05:27:49,Medium,True,Excellent
3622,174,4,1,938,1060,2496,0.005785,3,2024-12-24 15:12:39,Medium,True,Good
3623,481,1,1,351,408,756,0.003957,2,2024-02-29 08:47:29,Simple,True,Fair
3624,435,2,3,815,847,1390,0.007193,4,2024-12-07 19:15:16,Medium,True,Excellent
3625,175,4,2,1304,2044,1641,0.010857,5,2024-09-01 08:11:07,Complex,False,Good
3626,429,3,2,814,728,2521,0.005601,5,2024-03-11 15:45:32,Medium,False,Good
3627,483,1,1,1411,1240,6947,0.011351,4,2024-04-14 06:18:29,Medium,True,Excellent
3628,379,2,1,2559,2889,1326,0.022702,5,2024-03-02 20:23:27,Complex,True,Excellent
3629,376,5,3,1225,1906,2749,0.005261,4,2024-04-22 07:59:59,Medium,True,Good
3630,207,4,3,811,820,3566,0.00399,4,2024-01-11 12:25:40,Medium,True,Good
3631,110,3,3,824,1047,1466,0.006957,4,2024-10-28 14:06:44,Medium,False,Good
3632,149,4,2,1179,1041,3641,0.005411,4,2024-10-01 15:09:24,Medium,True,Good
3633,124,1,1,3380,2990,2664,0.029383,5,2024-01-10 19:15:14,Complex,True,Excellent
3634,66,4,2,1627,2327,5172,0.010507,1,2024-02-12 13:14:08,Complex,True,Fair
3635,31,1,1,787,730,3025,0.007364,4,2024-01-02 21:17:26,Medium,True,Excellent
3636,231,2,1,556,575,4401,0.004748,4,2024-10-27 07:05:26,Medium,True,Excellent
3637,303,4,1,1427,1341,1412,0.006856,2,2024-07-26 12:17:17,Medium,True,Fair
3638,146,1,4,1075,1307,2664,0.012815,3,2024-03-21 06:36:41,Medium,True,Good
3639,168,4,1,392,351,2313,0.001718,5,2024-05-26 08:25:00,Simple,True,Good
3640,235,4,7,400,612,1798,0.002771,4,2024-10-10 23:38:53,Medium,False,Good
3641,486,4,1,268,444,875,0.002024,3,2024-12-19 11:13:05,Simple,False,Good
3642,361,4,1,94,140,1472,0.000681,4,2024-03-10 14:44:34,Simple,True,Good
3643,418,3,6,713,702,2100,0.005161,5,2024-03-17 05:52:52,Medium,False,Good
3644,324,1,3,578,505,836,0.005095,4,2024-01-30 00:46:10,Medium,True,Excellent
3645,293,2,1,1973,2596,1296,0.021937,4,2024-07-28 05:21:53,Complex,True,Excellent
3646,481,5,3,381,455,790,0.001419,2,2024-02-04 12:14:57,Simple,True,Fair
3647,388,1,1,3757,3812,1620,0.039105,3,2024-04-13 08:50:22,Complex,True,Good
3648,301,4,1,790,779,4217,0.004186,3,2024-06-18 04:38:07,Medium,True,Good
3649,466,1,4,1488,1316,3742,0.012186,3,2024-08-03 01:12:42,Medium,False,Good
3650,476,4,9,1052,1449,1098,0.007903,4,2024-11-11 22:02:05,Medium,True,Good
3651,390,4,1,570,584,2147,0.003151,3,2024-05-08 10:56:26,Medium,False,Good
3652,350,2,1,524,872,564,0.007246,1,2024-05-21 00:14:59,Medium,True,Fair
3653,67,4,7,3363,4000,878,0.021185,3,2024-11-02 14:16:28,Complex,False,Good
3654,91,4,3,210,211,3607,0.000979,2,2024-11-26 19:38:29,Simple,True,Fair
3655,342,4,6,128,118,1585,0.000615,5,2024-09-03 19:41:31,Simple,True,Good
3656,126,1,1,783,1212,2792,0.012065,5,2024-09-07 01:18:43,Medium,True,Excellent
3657,324,3,5,1581,1997,1756,0.012985,4,2024-07-18 13:42:32,Medium,True,Good
3658,333,4,1,473,667,6218,0.003149,3,2024-02-03 15:29:11,Medium,True,Good
3659,67,1,1,654,914,1155,0.009951,2,2024-02-08 00:00:55,Medium,True,Fair
3660,460,4,2,1692,1460,820,0.00709,4,2024-08-25 19:27:04,Medium,True,Good
3661,311,2,4,937,876,1586,0.006818,5,2024-08-15 17:47:26,Medium,True,Excellent
3662,34,4,3,304,387,1331,0.001903,4,2024-03-09 01:01:27,Simple,False,Good
3663,338,4,3,627,557,600,0.002821,3,2024-06-18 12:49:40,Medium,False,Good
3664,467,4,1,481,408,549,0.001911,4,2024-02-10 18:09:35,Simple,True,Good
3665,95,4,1,573,706,3064,0.003405,5,2024-09-19 13:18:34,Medium,True,Good
3666,206,1,2,3309,3031,2159,0.02784,3,2024-08-14 21:05:05,Complex,True,Good
3667,451,2,3,1139,1091,1403,0.009077,5,2024-02-09 12:36:15,Medium,True,Excellent
3668,17,3,1,737,653,1046,0.004796,3,2024-08-07 17:12:41,Medium,True,Good
3669,375,4,2,739,816,1067,0.004154,5,2024-07-16 22:47:21,Medium,True,Good
3670,346,4,1,832,952,4276,0.004683,5,2024-11-05 08:58:53,Medium,False,Good
3671,146,3,7,284,456,1547,0.003136,4,2024-11-02 12:23:25,Simple,True,Good
3672,362,4,3,1044,934,1022,0.004998,5,2024-12-21 14:47:37,Medium,False,Good
3673,390,1,1,972,1157,3775,0.01114,3,2024-09-14 07:09:40,Medium,True,Good
3674,195,2,7,698,949,1037,0.007796,4,2024-04-12 19:35:14,Medium,True,Excellent
3675,283,2,5,1287,1479,1809,0.012378,4,2024-01-06 23:49:52,Medium,True,Excellent
3676,425,4,4,1134,1153,1183,0.005783,3,2024-12-09 20:25:55,Medium,True,Good
3677,251,2,8,2264,3487,1773,0.027194,4,2024-05-06 07:06:53,Complex,True,Excellent
3678,266,1,7,337,496,2923,0.005406,4,2024-02-04 17:45:23,Simple,False,Excellent
3679,62,1,1,2204,1959,1043,0.019236,4,2024-01-16 13:45:59,Medium,True,Excellent
3680,9,3,2,271,419,3836,0.00282,4,2024-11-10 22:08:42,Simple,True,Good
3681,378,4,6,697,863,714,0.004727,4,2024-10-13 01:20:33,Medium,True,Good
3682,487,1,1,1215,1080,1563,0.011309,2,2024-02-02 00:43:48,Medium,True,Fair
3683,132,3,5,368,411,1637,0.002869,5,2024-12-06 13:01:37,Simple,True,Good
3684,253,4,1,989,1066,2997,0.005391,3,2024-09-11 20:33:11,Medium,True,Good
3685,75,1,7,1009,951,969,0.009466,4,2024-11-28 00:17:51,Medium,False,Excellent
3686,296,4,7,1097,1456,948,0.006769,3,2024-11-21 12:25:17,Medium,False,Good
3687,207,4,2,1132,956,2992,0.004602,5,2024-12-18 18:44:16,Medium,True,Good
3688,296,3,6,1515,1706,1251,0.01186,4,2024-04-06 13:53:15,Medium,True,Good
3689,32,4,1,225,366,2692,0.001956,2,2024-06-25 19:55:37,Simple,True,Fair
3690,324,4,3,159,199,2933,0.001035,4,2024-12-27 20:55:39,Simple,True,Good
3691,397,1,1,2835,3072,1064,0.031291,4,2024-10-11 16:40:21,Complex,True,Excellent
3692,282,3,1,809,762,2105,0.005406,5,2024-04-23 21:20:33,Medium,True,Good
3693,282,4,1,1607,1989,1546,0.009899,3,2024-11-27 13:48:31,Medium,False,Good
3694,186,1,4,659,963,2973,0.00902,4,2024-07-03 09:14:08,Medium,True,Excellent
3695,248,3,1,218,200,4496,0.001287,5,2024-11-04 18:56:47,Simple,True,Good
3696,420,4,2,1545,2010,1732,0.010874,5,2024-01-04 12:09:05,Complex,True,Good
3697,190,4,1,576,488,2537,0.002261,5,2024-01-20 06:55:02,Simple,False,Good
3698,146,1,7,2904,3137,1217,0.029942,4,2024-02-04 17:24:17,Complex,True,Excellent
3699,459,1,1,163,271,1310,0.002455,4,2024-05-01 00:06:58,Simple,True,Excellent
3700,293,4,1,626,737,1288,0.003968,4,2024-11-12 02:29:37,Medium,False,Good
3701,82,2,1,332,424,2497,0.003711,5,2024-11-05 14:28:06,Simple,True,Excellent
3702,462,4,2,142,221,1992,0.001011,4,2024-02-12 09:46:43,Simple,True,Good
3703,144,1,1,984,891,1781,0.008696,4,2024-04-27 16:36:50,Medium,True,Excellent
3704,461,1,2,569,546,2828,0.005803,3,2024-06-05 17:10:52,Medium,True,Good
3705,73,1,2,840,1230,3374,0.012638,5,2024-04-09 13:17:56,Medium,True,Excellent
3706,151,1,3,754,1110,1105,0.011522,1,2024-05-28 14:33:17,Medium,False,Fair
3707,400,2,1,764,727,1993,0.005584,3,2024-02-08 07:27:18,Medium,True,Good
3708,456,3,2,641,937,595,0.00635,2,2024-04-16 21:29:56,Medium,False,Fair
3709,200,1,1,574,683,2032,0.006426,3,2024-02-08 19:35:54,Medium,True,Good
3710,237,3,9,574,674,1353,0.004387,3,2024-11-25 21:09:46,Medium,False,Good
3711,79,1,2,1164,1232,1310,0.01316,5,2024-01-11 04:52:32,Medium,True,Excellent
3712,57,4,1,1136,1030,2662,0.004844,4,2024-09-13 12:47:57,Medium,False,Good
3713,256,1,8,409,588,996,0.006145,4,2024-12-14 02:56:53,Medium,True,Excellent
3714,305,1,1,2139,3142,2399,0.02836,5,2024-05-30 19:41:51,Complex,True,Excellent
3715,421,2,1,1320,1633,1196,0.014197,3,2024-12-05 09:05:53,Medium,True,Good
3716,297,1,1,1886,1624,1925,0.014695,4,2024-10-10 03:04:18,Medium,True,Excellent
3717,285,1,1,1563,1369,568,0.012929,3,2024-08-19 01:01:05,Medium,False,Good
3718,267,2,3,1564,1603,2161,0.013615,3,2024-06-05 14:35:28,Medium,True,Good
3719,296,4,1,312,500,2620,0.002702,4,2024-05-28 23:00:26,Medium,False,Good
3720,25,4,1,1351,2163,1776,0.009806,3,2024-08-27 02:31:00,Complex,True,Good
3721,401,4,1,231,255,1277,0.001295,2,2024-02-20 19:58:56,Simple,True,Fair
3722,247,1,7,391,644,1069,0.006644,3,2024-07-07 22:54:48,Medium,True,Good
3723,159,1,3,747,1116,598,0.01133,4,2024-04-30 02:19:13,Medium,True,Excellent
3724,91,3,1,534,500,602,0.003311,4,2024-04-04 12:51:57,Medium,True,Good
3725,368,3,6,1050,955,1718,0.006173,4,2024-11-10 23:36:26,Medium,False,Good
3726,43,4,1,776,865,5022,0.004428,5,2024-01-02 07:28:23,Medium,True,Good
3727,394,2,8,1020,1187,1695,0.01007,2,2024-03-24 20:25:21,Medium,True,Fair
3728,141,1,3,420,529,1734,0.005018,2,2024-02-29 09:41:18,Medium,True,Fair
3729,369,2,1,104,131,1319,0.001032,5,2024-04-26 08:11:33,Simple,True,Excellent
3730,247,1,8,722,892,791,0.008553,4,2024-05-02 04:06:25,Medium,True,Excellent
3731,39,1,2,1172,1338,2559,0.013817,4,2024-05-23 23:00:48,Medium,True,Excellent
3732,490,2,3,548,779,600,0.006385,5,2024-03-05 05:26:10,Medium,True,Excellent
3733,368,1,2,602,568,4206,0.005589,4,2024-11-26 07:22:08,Medium,True,Excellent
3734,467,1,1,1684,2193,1519,0.021764,4,2024-05-24 01:42:23,Complex,True,Excellent
3735,178,4,6,1521,1421,2052,0.007752,4,2024-12-20 06:20:05,Medium,True,Good
3736,243,2,2,1548,1416,1615,0.011182,5,2024-05-21 12:04:32,Medium,True,Excellent
3737,118,2,1,242,354,1193,0.002922,4,2024-07-01 07:20:26,Simple,True,Excellent
3738,341,5,2,1796,1965,1919,0.006473,5,2024-11-02 18:39:29,Medium,True,Good
3739,328,2,7,946,1088,2651,0.008983,4,2024-08-20 18:37:00,Medium,True,Excellent
3740,438,1,6,782,1287,1015,0.012788,4,2024-08-05 16:03:53,Medium,True,Excellent
3741,422,4,1,1204,1129,2291,0.006165,5,2024-11-24 20:34:59,Medium,True,Good
3742,446,1,5,258,412,701,0.003925,2,2024-07-14 10:46:48,Simple,True,Fair
3743,436,2,1,1069,983,991,0.00838,4,2024-09-14 00:45:19,Medium,True,Excellent
3744,39,1,1,266,368,1385,0.003362,3,2024-01-29 13:10:10,Simple,True,Good
3745,467,1,2,859,769,827,0.007166,4,2024-10-10 14:33:49,Medium,True,Excellent
3746,138,2,2,360,378,2001,0.003001,3,2024-05-15 05:07:27,Simple,True,Good
3747,406,4,6,954,859,1274,0.00428,4,2024-05-22 11:26:09,Medium,True,Good
3748,181,1,2,455,501,2861,0.005028,5,2024-01-10 01:51:39,Medium,True,Excellent
3749,273,1,6,433,466,7271,0.004585,5,2024-04-24 14:15:15,Simple,True,Excellent
3750,98,1,6,1034,874,1974,0.009515,4,2024-01-02 16:55:38,Medium,False,Excellent
3751,5,1,6,1645,1944,2174,0.018131,4,2024-06-02 11:35:08,Medium,True,Excellent
3752,51,4,2,661,653,2708,0.003275,5,2024-09-14 14:41:15,Medium,True,Good
3753,79,4,2,465,426,4687,0.00194,2,2024-03-24 02:10:09,Simple,True,Fair
3754,69,4,2,1903,1774,2010,0.008628,4,2024-01-14 16:40:13,Medium,True,Good
3755,274,1,2,565,562,2212,0.005738,3,2024-07-07 21:28:37,Medium,False,Good
3756,279,4,2,3104,2637,2568,0.013058,5,2024-09-17 09:46:41,Complex,True,Good
3757,132,4,2,805,694,1061,0.003329,3,2024-10-13 00:55:30,Medium,True,Good
3758,86,3,4,1267,1067,2959,0.007401,4,2024-07-12 19:41:34,Medium,False,Good
3759,425,3,2,2315,1940,1211,0.012603,3,2024-09-26 00:45:32,Medium,True,Good
3760,94,1,1,272,400,1389,0.003817,4,2024-12-19 23:25:30,Simple,True,Excellent
3761,218,1,8,3262,3260,1225,0.034548,5,2024-11-20 05:34:24,Complex,True,Excellent
3762,76,1,6,1848,1616,1255,0.017608,5,2024-09-04 21:03:32,Medium,True,Excellent
3763,402,2,1,1523,1812,1039,0.013362,4,2024-01-15 15:30:29,Medium,True,Excellent
3764,475,1,3,446,698,883,0.007502,3,2024-01-18 18:10:14,Medium,True,Good
3765,442,2,1,4434,4000,5809,0.031321,4,2024-05-12 08:18:38,Complex,False,Excellent
3766,340,1,3,557,685,1940,0.007108,4,2024-09-30 01:25:43,Medium,True,Excellent
3767,307,4,3,652,1048,2851,0.004901,2,2024-02-05 05:41:04,Medium,True,Fair
3768,142,4,6,205,320,3601,0.001713,5,2024-03-06 05:37:20,Simple,True,Good
3769,31,3,2,1048,1032,822,0.007926,5,2024-11-24 15:14:00,Medium,True,Good
3770,152,4,2,1099,1553,710,0.008319,1,2024-05-02 18:11:09,Medium,True,Fair
3771,447,2,8,277,259,4188,0.002035,2,2024-10-23 11:23:38,Simple,True,Fair
3772,67,4,6,1442,1669,3319,0.00768,1,2024-03-27 17:21:24,Medium,True,Fair
3773,385,1,7,1072,1159,1265,0.010679,2,2024-04-25 06:51:37,Medium,True,Fair
3774,399,5,6,223,293,1616,0.000925,5,2024-08-10 17:36:48,Simple,True,Good
3775,329,4,6,887,743,3794,0.003373,1,2024-07-17 23:46:08,Medium,True,Fair
3776,438,1,1,1491,2318,2540,0.021965,4,2024-07-02 08:45:26,Complex,True,Excellent
3777,107,2,1,2818,3705,500,0.030244,3,2024-06-08 15:02:38,Complex,True,Good
3778,174,2,1,589,801,2727,0.006569,4,2024-02-25 21:55:26,Medium,True,Excellent
3779,451,2,3,1457,1251,1310,0.01064,4,2024-09-07 16:16:36,Medium,True,Excellent
3780,375,1,1,218,244,6746,0.002486,4,2024-08-28 11:48:25,Simple,True,Excellent
3781,88,3,1,649,923,1949,0.006692,5,2024-12-28 22:19:15,Medium,True,Good
3782,414,5,1,1082,903,1451,0.002951,4,2024-12-20 06:10:06,Medium,False,Good
3783,57,1,6,1230,1276,3848,0.011643,2,2024-09-23 04:49:11,Medium,True,Fair
3784,155,2,6,616,827,1559,0.006052,3,2024-10-18 16:42:04,Medium,True,Good
3785,442,1,8,458,542,2106,0.005569,4,2024-01-28 23:37:48,Medium,True,Excellent
3786,119,5,8,324,365,1688,0.001142,4,2024-04-20 21:10:13,Simple,True,Good
3787,409,4,1,397,335,2276,0.001617,5,2024-07-27 15:24:09,Simple,True,Good
3788,178,1,2,324,451,968,0.004294,3,2024-01-10 08:50:16,Simple,True,Good
3789,85,4,3,1919,2408,3486,0.011699,1,2024-01-29 22:54:16,Complex,True,Fair
3790,136,1,3,901,1062,792,0.011132,5,2024-06-03 06:01:00,Medium,False,Excellent
3791,384,3,3,3523,3586,3530,0.023053,5,2024-06-28 21:41:50,Complex,True,Good
3792,29,4,1,579,573,1026,0.002669,5,2024-12-15 09:37:52,Medium,True,Good
3793,215,4,1,764,1014,1104,0.004565,1,2024-12-02 00:58:58,Medium,True,Fair
3794,67,4,6,651,846,2173,0.00396,4,2024-01-10 03:08:44,Medium,True,Good
3795,87,4,5,951,1387,500,0.00674,3,2024-05-14 06:32:12,Medium,True,Good
3796,41,1,9,394,623,1167,0.006384,3,2024-05-13 21:51:54,Medium,False,Good
3797,282,4,1,944,1195,1461,0.006376,3,2024-07-03 21:38:11,Medium,False,Good
3798,499,2,3,172,224,1349,0.001869,4,2024-02-14 18:26:34,Simple,True,Excellent
3799,139,1,4,1322,1246,1451,0.011936,4,2024-08-14 11:29:52,Medium,True,Excellent
3800,231,1,1,556,869,2412,0.009323,5,2024-10-14 16:31:21,Medium,True,Excellent
3801,279,1,1,204,234,1276,0.002356,4,2024-04-10 02:25:15,Simple,True,Excellent
3802,273,4,2,660,653,711,0.002964,4,2024-02-09 04:26:47,Medium,True,Good
3803,286,2,1,710,848,2223,0.007234,4,2024-10-25 14:06:11,Medium,True,Excellent
3804,257,2,6,206,195,1783,0.001655,5,2024-08-22 15:03:15,Simple,True,Excellent
3805,226,1,1,627,604,1745,0.005513,4,2024-11-19 14:11:30,Medium,True,Excellent
3806,268,4,1,943,899,1841,0.004877,1,2024-06-19 18:16:52,Medium,True,Fair
3807,154,4,1,1799,2756,676,0.01251,4,2024-06-18 15:09:03,Complex,True,Good
3808,12,1,9,368,328,3642,0.003589,5,2024-12-07 02:03:13,Simple,True,Excellent
3809,22,2,2,1386,1392,3188,0.011754,4,2024-04-26 10:27:26,Medium,True,Excellent
3810,239,4,1,126,176,1566,0.000799,3,2024-05-19 07:18:03,Simple,False,Good
3811,218,2,5,652,1054,1875,0.008894,4,2024-06-20 09:51:44,Medium,True,Excellent
3812,413,4,6,387,512,4342,0.002677,4,2024-04-20 11:49:18,Medium,True,Good
3813,134,4,3,291,284,3672,0.001554,4,2024-09-10 12:59:05,Simple,True,Good
3814,287,4,6,356,450,841,0.002241,4,2024-09-13 16:55:00,Simple,True,Good
3815,419,1,1,253,214,2263,0.002297,4,2024-12-21 12:56:28,Simple,True,Excellent
3816,296,4,9,617,637,2748,0.002879,3,2024-04-04 08:16:34,Medium,True,Good
3817,56,5,1,2637,2315,3682,0.006843,2,2024-02-22 17:59:07,Complex,True,Fair
3818,278,1,6,918,843,658,0.009194,5,2024-08-29 11:42:49,Medium,True,Excellent
3819,162,4,9,131,178,2175,0.000865,4,2024-01-24 02:15:17,Simple,False,Good
3820,127,1,1,1194,1357,2404,0.012725,5,2024-05-24 03:44:23,Medium,True,Excellent
3821,64,4,3,1658,1878,972,0.009628,4,2024-08-21 16:56:20,Medium,False,Good
3822,293,1,3,1677,1850,3544,0.0191,2,2024-03-10 06:52:56,Medium,True,Fair
3823,233,2,9,1689,2179,1640,0.019015,4,2024-11-15 14:13:08,Complex,True,Excellent
3824,103,3,1,799,835,937,0.005767,4,2024-06-12 15:14:28,Medium,True,Good
3825,256,4,5,1068,892,4165,0.004739,3,2024-12-23 04:24:03,Medium,False,Good
3826,419,1,1,699,888,2299,0.00918,5,2024-02-28 18:33:44,Medium,True,Excellent
3827,433,3,1,718,662,1045,0.005019,5,2024-01-08 23:24:55,Medium,False,Good
3828,112,4,1,3177,2884,1293,0.01404,5,2024-06-17 19:18:27,Complex,True,Good
3829,174,3,1,129,153,714,0.001129,3,2024-04-30 10:40:13,Simple,True,Good
3830,220,1,2,856,779,4067,0.007448,1,2024-06-14 14:00:51,Medium,False,Fair
3831,205,1,7,2034,1759,1095,0.017525,5,2024-04-17 12:55:41,Medium,True,Excellent
3832,319,4,6,1719,2082,1493,0.009984,3,2024-02-21 06:16:54,Complex,True,Good
3833,233,2,1,701,909,8322,0.007244,5,2024-02-22 17:33:45,Medium,True,Excellent
3834,16,4,2,4461,3942,1826,0.018601,4,2024-09-24 12:15:02,Complex,True,Good
3835,143,4,1,1194,1222,1035,0.00597,5,2024-06-16 18:16:27,Medium,False,Good
3836,89,1,2,613,1012,2889,0.010301,5,2024-08-20 13:28:31,Medium,False,Excellent
3837,176,1,6,408,523,943,0.0057,4,2024-03-16 20:45:07,Medium,True,Excellent
3838,206,5,7,1056,1054,2331,0.002983,3,2024-03-03 23:12:17,Medium,True,Good
3839,88,2,1,410,480,3398,0.003882,4,2024-12-06 09:59:26,Simple,True,Excellent
3840,47,2,1,423,583,1563,0.004406,4,2024-01-20 04:13:59,Medium,True,Excellent
3841,411,4,1,375,321,1184,0.001598,3,2024-08-31 01:29:06,Simple,True,Good
3842,163,5,7,1255,1353,2550,0.003767,1,2024-02-07 20:53:31,Medium,False,Fair
3843,248,2,7,1608,1431,941,0.010743,3,2024-07-23 06:49:18,Medium,False,Good
3844,490,3,1,2039,3192,2003,0.02431,2,2024-06-27 03:38:06,Complex,True,Fair
3845,409,1,3,1036,1585,4506,0.017349,4,2024-11-21 23:22:56,Medium,True,Excellent
3846,55,4,1,975,908,696,0.004621,5,2024-03-24 11:44:05,Medium,False,Good
3847,181,1,3,950,1485,1096,0.016232,3,2024-10-21 02:00:22,Medium,True,Good
3848,103,5,4,213,205,2259,0.000564,5,2024-10-28 01:24:22,Simple,True,Good
3849,55,4,2,1246,1267,2031,0.00619,5,2024-09-29 13:39:09,Medium,True,Good
3850,28,1,1,1466,1582,3500,0.015852,4,2024-10-05 23:52:28,Medium,True,Excellent
3851,373,4,1,1273,1484,1280,0.007287,4,2024-12-08 22:19:05,Medium,True,Good
3852,329,1,1,1155,1034,1423,0.010384,4,2024-11-14 20:30:48,Medium,True,Excellent
3853,381,3,7,627,744,2408,0.004794,4,2024-06-29 22:26:20,Medium,True,Good
3854,379,4,6,360,548,5809,0.0026,4,2024-01-29 15:45:51,Medium,False,Good
3855,115,1,3,965,995,2422,0.010275,4,2024-08-29 23:06:43,Medium,True,Excellent
3856,404,4,1,1486,1239,2452,0.006341,5,2024-10-31 10:25:29,Medium,True,Good
3857,220,1,3,528,716,1093,0.006988,3,2024-03-09 08:50:50,Medium,True,Good
3858,462,1,1,841,1207,4821,0.012144,4,2024-09-20 13:34:10,Medium,True,Excellent
3859,69,1,1,748,724,979,0.007405,3,2024-05-15 10:34:51,Medium,True,Good
3860,300,4,1,991,1197,1452,0.006437,3,2024-03-09 09:38:20,Medium,True,Good
3861,450,4,1,1768,1722,1038,0.008606,4,2024-09-22 06:57:22,Medium,True,Good
3862,313,5,2,995,1029,3009,0.003362,3,2024-02-08 03:50:51,Medium,False,Good
3863,68,3,4,596,578,1402,0.004055,2,2024-04-21 18:07:26,Medium,True,Fair
3864,383,5,7,328,361,884,0.001148,4,2024-09-23 10:49:58,Simple,True,Good
3865,131,2,6,910,809,1201,0.006564,4,2024-11-04 18:11:51,Medium,True,Excellent
3866,323,1,8,984,963,1599,0.009226,4,2024-11-07 19:24:44,Medium,True,Excellent
3867,335,3,3,528,550,1468,0.004223,5,2024-06-01 06:06:48,Medium,True,Good
3868,239,5,8,1529,1633,1707,0.004744,4,2024-02-09 07:30:51,Medium,True,Good
3869,246,4,2,1087,940,2809,0.004791,5,2024-12-12 05:46:35,Medium,True,Good
3870,298,3,8,694,640,865,0.004328,1,2024-12-26 10:25:10,Medium,True,Fair
3871,294,4,2,1777,1576,3824,0.007395,4,2024-05-22 04:25:17,Medium,True,Good
3872,79,1,7,1012,1030,1608,0.010808,5,2024-01-31 04:37:55,Medium,True,Excellent
3873,291,3,3,500,665,1370,0.004591,4,2024-01-27 07:00:08,Medium,True,Good
3874,24,4,3,626,695,3857,0.003787,4,2024-10-08 00:13:11,Medium,True,Good
3875,160,1,3,255,320,2085,0.003063,4,2024-07-19 00:23:34,Simple,True,Excellent
3876,204,2,5,2085,1935,3983,0.016859,5,2024-06-16 08:57:35,Medium,True,Excellent
3877,373,4,6,1912,2250,3569,0.010632,3,2024-10-14 19:13:29,Complex,True,Good
3878,309,3,2,894,978,4506,0.006821,1,2024-02-12 14:41:28,Medium,False,Fair
3879,422,2,2,1188,1049,877,0.007629,2,2024-08-24 05:19:56,Medium,True,Fair
3880,290,1,4,1160,1604,2832,0.017549,4,2024-09-19 19:24:58,Medium,True,Excellent
3881,196,2,4,1506,1936,4306,0.015231,5,2024-02-04 07:40:12,Medium,True,Excellent
3882,102,1,4,1288,1112,1409,0.011455,3,2024-03-18 12:36:43,Medium,True,Good
3883,54,4,1,1615,1512,2165,0.007315,4,2024-08-24 10:20:37,Medium,False,Good
3884,166,1,7,475,642,2772,0.006365,3,2024-06-09 20:20:22,Medium,True,Good
3885,52,1,2,895,1143,6041,0.01071,1,2024-12-17 20:35:37,Medium,False,Fair
3886,440,1,3,220,239,3624,0.002506,5,2024-06-07 05:02:58,Simple,False,Excellent
3887,306,1,6,1528,2144,5117,0.021545,3,2024-11-03 20:43:43,Complex,False,Good
3888,456,2,7,461,630,2200,0.00489,5,2024-04-16 00:27:11,Medium,True,Excellent
3889,265,4,5,1256,1370,1754,0.006543,4,2024-09-25 07:13:44,Medium,False,Good
3890,420,1,1,462,702,1359,0.006818,3,2024-02-11 11:58:46,Medium,True,Good
3891,471,3,1,383,389,2616,0.002479,4,2024-11-25 09:02:18,Simple,True,Good
3892,475,1,1,755,882,1636,0.007996,2,2024-05-09 13:23:50,Medium,False,Fair
3893,452,2,1,487,548,3128,0.004158,5,2024-10-01 19:00:19,Medium,True,Excellent
3894,200,4,3,3449,4000,1713,0.021232,4,2024-01-13 04:45:10,Complex,True,Good
3895,253,2,1,1300,1883,3139,0.013967,1,2024-07-04 18:36:29,Medium,True,Fair
3896,318,2,3,556,487,2676,0.003663,4,2024-08-16 08:44:33,Simple,True,Excellent
3897,384,2,5,624,675,4483,0.005918,3,2024-10-15 02:59:57,Medium,True,Good
3898,389,4,6,311,281,4127,0.001454,2,2024-11-14 20:11:17,Simple,True,Fair
3899,279,1,2,1000,1059,1746,0.010642,4,2024-01-11 09:43:43,Medium,True,Excellent
3900,444,4,1,375,454,1876,0.002331,1,2024-05-03 01:28:20,Simple,False,Fair
3901,395,1,1,1287,1669,2558,0.018354,3,2024-07-25 15:04:00,Medium,True,Good
3902,485,1,5,489,649,2011,0.006103,4,2024-03-03 17:56:55,Medium,True,Excellent
3903,449,4,5,327,478,954,0.002283,2,2024-07-27 13:57:14,Simple,True,Fair
3904,311,2,3,804,727,1541,0.005286,2,2024-01-16 12:28:42,Medium,True,Fair
3905,133,4,1,2024,1767,1579,0.009648,2,2024-01-14 02:33:20,Medium,True,Fair
3906,61,4,6,1038,1005,2582,0.004929,4,2024-01-09 11:17:22,Medium,True,Good
3907,102,4,7,474,580,1770,0.003134,4,2024-10-27 08:25:35,Medium,True,Good
3908,139,4,4,1881,2381,1836,0.01299,1,2024-09-06 02:27:44,Complex,True,Fair
3909,350,4,2,551,914,1174,0.004437,4,2024-07-30 10:39:21,Medium,False,Good
3910,431,4,2,643,871,921,0.004204,4,2024-01-12 19:18:11,Medium,False,Good
3911,265,1,5,929,1132,3049,0.010249,2,2024-09-30 00:02:10,Medium,False,Fair
3912,255,1,1,1086,1012,1963,0.00958,4,2024-02-29 06:27:57,Medium,True,Excellent
3913,456,1,1,1273,1150,1018,0.010915,5,2024-11-05 05:15:33,Medium,True,Excellent
3914,467,4,1,760,1098,1374,0.005941,3,2024-03-16 20:59:08,Medium,False,Good
3915,265,2,9,645,635,2784,0.004975,3,2024-04-02 10:12:19,Medium,True,Good
3916,172,4,3,834,727,1756,0.003905,3,2024-08-27 22:20:08,Medium,True,Good
3917,401,5,2,601,980,3242,0.002809,5,2024-03-03 03:59:30,Medium,True,Good
3918,157,2,9,524,478,2558,0.003596,4,2024-06-25 17:35:58,Simple,True,Excellent
3919,106,5,1,314,417,2352,0.001307,4,2024-03-09 04:26:48,Simple,True,Good
3920,94,2,5,2489,3502,1679,0.027839,2,2024-04-25 21:03:31,Complex,False,Fair
3921,268,1,2,1454,1720,1618,0.018195,4,2024-03-07 21:01:10,Medium,True,Excellent
3922,452,4,2,933,813,1934,0.004116,5,2024-07-07 11:36:51,Medium,True,Good
3923,372,1,9,1647,1471,1230,0.01493,5,2024-03-20 02:52:00,Medium,True,Excellent
3924,417,1,1,1110,974,2618,0.00923,4,2024-04-04 02:19:45,Medium,True,Excellent
3925,41,5,3,328,465,1695,0.001433,5,2024-10-20 03:07:03,Simple,True,Good
3926,241,1,1,1201,1806,2284,0.019831,4,2024-08-19 22:39:48,Medium,True,Excellent
3927,439,5,7,846,870,1493,0.002486,3,2024-04-06 04:55:40,Medium,False,Good
3928,13,4,1,862,747,2911,0.003536,1,2024-10-22 10:49:20,Medium,False,Fair
3929,186,1,7,703,987,1517,0.009322,4,2024-12-01 05:32:22,Medium,True,Excellent
3930,122,4,1,604,882,1716,0.004836,3,2024-07-16 11:39:15,Medium,True,Good
3931,124,1,1,583,632,1327,0.006753,4,2024-12-18 01:50:35,Medium,True,Excellent
3932,410,1,7,351,412,1216,0.004321,5,2024-04-08 23:21:43,Simple,True,Excellent
3933,169,1,6,68,101,4523,0.001096,4,2024-03-06 12:19:46,Simple,True,Excellent
3934,440,4,3,838,983,1438,0.004628,5,2024-09-10 14:55:50,Medium,True,Good
3935,481,4,6,437,496,6737,0.002274,5,2024-05-29 16:23:40,Simple,False,Good
3936,390,3,2,610,917,1266,0.006014,4,2024-01-05 15:57:32,Medium,True,Good
3937,225,4,2,2737,2740,1796,0.013061,4,2024-07-27 19:37:47,Complex,True,Good
3938,106,1,6,465,617,2697,0.006594,5,2024-01-17 15:35:56,Medium,True,Excellent
3939,369,4,7,464,669,776,0.003253,1,2024-06-07 13:33:29,Medium,True,Fair
3940,234,4,3,1869,1914,500,0.009299,4,2024-11-29 04:11:54,Medium,True,Good
3941,68,4,9,1213,1088,1559,0.005587,4,2024-04-11 16:22:28,Medium,False,Good
3942,486,4,1,520,808,2833,0.00406,4,2024-06-13 13:57:55,Medium,True,Good
3943,416,4,4,3483,4000,1985,0.021403,5,2024-01-07 21:41:14,Complex,True,Good
3944,350,2,6,918,833,3580,0.007152,5,2024-04-27 03:48:22,Medium,True,Excellent
3945,409,3,2,1188,1420,3467,0.009702,2,2024-07-18 05:02:35,Medium,True,Fair
3946,202,4,5,293,427,3679,0.002166,4,2024-03-09 15:54:20,Simple,True,Good
3947,487,5,7,696,587,2106,0.001755,4,2024-03-18 10:10:48,Medium,True,Good
3948,461,1,2,345,559,3029,0.005062,4,2024-01-16 12:39:50,Medium,True,Excellent
3949,386,4,1,374,326,726,0.001546,4,2024-02-20 06:47:13,Simple,True,Good
3950,76,4,6,346,303,3846,0.001569,4,2024-07-03 06:26:49,Simple,True,Good
3951,325,4,1,1370,2180,855,0.01137,4,2024-01-31 14:52:25,Complex,False,Good
3952,458,1,2,1177,1384,1467,0.013999,4,2024-09-13 22:53:09,Medium,True,Excellent
3953,167,1,5,446,376,1481,0.003503,3,2024-05-24 16:25:31,Simple,False,Good
3954,204,1,4,1143,1079,2834,0.011232,3,2024-11-08 09:19:02,Medium,True,Good
3955,287,1,6,1229,1085,2733,0.011017,4,2024-03-26 16:19:42,Medium,True,Excellent
3956,16,4,6,219,315,3267,0.001604,4,2024-10-18 17:09:18,Simple,True,Good
3957,204,5,5,482,530,2173,0.001483,4,2024-12-06 05:23:02,Medium,True,Good
3958,252,5,3,366,455,1111,0.001439,4,2024-04-07 22:02:54,Simple,True,Good
3959,190,4,8,2207,1953,1301,0.008948,4,2024-02-09 11:30:14,Medium,True,Good
3960,211,4,1,1339,1713,1414,0.00815,4,2024-05-25 02:45:05,Medium,True,Good
3961,456,1,2,1075,1214,2610,0.011301,3,2024-03-19 19:31:44,Medium,False,Good
3962,59,4,7,297,310,5194,0.00146,4,2024-08-19 10:00:22,Simple,False,Good
3963,340,4,6,243,398,770,0.001815,5,2024-01-26 11:13:41,Simple,False,Good
3964,237,1,9,155,184,1946,0.001981,4,2024-11-11 09:58:19,Simple,True,Excellent
3965,406,3,1,593,701,2419,0.004717,3,2024-09-10 01:15:28,Medium,True,Good
3966,116,4,3,189,212,2312,0.001011,3,2024-04-21 23:05:08,Simple,False,Good
3967,180,4,8,670,756,756,0.003711,3,2024-03-06 23:50:08,Medium,True,Good
3968,213,1,2,767,1033,3093,0.009945,5,2024-10-17 23:44:38,Medium,True,Excellent
3969,482,1,2,549,669,662,0.007229,3,2024-07-15 05:34:59,Medium,True,Good
3970,305,3,6,1887,2437,6234,0.016654,5,2024-08-04 22:24:06,Complex,True,Good
3971,70,4,8,2691,4000,500,0.018247,3,2024-10-18 18:04:41,Complex,False,Good
3972,53,4,2,521,564,3320,0.00292,4,2024-10-17 22:36:02,Medium,True,Good
3973,484,4,9,2966,4000,2489,0.019238,3,2024-03-31 23:01:09,Complex,False,Good
3974,376,1,1,335,385,1202,0.004009,5,2024-02-11 12:29:07,Simple,False,Excellent
3975,318,4,1,1022,1023,519,0.00466,4,2024-05-13 18:07:57,Medium,False,Good
3976,494,4,1,1454,1315,1740,0.006263,4,2024-02-28 17:10:59,Medium,True,Good
3977,381,2,1,1861,2680,1628,0.020127,4,2024-10-12 19:07:41,Complex,True,Excellent
3978,470,1,8,325,435,1102,0.004498,5,2024-11-24 17:53:36,Simple,False,Excellent
3979,61,1,2,118,151,1018,0.001501,5,2024-03-11 09:23:36,Simple,True,Excellent
3980,374,1,9,397,415,2767,0.004074,3,2024-04-22 11:35:38,Simple,True,Good
3981,270,4,5,817,1301,2508,0.00641,4,2024-04-20 19:33:21,Medium,False,Good
3982,3,3,2,774,1069,2149,0.007058,5,2024-06-22 09:08:28,Medium,False,Good
3983,357,2,2,972,1123,604,0.008486,4,2024-10-10 04:13:01,Medium,True,Excellent
3984,76,1,1,326,358,1055,0.003854,3,2024-12-28 15:31:34,Simple,True,Good
3985,476,2,3,509,618,1767,0.004821,2,2024-10-06 14:28:16,Medium,True,Fair
3986,429,3,1,610,804,1029,0.005381,1,2024-04-07 09:53:35,Medium,False,Fair
3987,436,1,1,397,581,2925,0.005562,4,2024-10-06 16:42:09,Medium,True,Excellent
3988,335,3,2,519,682,1352,0.004436,2,2024-10-29 11:14:40,Medium,True,Fair
3989,143,1,2,520,665,1218,0.006971,5,2024-03-03 11:25:13,Medium,True,Excellent
3990,193,3,1,452,626,1403,0.004349,5,2024-11-20 21:25:45,Medium,True,Good
3991,421,5,1,950,1011,2995,0.003103,4,2024-07-21 07:51:32,Medium,True,Good
3992,127,2,6,702,869,924,0.006339,4,2024-10-03 07:28:16,Medium,True,Excellent
3993,495,4,2,875,934,2095,0.005085,4,2024-04-12 07:01:30,Medium,True,Good
3994,307,1,1,877,802,3215,0.007446,4,2024-10-14 11:02:18,Medium,True,Excellent
3995,413,1,5,687,917,891,0.009479,4,2024-06-01 09:05:54,Medium,True,Excellent
3996,497,4,1,608,617,1052,0.003335,4,2024-02-21 07:13:24,Medium,True,Good
3997,465,4,1,219,321,1204,0.001467,4,2024-02-07 15:41:33,Simple,True,Good
3998,485,2,2,380,394,2073,0.003456,4,2024-07-21 05:54:04,Simple,True,Excellent
3999,263,5,2,109,138,2485,0.000384,5,2024-12-07 01:19:49,Simple,True,Good
4000,470,2,5,494,605,1701,0.005195,2,2024-12-14 16:12:34,Medium,True,Fair
4001,225,4,1,1200,1126,1502,0.005249,5,2024-05-07 13:56:45,Medium,True,Good
4002,412,4,2,659,908,1271,0.004096,3,2024-09-29 23:28:44,Medium,True,Good
4003,286,4,1,1038,1384,1140,0.006859,3,2024-11-27 13:51:23,Medium,True,Good
4004,11,2,4,652,867,667,0.006757,5,2024-01-11 22:28:08,Medium,True,Excellent
4005,329,2,1,790,1023,1627,0.008396,5,2024-11-02 15:49:56,Medium,True,Excellent
4006,26,1,6,733,993,1379,0.009619,2,2024-09-07 00:24:55,Medium,False,Fair
4007,45,2,7,2251,3537,7645,0.028634,2,2024-09-30 20:55:59,Complex,False,Fair
4008,181,1,6,2630,2463,2041,0.026701,2,2024-12-14 06:07:54,Complex,True,Fair
4009,483,1,7,357,454,546,0.004562,4,2024-05-13 19:20:48,Simple,True,Excellent
4010,485,2,1,657,1017,1047,0.007364,3,2024-06-28 22:08:51,Medium,True,Good
4011,193,1,1,2175,2857,1329,0.02887,3,2024-04-11 01:02:58,Complex,False,Good
4012,232,1,2,184,180,3111,0.001816,5,2024-04-20 03:17:21,Simple,True,Excellent
4013,379,2,2,1218,1615,1858,0.012089,5,2024-04-26 12:08:34,Medium,True,Excellent
4014,384,2,3,931,1425,1065,0.011209,4,2024-06-06 23:45:10,Medium,True,Excellent
4015,217,1,9,594,676,2294,0.007055,4,2024-07-31 11:31:15,Medium,True,Excellent
4016,277,1,2,1286,1266,1756,0.012268,4,2024-06-15 23:48:55,Medium,True,Excellent
4017,6,4,2,142,213,500,0.000986,3,2024-08-30 02:15:53,Simple,True,Good
4018,142,2,2,105,147,1084,0.001124,3,2024-09-05 17:52:50,Simple,False,Good
4019,73,1,1,1929,1788,1798,0.019381,4,2024-03-10 11:15:20,Medium,True,Excellent
4020,12,2,6,235,228,4224,0.001929,4,2024-10-17 08:17:16,Simple,True,Excellent
4021,71,2,4,874,1077,1246,0.007841,5,2024-06-07 12:16:50,Medium,True,Excellent
4022,349,1,6,1386,1496,633,0.014258,5,2024-03-22 20:35:50,Medium,True,Excellent
4023,183,5,1,2034,2357,2125,0.006519,4,2024-01-07 22:59:30,Complex,True,Good
4024,290,1,7,369,420,1761,0.004615,3,2024-08-18 20:56:39,Simple,False,Good
4025,363,1,8,1809,1848,1672,0.019306,5,2024-03-01 00:12:21,Medium,True,Excellent
4026,307,4,6,610,770,1623,0.003487,4,2024-08-20 12:55:43,Medium,False,Good
4027,88,4,1,162,237,2347,0.001136,4,2024-10-24 02:47:34,Simple,True,Good
4028,357,4,6,2113,2680,3073,0.012274,3,2024-07-11 15:41:10,Complex,True,Good
4029,89,4,1,1054,1163,1050,0.006337,2,2024-07-28 02:43:26,Medium,True,Fair
4030,178,2,1,869,854,2007,0.006601,5,2024-02-05 10:17:15,Medium,True,Excellent
4031,156,4,1,649,568,2829,0.003117,2,2024-11-06 17:43:45,Medium,True,Fair
4032,398,1,4,1251,1260,722,0.012696,4,2024-01-09 09:38:28,Medium,False,Excellent
4033,385,2,3,535,626,4077,0.00453,4,2024-11-29 07:04:18,Medium,True,Excellent
4034,26,1,6,1569,2024,1251,0.018406,4,2024-11-20 09:39:53,Complex,True,Excellent
4035,186,4,3,433,585,1015,0.003083,3,2024-08-17 02:35:57,Medium,True,Good
4036,443,3,4,264,342,1073,0.002456,3,2024-01-25 12:47:38,Simple,False,Good
4037,81,4,9,1200,1229,2502,0.006283,4,2024-11-18 14:15:24,Medium,True,Good
4038,96,2,6,734,693,8409,0.005366,4,2024-04-17 21:43:40,Medium,True,Excellent
4039,48,1,8,873,910,10040,0.009415,3,2024-01-09 01:31:37,Medium,True,Good
4040,29,3,1,384,386,1314,0.002643,1,2024-12-17 20:31:43,Simple,True,Fair
4041,31,1,2,475,543,917,0.00501,4,2024-12-18 01:30:12,Medium,True,Excellent
4042,260,1,7,1253,1249,500,0.012609,1,2024-08-05 17:28:46,Medium,True,Fair
4043,298,5,9,1199,1674,4232,0.004959,4,2024-04-23 01:08:33,Medium,True,Good
4044,461,4,1,287,278,1252,0.001359,4,2024-09-20 18:17:15,Simple,False,Good
4045,388,1,6,405,551,1508,0.005125,5,2024-07-12 22:03:18,Medium,True,Excellent
4046,207,1,1,1087,1339,4256,0.013109,4,2024-10-04 09:05:55,Medium,True,Excellent
4047,208,2,8,403,520,2638,0.003917,4,2024-08-09 21:35:59,Medium,True,Excellent
4048,276,4,7,1579,1672,1595,0.007725,4,2024-09-25 17:20:02,Medium,True,Good
4049,207,1,2,1927,1885,2381,0.017533,5,2024-10-24 07:08:13,Medium,False,Excellent
4050,423,2,1,443,580,1680,0.004332,3,2024-05-04 17:35:36,Medium,False,Good
4051,382,1,6,313,517,2117,0.004761,5,2024-04-04 00:12:14,Medium,True,Excellent
4052,28,2,6,1369,1184,2969,0.008674,4,2024-04-16 17:25:57,Medium,True,Excellent
4053,129,1,1,1552,1854,922,0.018173,5,2024-07-16 18:04:19,Medium,False,Excellent
4054,239,4,3,124,197,739,0.000958,3,2024-03-03 11:18:43,Simple,True,Good
4055,188,1,5,332,378,532,0.003599,3,2024-03-31 14:09:30,Simple,False,Good
4056,333,1,1,446,373,1165,0.003659,3,2024-06-19 05:19:15,Simple,False,Good
4057,254,3,8,1412,2320,4281,0.015094,4,2024-03-07 17:08:03,Complex,True,Good
4058,32,1,9,206,332,1638,0.00316,3,2024-07-26 21:31:08,Simple,False,Good
4059,53,1,2,1575,1507,688,0.016391,1,2024-07-05 20:36:06,Medium,True,Fair
4060,464,1,4,494,797,4621,0.007658,5,2024-01-29 14:02:17,Medium,True,Excellent
4061,415,1,2,4311,3643,859,0.036497,5,2024-05-09 14:47:29,Complex,True,Excellent
4062,39,1,6,702,888,2896,0.008475,4,2024-03-07 01:57:33,Medium,True,Excellent
4063,67,2,1,536,501,1739,0.004117,5,2024-12-25 09:06:34,Medium,True,Excellent
4064,294,1,3,411,406,1847,0.003889,3,2024-06-12 01:36:02,Simple,True,Good
4065,17,5,1,1836,2143,2463,0.006736,3,2024-11-15 05:41:43,Complex,False,Good
4066,249,1,9,1636,1457,1466,0.014046,5,2024-09-20 07:59:02,Medium,False,Excellent
4067,53,1,1,806,826,1293,0.008405,4,2024-08-13 09:29:28,Medium,True,Excellent
4068,302,1,2,1590,1883,2128,0.017765,4,2024-05-01 06:17:40,Medium,True,Excellent
4069,302,4,1,2512,3084,7064,0.015325,4,2024-10-29 20:35:27,Complex,True,Good
4070,497,2,1,769,694,2054,0.005111,4,2024-11-01 19:28:10,Medium,True,Excellent
4071,334,4,1,3742,4000,760,0.021065,3,2024-01-31 08:08:00,Complex,True,Good
4072,172,3,1,823,894,1592,0.006031,4,2024-04-12 23:30:51,Medium,True,Good
4073,81,4,6,954,817,3309,0.003726,4,2024-08-24 20:00:09,Medium,True,Good
4074,39,1,2,942,1076,3366,0.01087,4,2024-07-21 19:21:43,Medium,True,Excellent
4075,479,4,1,802,706,2461,0.003739,4,2024-04-27 15:57:04,Medium,True,Good
4076,112,4,6,441,488,3104,0.002616,4,2024-05-29 19:38:18,Simple,True,Good
4077,121,1,5,1012,906,1306,0.00969,4,2024-09-02 10:07:54,Medium,True,Excellent
4078,198,1,1,971,920,4159,0.009068,5,2024-12-30 14:21:01,Medium,True,Excellent
4079,362,4,3,515,766,1331,0.003584,4,2024-07-31 04:22:39,Medium,True,Good
4080,320,1,9,655,586,1783,0.005677,2,2024-06-16 22:10:44,Medium,False,Fair
4081,102,4,2,530,475,2433,0.002148,4,2024-10-09 05:19:56,Simple,True,Good
4082,88,4,1,903,1298,3294,0.006712,2,2024-09-13 15:57:23,Medium,True,Fair
4083,90,4,2,1384,1490,1620,0.007632,3,2024-04-08 12:16:36,Medium,False,Good
4084,267,4,1,783,1032,2191,0.005211,5,2024-10-01 17:07:13,Medium,True,Good
4085,172,4,6,1255,1470,2612,0.00779,5,2024-07-17 12:34:29,Medium,True,Good
4086,485,1,3,486,524,834,0.005711,3,2024-01-12 08:58:32,Medium,False,Good
4087,67,2,1,629,567,1206,0.004639,3,2024-05-14 10:20:16,Medium,True,Good
4088,494,4,3,1192,1411,2159,0.007364,2,2024-09-26 21:56:20,Medium,False,Fair
4089,430,4,6,2935,3185,3698,0.01502,4,2024-02-20 18:00:23,Complex,True,Good
4090,56,1,9,2139,1947,1136,0.01833,4,2024-08-16 18:03:13,Medium,True,Excellent
4091,285,1,8,890,898,2581,0.008744,4,2024-08-17 13:20:20,Medium,True,Excellent
4092,63,1,2,598,569,6463,0.00519,5,2024-06-12 18:50:55,Medium,True,Excellent
4093,149,1,6,1474,1335,2749,0.01379,5,2024-09-12 05:59:06,Medium,True,Excellent
4094,30,3,1,383,365,3408,0.002497,5,2024-03-21 07:42:12,Simple,True,Good
4095,229,5,2,1461,1882,1376,0.005784,3,2024-08-08 13:52:05,Medium,True,Good
4096,207,1,6,689,741,1484,0.007492,1,2024-02-28 19:05:50,Medium,True,Fair
4097,350,1,2,2633,2708,1980,0.02826,4,2024-06-25 21:15:05,Complex,True,Excellent
4098,376,4,2,1089,1171,2579,0.006259,5,2024-09-23 06:57:46,Medium,True,Good
4099,429,1,1,437,394,2468,0.003976,2,2024-09-08 07:19:08,Simple,True,Fair
4100,192,4,1,834,826,615,0.003728,4,2024-11-26 22:15:28,Medium,False,Good
4101,17,4,1,637,645,1097,0.003038,4,2024-04-08 02:13:18,Medium,False,Good
4102,373,4,2,1320,1409,1210,0.007072,5,2024-06-11 05:49:38,Medium,True,Good
4103,110,4,1,1874,1793,571,0.00811,2,2024-09-30 18:51:14,Medium,True,Fair
4104,223,2,6,937,1037,1397,0.008706,4,2024-03-29 21:17:31,Medium,True,Excellent
4105,440,4,1,264,333,2144,0.00164,2,2024-07-06 20:55:01,Simple,True,Fair
4106,399,1,1,343,313,977,0.003125,4,2024-01-26 18:02:16,Simple,False,Excellent
4107,345,1,6,329,392,1432,0.00373,4,2024-03-18 01:57:19,Simple,True,Excellent
4108,275,4,1,853,757,2133,0.003695,2,2024-07-17 02:00:13,Medium,False,Fair
4109,477,3,9,499,440,1830,0.003099,4,2024-08-24 02:54:52,Simple,True,Good
4110,270,1,1,1017,1056,7452,0.010396,2,2024-03-14 14:33:49,Medium,False,Fair
4111,223,1,2,693,830,1138,0.007604,2,2024-10-19 10:57:06,Medium,True,Fair
4112,463,4,3,934,1140,2437,0.005821,3,2024-03-18 09:13:58,Medium,False,Good
4113,3,1,6,2617,2328,3912,0.024231,5,2024-01-14 20:44:09,Complex,True,Excellent
4114,106,5,1,507,527,2323,0.001669,5,2024-01-18 10:15:35,Medium,True,Good
4115,281,1,2,446,609,5300,0.006198,3,2024-08-16 04:55:31,Medium,True,Good
4116,327,4,2,1188,1085,6157,0.005247,4,2024-03-18 09:53:31,Medium,False,Good
4117,320,4,5,674,631,1103,0.002914,4,2024-01-10 17:31:28,Medium,True,Good
4118,244,2,5,673,1091,1718,0.00832,4,2024-07-27 00:12:57,Medium,True,Excellent
4119,170,2,5,221,262,6239,0.002105,5,2024-05-01 01:20:48,Simple,True,Excellent
4120,3,4,1,600,552,3066,0.002946,5,2024-02-21 14:26:54,Medium,False,Good
4121,299,1,1,2134,2268,1489,0.024438,5,2024-06-19 09:35:18,Complex,True,Excellent
4122,6,1,3,750,779,3021,0.0082,4,2024-07-01 16:11:12,Medium,True,Excellent
4123,122,1,3,1663,1520,1808,0.014302,3,2024-12-06 21:55:39,Medium,True,Good
4124,144,1,1,1729,2211,2802,0.022153,4,2024-08-27 04:58:37,Complex,True,Excellent
4125,191,1,5,1386,1517,2027,0.016419,1,2024-12-06 14:10:41,Medium,True,Fair
4126,26,5,1,1749,2657,1905,0.007585,5,2024-10-20 21:10:33,Complex,True,Good
4127,265,5,8,807,746,1673,0.002361,5,2024-08-16 12:36:22,Medium,False,Good
4128,292,1,2,535,547,2232,0.005217,1,2024-11-17 10:40:27,Medium,True,Fair
4129,266,4,9,1158,980,1908,0.005376,4,2024-04-17 17:19:36,Medium,True,Good
4130,319,1,1,938,948,2415,0.009658,5,2024-07-27 23:19:53,Medium,True,Excellent
4131,56,4,4,1359,1431,734,0.007479,5,2024-04-05 17:06:47,Medium,True,Good
4132,288,1,3,2323,2018,1532,0.021401,4,2024-11-03 14:15:07,Complex,True,Excellent
4133,358,2,2,526,693,2080,0.005387,4,2024-03-25 17:53:31,Medium,True,Excellent
4134,352,4,1,1447,1482,793,0.006963,5,2024-08-01 23:12:07,Medium,True,Good
4135,24,1,1,881,854,2369,0.00852,2,2024-07-01 12:34:57,Medium,True,Fair
4136,279,5,7,499,807,1522,0.002648,5,2024-10-20 22:10:10,Medium,True,Good
4137,322,1,3,215,288,2232,0.002779,4,2024-06-06 09:49:51,Simple,True,Excellent
4138,339,1,5,306,307,1844,0.002813,5,2024-04-20 14:51:56,Simple,True,Excellent
4139,299,4,4,216,316,605,0.001718,4,2024-06-20 19:12:28,Simple,False,Good
4140,128,1,6,1777,1924,1938,0.020535,4,2024-07-06 09:21:09,Medium,True,Excellent
4141,172,1,4,1047,975,1170,0.009516,1,2024-01-04 20:05:06,Medium,True,Fair
4142,337,2,3,1396,1921,1523,0.01507,4,2024-08-16 23:42:58,Medium,True,Excellent
4143,173,1,2,423,488,1970,0.004983,3,2024-08-02 15:09:27,Simple,True,Good
4144,342,4,2,359,591,1323,0.002919,4,2024-08-23 02:54:34,Medium,False,Good
4145,141,4,4,516,718,1111,0.003746,4,2024-02-17 07:04:38,Medium,True,Good
4146,127,1,6,1072,1405,1336,0.014696,5,2024-05-21 18:25:12,Medium,False,Excellent
4147,157,4,5,1249,1090,1204,0.005137,3,2024-02-15 01:51:12,Medium,True,Good
4148,366,4,1,2534,2806,1355,0.014722,3,2024-07-05 07:14:48,Complex,True,Good
4149,38,1,7,481,414,3344,0.00423,3,2024-12-10 00:07:15,Simple,True,Good
4150,99,4,1,588,861,2167,0.003984,2,2024-06-19 10:44:25,Medium,True,Fair
4151,218,2,3,720,719,4941,0.005472,4,2024-06-03 04:14:54,Medium,True,Excellent
4152,253,1,3,650,743,1803,0.007692,3,2024-07-15 09:40:20,Medium,False,Good
4153,470,1,9,350,391,673,0.004016,4,2024-08-11 08:23:30,Simple,True,Excellent
4154,311,4,9,213,226,1648,0.001088,3,2024-11-13 06:28:07,Simple,True,Good
4155,344,4,7,271,424,1271,0.001917,3,2024-06-17 00:18:30,Simple,True,Good
4156,266,1,9,358,581,885,0.006284,2,2024-09-06 07:36:07,Medium,True,Fair
4157,295,2,9,1727,1623,2559,0.013722,3,2024-10-24 23:29:10,Medium,True,Good
4158,131,1,1,341,368,978,0.003729,2,2024-03-08 08:58:30,Simple,True,Fair
4159,76,1,1,1094,1599,2677,0.014954,5,2024-05-18 17:15:14,Medium,True,Excellent
4160,64,3,1,802,1141,1699,0.007581,5,2024-12-11 12:00:27,Medium,True,Good
4161,41,3,7,1934,2338,2361,0.01697,2,2024-06-05 23:26:42,Complex,True,Fair
4162,293,4,3,1327,1110,3396,0.0052,3,2024-10-06 06:56:10,Medium,True,Good
4163,397,1,2,718,734,2731,0.007262,1,2024-06-05 16:02:30,Medium,False,Fair
4164,110,4,2,1065,1387,2766,0.006585,2,2024-03-17 02:59:06,Medium,True,Fair
4165,167,4,2,701,703,783,0.003399,4,2024-11-24 18:07:24,Medium,True,Good
4166,451,1,3,1139,1140,1373,0.0106,4,2024-10-04 20:06:48,Medium,True,Excellent
4167,468,1,2,858,1231,1965,0.011428,5,2024-05-17 21:07:50,Medium,True,Excellent
4168,187,1,1,1968,2867,1438,0.028179,5,2024-10-01 01:08:45,Complex,True,Excellent
4169,355,1,4,569,671,1099,0.006826,2,2024-03-19 22:20:48,Medium,True,Fair
4170,330,5,7,856,752,4104,0.002265,2,2024-01-30 02:47:15,Medium,False,Fair
4171,168,2,7,1730,1639,1630,0.014121,4,2024-03-19 07:32:05,Medium,True,Excellent
4172,493,1,6,1310,1283,503,0.013962,3,2024-02-06 08:13:16,Medium,True,Good
4173,139,4,7,1537,1307,4561,0.006994,2,2024-06-15 12:49:09,Medium,False,Fair
4174,209,4,1,955,879,4432,0.004174,4,2024-02-19 14:59:01,Medium,True,Good
4175,171,2,2,949,1294,2199,0.009857,4,2024-11-10 21:48:27,Medium,True,Excellent
4176,262,4,3,536,631,4396,0.003108,1,2024-09-30 00:17:07,Medium,False,Fair
4177,417,1,1,496,712,828,0.006429,3,2024-11-13 17:23:14,Medium,False,Good
4178,301,4,8,754,719,1480,0.003362,3,2024-08-02 23:56:33,Medium,True,Good
4179,355,2,7,496,425,1684,0.003383,5,2024-10-18 20:52:17,Simple,True,Excellent
4180,426,4,7,681,1006,2509,0.004707,2,2024-06-29 10:17:35,Medium,True,Fair
4181,457,3,4,805,951,1606,0.006128,4,2024-09-15 06:53:54,Medium,False,Good
4182,335,4,1,311,377,2240,0.001728,5,2024-06-22 08:09:03,Simple,True,Good
4183,467,4,6,1513,1354,1453,0.006887,4,2024-07-02 11:34:07,Medium,False,Good
4184,48,1,8,465,486,1954,0.00527,2,2024-01-13 06:17:21,Simple,True,Fair
4185,325,1,1,840,1319,5178,0.013433,5,2024-01-08 05:47:31,Medium,True,Excellent
4186,498,3,9,344,331,1103,0.002282,4,2024-04-28 20:21:44,Simple,True,Good
4187,50,4,4,410,352,1003,0.001599,3,2024-11-09 10:19:30,Simple,False,Good
4188,424,3,6,306,298,1739,0.002207,4,2024-08-05 06:31:31,Simple,True,Good
4189,424,4,2,4563,4000,1920,0.018274,5,2024-05-23 05:20:36,Complex,True,Good
4190,343,3,4,1159,1220,1181,0.009367,4,2024-09-04 23:06:08,Medium,True,Good
4191,109,4,1,415,525,2009,0.002573,5,2024-06-09 09:28:56,Medium,True,Good
4192,71,2,6,840,1338,719,0.010198,4,2024-03-07 07:55:55,Medium,True,Excellent
4193,2,2,1,528,512,4198,0.004483,1,2024-04-09 19:51:54,Medium,True,Fair
4194,311,4,2,2205,2690,1505,0.012444,5,2024-09-22 13:10:41,Complex,True,Good
4195,419,4,8,204,336,1108,0.001617,2,2024-10-20 23:45:25,Simple,False,Fair
4196,272,3,6,419,418,500,0.002765,5,2024-08-03 22:29:26,Simple,True,Good
4197,446,4,6,855,729,1395,0.003763,3,2024-03-03 16:08:59,Medium,False,Good
4198,483,2,2,1845,2493,2745,0.020928,5,2024-09-15 19:19:24,Complex,True,Excellent
4199,158,1,2,759,1126,5579,0.01182,4,2024-01-21 09:31:57,Medium,True,Excellent
4200,104,4,1,808,832,3803,0.003789,2,2024-07-26 22:31:13,Medium,True,Fair
4201,421,4,6,373,362,1242,0.001761,4,2024-09-24 02:12:28,Simple,True,Good
4202,227,1,4,2670,4000,622,0.043049,4,2024-04-28 20:59:25,Complex,True,Excellent
4203,232,1,1,305,317,2630,0.00301,5,2024-02-27 18:32:36,Simple,True,Excellent
4204,372,5,2,529,516,2090,0.001503,5,2024-08-21 11:39:58,Medium,True,Good
4205,446,1,9,294,414,1049,0.004526,2,2024-02-23 10:40:16,Simple,True,Fair
4206,7,1,2,786,780,3530,0.00844,3,2024-11-06 06:10:43,Medium,False,Good
4207,128,1,3,1330,1142,4990,0.011289,1,2024-07-10 22:32:40,Medium,True,Fair
4208,321,1,1,1287,1329,4605,0.012119,2,2024-07-02 04:53:50,Medium,False,Fair
4209,451,1,7,520,704,1039,0.006798,2,2024-07-04 23:27:07,Medium,True,Fair
4210,306,4,2,1238,1383,2131,0.006423,5,2024-05-02 05:52:46,Medium,True,Good
4211,63,1,2,855,976,1767,0.010096,5,2024-03-29 06:10:45,Medium,True,Excellent
4212,113,4,6,809,698,10048,0.003654,2,2024-08-17 12:09:03,Medium,True,Fair
4213,319,5,6,815,1009,1904,0.003296,2,2024-02-28 15:37:47,Medium,True,Fair
4214,71,1,4,1128,1358,937,0.014678,5,2024-02-21 04:38:35,Medium,True,Excellent
4215,242,1,2,210,292,2226,0.002696,4,2024-04-01 00:23:45,Simple,True,Excellent
4216,103,1,9,706,756,6316,0.007596,5,2024-01-13 07:31:51,Medium,True,Excellent
4217,403,1,3,1222,1209,2915,0.012886,5,2024-02-19 18:55:02,Medium,True,Excellent
4218,425,4,9,525,640,2171,0.003095,2,2024-01-04 04:37:10,Medium,True,Fair
4219,116,4,1,467,416,841,0.001949,5,2024-07-01 21:55:28,Simple,False,Good
4220,298,1,2,2241,1893,1403,0.01907,5,2024-10-05 01:43:16,Medium,True,Excellent
4221,7,1,6,268,336,1267,0.003157,4,2024-03-05 18:52:43,Simple,True,Excellent
4222,312,2,7,1114,1012,1512,0.008526,3,2024-10-22 22:51:06,Medium,True,Good
4223,357,1,2,1194,1174,1602,0.012071,4,2024-09-13 15:15:58,Medium,True,Excellent
4224,146,4,9,1252,1460,3530,0.006763,2,2024-08-09 02:38:57,Medium,True,Fair
4225,202,4,8,851,1103,3944,0.005034,4,2024-07-10 06:51:08,Medium,True,Good
4226,381,4,1,392,562,1274,0.002821,1,2024-08-05 00:36:14,Medium,True,Fair
4227,19,4,1,779,863,1551,0.004364,2,2024-09-07 08:51:50,Medium,True,Fair
4228,160,3,6,973,871,3598,0.006077,4,2024-03-08 12:40:00,Medium,True,Good
4229,404,1,2,658,767,3780,0.006949,4,2024-10-28 23:28:36,Medium,True,Excellent
4230,271,3,2,577,759,1978,0.005222,5,2024-07-30 11:33:39,Medium,True,Good
4231,332,4,2,874,1140,500,0.005951,5,2024-08-22 10:42:37,Medium,True,Good
4232,489,3,6,885,868,678,0.006495,4,2024-08-25 16:01:56,Medium,True,Good
4233,420,4,6,835,913,4166,0.004698,3,2024-06-17 17:46:41,Medium,False,Good
4234,143,1,9,387,469,2019,0.005073,3,2024-06-23 09:43:01,Simple,True,Good
4235,435,4,3,1364,1588,1193,0.007755,4,2024-03-20 17:17:26,Medium,False,Good
4236,324,1,6,583,632,1233,0.006726,5,2024-02-12 09:23:18,Medium,True,Excellent
4237,105,2,2,1713,1513,4167,0.012621,5,2024-07-24 11:38:46,Medium,True,Excellent
4238,166,5,3,1353,1316,4065,0.004277,3,2024-08-14 01:05:45,Medium,True,Good
4239,138,4,2,2934,2759,2273,0.013684,3,2024-05-01 09:13:26,Complex,True,Good
4240,217,1,5,265,356,751,0.00346,4,2024-12-01 03:37:34,Simple,True,Excellent
4241,473,4,1,122,167,685,0.000764,3,2024-10-22 18:28:47,Simple,True,Good
4242,107,4,3,467,615,6350,0.003033,4,2024-11-23 10:05:02,Medium,False,Good
4243,382,5,1,730,686,1805,0.002177,5,2024-01-02 00:54:33,Medium,True,Good
4244,107,4,1,1184,1156,772,0.005352,3,2024-07-19 19:29:45,Medium,True,Good
4245,101,5,3,2210,1854,9461,0.005185,4,2024-06-14 06:42:28,Medium,True,Good
4246,240,1,7,1455,1854,3002,0.018019,4,2024-04-09 12:27:35,Medium,True,Excellent
4247,119,1,3,338,555,2083,0.005623,3,2024-09-23 04:47:55,Medium,True,Good
4248,76,1,2,648,838,1471,0.008144,4,2024-11-11 12:51:30,Medium,True,Excellent
4249,496,2,8,693,855,2033,0.006182,4,2024-05-15 01:28:01,Medium,True,Excellent
4250,285,2,5,451,427,3726,0.003232,2,2024-10-19 03:40:18,Simple,True,Fair
4251,236,4,2,906,778,6635,0.003905,4,2024-05-29 20:53:35,Medium,True,Good
4252,338,4,1,1050,1485,1939,0.007334,4,2024-05-06 15:10:11,Medium,True,Good
4253,176,1,1,191,245,1186,0.0026,3,2024-01-17 13:59:12,Simple,True,Good
4254,144,1,2,670,867,2406,0.008238,4,2024-04-09 13:35:58,Medium,True,Excellent
4255,411,4,3,496,487,1216,0.002323,2,2024-06-09 09:40:38,Simple,False,Fair
4256,253,1,2,261,241,2198,0.002568,4,2024-04-21 05:44:01,Simple,True,Excellent
4257,444,4,7,559,616,3457,0.003035,4,2024-02-25 11:00:57,Medium,False,Good
4258,218,1,5,1043,1548,7017,0.016577,4,2024-11-15 04:11:42,Medium,True,Excellent
4259,311,1,7,1173,1262,2385,0.011381,4,2024-07-24 20:39:33,Medium,True,Excellent
4260,451,4,9,1441,1431,4373,0.006657,4,2024-09-07 18:50:12,Medium,True,Good
4261,298,1,7,134,193,3068,0.001947,3,2024-08-21 03:59:43,Simple,True,Good
4262,61,3,1,1896,1865,867,0.01415,5,2024-02-27 06:51:18,Medium,True,Good
4263,191,1,6,1079,980,4972,0.010095,5,2024-09-08 00:52:56,Medium,True,Excellent
4264,137,2,2,325,424,2451,0.00351,1,2024-02-02 01:55:44,Simple,True,Fair
4265,204,3,2,1549,1498,2001,0.010501,5,2024-08-10 20:51:53,Medium,True,Good
4266,163,4,5,1029,1018,1748,0.00534,4,2024-07-01 00:04:19,Medium,False,Good
4267,340,1,5,685,660,1975,0.006724,5,2024-09-05 08:57:00,Medium,False,Excellent
4268,180,4,7,4408,3747,1025,0.020549,5,2024-08-26 11:42:08,Complex,True,Good
4269,450,1,2,295,408,1707,0.003769,3,2024-11-24 23:20:18,Simple,True,Good
4270,152,1,2,1075,1600,500,0.015752,4,2024-06-26 15:03:21,Medium,True,Excellent
4271,222,1,1,1319,1601,1629,0.016532,4,2024-12-09 09:39:49,Medium,True,Excellent
4272,116,2,6,1843,2335,1086,0.01901,2,2024-07-31 20:06:35,Complex,True,Fair
4273,214,1,1,1754,1528,1388,0.013901,2,2024-02-17 15:32:15,Medium,True,Fair
4274,240,4,1,524,598,4358,0.003002,4,2024-07-14 10:45:32,Medium,True,Good
4275,397,1,2,1026,1547,4222,0.015314,5,2024-10-28 06:22:47,Medium,True,Excellent
4276,286,4,6,480,581,2133,0.002855,2,2024-01-31 17:19:00,Medium,True,Fair
4277,9,2,2,2544,3055,2266,0.025321,4,2024-03-28 01:16:56,Complex,True,Excellent
4278,134,4,9,1839,1541,780,0.007151,2,2024-01-19 02:07:40,Medium,True,Fair
4279,85,1,2,956,1037,1463,0.00988,2,2024-05-30 19:58:27,Medium,True,Fair
4280,321,3,2,1014,1330,4599,0.009212,4,2024-11-08 23:20:44,Medium,True,Good
4281,452,1,2,1226,1559,7645,0.016707,3,2024-10-05 17:06:44,Medium,True,Good
4282,130,4,6,255,222,1749,0.001144,5,2024-10-19 19:29:53,Simple,False,Good
4283,303,1,2,594,762,1028,0.007513,4,2024-04-20 02:58:51,Medium,True,Excellent
4284,70,1,3,1413,1244,1522,0.01359,3,2024-02-23 00:20:15,Medium,True,Good
4285,384,2,4,1443,1453,2729,0.012501,4,2024-07-03 03:56:43,Medium,True,Excellent
4286,425,1,7,543,888,916,0.008918,3,2024-03-11 23:17:09,Medium,False,Good
4287,76,4,2,1896,2648,3363,0.011974,4,2024-12-19 02:07:42,Complex,True,Good
4288,188,1,8,509,507,684,0.004851,4,2024-06-08 21:01:29,Medium,False,Excellent
4289,217,1,1,468,769,795,0.00777,3,2024-10-25 13:18:19,Medium,True,Good
4290,281,1,3,824,919,3219,0.010044,4,2024-11-20 13:19:48,Medium,False,Excellent
4291,102,1,2,460,474,1200,0.004832,5,2024-01-21 12:21:08,Simple,True,Excellent
4292,307,3,1,2330,2354,1822,0.016288,5,2024-06-05 03:57:57,Complex,True,Good
4293,312,3,1,2652,3080,1362,0.022148,4,2024-09-04 02:32:50,Complex,True,Good
4294,179,2,1,734,936,1068,0.00749,4,2024-08-22 17:44:40,Medium,True,Excellent
4295,183,2,2,805,923,1565,0.007344,3,2024-07-18 23:21:14,Medium,True,Good
4296,343,1,1,722,819,4803,0.00857,4,2024-08-26 02:59:31,Medium,True,Excellent
4297,212,4,1,652,675,1626,0.003129,4,2024-05-21 05:03:23,Medium,True,Good
4298,293,2,1,416,402,1599,0.003083,2,2024-02-04 12:01:11,Simple,False,Fair
4299,46,2,4,1475,1387,500,0.010086,4,2024-04-03 07:27:33,Medium,True,Excellent
4300,285,1,6,803,910,3976,0.009388,5,2024-02-12 20:51:00,Medium,True,Excellent
4301,98,4,7,414,526,4171,0.002569,4,2024-04-15 02:37:25,Medium,True,Good
4302,222,4,1,545,775,647,0.003574,5,2024-10-12 21:12:31,Medium,True,Good
4303,296,1,1,840,919,1643,0.010091,3,2024-08-09 03:53:45,Medium,True,Good
4304,355,1,6,767,762,3020,0.007413,4,2024-04-25 14:19:13,Medium,False,Excellent
4305,145,1,2,776,723,3113,0.007026,4,2024-08-01 08:41:30,Medium,True,Excellent
4306,102,1,6,1792,2240,1325,0.023769,4,2024-07-01 01:25:13,Complex,True,Excellent
4307,279,4,7,507,558,922,0.002738,4,2024-08-16 14:06:02,Medium,True,Good
4308,289,1,2,1540,1519,6043,0.015827,3,2024-02-12 14:22:28,Medium,True,Good
4309,255,4,1,842,767,1368,0.003895,3,2024-04-23 18:59:13,Medium,True,Good
4310,51,1,7,756,817,593,0.008873,4,2024-03-20 07:15:51,Medium,True,Excellent
4311,112,4,3,215,222,2028,0.00111,2,2024-12-30 18:15:48,Simple,True,Fair
4312,24,4,1,289,457,3761,0.002459,4,2024-08-31 22:10:41,Simple,True,Good
4313,23,4,2,367,592,2525,0.003124,3,2024-09-24 00:12:32,Medium,False,Good
4314,59,4,1,1482,2271,1193,0.010908,4,2024-12-04 21:58:32,Complex,True,Good
4315,19,4,1,1599,1879,1835,0.009913,3,2024-10-18 12:35:19,Medium,True,Good
4316,482,4,3,1162,1056,2104,0.00508,5,2024-01-10 09:36:49,Medium,True,Good
4317,223,4,3,377,392,1387,0.001797,4,2024-01-27 13:15:46,Simple,False,Good
4318,121,4,4,4205,4000,1460,0.020447,3,2024-08-11 23:54:24,Complex,True,Good
4319,364,3,1,1448,1502,1266,0.010565,2,2024-03-28 07:24:58,Medium,True,Fair
4320,50,1,6,3777,4000,2557,0.036012,4,2024-08-26 19:03:44,Complex,True,Excellent
4321,483,4,1,582,554,1774,0.002976,5,2024-08-18 00:25:10,Medium,True,Good
4322,480,4,1,2260,3649,3972,0.01875,3,2024-09-09 00:59:29,Complex,True,Good
4323,38,4,9,319,471,2784,0.002333,3,2024-07-11 05:32:12,Simple,True,Good
4324,82,3,7,707,799,2334,0.006077,5,2024-07-21 23:14:01,Medium,True,Good
4325,321,4,7,839,939,9620,0.00492,2,2024-08-26 10:17:49,Medium,True,Fair
4326,297,3,1,976,832,1898,0.005357,3,2024-12-15 01:07:57,Medium,True,Good
4327,252,1,1,2909,2880,5240,0.031114,4,2024-10-14 22:16:55,Complex,True,Excellent
4328,98,4,1,1264,2049,1305,0.011196,4,2024-06-11 22:32:14,Complex,True,Good
4329,9,2,2,1875,1847,3521,0.013773,4,2024-10-13 07:18:42,Medium,True,Excellent
4330,408,3,6,1590,1408,2386,0.010051,3,2024-07-21 18:06:50,Medium,True,Good
4331,385,4,5,1403,1534,3246,0.007307,4,2024-08-13 11:13:54,Medium,True,Good
4332,36,3,1,1615,1757,1637,0.01124,4,2024-10-12 05:06:22,Medium,True,Good
4333,286,1,9,2537,2287,1859,0.021884,4,2024-09-19 08:33:54,Complex,False,Excellent
4334,334,4,1,314,402,1759,0.002118,2,2024-09-29 13:23:58,Simple,True,Fair
4335,262,1,1,2174,2301,1513,0.020866,4,2024-02-04 12:48:15,Complex,True,Excellent
4336,438,5,6,333,447,966,0.001385,4,2024-09-05 23:02:51,Simple,False,Good
4337,30,1,2,1926,1965,1647,0.019956,2,2024-03-16 22:53:05,Medium,True,Fair
4338,198,1,6,1284,1799,967,0.016512,5,2024-06-02 12:15:26,Medium,True,Excellent
4339,439,2,2,1029,941,1748,0.006851,2,2024-09-25 05:36:02,Medium,True,Fair
4340,393,3,7,392,370,3081,0.002749,3,2024-08-08 14:28:40,Simple,True,Good
4341,287,1,6,466,435,2541,0.004528,3,2024-01-05 10:14:16,Simple,False,Good
4342,77,5,4,3389,3501,1485,0.01022,5,2024-01-13 20:34:38,Complex,False,Good
4343,278,4,2,1736,2392,1163,0.012668,5,2024-04-29 14:44:03,Complex,True,Good
4344,434,1,1,1747,1656,683,0.01756,4,2024-07-25 11:26:42,Medium,True,Excellent
4345,490,1,2,397,482,3150,0.005024,5,2024-03-19 09:54:04,Simple,True,Excellent
4346,179,4,3,271,301,1722,0.001391,5,2024-03-06 21:11:06,Simple,True,Good
4347,427,1,3,3747,4000,644,0.037468,4,2024-03-31 05:30:28,Complex,True,Excellent
4348,9,3,2,738,894,2283,0.006817,3,2024-06-29 00:11:57,Medium,True,Good
4349,232,4,1,1123,1172,3469,0.006203,4,2024-05-13 08:21:43,Medium,False,Good
4350,242,1,6,1317,1159,1602,0.012576,4,2024-09-29 22:49:53,Medium,True,Excellent
4351,482,4,1,475,450,3268,0.002461,1,2024-03-14 09:19:28,Simple,False,Fair
4352,185,4,1,2973,2554,818,0.012802,4,2024-06-20 05:34:31,Complex,True,Good
4353,276,1,1,840,1129,2088,0.012081,4,2024-05-09 22:26:25,Medium,True,Excellent
4354,73,1,1,755,857,1803,0.009174,5,2024-10-05 04:08:52,Medium,False,Excellent
4355,249,1,3,2035,1825,1023,0.019816,1,2024-06-24 04:00:33,Medium,True,Fair
4356,304,4,2,1053,1387,2455,0.007417,2,2024-12-29 09:13:03,Medium,True,Fair
4357,109,2,7,728,826,4101,0.006266,4,2024-11-30 19:36:51,Medium,True,Excellent
4358,319,1,1,1534,1473,1208,0.014234,4,2024-04-11 11:13:11,Medium,True,Excellent
4359,246,2,3,661,976,3598,0.007549,3,2024-03-11 15:42:46,Medium,True,Good
4360,309,5,2,3234,2795,2009,0.008492,4,2024-12-24 03:42:06,Complex,True,Good
4361,407,4,3,312,304,1610,0.001478,1,2024-07-03 12:00:11,Simple,False,Fair
4362,191,4,2,645,679,3961,0.003151,3,2024-02-18 13:11:27,Medium,False,Good
4363,284,4,8,2177,1825,1242,0.008323,1,2024-02-07 04:28:35,Medium,False,Fair
4364,279,4,1,557,580,1317,0.002985,2,2024-07-16 18:53:13,Medium,True,Fair
4365,483,3,2,1225,1306,5241,0.008589,5,2024-04-11 02:26:16,Medium,True,Good
4366,127,1,1,1727,1719,1863,0.015478,4,2024-05-19 11:08:09,Medium,True,Excellent
4367,444,3,5,1582,2120,5245,0.01398,1,2024-11-04 16:10:05,Complex,True,Fair
4368,481,2,1,309,350,1679,0.002693,3,2024-11-20 14:56:37,Simple,False,Good
4369,19,1,3,676,646,1912,0.006947,4,2024-11-25 19:10:19,Medium,True,Excellent
4370,340,4,1,2157,1842,1323,0.008634,3,2024-04-05 22:54:55,Medium,False,Good
4371,178,5,1,708,973,668,0.00287,4,2024-10-29 23:33:38,Medium,False,Good
4372,100,1,6,458,499,2839,0.005342,4,2024-04-05 16:24:13,Simple,True,Excellent
4373,332,1,6,1465,1457,1813,0.014767,3,2024-01-05 06:30:57,Medium,False,Good
4374,163,1,8,1812,1638,1322,0.016556,4,2024-09-22 03:56:37,Medium,True,Excellent
4375,178,5,3,383,555,1933,0.001503,4,2024-06-27 17:36:16,Medium,True,Good
4376,134,4,1,1646,1373,2285,0.006737,5,2024-02-28 00:08:12,Medium,True,Good
4377,373,4,6,1116,1326,823,0.006561,3,2024-06-28 04:32:33,Medium,True,Good
4378,460,4,1,481,610,2298,0.002917,3,2024-03-10 00:32:35,Medium,True,Good
4379,119,4,4,538,641,2160,0.003187,1,2024-01-31 12:07:43,Medium,True,Fair
4380,142,1,3,1557,1910,1169,0.018557,4,2024-10-29 01:44:27,Medium,False,Excellent
4381,315,4,4,428,392,1919,0.001866,4,2024-12-01 06:08:54,Simple,True,Good
4382,73,1,2,1149,973,1931,0.009378,2,2024-12-24 07:03:06,Medium,True,Fair
4383,126,1,6,2301,2045,2926,0.0208,4,2024-07-29 07:52:00,Complex,True,Excellent
4384,415,4,1,773,865,944,0.00441,1,2024-10-24 23:30:39,Medium,False,Fair
4385,48,4,7,2106,3426,1504,0.016054,4,2024-03-29 17:34:06,Complex,True,Good
4386,53,4,2,992,1249,1880,0.006014,4,2024-02-19 21:26:37,Medium,True,Good
4387,137,3,3,1607,1561,739,0.010829,4,2024-12-04 01:15:31,Medium,True,Good
4388,318,4,1,451,526,928,0.002804,3,2024-03-01 00:07:03,Medium,True,Good
4389,297,1,7,377,496,4867,0.005155,3,2024-11-13 01:28:05,Simple,True,Good
4390,86,1,7,639,792,1726,0.008424,3,2024-07-28 10:20:31,Medium,True,Good
4391,357,1,2,591,691,2874,0.006649,4,2024-12-20 18:47:46,Medium,True,Excellent
4392,431,4,3,1199,1761,1411,0.009023,4,2024-06-07 13:03:22,Medium,True,Good
4393,420,3,2,1360,1413,1878,0.010649,3,2024-01-18 13:58:50,Medium,True,Good
4394,172,1,1,118,196,1481,0.002149,4,2024-11-01 12:35:09,Simple,True,Excellent
4395,384,1,3,2817,3197,2264,0.034726,2,2024-12-08 22:23:35,Complex,True,Fair
4396,169,5,1,1133,1245,2536,0.003517,5,2024-05-02 12:56:41,Medium,False,Good
4397,489,1,6,536,458,2256,0.004689,4,2024-06-23 13:35:20,Simple,True,Excellent
4398,61,1,6,390,461,2438,0.004296,5,2024-09-04 23:26:19,Simple,True,Excellent
4399,66,4,6,524,725,553,0.003919,3,2024-01-09 18:58:03,Medium,True,Good
4400,247,3,8,522,824,1920,0.006245,3,2024-06-08 00:46:00,Medium,True,Good
4401,207,5,2,383,532,1852,0.001541,4,2024-07-13 10:38:59,Medium,True,Good
4402,114,4,1,1218,1226,2391,0.006674,3,2024-08-17 04:57:08,Medium,True,Good
4403,190,2,1,4285,4000,2212,0.031458,5,2024-02-12 02:31:03,Complex,False,Excellent
4404,484,1,3,725,866,500,0.008395,5,2024-03-28 14:00:45,Medium,True,Excellent
4405,304,1,2,1574,1758,3350,0.016362,5,2024-04-11 03:07:12,Medium,True,Excellent
4406,163,2,6,796,770,892,0.00559,4,2024-01-22 08:26:41,Medium,True,Excellent
4407,411,4,3,800,1265,5873,0.006366,4,2024-04-02 16:36:33,Medium,True,Good
4408,195,2,4,1148,1273,4033,0.01055,4,2024-05-24 12:29:58,Medium,True,Excellent
4409,409,4,2,839,809,1312,0.004285,1,2024-03-28 04:52:48,Medium,False,Fair
4410,277,4,1,984,1304,3251,0.005876,4,2024-07-19 05:57:00,Medium,True,Good
4411,486,5,2,370,562,2376,0.001704,4,2024-06-17 12:15:30,Medium,False,Good
4412,440,4,5,705,1064,1230,0.005265,3,2024-07-31 15:55:25,Medium,False,Good
4413,305,2,1,1442,1762,1991,0.015437,4,2024-07-14 10:35:16,Medium,False,Excellent
4414,221,2,7,471,395,2295,0.002919,4,2024-08-19 23:33:28,Simple,True,Excellent
4415,261,5,1,2372,2403,2562,0.006549,5,2024-07-02 17:25:53,Complex,True,Good
4416,177,1,8,745,785,3661,0.007672,2,2024-04-05 00:38:32,Medium,False,Fair
4417,266,1,8,783,944,1905,0.008606,2,2024-04-26 02:07:51,Medium,True,Fair
4418,438,1,4,248,284,2377,0.003064,2,2024-10-19 16:02:09,Simple,True,Fair
4419,134,2,6,2795,2662,1077,0.022262,1,2024-06-20 09:17:52,Complex,True,Fair
4420,271,1,6,754,661,500,0.006878,4,2024-04-02 07:48:52,Medium,True,Excellent
4421,2,2,6,830,720,2171,0.006127,5,2024-12-27 20:49:39,Medium,False,Excellent
4422,187,4,2,378,459,2857,0.00243,2,2024-02-16 01:05:24,Simple,False,Fair
4423,405,5,2,548,808,3286,0.002366,5,2024-03-10 10:46:31,Medium,True,Good
4424,288,3,5,405,385,2034,0.002799,3,2024-01-24 09:06:22,Simple,True,Good
4425,353,1,2,946,897,956,0.009334,4,2024-02-05 17:35:20,Medium,True,Excellent
4426,328,4,8,652,637,2447,0.002982,3,2024-07-14 14:39:16,Medium,True,Good
4427,309,2,4,3286,2849,1016,0.020885,4,2024-03-15 12:08:02,Complex,True,Excellent
4428,467,4,1,2226,2977,1480,0.014978,4,2024-01-15 03:09:34,Complex,True,Good
4429,170,4,3,3406,2932,1396,0.013215,4,2024-01-05 06:11:42,Complex,True,Good
4430,240,1,4,1104,936,913,0.008937,4,2024-01-02 01:21:29,Medium,True,Excellent
4431,493,2,1,916,1123,1513,0.009027,4,2024-10-02 17:03:44,Medium,True,Excellent
4432,168,4,7,1116,1054,1447,0.004858,5,2024-02-22 06:01:33,Medium,True,Good
4433,468,1,1,1357,1617,776,0.015147,4,2024-11-30 07:24:24,Medium,True,Excellent
4434,348,4,1,269,229,725,0.001061,2,2024-05-11 18:07:48,Simple,True,Fair
4435,374,4,6,2603,4000,1807,0.018174,5,2024-07-26 11:31:43,Complex,True,Good
4436,496,2,7,777,1136,1917,0.009927,4,2024-04-22 18:55:38,Medium,True,Excellent
4437,169,1,2,472,600,806,0.006462,3,2024-08-31 20:47:44,Medium,True,Good
4438,330,4,8,1887,2607,2547,0.012921,3,2024-03-09 00:57:07,Complex,True,Good
4439,67,2,2,678,1011,2458,0.00859,4,2024-03-10 17:28:56,Medium,True,Excellent
4440,486,2,2,972,989,1711,0.007437,4,2024-06-06 04:59:58,Medium,True,Excellent
4441,60,2,1,377,378,903,0.003005,4,2024-01-30 15:49:36,Simple,True,Excellent
4442,288,4,3,1574,1996,1427,0.010802,2,2024-06-20 17:09:34,Medium,True,Fair
4443,112,1,6,458,573,4492,0.005906,2,2024-09-14 11:23:24,Medium,False,Fair
4444,258,2,2,284,451,1731,0.003453,3,2024-02-16 05:41:09,Simple,False,Good
4445,376,1,6,807,876,500,0.007957,5,2024-11-12 02:56:07,Medium,False,Excellent
4446,229,1,7,1082,1411,1113,0.014746,2,2024-06-14 18:27:36,Medium,False,Fair
4447,116,1,2,591,880,1885,0.008509,3,2024-10-02 07:25:59,Medium,True,Good
4448,347,4,8,1390,1306,2231,0.007106,5,2024-06-06 07:42:55,Medium,True,Good
4449,201,4,2,546,717,2751,0.003927,5,2024-05-20 08:07:42,Medium,True,Good
4450,409,2,2,1067,891,2608,0.007148,5,2024-08-15 12:12:46,Medium,True,Excellent
4451,352,4,3,2720,2301,2794,0.012346,5,2024-09-15 15:30:45,Complex,False,Good
4452,332,2,1,523,487,1399,0.004075,2,2024-05-03 20:38:32,Simple,True,Fair
4453,49,1,4,598,675,2005,0.007402,5,2024-11-09 19:12:15,Medium,True,Excellent
4454,342,5,7,476,484,1007,0.00144,4,2024-03-11 13:03:41,Simple,True,Good
4455,256,4,8,948,837,1673,0.003781,3,2024-08-08 22:35:21,Medium,True,Good
4456,235,2,7,267,367,2882,0.002728,4,2024-09-12 20:31:44,Simple,True,Excellent
4457,66,1,2,752,1000,5540,0.009038,4,2024-02-04 16:12:47,Medium,True,Excellent
4458,62,3,1,910,1038,584,0.007569,5,2024-05-23 01:58:53,Medium,True,Good
4459,257,2,2,2004,2157,1779,0.018214,4,2024-05-25 07:52:56,Complex,True,Excellent
4460,44,1,6,1004,896,1292,0.00823,3,2024-05-14 14:48:22,Medium,True,Good
4461,453,1,2,2452,2553,1359,0.024514,2,2024-11-10 13:30:31,Complex,True,Fair
4462,430,1,1,456,423,1200,0.004317,2,2024-06-07 23:30:24,Simple,True,Fair
4463,456,3,2,459,503,1982,0.003215,4,2024-02-09 03:24:35,Medium,True,Good
4464,303,5,1,731,779,3520,0.00223,4,2024-08-04 02:50:33,Medium,True,Good
4465,273,2,1,491,788,1004,0.00687,4,2024-02-16 10:32:11,Medium,True,Excellent
4466,89,1,6,746,870,1348,0.009075,4,2024-10-22 21:11:19,Medium,True,Excellent
4467,300,4,6,2388,2112,2782,0.010893,3,2024-10-03 16:07:02,Complex,True,Good
4468,371,1,6,696,615,4333,0.006249,3,2024-01-20 03:14:15,Medium,True,Good
4469,81,4,3,1232,1259,5694,0.006834,5,2024-09-30 16:29:11,Medium,True,Good
4470,42,4,1,368,512,1336,0.002457,3,2024-06-28 07:44:43,Medium,True,Good
4471,458,1,2,2177,1889,2727,0.018896,3,2024-12-12 06:37:48,Medium,True,Good
4472,129,2,1,720,884,1467,0.007279,5,2024-02-17 23:03:03,Medium,True,Excellent
4473,92,3,1,604,748,1032,0.005025,5,2024-03-12 21:03:29,Medium,True,Good
4474,269,1,8,2272,3151,500,0.03287,5,2024-11-15 01:56:22,Complex,True,Excellent
4475,176,1,2,2063,1998,981,0.02001,5,2024-01-22 10:01:05,Medium,False,Excellent
4476,344,2,7,1365,1335,3840,0.009705,3,2024-12-16 09:11:58,Medium,True,Good
4477,285,2,8,324,427,1518,0.003238,4,2024-09-07 17:02:42,Simple,True,Excellent
4478,430,4,6,899,1490,3297,0.006774,3,2024-12-05 06:29:42,Medium,True,Good
4479,199,4,5,363,381,4134,0.002064,5,2024-08-21 22:23:45,Simple,False,Good
4480,443,1,7,315,361,2730,0.003457,5,2024-06-20 05:13:55,Simple,True,Excellent
4481,22,2,1,987,1377,2513,0.010389,4,2024-01-19 23:50:16,Medium,True,Excellent
4482,336,1,3,653,553,945,0.005848,4,2024-06-21 02:27:34,Medium,True,Excellent
4483,183,2,6,2391,3293,4776,0.026795,4,2024-09-14 18:39:28,Complex,True,Excellent
4484,466,1,9,97,128,1778,0.001242,3,2024-02-01 15:16:36,Simple,True,Good
4485,470,4,7,1441,1202,4578,0.005501,3,2024-03-11 13:40:21,Medium,True,Good
4486,262,3,2,1204,1467,2221,0.009488,2,2024-07-08 07:59:05,Medium,True,Fair
4487,205,4,3,161,213,2024,0.001135,5,2024-10-28 10:23:58,Simple,True,Good
4488,257,5,9,1041,1093,2354,0.002957,1,2024-03-17 05:25:58,Medium,True,Fair
4489,137,2,7,923,1368,1583,0.011127,3,2024-09-04 06:54:25,Medium,True,Good
4490,52,5,7,562,526,2738,0.001538,5,2024-08-02 01:45:44,Medium,True,Good
4491,102,2,1,1160,1896,744,0.013998,4,2024-11-07 01:21:18,Medium,True,Excellent
4492,319,4,1,723,718,3235,0.003249,3,2024-04-16 17:09:24,Medium,True,Good
4493,329,2,2,295,323,1835,0.002817,1,2024-08-10 10:32:30,Simple,True,Fair
4494,29,4,7,3097,2827,1179,0.01402,1,2024-02-18 17:15:49,Complex,True,Fair
4495,101,1,1,1736,1504,1904,0.015904,2,2024-05-04 07:16:02,Medium,False,Fair
4496,340,4,5,685,931,1406,0.004786,2,2024-12-30 08:35:32,Medium,True,Fair
4497,459,3,1,671,780,1064,0.005157,5,2024-10-22 23:40:01,Medium,True,Good
4498,202,1,9,595,571,500,0.006233,4,2024-08-12 13:53:24,Medium,True,Excellent
4499,452,4,6,1663,1479,1872,0.007538,4,2024-06-06 12:07:39,Medium,True,Good
4500,398,5,3,581,868,2131,0.002545,5,2024-07-14 19:56:21,Medium,True,Good
4501,285,1,7,377,498,884,0.005229,4,2024-07-04 11:18:56,Simple,True,Excellent
4502,19,1,6,629,773,1244,0.008083,4,2024-07-12 07:27:47,Medium,False,Excellent
4503,410,2,6,138,160,1646,0.001262,5,2024-07-19 00:01:43,Simple,True,Excellent
4504,127,4,2,2154,2305,2953,0.011124,4,2024-07-26 09:17:08,Complex,False,Good
4505,373,1,1,331,317,2441,0.003304,5,2024-06-25 01:12:29,Simple,True,Excellent
4506,457,2,5,1534,1550,2525,0.01343,4,2024-04-12 19:35:56,Medium,True,Excellent
4507,465,1,7,1401,1544,2315,0.015745,4,2024-05-15 02:14:50,Medium,True,Excellent
4508,250,2,3,1632,1749,1082,0.014172,4,2024-11-29 09:34:25,Medium,True,Excellent
4509,105,3,3,1308,1277,4527,0.008619,4,2024-11-06 02:27:26,Medium,False,Good
4510,313,1,2,454,511,1697,0.004905,5,2024-05-20 04:31:25,Medium,True,Excellent
4511,377,4,3,192,200,3380,0.000913,5,2024-06-22 07:47:48,Simple,False,Good
4512,228,1,1,1698,1765,2988,0.016595,3,2024-04-30 00:23:18,Medium,True,Good
4513,467,3,1,2289,2115,1133,0.014025,3,2024-05-11 04:33:32,Complex,True,Good
4514,426,4,5,1361,1608,1586,0.008066,4,2024-03-11 03:03:04,Medium,True,Good
4515,95,1,2,457,678,2621,0.00709,5,2024-06-26 21:05:43,Medium,True,Excellent
4516,280,2,2,1204,1104,2578,0.008382,5,2024-05-15 13:43:00,Medium,True,Excellent
4517,291,3,7,831,703,2994,0.004733,4,2024-08-03 16:59:24,Medium,True,Good
4518,75,5,2,2509,2471,560,0.007949,5,2024-05-28 18:30:45,Complex,True,Good
4519,144,1,6,1419,1668,1369,0.015303,3,2024-10-26 17:36:18,Medium,True,Good
4520,434,1,1,3145,3534,3743,0.034262,5,2024-05-09 00:47:28,Complex,True,Excellent
4521,365,5,1,248,262,1932,0.000783,3,2024-07-28 14:03:31,Simple,True,Good
4522,406,1,1,621,654,2817,0.007068,4,2024-06-19 04:22:46,Medium,True,Excellent
4523,277,4,1,877,1385,1972,0.007513,5,2024-02-14 11:09:42,Medium,True,Good
4524,328,4,3,350,344,1626,0.001731,4,2024-06-25 12:08:30,Simple,True,Good
4525,120,3,8,185,270,659,0.001784,3,2024-06-10 00:15:12,Simple,True,Good
4526,6,4,1,394,562,2376,0.002919,3,2024-07-24 16:17:27,Medium,True,Good
4527,430,2,5,941,819,1830,0.006492,5,2024-05-01 03:09:31,Medium,True,Excellent
4528,265,2,5,4035,4000,2112,0.030073,3,2024-05-11 13:56:57,Complex,True,Good
4529,18,1,2,452,417,3711,0.004269,3,2024-08-12 01:35:23,Simple,True,Good
4530,334,4,1,1569,2003,1741,0.009709,4,2024-06-18 15:27:36,Complex,True,Good
4531,378,1,3,385,371,701,0.003462,4,2024-02-16 01:40:46,Simple,True,Excellent
4532,212,4,2,3595,4000,2262,0.021325,3,2024-02-19 05:36:38,Complex,True,Good
4533,367,2,3,1147,1199,1826,0.00948,3,2024-12-21 05:23:05,Medium,True,Good
4534,51,1,1,1466,1625,2748,0.0177,3,2024-08-02 19:40:00,Medium,True,Good
4535,59,4,1,477,683,1324,0.003164,3,2024-09-06 01:48:37,Medium,True,Good
4536,57,4,7,663,734,3926,0.003475,5,2024-07-30 08:24:51,Medium,True,Good
4537,96,3,2,1762,1546,2382,0.011173,2,2024-12-09 18:00:44,Medium,False,Fair
4538,291,3,3,623,806,2084,0.005182,4,2024-11-04 06:16:33,Medium,False,Good
4539,165,2,6,151,144,3229,0.001228,4,2024-11-08 06:52:35,Simple,True,Excellent
4540,327,2,1,785,864,750,0.007131,5,2024-10-25 20:20:23,Medium,False,Excellent
4541,271,1,1,919,1270,2997,0.013855,4,2024-11-24 11:14:00,Medium,True,Excellent
4542,301,1,8,579,520,4176,0.005014,4,2024-11-02 13:30:26,Medium,True,Excellent
4543,486,1,1,112,173,3947,0.00166,2,2024-11-11 23:53:59,Simple,True,Fair
4544,410,1,7,589,789,978,0.007584,5,2024-08-30 18:46:41,Medium,True,Excellent
4545,163,1,9,1290,1330,3128,0.013859,4,2024-04-14 22:12:42,Medium,True,Excellent
4546,55,3,6,347,397,1879,0.002544,5,2024-12-21 07:44:56,Simple,True,Good
4547,436,4,6,1017,894,1326,0.004151,4,2024-08-08 13:28:33,Medium,False,Good
4548,217,3,7,294,394,1277,0.002917,5,2024-01-20 15:59:42,Simple,True,Good
4549,361,4,2,465,467,3563,0.002182,2,2024-02-13 02:28:58,Simple,False,Fair
4550,209,2,6,407,534,2679,0.00404,4,2024-12-19 22:39:30,Medium,True,Excellent
4551,332,1,6,266,372,986,0.004042,4,2024-07-02 16:57:43,Simple,True,Excellent
4552,223,4,1,315,337,962,0.001629,4,2024-07-30 01:56:20,Simple,True,Good
4553,307,3,2,387,591,2179,0.003993,5,2024-11-05 16:53:57,Medium,True,Good
4554,343,4,2,788,775,1720,0.003874,4,2024-09-18 05:05:54,Medium,True,Good
4555,117,1,8,183,187,659,0.002044,5,2024-06-10 21:56:47,Simple,False,Excellent
4556,362,2,1,1341,1262,2333,0.009441,5,2024-07-17 18:57:16,Medium,True,Excellent
4557,104,1,1,542,736,3447,0.008092,3,2024-02-01 11:27:41,Medium,True,Good
4558,247,4,5,260,249,2407,0.001188,4,2024-03-10 12:03:24,Simple,True,Good
4559,61,2,6,175,193,2129,0.0016,5,2024-11-13 16:22:16,Simple,True,Excellent
4560,451,5,8,1370,1830,1063,0.00562,4,2024-03-22 09:18:36,Medium,True,Good
4561,267,4,1,538,562,721,0.002888,2,2024-12-11 14:08:28,Medium,False,Fair
4562,292,5,7,542,543,1231,0.001492,4,2024-07-28 18:23:38,Medium,False,Good
4563,15,3,5,976,882,984,0.006665,4,2024-05-21 15:55:21,Medium,False,Good
4564,10,1,2,612,748,4356,0.008011,4,2024-08-16 01:00:43,Medium,True,Excellent
4565,54,4,1,1700,1724,1052,0.00796,4,2024-05-17 06:55:42,Medium,False,Good
4566,124,4,1,2632,2659,580,0.012762,2,2024-12-20 15:06:33,Complex,True,Fair
4567,268,2,2,238,308,1119,0.002338,1,2024-11-07 06:48:44,Simple,True,Fair
4568,87,4,8,669,758,847,0.003571,5,2024-07-15 12:20:10,Medium,True,Good
4569,267,2,6,560,605,3809,0.00467,1,2024-05-02 18:44:23,Medium,True,Fair
4570,11,1,3,459,643,2401,0.006783,4,2024-03-10 18:57:41,Medium,True,Excellent
4571,100,4,6,1606,1405,1833,0.00633,3,2024-08-11 18:56:33,Medium,True,Good
4572,105,3,5,251,334,2160,0.002181,4,2024-07-18 08:08:36,Simple,True,Good
4573,204,1,1,2628,2689,2074,0.029324,3,2024-02-23 18:16:21,Complex,False,Good
4574,94,1,9,1147,1235,2863,0.013569,4,2024-09-24 21:39:20,Medium,True,Excellent
4575,319,1,1,2775,3049,1664,0.032101,3,2024-01-31 10:31:47,Complex,True,Good
4576,383,1,4,1197,1097,6197,0.011595,4,2024-04-04 21:21:27,Medium,True,Excellent
4577,218,4,8,453,715,1399,0.00387,3,2024-08-27 23:38:58,Medium,True,Good
4578,209,5,2,534,617,891,0.001888,4,2024-03-18 10:32:35,Medium,False,Good
4579,436,2,2,903,1272,902,0.010629,3,2024-07-08 09:10:41,Medium,True,Good
4580,90,2,8,1458,1938,934,0.013974,2,2024-07-07 03:55:40,Medium,False,Fair
4581,112,2,2,1284,1159,1490,0.008932,2,2024-02-15 10:14:17,Medium,True,Fair
4582,361,5,2,710,1153,1223,0.003522,5,2024-04-06 09:42:21,Medium,True,Good
4583,313,4,2,734,781,1151,0.004108,4,2024-02-10 20:06:59,Medium,True,Good
4584,235,4,4,680,775,2345,0.003544,5,2024-08-25 13:55:32,Medium,True,Good
4585,467,4,2,1006,1031,749,0.005135,5,2024-08-25 01:14:05,Medium,True,Good
4586,264,1,2,783,1176,4315,0.012475,4,2024-09-01 01:34:23,Medium,True,Excellent
4587,491,3,1,728,984,1755,0.006778,3,2024-01-28 23:34:21,Medium,True,Good
4588,62,1,2,534,764,3130,0.007977,5,2024-10-19 20:25:23,Medium,True,Excellent
4589,105,1,5,231,196,629,0.002056,4,2024-11-09 11:26:00,Simple,True,Excellent
4590,398,1,7,645,1021,4794,0.009408,4,2024-07-26 14:12:46,Medium,False,Excellent
4591,27,4,2,141,209,4628,0.001131,2,2024-12-16 16:10:02,Simple,True,Fair
4592,224,3,2,3350,4000,1281,0.02914,4,2024-02-27 04:55:05,Complex,True,Good
4593,277,4,2,966,1009,4636,0.004958,3,2024-04-06 20:16:08,Medium,True,Good
4594,349,1,1,365,522,9131,0.005267,4,2024-10-05 19:21:17,Medium,True,Excellent
4595,241,4,2,551,473,3523,0.002306,5,2024-04-28 12:22:53,Simple,False,Good
4596,112,4,6,1198,1721,1588,0.008474,5,2024-01-17 15:08:32,Medium,False,Good
4597,367,3,8,270,390,1718,0.002679,3,2024-02-08 18:49:19,Simple,True,Good
4598,327,5,7,2035,1782,1919,0.005801,3,2024-12-17 07:03:28,Medium,False,Good
4599,14,1,9,405,619,1653,0.005911,3,2024-02-26 14:24:01,Medium,True,Good
4600,20,4,6,438,394,655,0.002106,1,2024-03-08 01:44:06,Simple,True,Fair
4601,367,1,1,876,1093,2499,0.009919,3,2024-10-09 13:12:24,Medium,True,Good
4602,418,2,7,945,1046,803,0.007801,2,2024-03-22 14:42:14,Medium,True,Fair
4603,233,4,9,1248,1412,728,0.006718,5,2024-06-13 17:22:00,Medium,True,Good
4604,130,4,1,1089,1324,2137,0.007014,4,2024-07-06 01:24:44,Medium,True,Good
4605,379,4,6,1487,1335,2799,0.006446,4,2024-10-31 11:01:57,Medium,True,Good
4606,142,4,1,642,736,1604,0.003558,5,2024-03-11 11:17:49,Medium,True,Good
4607,50,5,8,1502,1392,540,0.004572,5,2024-06-23 21:32:49,Medium,True,Good
4608,252,1,1,543,725,1679,0.007822,5,2024-12-20 19:49:53,Medium,True,Excellent
4609,299,4,7,672,684,3415,0.003637,3,2024-02-19 17:40:03,Medium,True,Good
4610,391,1,7,201,320,2094,0.003245,2,2024-09-06 17:33:56,Simple,True,Fair
4611,444,4,3,1241,1585,2025,0.007167,3,2024-12-08 02:22:04,Medium,True,Good
4612,143,1,8,879,882,2340,0.009559,5,2024-04-14 17:10:47,Medium,True,Excellent
4613,389,2,4,521,663,1123,0.005584,1,2024-04-29 22:29:31,Medium,True,Fair
4614,411,3,8,3102,2588,4912,0.018674,4,2024-04-17 07:34:22,Complex,True,Good
4615,150,4,7,397,367,2715,0.001864,5,2024-03-02 11:27:27,Simple,True,Good
4616,498,4,8,1439,1793,1055,0.009509,2,2024-06-16 15:58:37,Medium,False,Fair
4617,408,2,7,3408,4000,1176,0.030577,4,2024-08-30 11:22:22,Complex,True,Excellent
4618,271,3,3,401,464,1393,0.003058,4,2024-03-04 23:35:10,Simple,False,Good
4619,77,2,5,385,430,912,0.003116,4,2024-02-08 22:45:50,Simple,True,Excellent
4620,217,4,2,738,714,3883,0.00359,4,2024-07-11 23:43:40,Medium,True,Good
4621,482,4,7,272,431,3547,0.00223,3,2024-11-29 01:21:28,Simple,True,Good
4622,222,1,1,1150,1200,4149,0.01151,4,2024-05-18 17:46:07,Medium,True,Excellent
4623,1,4,1,3825,3631,1709,0.016884,5,2024-07-23 07:08:35,Complex,True,Good
4624,332,2,2,333,288,3706,0.002192,1,2024-06-05 13:06:09,Simple,False,Fair
4625,412,1,1,1128,1648,739,0.016419,3,2024-07-11 10:21:11,Medium,True,Good
4626,252,4,1,377,599,541,0.002774,4,2024-08-19 22:18:49,Medium,True,Good
4627,307,1,2,593,535,1655,0.004913,4,2024-01-22 06:21:40,Medium,True,Excellent
4628,40,4,1,586,957,850,0.005035,4,2024-03-12 10:34:25,Medium,True,Good
4629,453,1,2,1652,1495,994,0.013746,3,2024-05-31 13:40:56,Medium,True,Good
4630,192,3,1,209,324,1657,0.002446,1,2024-01-24 01:54:53,Simple,False,Fair
4631,159,1,6,398,335,7311,0.003643,3,2024-08-11 11:52:47,Simple,True,Good
4632,362,1,1,974,1240,2790,0.012866,5,2024-08-03 19:40:13,Medium,True,Excellent
4633,218,3,4,2198,1875,1106,0.013663,4,2024-03-11 03:17:56,Medium,True,Good
4634,324,1,4,274,405,506,0.003733,3,2024-03-02 23:59:26,Simple,True,Good
4635,285,4,5,372,483,1005,0.002242,2,2024-03-14 08:52:53,Simple,True,Fair
4636,445,1,6,329,339,2873,0.003698,4,2024-03-03 01:57:00,Simple,True,Excellent
4637,404,4,1,301,285,1291,0.001338,4,2024-01-18 14:51:49,Simple,True,Good
4638,54,4,2,1063,931,2069,0.005003,4,2024-09-12 02:59:36,Medium,True,Good
4639,184,4,6,2022,2305,3610,0.011359,5,2024-09-07 01:21:34,Complex,True,Good
4640,101,1,1,2179,1953,806,0.018347,4,2024-03-18 04:01:56,Medium,False,Excellent
4641,186,1,2,1708,1952,1091,0.017807,4,2024-03-22 17:54:58,Medium,True,Excellent
4642,478,1,6,1133,1169,2484,0.011952,3,2024-12-12 01:04:17,Medium,False,Good
4643,211,1,2,738,931,3639,0.008565,3,2024-09-06 02:01:02,Medium,True,Good
4644,221,4,2,450,681,500,0.003285,4,2024-08-28 22:34:55,Medium,True,Good
4645,496,4,5,2687,2279,740,0.0125,3,2024-03-01 13:08:59,Complex,True,Good
4646,353,4,1,1607,1356,1396,0.00612,4,2024-02-11 01:45:07,Medium,True,Good
4647,69,4,2,364,439,1312,0.002183,4,2024-05-27 19:44:13,Simple,False,Good
4648,75,2,2,925,866,1759,0.006724,4,2024-04-14 10:53:14,Medium,False,Excellent
4649,458,4,6,1464,1379,4578,0.006509,4,2024-04-05 23:38:24,Medium,True,Good
4650,19,2,1,332,327,3932,0.00285,4,2024-06-17 18:04:20,Simple,True,Excellent
4651,57,1,6,279,304,1927,0.003331,3,2024-08-17 21:48:08,Simple,False,Good
4652,303,3,1,238,395,5164,0.002581,5,2024-01-16 13:22:17,Simple,True,Good
4653,310,4,3,766,817,2658,0.00406,1,2024-06-01 03:19:54,Medium,True,Fair
4654,47,5,6,1573,1525,2491,0.004454,3,2024-04-08 10:55:05,Medium,True,Good
4655,264,1,2,964,1468,2401,0.014438,4,2024-02-09 00:00:08,Medium,True,Excellent
4656,15,3,6,525,706,4230,0.004615,5,2024-07-05 17:22:56,Medium,True,Good
4657,363,2,8,881,1047,1361,0.007761,5,2024-04-26 13:19:07,Medium,True,Excellent
4658,478,3,4,572,922,880,0.005957,2,2024-03-30 17:42:40,Medium,False,Fair
4659,299,2,5,1341,1121,708,0.009342,2,2024-09-25 12:31:16,Medium,True,Fair
4660,32,2,7,1130,1610,1291,0.012333,4,2024-05-11 04:54:19,Medium,True,Excellent
4661,399,1,2,1946,2762,1562,0.027254,3,2024-12-02 12:51:10,Complex,True,Good
4662,448,4,6,335,447,1141,0.002295,4,2024-08-28 09:03:34,Simple,False,Good
4663,134,2,5,197,190,1857,0.00159,3,2024-03-30 13:25:33,Simple,False,Good
4664,426,1,5,434,643,814,0.006776,2,2024-06-02 04:28:02,Medium,True,Fair
4665,392,2,4,1895,1904,1291,0.01437,5,2024-03-21 23:12:55,Medium,True,Excellent
4666,214,4,2,1358,1286,1775,0.007065,2,2024-01-01 14:44:01,Medium,False,Fair
4667,297,1,2,2030,1747,4406,0.017749,4,2024-07-21 06:27:03,Medium,True,Excellent
4668,6,4,3,983,1426,1767,0.007408,3,2024-01-24 04:24:11,Medium,True,Good
4669,193,4,1,1221,1215,3235,0.005943,2,2024-01-29 12:55:58,Medium,False,Fair
4670,462,4,1,296,275,643,0.001278,4,2024-11-16 18:13:26,Simple,False,Good
4671,31,4,1,490,788,2114,0.004066,5,2024-04-09 11:57:03,Medium,False,Good
4672,378,3,1,153,240,3782,0.001742,4,2024-09-03 15:06:37,Simple,True,Good
4673,14,4,5,1042,1535,3546,0.006949,5,2024-11-02 03:16:11,Medium,False,Good
4674,118,1,2,416,436,1710,0.004718,5,2024-06-11 03:56:09,Simple,True,Excellent
4675,48,4,8,669,576,1888,0.003107,2,2024-05-17 12:39:11,Medium,True,Fair
4676,465,4,1,2698,2495,2393,0.01232,4,2024-02-09 23:13:29,Complex,True,Good
4677,35,1,8,316,383,932,0.003454,4,2024-07-26 15:47:52,Simple,True,Excellent
4678,7,4,3,243,229,3131,0.001069,5,2024-04-13 02:01:06,Simple,True,Good
4679,6,4,6,602,924,1035,0.00488,4,2024-08-10 13:20:33,Medium,True,Good
4680,221,3,7,1471,1949,3109,0.014131,4,2024-12-24 17:28:23,Medium,True,Good
4681,123,4,5,364,513,1683,0.002781,4,2024-10-27 22:04:59,Medium,False,Good
4682,436,1,1,802,1092,2837,0.011978,2,2024-03-08 15:21:36,Medium,True,Fair
4683,105,4,6,685,1018,761,0.005577,4,2024-11-12 23:55:51,Medium,False,Good
4684,9,1,3,446,559,1685,0.005161,3,2024-12-03 01:49:17,Medium,False,Good
4685,139,4,1,1257,1432,1293,0.006972,5,2024-03-09 12:24:35,Medium,True,Good
4686,95,2,2,887,969,2260,0.007174,5,2024-03-10 23:16:05,Medium,False,Excellent
4687,130,4,7,646,667,1279,0.003581,4,2024-11-20 13:46:04,Medium,False,Good
4688,151,4,1,777,856,3751,0.004504,4,2024-01-12 19:04:17,Medium,False,Good
4689,196,1,3,386,460,760,0.004316,4,2024-09-29 09:21:07,Simple,True,Excellent
4690,22,3,1,861,820,3209,0.005273,4,2024-01-10 05:56:36,Medium,False,Good
4691,159,3,6,1105,1180,4827,0.008864,3,2024-12-04 17:13:57,Medium,False,Good
4692,8,4,1,832,1023,3641,0.005143,4,2024-06-22 08:05:54,Medium,True,Good
4693,366,5,6,401,442,2324,0.001354,2,2024-08-31 22:09:21,Simple,True,Fair
4694,415,1,2,398,470,1030,0.004636,4,2024-09-26 02:02:39,Simple,True,Excellent
4695,151,4,1,512,793,2612,0.003893,3,2024-01-31 05:39:34,Medium,True,Good
4696,250,4,3,1591,2125,1827,0.01153,5,2024-12-01 13:40:09,Complex,True,Good
4697,337,3,1,701,633,4471,0.004397,5,2024-01-24 06:15:00,Medium,False,Good
4698,61,4,2,487,671,1267,0.003568,5,2024-02-15 04:17:37,Medium,False,Good
4699,314,2,1,227,197,2000,0.001696,4,2024-07-06 23:34:07,Simple,True,Excellent
4700,327,1,2,924,927,4341,0.008919,2,2024-08-24 06:29:18,Medium,False,Fair
4701,479,2,1,540,466,2085,0.003919,5,2024-10-18 03:19:19,Simple,False,Excellent
4702,25,1,9,2642,2283,2535,0.02381,5,2024-02-29 02:51:13,Complex,True,Excellent
4703,483,3,1,249,283,5685,0.001936,2,2024-10-20 22:38:27,Simple,True,Fair
4704,292,4,9,427,603,1022,0.002954,1,2024-09-26 00:28:11,Medium,True,Fair
4705,226,3,7,266,251,1402,0.001667,4,2024-12-29 17:21:20,Simple,False,Good
4706,266,1,5,1791,1658,2256,0.016415,3,2024-04-22 16:10:04,Medium,True,Good
4707,228,4,7,1573,1794,944,0.008857,4,2024-06-26 20:48:09,Medium,True,Good
4708,359,1,8,237,210,514,0.002217,5,2024-06-15 06:13:20,Simple,False,Excellent
4709,499,3,1,426,448,2805,0.00341,4,2024-11-23 18:09:42,Simple,False,Good
4710,105,2,5,568,777,3493,0.006828,4,2024-05-06 23:07:44,Medium,True,Excellent
4711,362,1,3,200,317,4905,0.002914,4,2024-04-16 19:42:07,Simple,True,Excellent
4712,450,2,2,570,592,1439,0.004546,2,2024-08-16 10:58:55,Medium,True,Fair
4713,239,1,8,253,246,3058,0.002282,5,2024-07-20 23:24:02,Simple,True,Excellent
4714,217,2,1,630,918,3924,0.007802,5,2024-08-19 02:06:08,Medium,True,Excellent
4715,428,1,1,225,275,3041,0.002623,5,2024-02-05 15:33:38,Simple,True,Excellent
4716,435,3,1,1655,2747,2064,0.017308,5,2024-03-21 06:38:55,Complex,True,Good
4717,126,1,6,1671,1873,1591,0.018122,5,2024-08-02 05:55:34,Medium,True,Excellent
4718,29,1,2,664,1005,2027,0.009482,5,2024-04-08 06:44:49,Medium,True,Excellent
4719,378,1,2,2296,2505,1538,0.027062,5,2024-09-30 08:06:14,Complex,False,Excellent
4720,267,4,2,1273,1392,3831,0.006668,4,2024-06-18 20:54:04,Medium,True,Good
4721,131,4,1,381,380,2977,0.001778,4,2024-04-22 02:46:11,Simple,True,Good
4722,458,2,7,218,243,1695,0.001865,5,2024-02-01 17:17:28,Simple,False,Excellent
4723,146,4,5,2687,2624,1055,0.014064,4,2024-08-02 19:56:15,Complex,False,Good
4724,288,1,9,558,784,858,0.00724,4,2024-05-25 18:38:24,Medium,True,Excellent
4725,92,2,6,770,711,500,0.005351,5,2024-05-03 01:44:05,Medium,False,Excellent
4726,237,1,8,289,253,1239,0.002435,4,2024-08-03 04:04:33,Simple,True,Excellent
4727,269,1,4,1389,1163,2220,0.011234,3,2024-07-03 19:09:16,Medium,False,Good
4728,352,2,1,295,337,2159,0.002616,5,2024-01-07 08:18:34,Simple,True,Excellent
4729,82,1,2,1179,1012,1497,0.010345,4,2024-12-02 17:29:32,Medium,True,Excellent
4730,46,2,8,1870,2303,1397,0.017828,3,2024-09-12 10:12:49,Complex,True,Good
4731,162,4,3,2083,2536,3626,0.012216,5,2024-04-01 06:12:33,Complex,True,Good
4732,134,1,7,455,727,1243,0.007586,4,2024-11-16 03:03:41,Medium,True,Excellent
4733,85,4,3,452,709,1843,0.003685,2,2024-03-25 04:39:13,Medium,True,Fair
4734,395,1,3,461,395,636,0.003684,2,2024-04-16 21:20:04,Simple,False,Fair
4735,3,1,1,220,313,1727,0.003246,3,2024-02-21 07:04:35,Simple,False,Good
4736,368,4,6,2056,2213,2143,0.011168,5,2024-11-15 10:18:59,Complex,False,Good
4737,481,1,7,1219,1419,3440,0.012931,5,2024-10-12 00:27:25,Medium,True,Excellent
4738,113,5,8,258,306,1962,0.001004,5,2024-09-04 05:30:48,Simple,True,Good
4739,314,4,1,536,535,2906,0.002645,3,2024-07-29 01:04:39,Medium,False,Good
4740,425,1,9,3803,3575,813,0.038103,2,2024-11-04 20:35:05,Complex,True,Fair
4741,326,4,2,457,531,3227,0.0025,5,2024-07-10 13:25:26,Medium,True,Good
4742,164,3,6,1262,1979,941,0.012614,5,2024-05-26 13:10:30,Medium,False,Good
4743,248,4,2,574,490,3220,0.002597,5,2024-11-06 12:24:01,Simple,True,Good
4744,49,4,4,953,858,1309,0.004375,4,2024-02-01 23:20:59,Medium,False,Good
4745,11,4,2,2361,2577,1676,0.013639,4,2024-12-09 22:09:59,Complex,True,Good
4746,316,1,1,2336,2134,1251,0.020228,5,2024-11-01 22:55:46,Complex,True,Excellent
4747,366,3,6,641,672,3346,0.004415,4,2024-06-15 11:00:08,Medium,True,Good
4748,33,1,5,561,783,1540,0.00793,1,2024-11-26 05:44:20,Medium,True,Fair
4749,260,4,9,368,604,3440,0.002753,5,2024-07-21 04:26:14,Medium,True,Good
4750,223,2,1,627,702,1464,0.005679,4,2024-09-27 10:38:58,Medium,True,Excellent
4751,191,2,7,1072,1405,1497,0.011256,4,2024-07-18 09:24:25,Medium,True,Excellent
4752,455,1,1,2603,2412,1763,0.024102,4,2024-03-24 16:40:00,Complex,True,Excellent
4753,43,4,2,292,473,3489,0.00231,4,2024-08-11 11:39:10,Simple,True,Good
4754,425,4,2,1408,2288,500,0.01126,5,2024-07-18 17:17:33,Complex,True,Good
4755,361,1,1,776,769,1929,0.008094,5,2024-09-04 14:51:39,Medium,True,Excellent
4756,406,1,1,514,458,2354,0.004739,5,2024-01-15 12:43:35,Simple,False,Excellent
4757,179,1,1,734,744,816,0.008099,4,2024-11-06 13:52:10,Medium,True,Excellent
4758,321,4,2,1180,1430,1714,0.006524,4,2024-11-29 09:00:16,Medium,True,Good
4759,301,1,6,1780,1505,640,0.014847,5,2024-07-11 09:20:09,Medium,True,Excellent
4760,488,1,1,744,645,2335,0.006702,4,2024-03-04 05:03:32,Medium,True,Excellent
4761,361,4,2,332,433,1337,0.002251,4,2024-06-17 10:01:23,Simple,False,Good
4762,348,2,1,1723,1560,5177,0.01228,2,2024-01-25 09:47:16,Medium,True,Fair
4763,10,1,2,731,930,1673,0.009706,4,2024-06-24 04:43:20,Medium,True,Excellent
4764,54,4,1,969,1232,2476,0.005795,2,2024-02-26 04:38:55,Medium,True,Fair
4765,271,2,9,989,1301,1269,0.009591,4,2024-02-08 20:17:54,Medium,True,Excellent
4766,210,1,1,402,398,2978,0.003882,5,2024-10-16 15:49:55,Simple,True,Excellent
4767,361,1,2,689,1059,2974,0.009882,4,2024-06-17 21:19:15,Medium,True,Excellent
4768,298,3,2,292,453,2904,0.003248,4,2024-07-15 09:53:49,Simple,False,Good
4769,77,1,4,2256,2319,1165,0.021195,3,2024-05-06 01:31:46,Complex,True,Good
4770,499,4,6,688,866,826,0.004245,3,2024-10-23 06:50:18,Medium,True,Good
4771,29,3,2,2759,3134,1354,0.021688,4,2024-12-04 10:40:10,Complex,True,Good
4772,34,2,1,300,364,4740,0.003188,5,2024-01-29 01:18:55,Simple,True,Excellent
4773,236,4,7,397,546,1126,0.002625,5,2024-07-15 01:05:46,Medium,True,Good
4774,348,1,1,402,652,500,0.006461,4,2024-02-12 16:30:36,Medium,True,Excellent
4775,349,3,6,203,305,1195,0.002346,3,2024-08-21 22:56:25,Simple,False,Good
4776,201,2,2,1012,1152,4546,0.008678,4,2024-08-13 11:03:46,Medium,True,Excellent
4777,480,2,1,183,165,1190,0.00142,4,2024-07-28 01:07:02,Simple,True,Excellent
4778,191,2,2,850,853,907,0.006363,3,2024-10-30 11:40:31,Medium,True,Good
4779,7,1,6,1186,1242,1154,0.011182,4,2024-07-10 10:25:24,Medium,True,Excellent
4780,324,3,6,2784,2460,1165,0.016423,2,2024-01-09 22:37:42,Complex,True,Fair
4781,443,4,1,1308,1172,1840,0.006004,4,2024-06-09 17:01:28,Medium,True,Good
4782,412,4,6,1465,1551,907,0.008058,5,2024-03-01 02:35:35,Medium,True,Good
4783,49,1,1,932,781,3940,0.008384,3,2024-08-07 15:50:32,Medium,True,Good
4784,67,4,3,422,490,2087,0.002631,4,2024-09-20 17:53:41,Simple,True,Good
4785,447,4,8,818,793,1111,0.004166,2,2024-04-17 18:22:51,Medium,False,Fair
4786,152,4,2,1099,1568,3241,0.008591,3,2024-11-09 17:03:00,Medium,False,Good
4787,254,4,7,3613,3519,1458,0.016201,4,2024-07-09 13:50:44,Complex,False,Good
4788,234,4,6,1025,1145,3219,0.005785,4,2024-01-27 22:17:38,Medium,False,Good
4789,108,4,2,570,782,1243,0.004223,4,2024-02-10 02:01:47,Medium,True,Good
4790,421,3,1,542,653,1133,0.004236,5,2024-07-23 11:46:36,Medium,True,Good
4791,128,3,1,2556,2329,2783,0.015563,4,2024-10-26 20:32:09,Complex,True,Good
4792,95,4,6,2032,2133,789,0.010441,3,2024-07-04 20:50:45,Complex,True,Good
4793,98,4,3,188,312,946,0.001594,3,2024-09-24 20:11:15,Simple,True,Good
4794,81,3,4,1363,1301,1604,0.009357,2,2024-09-29 13:08:37,Medium,True,Fair
4795,266,2,2,1457,1737,1543,0.014976,5,2024-10-28 07:44:03,Medium,True,Excellent
4796,379,2,2,1092,1115,2973,0.009733,4,2024-01-25 17:25:38,Medium,True,Excellent
4797,327,1,1,532,853,1045,0.008814,5,2024-01-31 09:55:28,Medium,True,Excellent
4798,361,5,1,637,962,903,0.002707,4,2024-04-19 05:22:35,Medium,True,Good
4799,371,4,6,1376,1339,2210,0.006859,2,2024-05-24 10:17:04,Medium,False,Fair
4800,135,1,2,1854,1811,1088,0.018381,3,2024-10-27 03:18:30,Medium,False,Good
4801,178,3,3,323,274,1758,0.001791,3,2024-02-03 00:32:10,Simple,False,Good
4802,100,1,1,911,1198,4508,0.011777,5,2024-07-01 09:17:18,Medium,False,Excellent
4803,458,2,2,554,475,3442,0.003843,5,2024-12-13 04:53:43,Simple,True,Excellent
4804,351,4,6,259,347,1107,0.001841,4,2024-09-04 14:42:49,Simple,True,Good
4805,388,2,1,416,594,5169,0.004535,3,2024-02-19 04:21:46,Medium,True,Good
4806,293,1,1,1166,984,2905,0.010336,4,2024-11-30 14:59:19,Medium,True,Excellent
4807,495,3,6,341,305,822,0.002228,3,2024-12-28 11:45:14,Simple,True,Good
4808,14,4,8,1068,956,1677,0.004339,3,2024-09-07 23:33:10,Medium,True,Good
4809,325,4,6,371,327,1806,0.001611,3,2024-01-09 20:23:38,Simple,False,Good
4810,291,4,8,906,1411,1524,0.006483,5,2024-01-17 08:04:23,Medium,False,Good
4811,145,1,1,462,501,2757,0.005308,4,2024-02-04 01:58:09,Medium,True,Excellent
4812,137,3,1,872,868,1288,0.006614,5,2024-05-22 15:04:04,Medium,True,Good
4813,480,4,2,728,735,3801,0.003962,4,2024-12-27 16:47:00,Medium,True,Good
4814,214,1,2,258,236,4410,0.002315,4,2024-02-18 20:56:37,Simple,True,Excellent
4815,186,1,1,441,395,1312,0.004197,3,2024-02-23 08:02:53,Simple,True,Good
4816,355,5,7,560,803,1858,0.002648,3,2024-05-20 15:04:50,Medium,True,Good
4817,70,1,7,1287,1324,518,0.012608,4,2024-03-08 21:56:05,Medium,True,Excellent
4818,492,4,7,373,334,1607,0.001821,5,2024-10-14 07:21:22,Simple,False,Good
4819,402,3,3,851,861,1461,0.005792,2,2024-02-09 07:18:06,Medium,True,Fair
4820,52,1,5,397,493,500,0.004955,5,2024-06-20 07:37:52,Simple,True,Excellent
4821,47,3,2,149,140,1012,0.001041,4,2024-06-05 15:00:20,Simple,True,Good
4822,495,3,4,2937,4000,867,0.025702,5,2024-08-16 08:58:45,Complex,True,Good
4823,235,3,2,2259,2300,2641,0.016344,4,2024-11-12 02:13:06,Complex,True,Good
4824,106,5,3,969,893,848,0.002545,4,2024-11-11 15:10:16,Medium,True,Good
4825,156,2,6,417,443,1261,0.003522,4,2024-09-30 18:25:21,Simple,True,Excellent
4826,474,4,7,1991,2962,1160,0.013363,4,2024-09-25 08:44:11,Complex,False,Good
4827,64,4,6,854,1046,3596,0.005532,3,2024-12-10 20:10:59,Medium,True,Good
4828,378,4,2,627,714,676,0.003682,2,2024-02-18 17:01:22,Medium,True,Fair
4829,359,1,8,774,963,6825,0.00935,5,2024-08-27 18:10:06,Medium,True,Excellent
4830,420,2,1,1401,1560,2010,0.012643,4,2024-09-24 04:23:27,Medium,True,Excellent
4831,79,1,1,2492,2499,3087,0.022646,2,2024-06-22 00:38:41,Complex,True,Fair
4832,295,3,7,1337,1165,1973,0.007579,5,2024-04-02 21:21:04,Medium,True,Good
4833,426,4,5,1336,1180,9048,0.005709,4,2024-08-24 15:54:08,Medium,False,Good
4834,111,4,2,779,927,1485,0.004447,5,2024-02-12 05:20:33,Medium,True,Good
4835,423,1,1,1210,1719,3870,0.016618,3,2024-06-18 05:37:40,Medium,True,Good
4836,192,1,2,610,631,3476,0.006799,5,2024-11-04 12:04:08,Medium,True,Excellent
4837,236,1,3,488,739,1234,0.007229,3,2024-02-10 21:42:50,Medium,True,Good
4838,223,2,3,447,593,3032,0.004884,4,2024-12-26 04:24:02,Medium,True,Excellent
4839,25,3,5,592,514,2221,0.003253,3,2024-07-27 13:37:53,Medium,True,Good
4840,39,2,6,282,273,1538,0.002215,5,2024-01-24 22:49:10,Simple,False,Excellent
4841,115,4,6,1145,1407,1743,0.007553,4,2024-05-15 10:22:10,Medium,False,Good
4842,112,4,4,2057,2192,1594,0.010467,3,2024-07-23 03:10:42,Complex,True,Good
4843,492,5,7,1264,1099,564,0.003585,5,2024-05-02 18:25:39,Medium,True,Good
4844,264,3,2,2115,1851,3491,0.012081,4,2024-09-20 11:02:36,Medium,True,Good
4845,102,4,6,563,627,1761,0.003224,4,2024-01-24 21:45:45,Medium,True,Good
4846,72,1,1,3292,3639,4669,0.035255,4,2024-10-19 15:19:42,Complex,True,Excellent
4847,27,3,3,369,601,2522,0.004365,3,2024-08-30 23:09:42,Medium,False,Good
4848,223,3,2,2088,1832,796,0.011965,5,2024-12-26 22:52:03,Medium,True,Good
4849,163,1,4,716,646,3038,0.007063,4,2024-06-12 21:53:07,Medium,True,Excellent
4850,81,5,1,685,698,3363,0.002281,4,2024-12-09 21:55:54,Medium,False,Good
4851,30,1,7,508,467,1400,0.004949,1,2024-03-17 18:03:09,Simple,True,Fair
4852,227,1,6,903,935,1214,0.009631,4,2024-04-24 20:47:40,Medium,True,Excellent
4853,16,1,2,1534,2319,795,0.021495,5,2024-04-25 05:29:15,Complex,True,Excellent
4854,194,3,2,2154,2247,894,0.014552,4,2024-11-11 15:18:04,Complex,False,Good
4855,426,4,9,434,456,1337,0.002178,3,2024-11-28 07:47:08,Simple,True,Good
4856,274,5,2,677,712,1386,0.002328,5,2024-08-30 12:06:27,Medium,True,Good
4857,125,4,6,494,657,2499,0.003501,4,2024-01-19 16:17:50,Medium,True,Good
4858,259,1,2,1216,1104,3928,0.010998,3,2024-12-04 21:32:35,Medium,True,Good
4859,461,1,2,697,861,742,0.008287,4,2024-02-25 18:07:37,Medium,True,Excellent
4860,136,2,2,956,831,1844,0.007068,4,2024-04-28 20:07:40,Medium,True,Excellent
4861,446,5,5,437,446,811,0.001418,2,2024-03-08 02:37:38,Simple,False,Fair
4862,353,3,3,304,277,992,0.002093,2,2024-04-09 21:51:45,Simple,False,Fair
4863,279,1,2,245,353,588,0.003635,3,2024-09-07 16:35:38,Simple,False,Good
4864,299,1,9,616,527,1324,0.005554,3,2024-03-20 15:01:06,Medium,True,Good
4865,290,4,2,1027,1433,5413,0.007415,4,2024-06-11 13:31:27,Medium,False,Good
4866,487,3,2,561,775,1838,0.004932,4,2024-01-30 17:38:16,Medium,False,Good
4867,217,2,8,1004,931,1698,0.007934,2,2024-08-18 04:31:07,Medium,True,Fair
4868,245,4,1,458,455,2485,0.002445,4,2024-03-01 19:18:16,Simple,False,Good
4869,197,1,6,1849,2093,2275,0.019978,3,2024-03-03 13:32:04,Complex,True,Good
4870,350,4,6,937,1285,1736,0.006246,2,2024-10-14 07:37:20,Medium,True,Fair
4871,490,4,2,1637,1971,778,0.008982,4,2024-08-21 22:30:04,Medium,True,Good
4872,492,1,9,1100,1718,1142,0.016783,5,2024-09-17 01:15:40,Medium,True,Excellent
4873,68,2,6,1063,1059,2118,0.00858,3,2024-03-15 19:51:56,Medium,True,Good
4874,174,3,1,795,701,2057,0.005149,5,2024-10-28 11:29:07,Medium,True,Good
4875,143,1,9,1146,1624,2693,0.015928,2,2024-08-20 10:25:35,Medium,True,Fair
4876,38,2,8,635,964,5854,0.007613,4,2024-09-07 21:17:52,Medium,True,Excellent
4877,104,3,2,1687,1543,8425,0.009742,5,2024-09-28 13:19:35,Medium,True,Good
4878,158,1,6,1021,861,897,0.008478,5,2024-12-15 17:37:28,Medium,False,Excellent
4879,385,3,2,328,482,2951,0.003661,4,2024-04-27 11:53:37,Simple,True,Good
4880,74,3,2,278,356,2386,0.002738,5,2024-10-26 09:33:31,Simple,False,Good
4881,195,1,4,650,928,2458,0.009041,4,2024-02-29 16:29:05,Medium,True,Excellent
4882,369,2,1,965,916,1246,0.007129,4,2024-02-04 15:39:30,Medium,True,Excellent
4883,277,4,6,325,509,1331,0.002511,3,2024-10-23 06:37:53,Medium,True,Good
4884,454,1,2,1241,1037,1154,0.010257,4,2024-09-07 11:28:33,Medium,True,Excellent
4885,83,4,1,805,883,2789,0.004397,4,2024-11-04 06:44:08,Medium,True,Good
4886,76,1,2,854,1158,1910,0.011163,5,2024-01-20 18:16:05,Medium,True,Excellent
4887,359,1,5,2776,2394,777,0.022698,4,2024-01-16 18:56:51,Complex,True,Excellent
4888,402,2,1,491,711,1069,0.005604,2,2024-02-05 16:29:57,Medium,True,Fair
4889,268,3,1,513,530,4898,0.003832,5,2024-04-23 21:14:55,Medium,True,Good
4890,377,5,1,599,790,8532,0.002369,5,2024-06-15 15:37:47,Medium,False,Good
4891,108,1,1,1684,1555,1768,0.014841,5,2024-08-12 13:57:48,Medium,True,Excellent
4892,337,4,3,525,624,2387,0.003204,4,2024-12-08 21:00:16,Medium,True,Good
4893,485,4,6,354,404,1715,0.001936,5,2024-09-17 17:31:36,Simple,False,Good
4894,97,2,7,1215,1753,8791,0.013074,5,2024-11-04 22:44:29,Medium,True,Excellent
4895,221,3,1,1140,1848,895,0.012489,3,2024-10-21 03:05:10,Medium,True,Good
4896,395,3,2,344,530,2509,0.003361,4,2024-01-27 06:03:52,Medium,True,Good
4897,310,1,1,443,526,4726,0.004989,4,2024-08-27 02:09:23,Medium,True,Excellent
4898,74,1,1,1407,1332,1291,0.014619,5,2024-01-20 08:35:40,Medium,False,Excellent
4899,34,1,1,446,679,3040,0.006282,3,2024-10-08 18:17:26,Medium,False,Good
4900,400,4,1,1860,1978,2461,0.010369,4,2024-02-15 17:24:39,Medium,False,Good
4901,92,4,1,1171,1273,1707,0.006398,5,2024-11-24 14:11:45,Medium,True,Good
4902,450,3,2,2790,2602,848,0.019102,5,2024-11-23 13:03:04,Complex,False,Good
4903,310,4,1,812,969,1847,0.004556,4,2024-01-12 05:56:09,Medium,True,Good
4904,256,1,9,406,547,1481,0.005487,5,2024-11-21 05:49:29,Medium,False,Excellent
4905,301,4,7,1065,1048,2629,0.005213,4,2024-08-11 02:14:52,Medium,True,Good
4906,18,3,3,635,996,1247,0.007147,4,2024-09-11 06:11:03,Medium,False,Good
4907,324,4,6,1079,1158,2119,0.00625,3,2024-02-16 19:53:26,Medium,False,Good
4908,7,3,1,530,498,2030,0.003599,4,2024-08-17 21:38:21,Simple,True,Good
4909,151,2,3,1200,1631,1441,0.013389,4,2024-07-28 18:19:00,Medium,True,Excellent
4910,192,4,1,2758,2526,2999,0.012684,4,2024-03-03 17:34:32,Complex,False,Good
4911,450,3,2,1278,1630,1149,0.012236,5,2024-10-09 09:45:46,Medium,False,Good
4912,485,5,4,377,430,1334,0.001208,3,2024-02-18 17:38:05,Simple,True,Good
4913,487,4,1,1557,1659,3374,0.008894,4,2024-05-01 15:25:56,Medium,True,Good
4914,274,1,1,2395,2527,637,0.023898,3,2024-12-07 14:16:29,Complex,True,Good
4915,498,1,9,4521,4000,1640,0.036306,3,2024-05-27 00:12:40,Complex,True,Good
4916,323,5,1,1165,1016,4990,0.003106,4,2024-03-13 21:48:55,Medium,True,Good
4917,108,1,2,2123,1939,1420,0.019748,4,2024-09-15 07:36:41,Medium,True,Excellent
4918,100,3,6,864,1341,1090,0.008993,4,2024-05-19 21:59:12,Medium,True,Good
4919,244,1,2,636,586,2129,0.005852,3,2024-05-08 19:35:31,Medium,False,Good
4920,172,5,6,971,942,1518,0.002587,3,2024-12-09 03:33:04,Medium,True,Good
4921,232,1,1,132,156,1409,0.00148,5,2024-12-22 20:02:41,Simple,True,Excellent
4922,219,3,2,2131,2456,3719,0.018467,3,2024-09-08 05:30:51,Complex,True,Good
4923,196,1,4,1149,1597,1589,0.017549,4,2024-11-03 11:24:08,Medium,True,Excellent
4924,442,4,3,437,565,537,0.002827,4,2024-08-24 04:45:59,Medium,True,Good
4925,449,4,2,967,981,1428,0.004418,4,2024-11-29 13:28:52,Medium,True,Good
4926,30,2,1,478,688,1820,0.005245,5,2024-08-09 04:17:33,Medium,True,Excellent
4927,283,1,3,1235,1578,738,0.014562,4,2024-11-15 06:32:33,Medium,True,Excellent
4928,471,1,9,324,358,1537,0.003258,5,2024-03-08 01:52:46,Simple,True,Excellent
4929,135,4,6,314,364,1135,0.001998,2,2024-01-18 15:59:02,Simple,True,Fair
4930,397,4,2,2858,2658,1408,0.013899,3,2024-02-22 23:50:08,Complex,True,Good
4931,453,4,1,2374,3228,2461,0.016302,4,2024-12-20 13:23:47,Complex,True,Good
4932,143,1,7,1173,1021,3245,0.009316,4,2024-09-11 17:54:34,Medium,True,Excellent
4933,225,3,1,165,138,1378,0.001001,4,2024-06-11 14:33:12,Simple,True,Good
4934,185,4,7,876,1364,2689,0.00745,5,2024-07-05 11:01:56,Medium,True,Good
4935,210,1,2,1039,1238,681,0.011944,4,2024-11-26 03:03:14,Medium,True,Excellent
4936,324,4,6,423,378,2029,0.001966,4,2024-12-17 19:24:49,Simple,True,Good
4937,20,1,1,801,837,1017,0.007925,3,2024-07-03 10:11:11,Medium,True,Good
4938,434,4,1,1352,1269,4177,0.00665,5,2024-12-20 21:58:18,Medium,True,Good
4939,112,1,5,203,302,957,0.00316,3,2024-12-03 01:26:28,Simple,True,Good
4940,63,3,1,883,1003,1987,0.006572,4,2024-08-08 05:31:37,Medium,True,Good
4941,454,1,6,1392,1650,2542,0.018055,3,2024-01-16 22:55:56,Medium,False,Good
4942,397,5,2,434,547,5977,0.001524,3,2024-03-13 21:38:09,Medium,True,Good
4943,201,4,1,4547,4000,1283,0.021903,4,2024-08-15 12:45:46,Complex,True,Good
4944,158,1,1,878,771,857,0.007003,4,2024-09-20 03:12:18,Medium,True,Excellent
4945,51,5,3,362,540,6782,0.001713,5,2024-08-25 09:00:12,Medium,True,Good
4946,369,1,6,432,422,500,0.004422,1,2024-10-14 11:36:20,Simple,True,Fair
4947,170,4,8,1599,2232,3679,0.01142,4,2024-10-09 13:24:34,Complex,True,Good
4948,454,5,1,1002,1402,1650,0.004029,2,2024-05-16 18:40:39,Medium,True,Fair
4949,188,1,8,177,200,2504,0.002006,5,2024-09-28 17:21:31,Simple,True,Excellent
4950,466,3,4,655,843,3875,0.005546,1,2024-08-31 13:26:17,Medium,True,Fair
4951,147,4,3,4508,4000,1400,0.019459,5,2024-07-02 21:17:24,Complex,True,Good
4952,86,4,7,457,595,4631,0.003173,4,2024-01-13 01:44:05,Medium,True,Good
4953,267,3,6,308,446,1321,0.002874,4,2024-03-28 03:02:56,Simple,True,Good
4954,307,1,1,1153,1631,1609,0.017445,4,2024-09-01 21:50:37,Medium,False,Excellent
4955,432,4,7,208,211,1827,0.001064,4,2024-04-10 04:07:43,Simple,False,Good
4956,40,1,7,278,433,4455,0.004144,5,2024-03-10 00:10:19,Simple,True,Excellent
4957,104,2,9,3202,4000,3252,0.035143,4,2024-01-15 11:08:49,Complex,False,Excellent
4958,106,2,1,1885,1679,2206,0.013474,2,2024-09-15 12:25:58,Medium,True,Fair
4959,86,2,1,1891,2511,1102,0.020313,3,2024-07-13 06:53:18,Complex,False,Good
4960,212,4,1,526,782,1215,0.003805,4,2024-12-14 07:50:23,Medium,True,Good
4961,204,4,9,674,585,4713,0.00302,4,2024-03-17 19:49:02,Medium,True,Good
4962,8,1,1,925,908,2392,0.009374,3,2024-02-09 03:14:35,Medium,True,Good
4963,163,4,2,364,509,949,0.002616,5,2024-05-20 22:15:42,Medium,False,Good
4964,193,1,1,1697,1639,1229,0.015433,4,2024-11-30 11:13:27,Medium,True,Excellent
4965,70,3,2,1019,1130,2273,0.007858,5,2024-10-13 17:23:13,Medium,True,Good
4966,299,4,4,1632,1373,1606,0.007433,4,2024-06-13 01:03:09,Medium,True,Good
4967,149,1,2,702,1058,2644,0.01137,5,2024-02-02 02:40:53,Medium,True,Excellent
4968,195,1,5,988,864,1363,0.009459,4,2024-02-09 23:24:11,Medium,True,Excellent
4969,394,1,5,582,941,1009,0.009669,2,2024-12-28 15:33:09,Medium,True,Fair
4970,172,2,6,361,312,531,0.002652,2,2024-03-29 12:16:15,Simple,True,Fair
4971,280,3,6,574,686,913,0.005054,5,2024-01-04 20:57:20,Medium,True,Good
4972,321,1,1,963,1059,664,0.01017,3,2024-11-05 20:00:20,Medium,True,Good
4973,200,1,2,1353,2024,1249,0.019651,4,2024-06-25 21:29:04,Complex,True,Excellent
4974,262,3,7,758,873,3377,0.006215,4,2024-02-11 21:29:45,Medium,True,Good
4975,122,1,1,1622,1695,1849,0.01812,4,2024-06-05 05:46:20,Medium,True,Excellent
4976,237,4,8,588,567,2083,0.002918,5,2024-03-13 18:08:28,Medium,True,Good
4977,365,1,2,514,832,3141,0.008493,3,2024-10-01 01:27:42,Medium,True,Good
4978,409,2,3,2232,2877,1468,0.024882,3,2024-10-25 06:37:29,Complex,True,Good
4979,470,4,4,3159,4000,2776,0.018607,3,2024-12-15 08:47:10,Complex,True,Good
4980,57,2,2,2182,2134,2029,0.017023,4,2024-12-30 23:29:23,Complex,True,Excellent
4981,36,1,7,545,769,1746,0.008115,2,2024-01-30 07:54:36,Medium,True,Fair
4982,229,1,1,1230,1240,1408,0.012268,4,2024-04-12 02:39:32,Medium,True,Excellent
4983,146,1,2,2487,3858,1727,0.036508,4,2024-10-25 10:38:59,Complex,True,Excellent
4984,97,4,1,539,568,1856,0.00312,4,2024-01-23 14:43:48,Medium,True,Good
4985,302,4,3,1841,1597,1771,0.008368,3,2024-06-09 19:28:12,Medium,False,Good
4986,341,1,2,3322,4000,1121,0.041827,4,2024-08-20 14:52:21,Complex,True,Excellent
4987,12,1,5,194,317,2628,0.003372,3,2024-08-09 19:06:26,Simple,True,Good
4988,482,5,5,720,794,5517,0.002383,4,2024-06-05 07:12:05,Medium,True,Good
4989,239,4,3,743,651,1526,0.003219,4,2024-08-27 15:04:08,Medium,True,Good
4990,471,1,6,349,341,3987,0.00371,5,2024-04-05 08:22:16,Simple,True,Excellent
4991,482,4,1,579,778,1715,0.00351,4,2024-11-01 04:14:39,Medium,True,Good
4992,359,4,6,1086,914,1263,0.004207,4,2024-06-28 06:47:14,Medium,True,Good
4993,191,4,6,167,247,2770,0.001269,5,2024-02-11 22:31:48,Simple,False,Good
4994,425,1,4,775,1012,2347,0.009978,1,2024-09-30 12:59:28,Medium,True,Fair
4995,95,2,6,1091,1554,1644,0.011214,4,2024-08-06 13:44:16,Medium,True,Excellent
4996,348,2,1,449,643,3314,0.005375,3,2024-11-11 23:01:34,Medium,True,Good
4997,96,4,3,1047,958,3772,0.004447,4,2024-02-25 16:09:17,Medium,True,Good
4998,129,2,2,623,588,6055,0.0051,5,2024-03-11 19:47:23,Medium,True,Excellent
4999,200,3,2,999,912,1820,0.00622,4,2024-02-21 20:15:04,Medium,True,Good
5000,244,4,7,2526,3737,3157,0.020303,5,2024-05-03 08:09:52,Complex,True,Good
5001,389,4,8,638,846,1685,0.0046,2,2024-06-11 15:50:37,Medium,True,Fair
5002,487,4,6,557,483,5221,0.002406,1,2024-03-04 19:33:51,Simple,True,Fair
5003,394,1,3,1845,2412,657,0.024355,1,2024-12-16 01:24:57,Complex,True,Fair
5004,161,1,4,676,903,1410,0.008941,4,2024-11-25 22:02:14,Medium,True,Excellent
5005,429,2,2,155,190,947,0.001476,2,2024-04-24 20:51:24,Simple,False,Fair
5006,429,1,6,884,889,1508,0.009363,5,2024-04-02 09:29:50,Medium,True,Excellent
5007,166,2,2,1307,1188,2889,0.008954,3,2024-10-17 11:12:09,Medium,True,Good
5008,394,1,9,279,292,4600,0.003084,5,2024-01-11 01:18:16,Simple,True,Excellent
5009,442,4,5,1467,1591,2556,0.008145,4,2024-01-21 21:23:39,Medium,False,Good
5010,312,1,8,749,987,1007,0.010425,5,2024-11-01 06:21:23,Medium,True,Excellent
5011,421,4,1,747,1033,2085,0.005167,5,2024-09-25 05:08:44,Medium,False,Good
5012,81,5,8,508,780,1116,0.002157,1,2024-09-08 06:12:02,Medium,True,Fair
5013,298,4,1,1373,1791,2648,0.009061,1,2024-06-10 10:06:46,Medium,False,Fair
5014,205,1,1,1189,1429,2455,0.014216,4,2024-11-29 19:31:32,Medium,True,Excellent
5015,326,1,7,224,318,2350,0.002898,2,2024-02-26 08:41:48,Simple,True,Fair
5016,301,1,3,612,650,3150,0.006157,2,2024-02-17 06:34:09,Medium,False,Fair
5017,172,4,1,1129,1068,744,0.005481,4,2024-11-22 12:21:55,Medium,True,Good
5018,213,1,6,1106,949,2412,0.009577,4,2024-07-03 16:41:20,Medium,True,Excellent
5019,136,1,2,964,980,2496,0.01049,5,2024-01-06 13:45:53,Medium,True,Excellent
5020,232,4,2,1219,1446,2166,0.007654,3,2024-06-02 15:22:08,Medium,True,Good
5021,251,1,8,572,547,6991,0.005629,4,2024-05-26 10:03:05,Medium,True,Excellent
5022,118,4,2,373,404,6458,0.002123,4,2024-03-08 16:24:18,Simple,True,Good
5023,305,4,1,949,862,2328,0.004155,2,2024-01-08 16:09:13,Medium,True,Fair
5024,179,3,6,700,794,1197,0.005093,5,2024-04-28 13:55:06,Medium,False,Good
5025,148,1,2,484,774,1520,0.007808,4,2024-03-27 07:26:13,Medium,True,Excellent
5026,160,1,9,1172,1861,2563,0.019395,4,2024-04-08 06:23:52,Medium,True,Excellent
5027,377,2,6,570,593,2026,0.004849,3,2024-06-11 10:39:34,Medium,True,Good
5028,346,1,3,383,454,1503,0.004754,4,2024-11-14 14:02:59,Simple,True,Excellent
5029,201,1,2,425,426,1924,0.004412,4,2024-03-27 02:41:12,Simple,False,Excellent
5030,19,5,6,789,869,2343,0.002853,5,2024-06-28 14:13:59,Medium,False,Good
5031,73,1,7,1767,2108,1366,0.019372,4,2024-05-16 05:59:10,Complex,False,Excellent
5032,356,1,7,2551,2289,4889,0.021731,3,2024-06-11 17:07:17,Complex,False,Good
5033,256,4,6,1801,2128,1853,0.010037,5,2024-07-04 05:35:21,Complex,True,Good
5034,490,3,1,784,939,2529,0.006551,5,2024-08-22 18:52:26,Medium,True,Good
5035,130,1,2,2249,2592,4620,0.027661,4,2024-04-25 02:13:05,Complex,True,Excellent
5036,485,1,7,1012,1447,1489,0.013911,2,2024-10-08 13:15:08,Medium,True,Fair
5037,37,5,1,2449,2317,3299,0.007031,4,2024-10-21 05:53:41,Complex,True,Good
5038,145,4,1,2023,1726,1219,0.00859,5,2024-11-11 06:48:58,Medium,True,Good
5039,220,3,2,486,569,1088,0.004027,2,2024-04-12 15:37:48,Medium,True,Fair
5040,164,1,1,1080,1609,823,0.01749,2,2024-10-17 08:20:06,Medium,False,Fair
5041,498,4,3,341,394,2040,0.001979,3,2024-12-13 19:35:04,Simple,True,Good
5042,223,2,3,1641,1759,2878,0.013466,4,2024-02-24 18:36:02,Medium,True,Excellent
5043,235,4,1,447,380,2248,0.002066,4,2024-05-01 09:25:05,Simple,True,Good
5044,8,4,3,1480,1801,4172,0.008637,5,2024-06-07 06:39:57,Medium,True,Good
5045,203,1,9,3957,3747,917,0.040559,2,2024-09-27 15:42:02,Complex,True,Fair
5046,273,1,2,1228,1980,1863,0.019605,4,2024-03-09 04:22:43,Medium,True,Excellent
5047,96,1,6,3189,3522,1924,0.032052,4,2024-11-28 11:45:56,Complex,True,Excellent
5048,223,5,1,197,203,1308,0.000571,3,2024-03-21 19:32:12,Simple,True,Good
5049,414,1,1,267,348,2406,0.003395,5,2024-01-23 22:47:23,Simple,True,Excellent
5050,188,4,3,1609,1489,962,0.00696,4,2024-07-24 22:12:37,Medium,True,Good
5051,207,4,2,633,554,999,0.002826,4,2024-04-03 16:32:15,Medium,False,Good
5052,5,2,1,403,643,2944,0.005014,4,2024-02-25 00:27:02,Medium,True,Excellent
5053,107,1,2,868,850,1602,0.00798,4,2024-09-05 01:17:56,Medium,True,Excellent
5054,129,3,2,1171,996,3732,0.006427,2,2024-04-05 08:48:28,Medium,True,Fair
5055,108,3,2,837,732,2437,0.00529,2,2024-12-25 17:55:12,Medium,True,Fair
5056,422,4,1,1308,1355,1488,0.006966,4,2024-05-18 19:20:39,Medium,True,Good
5057,408,3,4,1872,1634,2087,0.011888,1,2024-07-30 03:54:02,Medium,True,Fair
5058,48,4,2,1350,1258,2779,0.005663,2,2024-08-15 22:57:17,Medium,True,Fair
5059,308,3,4,401,394,2572,0.002693,3,2024-11-10 18:12:25,Simple,True,Good
5060,71,4,5,1053,902,2440,0.004755,4,2024-01-18 18:06:02,Medium,False,Good
5061,408,3,4,912,1022,1276,0.007374,4,2024-01-09 15:15:29,Medium,False,Good
5062,248,1,3,1923,1838,2064,0.018315,3,2024-10-21 05:16:21,Medium,True,Good
5063,180,1,4,1112,1157,520,0.012332,5,2024-08-27 10:11:40,Medium,True,Excellent
5064,357,4,2,386,532,1082,0.002837,3,2024-06-25 12:39:30,Medium,True,Good
5065,342,1,4,259,338,763,0.003425,5,2024-11-16 19:42:19,Simple,True,Excellent
5066,39,2,1,1291,1142,3190,0.008519,4,2024-06-18 11:48:15,Medium,True,Excellent
5067,79,1,6,1007,941,3473,0.009589,4,2024-09-15 11:13:12,Medium,True,Excellent
5068,490,4,1,834,868,1547,0.004432,3,2024-03-17 17:18:01,Medium,False,Good
5069,216,2,8,1097,1053,2376,0.007692,5,2024-08-21 11:47:50,Medium,True,Excellent
5070,40,1,5,1876,1599,1355,0.017002,5,2024-08-19 04:01:46,Medium,True,Excellent
5071,48,1,4,957,1108,1421,0.011398,2,2024-07-08 06:07:10,Medium,True,Fair
5072,365,1,2,1852,1832,1023,0.018953,4,2024-07-04 07:55:39,Medium,True,Excellent
5073,111,1,1,2630,2463,4074,0.025514,4,2024-05-28 00:14:18,Complex,False,Excellent
5074,142,4,2,431,714,2888,0.003609,3,2024-10-24 19:20:39,Medium,True,Good
5075,308,2,5,317,359,1955,0.003158,4,2024-12-01 20:38:40,Simple,True,Excellent
5076,140,4,6,178,266,995,0.001378,4,2024-06-16 02:03:07,Simple,True,Good
5077,215,2,2,4265,3775,1316,0.028744,4,2024-12-04 02:30:31,Complex,True,Excellent
5078,422,1,2,851,739,1263,0.007941,4,2024-02-10 18:39:16,Medium,True,Excellent
5079,366,1,3,715,695,2337,0.007317,5,2024-09-12 09:12:33,Medium,True,Excellent
5080,183,1,1,1000,1133,2149,0.011464,4,2024-09-06 21:05:50,Medium,True,Excellent
5081,469,1,6,537,821,8806,0.00777,4,2024-01-17 11:10:57,Medium,True,Excellent
5082,402,1,7,486,524,1244,0.005058,4,2024-02-20 22:58:32,Medium,True,Excellent
5083,407,1,3,551,519,2815,0.00569,3,2024-02-21 03:55:10,Medium,True,Good
5084,356,3,1,804,1102,1172,0.007418,3,2024-09-29 10:20:46,Medium,True,Good
5085,389,1,2,372,374,3028,0.003552,5,2024-12-28 09:44:27,Simple,True,Excellent
5086,226,4,1,731,614,1649,0.002928,3,2024-01-04 09:29:25,Medium,False,Good
5087,396,3,3,291,400,1844,0.002523,4,2024-03-31 11:22:52,Simple,True,Good
5088,493,4,1,380,424,1155,0.002277,3,2024-10-07 01:21:12,Simple,True,Good
5089,240,3,4,1135,976,583,0.007484,5,2024-03-11 09:34:41,Medium,True,Good
5090,232,2,7,332,512,1092,0.00447,4,2024-11-17 05:17:30,Medium,True,Excellent
5091,351,1,6,1550,1344,2487,0.014409,5,2024-12-20 13:48:26,Medium,True,Excellent
5092,160,4,8,176,290,2562,0.001522,4,2024-10-10 15:40:19,Simple,True,Good
5093,316,2,2,1176,1395,742,0.010062,4,2024-12-28 07:53:06,Medium,True,Excellent
5094,280,1,1,774,733,800,0.007745,4,2024-05-21 17:42:23,Medium,True,Excellent
5095,52,4,2,1812,1519,2332,0.007357,4,2024-02-26 15:21:54,Medium,False,Good
5096,225,3,3,3106,2759,2448,0.020792,4,2024-04-01 14:13:33,Complex,False,Good
5097,455,4,1,1182,1268,500,0.006391,4,2024-07-03 03:46:00,Medium,True,Good
5098,297,4,6,1308,1722,1152,0.008557,5,2024-03-29 08:26:45,Medium,True,Good
5099,190,3,8,777,880,1206,0.006139,3,2024-06-26 03:24:23,Medium,False,Good
5100,493,4,3,1713,1518,692,0.007475,5,2024-11-12 17:32:16,Medium,True,Good
5101,96,4,1,983,984,2390,0.004593,4,2024-04-03 06:24:28,Medium,False,Good
5102,261,2,7,1479,1281,1364,0.01107,4,2024-10-09 20:20:35,Medium,True,Excellent
5103,431,4,3,578,740,1034,0.003684,5,2024-10-29 18:05:33,Medium,False,Good
5104,192,3,1,2768,2465,2721,0.017266,4,2024-01-15 06:45:26,Complex,False,Good
5105,133,3,2,938,874,2056,0.006412,4,2024-09-03 09:08:12,Medium,True,Good
5106,313,4,3,4258,4000,1608,0.019768,4,2024-12-04 19:18:34,Complex,True,Good
5107,24,4,1,937,1171,1720,0.006257,1,2024-12-24 22:00:14,Medium,True,Fair
5108,338,4,6,662,1046,1162,0.005557,1,2024-08-03 21:29:45,Medium,False,Fair
5109,300,1,1,820,865,687,0.009145,1,2024-06-19 05:48:00,Medium,False,Fair
5110,28,1,9,858,738,1733,0.008031,4,2024-05-31 17:41:24,Medium,True,Excellent
5111,287,4,2,858,765,3435,0.004125,4,2024-09-04 13:50:47,Medium,True,Good
5112,190,4,9,504,499,6315,0.002294,4,2024-12-23 09:35:55,Simple,True,Good
5113,493,1,2,907,948,1352,0.010081,2,2024-07-15 15:14:08,Medium,False,Fair
5114,243,1,2,528,807,5214,0.008145,5,2024-05-09 00:41:11,Medium,True,Excellent
5115,454,3,3,769,1145,1510,0.007713,4,2024-01-25 14:42:36,Medium,False,Good
5116,418,1,7,2705,4000,2109,0.043575,4,2024-04-11 18:17:18,Complex,True,Excellent
5117,129,2,2,1222,1192,2036,0.009201,4,2024-10-07 02:34:03,Medium,True,Excellent
5118,264,2,7,2033,2131,2827,0.015517,5,2024-07-02 10:18:50,Complex,True,Excellent
5119,240,1,2,1500,1253,1727,0.011698,4,2024-12-27 07:47:06,Medium,True,Excellent
5120,479,1,6,273,240,1189,0.00239,4,2024-10-02 05:32:16,Simple,False,Excellent
5121,380,4,9,816,881,1438,0.004824,3,2024-10-28 11:22:03,Medium,True,Good
5122,318,4,1,1510,1552,1300,0.007703,3,2024-12-30 05:50:11,Medium,True,Good
5123,415,2,2,361,473,2738,0.003474,4,2024-07-22 16:29:21,Simple,True,Excellent
5124,106,5,2,710,1032,2329,0.00293,2,2024-12-16 17:19:40,Medium,True,Fair
5125,88,2,2,3699,3930,2006,0.032367,4,2024-06-21 04:47:52,Complex,True,Excellent
5126,253,4,2,398,425,1465,0.00196,1,2024-02-14 11:08:48,Simple,False,Fair
5127,391,3,1,1084,907,2512,0.005743,3,2024-07-15 01:44:07,Medium,True,Good
5128,28,1,3,1398,1206,2457,0.011853,3,2024-04-02 11:47:03,Medium,True,Good
5129,33,1,7,464,723,1042,0.006906,1,2024-12-10 00:53:57,Medium,True,Fair
5130,428,4,2,1634,2070,1675,0.009769,5,2024-05-03 12:14:56,Complex,True,Good
5131,150,4,7,1001,965,1557,0.004822,1,2024-03-18 15:13:17,Medium,False,Fair
5132,349,1,4,753,1166,3102,0.012615,5,2024-06-03 09:12:54,Medium,True,Excellent
5133,486,4,6,562,648,1919,0.003555,5,2024-07-22 21:50:50,Medium,True,Good
5134,383,2,9,806,681,1789,0.005243,4,2024-09-03 05:53:54,Medium,True,Excellent
5135,372,4,4,2440,2228,684,0.010799,5,2024-07-05 23:31:36,Complex,False,Good
5136,346,1,1,2877,2683,836,0.026497,4,2024-06-04 18:45:23,Complex,True,Excellent
5137,172,1,6,1757,1711,1293,0.017084,5,2024-12-08 10:44:56,Medium,True,Excellent
5138,149,5,1,405,611,652,0.001809,3,2024-03-24 10:56:53,Medium,True,Good
5139,272,4,1,648,975,3583,0.005103,4,2024-05-30 23:06:11,Medium,False,Good
5140,245,4,1,905,1473,1095,0.006635,5,2024-12-15 02:14:53,Medium,True,Good
5141,488,2,1,407,637,1237,0.0049,1,2024-02-29 03:04:49,Medium,True,Fair
5142,5,4,6,724,921,634,0.004174,4,2024-06-04 09:12:03,Medium,False,Good
5143,383,5,1,620,776,1504,0.002142,4,2024-03-07 20:20:46,Medium,True,Good
5144,358,1,2,345,410,2286,0.004366,5,2024-10-01 19:33:07,Simple,True,Excellent
5145,12,1,6,267,266,784,0.002854,5,2024-05-15 16:42:02,Simple,True,Excellent
5146,280,4,5,583,578,838,0.002885,4,2024-11-27 23:00:07,Medium,True,Good
5147,335,4,1,2816,2386,2755,0.012662,3,2024-09-06 00:59:24,Complex,True,Good
5148,189,4,1,2797,2492,1643,0.012981,2,2024-01-23 20:16:20,Complex,True,Fair
5149,59,1,2,1740,1627,3121,0.016014,2,2024-12-09 15:13:49,Medium,True,Fair
5150,423,1,2,1243,1178,1920,0.012374,4,2024-11-03 00:06:58,Medium,True,Excellent
5151,245,1,1,804,886,1041,0.008913,3,2024-05-17 13:23:41,Medium,True,Good
5152,251,4,5,780,882,1274,0.004769,5,2024-06-06 02:56:35,Medium,False,Good
5153,171,1,1,337,294,1992,0.00281,2,2024-07-21 16:31:28,Simple,True,Fair
5154,161,1,8,853,1104,1510,0.011503,4,2024-06-22 04:29:38,Medium,True,Excellent
5155,491,3,6,377,322,724,0.00209,4,2024-07-19 14:21:54,Simple,True,Good
5156,472,2,5,325,350,3800,0.002924,4,2024-10-24 21:53:33,Simple,True,Excellent
5157,481,2,2,837,764,1332,0.005817,2,2024-11-29 07:14:03,Medium,True,Fair
5158,204,3,8,238,358,6345,0.002365,2,2024-08-14 10:52:48,Simple,False,Fair
5159,325,2,2,1631,1625,1184,0.012477,5,2024-10-12 05:05:20,Medium,True,Excellent
5160,73,4,6,350,361,1702,0.001731,1,2024-01-20 04:20:56,Simple,True,Fair
5161,487,1,1,1348,1460,500,0.015034,5,2024-03-05 17:41:18,Medium,True,Excellent
5162,416,4,7,607,613,2144,0.002944,4,2024-05-07 20:09:18,Medium,True,Good
5163,405,5,1,1984,1711,702,0.004768,1,2024-08-08 05:46:28,Medium,True,Fair
5164,323,3,1,566,752,5924,0.005786,3,2024-08-15 16:44:13,Medium,True,Good
5165,408,4,3,314,471,3063,0.00253,3,2024-11-29 01:31:36,Simple,True,Good
5166,441,3,3,391,363,1476,0.002347,2,2024-03-07 16:52:56,Simple,True,Fair
5167,217,2,3,533,876,981,0.007128,2,2024-12-16 18:06:58,Medium,True,Fair
5168,484,4,7,780,956,1241,0.004798,1,2024-07-18 17:19:02,Medium,True,Fair
5169,453,4,7,501,458,2170,0.002096,4,2024-06-13 09:54:19,Simple,True,Good
5170,351,4,9,70,80,2001,0.000395,4,2024-05-14 07:46:37,Simple,True,Good
5171,134,4,8,704,868,1550,0.004771,3,2024-07-17 02:22:52,Medium,False,Good
5172,431,1,2,908,940,2726,0.009719,1,2024-10-04 23:02:26,Medium,True,Fair
5173,400,4,1,2841,2945,1046,0.014995,4,2024-02-14 01:12:51,Complex,True,Good
5174,117,4,6,3267,2812,2141,0.013756,2,2024-08-19 10:20:06,Complex,True,Fair
5175,417,4,1,399,662,4218,0.003498,5,2024-04-11 18:38:07,Medium,True,Good
5176,11,2,6,104,150,2070,0.001227,2,2024-03-10 09:10:22,Simple,True,Fair
5177,47,4,1,1491,1411,3159,0.006737,5,2024-09-05 09:41:03,Medium,False,Good
5178,257,4,4,835,702,804,0.003417,2,2024-01-21 18:38:14,Medium,True,Fair
5179,395,2,2,458,605,3324,0.005195,4,2024-03-14 22:58:59,Medium,True,Excellent
5180,250,2,2,592,846,1983,0.006606,3,2024-07-31 23:40:54,Medium,True,Good
5181,197,4,2,3758,4000,2637,0.018328,1,2024-01-24 09:12:05,Complex,True,Fair
5182,278,4,1,1024,1022,1050,0.00517,4,2024-01-06 14:02:42,Medium,False,Good
5183,314,3,1,304,469,1089,0.003314,4,2024-11-29 02:02:04,Simple,False,Good
5184,367,2,5,1756,1510,729,0.013264,3,2024-06-21 06:07:08,Medium,True,Good
5185,184,1,9,526,484,2688,0.004612,3,2024-05-21 12:57:29,Simple,True,Good
5186,437,1,2,1586,1433,2397,0.015676,4,2024-07-31 12:15:57,Medium,True,Excellent
5187,169,3,2,901,1374,1675,0.008971,4,2024-02-17 14:59:46,Medium,True,Good
5188,276,5,6,947,1446,4285,0.004396,3,2024-06-13 19:27:04,Medium,True,Good
5189,289,4,2,458,462,940,0.002131,4,2024-11-20 23:07:34,Simple,True,Good
5190,156,1,2,1231,1354,3320,0.013016,5,2024-11-29 23:31:41,Medium,True,Excellent
5191,133,4,1,1327,1828,2824,0.00913,5,2024-07-14 18:41:56,Medium,True,Good
5192,385,1,4,495,455,2444,0.004121,5,2024-08-25 08:30:43,Simple,True,Excellent
5193,50,4,6,614,693,628,0.003193,5,2024-03-29 08:54:42,Medium,False,Good
5194,11,3,2,429,539,4377,0.003967,3,2024-06-14 20:03:40,Medium,True,Good
5195,28,4,5,1374,1187,1735,0.005733,5,2024-10-09 02:55:55,Medium,True,Good
5196,123,2,3,2625,2298,1637,0.019044,5,2024-07-04 22:18:43,Complex,True,Excellent
5197,372,4,5,277,375,3746,0.002007,4,2024-02-10 21:21:51,Simple,True,Good
5198,174,4,1,419,453,2740,0.002391,4,2024-12-20 02:01:39,Simple,False,Good
5199,145,2,1,1114,1069,876,0.009378,5,2024-05-03 23:34:10,Medium,False,Excellent
5200,460,4,2,362,319,2053,0.001525,3,2024-12-10 22:02:12,Simple,True,Good
5201,347,1,4,741,1110,1582,0.011008,4,2024-01-25 23:42:15,Medium,True,Excellent
5202,254,1,5,352,411,668,0.004451,5,2024-03-26 21:00:35,Simple,False,Excellent
5203,214,5,6,913,828,5261,0.002466,4,2024-01-27 17:34:03,Medium,True,Good
5204,53,1,1,831,747,1352,0.007195,5,2024-08-22 02:29:10,Medium,True,Excellent
5205,407,2,5,582,710,2820,0.005722,5,2024-11-23 04:04:39,Medium,False,Excellent
5206,33,2,7,2369,2316,1917,0.017907,3,2024-10-10 09:12:46,Complex,False,Good
5207,407,1,6,804,1039,1913,0.01127,2,2024-06-09 14:36:08,Medium,True,Fair
5208,403,3,7,691,853,1669,0.006463,4,2024-05-23 19:34:11,Medium,False,Good
5209,466,1,9,418,367,2233,0.003961,5,2024-03-08 19:14:37,Simple,False,Excellent
5210,36,4,6,414,587,775,0.002945,4,2024-06-04 23:36:59,Medium,True,Good
5211,344,3,2,1462,1752,1947,0.012784,4,2024-10-06 00:37:07,Medium,False,Good
5212,57,4,2,639,868,2197,0.004707,1,2024-02-18 03:48:54,Medium,True,Fair
5213,278,2,2,830,1333,1515,0.01037,3,2024-09-17 21:27:21,Medium,True,Good
5214,290,1,5,443,638,1897,0.006677,5,2024-10-02 05:36:49,Medium,True,Excellent
5215,181,2,8,107,123,1917,0.000898,3,2024-08-22 04:55:44,Simple,True,Good
5216,21,4,9,3839,4000,1566,0.021029,1,2024-05-17 05:14:17,Complex,False,Fair
5217,292,1,1,307,416,2002,0.004351,3,2024-11-19 22:11:47,Simple,True,Good
5218,63,4,3,890,1246,1964,0.005882,4,2024-02-18 21:23:40,Medium,True,Good
5219,361,1,2,847,1092,1832,0.010887,3,2024-08-03 13:33:49,Medium,True,Good
5220,310,1,1,654,783,2019,0.007248,4,2024-11-11 21:28:42,Medium,True,Excellent
5221,357,1,1,810,1016,2282,0.010669,5,2024-04-25 01:29:15,Medium,True,Excellent
5222,54,1,2,1742,1466,1380,0.01591,4,2024-07-30 14:18:30,Medium,True,Excellent
5223,361,4,6,374,568,1118,0.002801,5,2024-01-19 12:15:04,Medium,True,Good
5224,318,4,1,1342,1260,1374,0.006587,4,2024-12-05 05:06:13,Medium,True,Good
5225,245,4,1,507,725,2461,0.003955,5,2024-10-20 14:57:24,Medium,True,Good
5226,60,3,1,317,266,1371,0.002023,2,2024-12-10 10:02:06,Simple,True,Fair
5227,209,2,2,502,669,986,0.005426,2,2024-05-31 08:17:41,Medium,True,Fair
5228,211,4,1,1019,1042,1634,0.004808,5,2024-02-24 08:09:04,Medium,True,Good
5229,285,3,1,730,1134,765,0.008021,2,2024-04-06 11:41:09,Medium,True,Fair
5230,465,1,7,591,753,2112,0.0076,4,2024-06-24 09:23:01,Medium,True,Excellent
5231,479,1,2,1515,1472,1496,0.01616,3,2024-12-16 08:57:15,Medium,True,Good
5232,64,2,7,1041,1128,2615,0.008189,3,2024-09-21 12:39:30,Medium,True,Good
5233,412,1,3,338,338,1563,0.003357,3,2024-03-19 11:15:31,Simple,True,Good
5234,329,4,6,3479,4000,792,0.021419,1,2024-11-29 03:43:21,Complex,True,Fair
5235,245,1,6,1630,1723,1489,0.015582,1,2024-07-04 18:58:07,Medium,True,Fair
5236,397,4,7,675,685,3731,0.0031,4,2024-03-17 01:36:13,Medium,True,Good
5237,201,4,6,387,476,2005,0.00245,2,2024-03-10 00:42:47,Simple,True,Fair
5238,284,2,4,253,348,4539,0.003023,2,2024-08-23 06:14:37,Simple,False,Fair
5239,186,1,6,1420,1468,500,0.013382,4,2024-09-16 04:16:25,Medium,True,Excellent
5240,484,3,8,790,684,1584,0.004696,5,2024-09-26 14:27:54,Medium,True,Good
5241,485,3,4,339,518,2101,0.003804,4,2024-11-14 19:39:59,Medium,True,Good
5242,261,4,3,1140,980,2878,0.00511,5,2024-03-02 18:42:51,Medium,True,Good
5243,181,4,9,755,1210,1490,0.006487,5,2024-11-27 14:58:21,Medium,False,Good
5244,86,4,3,654,935,728,0.004541,3,2024-04-10 07:50:03,Medium,True,Good
5245,443,1,9,315,407,2986,0.00378,4,2024-10-08 02:14:19,Simple,True,Excellent
5246,352,1,6,448,651,2795,0.006595,4,2024-10-17 15:19:09,Medium,True,Excellent
5247,258,1,1,954,1097,2062,0.012036,4,2024-09-29 20:57:09,Medium,True,Excellent
5248,123,4,8,899,1094,2008,0.005017,3,2024-05-21 23:58:33,Medium,True,Good
5249,364,4,2,1908,1912,1769,0.009519,4,2024-08-05 21:44:59,Medium,False,Good
5250,55,1,6,1099,1115,1293,0.01008,2,2024-08-29 15:58:52,Medium,False,Fair
5251,362,4,1,2775,3250,2077,0.017541,4,2024-07-10 15:42:45,Complex,False,Good
5252,58,4,2,1413,1435,932,0.006769,4,2024-11-11 14:56:12,Medium,False,Good
5253,138,4,7,300,382,950,0.002072,4,2024-06-24 02:45:40,Simple,False,Good
5254,175,4,6,1579,1456,1010,0.007427,3,2024-08-15 00:20:10,Medium,True,Good
5255,477,4,9,572,727,1364,0.003994,5,2024-05-02 02:07:38,Medium,True,Good
5256,380,2,1,529,446,2187,0.003678,5,2024-03-15 15:26:43,Simple,True,Excellent
5257,293,5,2,2165,2078,1609,0.005818,3,2024-12-06 22:25:33,Complex,True,Good
5258,306,1,1,408,438,1455,0.004579,4,2024-07-27 16:39:11,Simple,True,Excellent
5259,28,4,8,383,505,881,0.002496,4,2024-12-03 09:15:55,Medium,True,Good
5260,169,5,1,400,661,569,0.00208,3,2024-09-24 07:34:07,Medium,True,Good
5261,322,2,7,508,502,2570,0.004305,4,2024-12-22 14:10:57,Medium,False,Excellent
5262,478,1,1,374,416,2237,0.0042,5,2024-07-13 01:58:28,Simple,True,Excellent
5263,185,4,9,825,766,1480,0.003798,1,2024-12-13 22:45:55,Medium,False,Fair
5264,129,2,2,623,738,2350,0.006428,4,2024-12-03 17:03:42,Medium,False,Excellent
5265,173,2,3,1568,1778,1145,0.014739,4,2024-07-11 17:58:00,Medium,True,Excellent
5266,141,3,4,926,1193,818,0.008266,5,2024-03-25 05:47:08,Medium,True,Good
5267,123,4,5,423,507,3549,0.00245,3,2024-03-31 06:09:38,Medium,True,Good
5268,417,1,2,982,1054,2707,0.009725,4,2024-12-03 21:56:21,Medium,True,Excellent
5269,134,4,6,1103,1351,1344,0.007166,5,2024-02-04 14:12:48,Medium,False,Good
5270,139,4,4,843,906,4763,0.004515,2,2024-07-02 07:29:27,Medium,True,Fair
5271,362,1,2,1173,1238,1298,0.01152,5,2024-07-23 16:08:27,Medium,True,Excellent
5272,33,4,7,214,231,1423,0.001108,3,2024-12-05 00:57:08,Simple,False,Good
5273,455,1,1,707,678,989,0.006565,4,2024-03-05 11:55:22,Medium,True,Excellent
5274,160,1,2,2198,2214,2354,0.0219,5,2024-10-27 04:16:25,Complex,True,Excellent
5275,489,4,2,559,921,3737,0.004719,4,2024-10-21 19:28:29,Medium,True,Good
5276,354,4,1,317,333,1080,0.001723,1,2024-10-10 06:36:43,Simple,True,Fair
5277,133,4,2,862,940,2451,0.005137,4,2024-10-06 20:17:09,Medium,True,Good
5278,100,4,2,1449,1439,4062,0.0078,5,2024-09-20 16:10:44,Medium,True,Good
5279,243,1,1,1058,1293,1419,0.01272,5,2024-03-12 17:40:56,Medium,True,Excellent
5280,488,5,1,621,806,1400,0.002242,4,2024-08-12 17:30:30,Medium,True,Good
5281,278,1,7,706,1116,1769,0.010717,3,2024-01-21 17:07:30,Medium,True,Good
5282,413,1,2,368,519,2128,0.004783,4,2024-07-29 04:32:38,Medium,True,Excellent
5283,215,4,1,1245,1970,1350,0.009305,4,2024-06-08 02:49:32,Medium,True,Good
5284,127,4,3,1683,2369,2693,0.012261,3,2024-09-11 16:30:17,Complex,False,Good
5285,137,3,2,382,496,1848,0.003604,4,2024-09-12 23:16:15,Simple,False,Good
5286,162,5,5,338,511,4710,0.001506,4,2024-06-15 19:59:47,Medium,False,Good
5287,190,2,9,397,563,1449,0.004208,3,2024-09-27 08:42:12,Medium,True,Good
5288,27,3,1,497,753,1920,0.005678,4,2024-07-07 08:46:06,Medium,True,Good
5289,363,2,6,495,692,500,0.006056,3,2024-11-02 17:05:13,Medium,True,Good
5290,188,4,6,529,511,2157,0.002743,3,2024-12-22 00:55:24,Medium,True,Good
5291,454,1,1,870,1249,5845,0.013117,4,2024-08-25 17:05:01,Medium,True,Excellent
5292,102,4,6,555,502,2587,0.002398,3,2024-04-13 18:25:30,Medium,True,Good
5293,40,2,2,383,380,5751,0.002776,4,2024-05-17 18:27:45,Simple,True,Excellent
5294,369,4,1,724,922,1396,0.004647,4,2024-02-02 11:20:58,Medium,True,Good
5295,311,4,3,337,538,1893,0.002702,1,2024-10-08 19:03:16,Medium,True,Fair
5296,436,3,6,294,334,1312,0.002513,1,2024-10-26 09:32:56,Simple,True,Fair
5297,335,1,1,392,467,2123,0.005026,3,2024-08-05 04:27:52,Simple,False,Good
5298,128,1,4,2236,3660,869,0.040012,5,2024-01-08 07:47:49,Complex,True,Excellent
5299,413,4,9,685,648,1753,0.003157,1,2024-11-30 14:10:31,Medium,True,Fair
5300,476,1,9,983,1171,651,0.010766,4,2024-11-13 01:15:35,Medium,True,Excellent
5301,193,1,2,519,471,2404,0.004423,5,2024-03-30 13:50:51,Simple,True,Excellent
5302,119,2,5,1311,1222,2436,0.010533,3,2024-02-10 22:18:15,Medium,False,Good
5303,324,4,5,1530,1690,515,0.00818,3,2024-03-07 19:12:47,Medium,True,Good
5304,387,5,2,215,226,2661,0.000719,2,2024-11-15 03:02:29,Simple,True,Fair
5305,484,2,5,742,648,2403,0.004863,5,2024-04-03 11:20:45,Medium,True,Excellent
5306,471,3,2,335,460,2396,0.002944,2,2024-03-29 12:37:50,Simple,False,Fair
5307,320,3,1,949,1196,2127,0.008742,2,2024-04-03 19:40:18,Medium,False,Fair
5308,146,1,2,1519,1896,619,0.018577,3,2024-06-20 22:27:09,Medium,True,Good
5309,369,2,2,284,373,2846,0.003004,3,2024-01-08 19:52:42,Simple,True,Good
5310,63,1,1,496,653,1228,0.007016,1,2024-11-27 18:49:17,Medium,True,Fair
5311,212,2,1,294,379,1066,0.002777,2,2024-05-12 14:02:58,Simple,False,Fair
5312,451,1,7,521,813,1143,0.007665,5,2024-06-24 00:08:48,Medium,True,Excellent
5313,54,2,7,160,194,2531,0.001624,3,2024-04-09 12:07:39,Simple,True,Good
5314,312,2,9,2824,2487,1613,0.018789,3,2024-08-26 07:11:04,Complex,True,Good
5315,452,5,7,464,494,2291,0.001343,4,2024-12-10 07:13:59,Simple,False,Good
5316,331,1,3,798,668,3287,0.007043,5,2024-07-01 19:36:22,Medium,True,Excellent
5317,239,4,5,301,500,1198,0.00261,2,2024-01-25 20:44:41,Medium,True,Fair
5318,26,2,2,240,225,3180,0.001856,5,2024-04-03 22:31:54,Simple,True,Excellent
5319,198,1,1,850,1229,689,0.012314,5,2024-03-09 04:10:55,Medium,True,Excellent
5320,415,4,6,1791,2285,1669,0.011704,4,2024-06-28 09:01:38,Complex,True,Good
5321,62,4,1,2332,2081,2819,0.010423,3,2024-07-02 05:28:53,Complex,True,Good
5322,148,3,8,363,605,2853,0.003875,2,2024-12-24 11:13:07,Medium,True,Fair
5323,11,5,4,506,444,1064,0.001216,5,2024-07-21 14:03:44,Simple,True,Good
5324,405,3,3,588,515,1586,0.003956,3,2024-07-30 21:29:15,Medium,True,Good
5325,288,4,5,468,592,2308,0.00281,4,2024-07-01 23:22:51,Medium,False,Good
5326,286,4,9,1229,1370,1368,0.006864,4,2024-03-11 14:30:28,Medium,True,Good
5327,159,1,1,935,1136,748,0.011834,2,2024-02-13 10:44:19,Medium,True,Fair
5328,5,1,2,2296,2644,969,0.027839,4,2024-05-05 04:12:57,Complex,True,Excellent
5329,338,4,1,1413,1285,1591,0.0064,3,2024-01-23 06:54:02,Medium,False,Good
5330,218,2,3,556,654,3468,0.004857,4,2024-02-06 10:10:26,Medium,True,Excellent
5331,316,2,1,1000,899,1601,0.006627,3,2024-06-20 10:39:06,Medium,True,Good
5332,424,1,1,755,880,1851,0.009334,3,2024-09-29 17:59:04,Medium,True,Good
5333,327,5,1,1029,1233,1616,0.003417,5,2024-02-11 08:34:33,Medium,True,Good
5334,255,3,2,359,553,2432,0.00382,4,2024-05-30 23:02:50,Medium,True,Good
5335,99,2,1,1425,2195,2903,0.016071,4,2024-03-11 06:43:49,Complex,True,Excellent
5336,431,3,1,1032,1070,3121,0.006884,3,2024-03-14 10:08:21,Medium,True,Good
5337,371,1,6,845,707,1809,0.007366,2,2024-02-08 06:16:08,Medium,True,Fair
5338,312,4,2,477,770,796,0.004221,4,2024-07-26 08:03:00,Medium,True,Good
5339,310,4,7,1530,1344,579,0.00685,4,2024-12-22 14:31:03,Medium,False,Good
5340,481,5,1,405,603,638,0.001666,3,2024-09-19 12:12:47,Medium,True,Good
5341,318,3,1,1980,2626,2792,0.018149,4,2024-02-02 03:55:20,Complex,True,Good
5342,344,1,2,448,509,3179,0.004986,4,2024-09-21 17:44:07,Medium,True,Excellent
5343,445,5,1,850,1402,2961,0.004173,4,2024-06-11 17:16:04,Medium,True,Good
5344,327,4,2,810,1230,1051,0.006448,2,2024-12-26 04:30:31,Medium,True,Fair
5345,5,1,3,1470,1946,1026,0.018426,3,2024-03-26 01:26:48,Medium,False,Good
5346,137,4,1,2210,2047,3805,0.011121,4,2024-09-06 11:07:35,Complex,True,Good
5347,345,1,2,351,465,1372,0.004952,5,2024-06-06 23:09:17,Simple,True,Excellent
5348,6,2,1,3365,3820,1883,0.027879,3,2024-07-07 02:20:41,Complex,True,Good
5349,469,3,7,203,191,3293,0.001454,4,2024-10-20 09:09:28,Simple,True,Good
5350,239,4,1,450,564,1858,0.002852,2,2024-03-21 15:03:20,Medium,False,Fair
5351,470,1,9,1418,1952,772,0.018992,4,2024-12-18 11:30:16,Medium,False,Excellent
5352,113,2,2,1173,1714,2329,0.014574,4,2024-08-07 16:42:28,Medium,True,Excellent
5353,304,2,2,889,985,4631,0.008483,5,2024-05-29 22:49:35,Medium,False,Excellent
5354,14,4,4,791,997,5225,0.005155,5,2024-02-26 08:30:56,Medium,True,Good
5355,424,1,1,338,407,2218,0.00446,3,2024-01-04 20:59:00,Simple,True,Good
5356,89,4,1,276,267,1464,0.001248,3,2024-07-31 22:41:10,Simple,True,Good
5357,157,4,6,347,419,2071,0.002022,3,2024-08-30 04:52:15,Simple,True,Good
5358,427,1,2,462,464,3913,0.004649,3,2024-04-19 10:18:38,Simple,False,Good
5359,422,4,6,917,884,1410,0.004268,5,2024-10-03 15:26:45,Medium,True,Good
5360,193,1,2,2116,2342,3097,0.022365,1,2024-03-22 22:35:25,Complex,True,Fair
5361,90,3,1,407,500,3619,0.003559,5,2024-06-15 21:31:49,Medium,True,Good
5362,446,1,5,587,507,1302,0.005056,4,2024-01-15 07:03:15,Medium,True,Excellent
5363,241,4,2,2866,2765,1694,0.013303,2,2024-11-12 21:44:22,Complex,False,Fair
5364,244,4,7,865,842,1797,0.00418,3,2024-11-02 12:38:41,Medium,False,Good
5365,180,2,3,1044,1082,500,0.009021,5,2024-01-08 10:17:07,Medium,True,Excellent
5366,20,4,1,512,652,1680,0.002985,3,2024-08-22 03:08:16,Medium,True,Good
5367,150,4,6,292,338,3603,0.001557,4,2024-11-20 09:57:34,Simple,True,Good
5368,484,1,4,1026,1004,1267,0.009621,5,2024-04-03 07:12:46,Medium,True,Excellent
5369,100,1,5,1528,1356,2011,0.013472,4,2024-12-19 21:24:55,Medium,True,Excellent
5370,145,1,1,2332,3180,2165,0.034893,5,2024-06-19 09:54:03,Complex,True,Excellent
5371,16,3,1,794,866,1008,0.005895,4,2024-09-28 15:14:36,Medium,False,Good
5372,196,2,7,548,731,1164,0.006103,4,2024-09-01 19:23:21,Medium,True,Excellent
5373,185,4,3,2123,1821,1236,0.009028,4,2024-11-13 19:04:02,Medium,True,Good
5374,492,3,8,1772,2425,2079,0.015689,5,2024-10-02 01:19:40,Complex,False,Good
5375,488,4,2,616,639,2135,0.003241,4,2024-03-04 06:20:46,Medium,True,Good
5376,315,2,6,1011,1407,1432,0.011425,4,2024-05-28 08:55:57,Medium,True,Excellent
5377,391,4,1,292,403,1612,0.001933,5,2024-01-24 05:43:28,Simple,True,Good
5378,118,4,1,1675,1588,1472,0.008544,5,2024-12-15 23:38:59,Medium,True,Good
5379,42,4,1,1742,1769,3243,0.008186,5,2024-04-27 20:23:10,Medium,True,Good
5380,196,1,1,719,974,1208,0.010198,5,2024-01-17 20:40:13,Medium,True,Excellent
5381,218,1,2,1407,2063,2348,0.020804,3,2024-09-18 16:46:13,Complex,True,Good
5382,156,2,2,145,209,1519,0.001654,5,2024-07-14 18:10:24,Simple,True,Excellent
5383,477,3,9,682,897,1347,0.005746,4,2024-11-06 08:57:45,Medium,True,Good
5384,135,4,8,368,448,1774,0.002262,4,2024-07-11 03:57:50,Simple,True,Good
5385,157,1,7,963,1177,3114,0.012313,4,2024-06-23 03:34:42,Medium,True,Excellent
5386,135,3,8,1321,1313,2864,0.00958,4,2024-03-10 12:34:44,Medium,True,Good
5387,315,4,8,498,552,714,0.00277,1,2024-03-13 21:29:39,Medium,True,Fair
5388,84,4,1,211,282,1012,0.001317,3,2024-08-29 09:39:58,Simple,True,Good
5389,126,2,2,567,549,3068,0.004725,4,2024-02-06 01:44:19,Medium,True,Excellent
5390,114,1,9,271,328,2039,0.003045,1,2024-05-04 05:29:33,Simple,False,Fair
5391,97,4,2,2956,2714,1797,0.01222,5,2024-10-02 21:57:56,Complex,True,Good
5392,6,4,2,198,235,1262,0.00125,5,2024-12-19 21:43:03,Simple,True,Good
5393,181,1,3,978,977,500,0.009353,4,2024-02-18 12:54:43,Medium,True,Excellent
5394,322,2,1,1028,1169,1874,0.009496,4,2024-07-22 09:10:17,Medium,True,Excellent
5395,376,4,2,1233,1264,1438,0.006441,5,2024-04-08 03:13:47,Medium,True,Good
5396,35,4,2,642,909,1238,0.004924,5,2024-03-16 21:04:53,Medium,True,Good
5397,204,2,4,336,472,2114,0.00389,3,2024-09-30 08:22:47,Simple,True,Good
5398,241,1,1,1702,2048,1758,0.019335,1,2024-11-06 13:48:33,Complex,True,Fair
5399,385,1,7,901,832,3556,0.008278,5,2024-03-26 08:14:36,Medium,True,Excellent
5400,478,1,8,958,846,1664,0.007915,4,2024-04-15 05:47:28,Medium,True,Excellent
5401,297,4,2,436,656,680,0.003561,5,2024-03-28 19:56:41,Medium,False,Good
5402,490,2,2,579,610,1102,0.004855,4,2024-11-03 18:16:02,Medium,True,Excellent
5403,96,1,2,314,408,1254,0.00414,3,2024-08-24 21:44:25,Simple,True,Good
5404,193,4,2,1024,1682,3098,0.008506,4,2024-09-28 13:34:38,Medium,True,Good
5405,159,4,2,1044,887,2184,0.004209,4,2024-11-04 13:53:56,Medium,False,Good
5406,497,2,1,451,390,1764,0.002912,5,2024-12-12 03:40:48,Simple,True,Excellent
5407,433,4,1,1636,1792,1150,0.009162,4,2024-11-04 06:04:43,Medium,True,Good
5408,360,1,3,311,476,1554,0.005051,5,2024-09-21 03:20:53,Simple,True,Excellent
5409,112,1,8,1162,1052,2231,0.009809,2,2024-05-22 14:32:09,Medium,True,Fair
5410,244,1,8,1599,1427,1159,0.014552,5,2024-02-11 03:02:51,Medium,True,Excellent
5411,136,2,6,1866,2810,1697,0.020552,4,2024-08-07 09:42:09,Complex,True,Excellent
5412,178,1,1,191,229,509,0.002485,4,2024-01-01 20:48:48,Simple,True,Excellent
5413,429,2,2,143,140,3423,0.001037,3,2024-08-29 17:57:13,Simple,False,Good
5414,153,4,2,1605,1758,573,0.008893,4,2024-07-16 11:50:38,Medium,False,Good
5415,202,1,7,209,283,4235,0.002598,3,2024-09-27 02:44:34,Simple,False,Good
5416,166,2,2,471,649,5249,0.00514,4,2024-01-25 00:10:30,Medium,True,Excellent
5417,359,1,6,831,896,1939,0.008676,3,2024-12-03 09:46:18,Medium,True,Good
5418,497,4,4,258,395,1136,0.001846,5,2024-08-28 03:46:04,Simple,True,Good
5419,394,2,9,919,1057,1621,0.007832,5,2024-05-19 07:00:33,Medium,True,Excellent
5420,453,2,7,735,743,1716,0.00558,3,2024-09-02 12:43:36,Medium,True,Good
5421,134,1,6,371,496,716,0.005229,4,2024-11-14 23:43:21,Simple,True,Excellent
5422,129,3,2,1301,1515,1938,0.011615,4,2024-06-06 15:06:47,Medium,True,Good
5423,14,1,6,1986,2431,2305,0.023097,3,2024-02-16 18:17:35,Complex,True,Good
5424,307,4,3,735,986,6578,0.004796,4,2024-10-19 12:16:38,Medium,False,Good
5425,253,1,1,950,863,1829,0.008453,3,2024-07-13 17:01:55,Medium,True,Good
5426,167,2,7,351,560,1848,0.004541,5,2024-02-02 06:42:16,Medium,True,Excellent
5427,447,1,5,702,854,1116,0.008973,4,2024-05-05 20:32:54,Medium,True,Excellent
5428,180,3,1,1590,1635,1698,0.010841,5,2024-09-22 22:27:58,Medium,False,Good
5429,270,1,2,112,140,1977,0.001344,2,2024-02-01 08:58:09,Simple,False,Fair
5430,399,1,1,853,1387,1418,0.013536,3,2024-08-15 15:36:33,Medium,True,Good
5431,283,4,2,229,269,3634,0.001372,4,2024-09-27 07:55:18,Simple,True,Good
5432,316,2,6,453,559,4775,0.004146,5,2024-05-09 01:00:47,Medium,True,Excellent
5433,63,4,3,323,468,1375,0.002415,5,2024-01-26 17:13:56,Simple,True,Good
5434,130,3,6,1094,1379,1211,0.009015,3,2024-12-24 09:34:31,Medium,True,Good
5435,198,2,3,491,436,2574,0.003693,4,2024-11-14 07:18:42,Simple,True,Excellent
5436,296,1,3,1252,1083,1293,0.009871,2,2024-05-16 13:31:20,Medium,True,Fair
5437,187,4,1,735,778,2298,0.003552,5,2024-08-10 00:06:37,Medium,True,Good
5438,193,1,7,420,482,1899,0.00483,4,2024-11-14 12:29:53,Simple,True,Excellent
5439,451,1,1,892,1015,7319,0.010098,3,2024-09-11 05:48:42,Medium,True,Good
5440,185,5,5,705,804,2039,0.002569,1,2024-06-18 02:39:28,Medium,True,Fair
5441,345,4,1,767,1082,1777,0.005247,3,2024-05-01 08:18:38,Medium,True,Good
5442,356,1,1,846,1314,569,0.01438,5,2024-04-12 19:26:52,Medium,True,Excellent
5443,438,1,3,1030,1544,2971,0.014695,5,2024-05-04 03:28:12,Medium,True,Excellent
5444,230,4,1,1391,1236,1973,0.005876,5,2024-08-28 02:34:19,Medium,True,Good
5445,2,4,5,1675,1471,1380,0.007673,4,2024-07-07 10:07:25,Medium,True,Good
5446,330,4,8,284,407,3094,0.002106,4,2024-10-07 23:34:16,Simple,True,Good
5447,297,5,1,745,960,1399,0.002806,5,2024-11-27 08:02:51,Medium,True,Good
5448,365,4,1,989,904,5171,0.004878,3,2024-02-10 00:59:50,Medium,True,Good
5449,154,1,3,718,614,1396,0.006356,5,2024-07-24 23:59:54,Medium,True,Excellent
5450,165,4,1,1030,1598,1730,0.007931,2,2024-11-06 10:17:56,Medium,True,Fair
5451,283,5,8,196,193,500,0.00063,3,2024-02-22 15:55:05,Simple,True,Good
5452,335,3,2,1864,2516,1126,0.017279,5,2024-01-16 10:50:00,Complex,True,Good
5453,198,4,1,1321,1342,1768,0.006738,5,2024-01-03 18:50:00,Medium,True,Good
5454,172,5,7,582,622,2098,0.001748,4,2024-04-01 22:46:03,Medium,True,Good
5455,414,4,1,272,405,3029,0.001835,1,2024-12-17 11:41:39,Simple,False,Fair
5456,60,1,2,474,480,1365,0.004485,3,2024-09-01 09:50:09,Simple,True,Good
5457,473,1,2,643,786,1616,0.00743,5,2024-10-27 05:07:16,Medium,True,Excellent
5458,233,3,7,1640,2047,1257,0.015447,5,2024-03-23 10:31:28,Complex,False,Good
5459,263,1,2,767,959,3746,0.009882,3,2024-06-02 00:06:52,Medium,True,Good
5460,413,4,3,1068,1056,666,0.004901,1,2024-07-13 05:00:34,Medium,False,Fair
5461,354,5,1,835,964,3629,0.003016,4,2024-06-15 09:33:02,Medium,False,Good
5462,431,4,6,1549,1418,3160,0.007267,2,2024-01-19 10:26:14,Medium,True,Fair
5463,18,4,5,821,994,1195,0.0045,5,2024-08-26 05:06:07,Medium,True,Good
5464,144,2,6,622,851,1542,0.006133,2,2024-03-04 01:39:54,Medium,False,Fair
5465,379,1,1,2044,2106,559,0.019434,5,2024-01-12 19:34:50,Complex,False,Excellent
5466,24,2,6,596,705,1371,0.00512,4,2024-05-04 12:32:47,Medium,True,Excellent
5467,372,4,4,985,1129,3275,0.005091,5,2024-04-17 05:30:54,Medium,True,Good
5468,312,2,6,284,353,1311,0.002681,5,2024-12-30 04:00:58,Simple,True,Excellent
5469,273,5,2,552,688,1874,0.001879,4,2024-02-28 10:33:27,Medium,True,Good
5470,319,3,2,576,799,1987,0.00584,4,2024-01-07 14:42:11,Medium,True,Good
5471,20,3,1,2947,2778,500,0.021384,4,2024-08-29 19:44:27,Complex,True,Good
5472,143,4,4,233,230,2408,0.00115,3,2024-06-30 22:51:30,Simple,False,Good
5473,289,4,2,1236,1647,2230,0.007522,4,2024-06-21 19:31:51,Medium,True,Good
5474,488,4,2,954,1024,1471,0.0053,3,2024-02-24 20:27:11,Medium,True,Good
5475,120,4,4,1086,1136,4927,0.006154,3,2024-09-23 08:27:45,Medium,True,Good
5476,154,1,2,1584,1511,2948,0.015913,3,2024-09-25 19:51:38,Medium,False,Good
5477,494,4,2,421,392,1282,0.001981,4,2024-10-10 12:36:35,Simple,True,Good
5478,390,4,1,579,527,1917,0.002381,4,2024-03-03 20:55:47,Medium,True,Good
5479,303,1,2,1344,1611,1786,0.015837,4,2024-08-01 14:23:30,Medium,True,Excellent
5480,22,3,1,821,882,3125,0.006286,4,2024-03-22 11:51:44,Medium,False,Good
5481,472,2,7,497,706,2715,0.006205,3,2024-01-05 08:53:26,Medium,True,Good
5482,391,2,1,760,652,500,0.005128,4,2024-04-06 05:42:29,Medium,True,Excellent
5483,292,1,8,962,1119,1211,0.011733,5,2024-04-04 14:22:29,Medium,True,Excellent
5484,486,3,2,1831,1794,3470,0.01139,4,2024-07-25 05:04:18,Medium,False,Good
5485,410,2,2,1425,1285,3760,0.009255,4,2024-06-15 03:09:45,Medium,True,Excellent
5486,269,1,8,874,829,1464,0.008974,1,2024-09-15 02:12:02,Medium,True,Fair
5487,12,1,8,1957,2315,715,0.021801,5,2024-04-29 00:25:07,Complex,True,Excellent
5488,16,1,2,1200,1189,1538,0.011715,4,2024-09-09 19:58:57,Medium,True,Excellent
5489,3,1,7,413,395,611,0.004047,5,2024-03-25 22:35:51,Simple,True,Excellent
5490,6,2,2,644,1052,1335,0.008237,4,2024-10-18 17:14:40,Medium,True,Excellent
5491,360,3,2,331,523,3096,0.003508,1,2024-06-19 06:56:12,Medium,True,Fair
5492,224,3,3,530,552,2418,0.004126,3,2024-11-06 02:08:54,Medium,True,Good
5493,124,4,2,885,1094,1216,0.005027,4,2024-10-17 17:11:40,Medium,True,Good
5494,122,4,1,1613,1694,6316,0.008583,3,2024-09-09 21:19:05,Medium,True,Good
5495,101,2,1,1369,1169,1449,0.00914,3,2024-08-20 08:25:15,Medium,False,Good
5496,388,1,2,1419,1383,1367,0.015083,4,2024-04-21 21:49:46,Medium,False,Excellent
5497,481,2,2,198,300,2197,0.002419,5,2024-05-04 10:49:11,Simple,True,Excellent
5498,352,2,3,168,204,1705,0.001647,3,2024-08-19 20:56:44,Simple,True,Good
5499,360,4,5,451,499,7475,0.002548,4,2024-03-05 07:56:37,Simple,True,Good
5500,186,1,8,647,924,712,0.008838,4,2024-12-24 05:11:35,Medium,True,Excellent
5501,194,1,1,329,280,2233,0.002717,4,2024-10-25 14:44:23,Simple,True,Excellent
5502,438,4,2,1333,1161,2434,0.006207,1,2024-12-09 01:37:14,Medium,False,Fair
5503,254,4,1,486,793,2972,0.004056,4,2024-03-06 03:07:12,Medium,True,Good
5504,124,1,1,2149,1853,1539,0.020338,1,2024-03-05 01:34:53,Medium,True,Fair
5505,278,2,7,356,354,2591,0.002914,5,2024-11-16 11:53:39,Simple,True,Excellent
5506,478,1,7,365,316,1239,0.002913,3,2024-02-01 10:06:51,Simple,True,Good
5507,484,1,9,4729,4000,3440,0.040709,2,2024-11-22 00:16:58,Complex,True,Fair
5508,270,1,9,945,1414,1452,0.012973,4,2024-10-12 08:55:42,Medium,True,Excellent
5509,181,4,2,747,842,2748,0.004149,5,2024-09-13 13:42:03,Medium,True,Good
5510,404,5,2,2327,2109,1717,0.005968,3,2024-02-01 02:52:28,Complex,False,Good
5511,325,4,2,2505,2286,1240,0.012401,3,2024-05-13 12:42:39,Complex,True,Good
5512,326,5,2,933,1201,1080,0.003686,3,2024-06-15 22:30:41,Medium,True,Good
5513,103,5,1,498,618,1286,0.001906,4,2024-06-04 15:07:53,Medium,True,Good
5514,155,4,9,756,1109,2223,0.00598,2,2024-11-16 01:05:28,Medium,True,Fair
5515,166,3,1,849,900,2936,0.006052,4,2024-11-09 07:32:39,Medium,False,Good
5516,317,4,1,1401,1376,1296,0.007036,4,2024-11-16 19:33:44,Medium,False,Good
5517,192,1,2,859,1179,2164,0.012809,4,2024-01-15 22:51:21,Medium,True,Excellent
5518,223,3,1,2724,2826,2075,0.019689,4,2024-01-12 13:44:14,Complex,True,Good
5519,364,1,1,482,581,2142,0.005881,4,2024-10-30 01:14:42,Medium,True,Excellent
5520,255,4,3,545,683,3539,0.003414,3,2024-11-30 15:54:59,Medium,True,Good
5521,195,1,5,393,547,1869,0.004969,5,2024-05-16 09:20:57,Medium,True,Excellent
5522,165,1,1,598,791,1183,0.007751,3,2024-04-30 05:58:17,Medium,True,Good
5523,156,4,6,1694,2251,2111,0.010348,2,2024-12-09 06:17:22,Complex,True,Fair
5524,102,1,5,1203,1006,1797,0.010572,2,2024-02-18 10:04:17,Medium,True,Fair
5525,59,4,1,1493,1881,6186,0.010163,1,2024-01-05 15:59:46,Medium,True,Fair
5526,186,1,1,756,726,2685,0.006735,5,2024-01-18 20:23:03,Medium,True,Excellent
5527,198,1,2,686,1082,528,0.010364,1,2024-12-29 16:49:43,Medium,True,Fair
5528,293,1,2,493,427,880,0.004321,5,2024-11-16 21:56:00,Simple,True,Excellent
5529,57,2,2,880,751,7203,0.006234,4,2024-10-08 03:43:17,Medium,True,Excellent
5530,494,1,1,1324,1807,568,0.019847,4,2024-02-01 09:53:07,Medium,True,Excellent
5531,384,1,6,4104,4000,744,0.041617,5,2024-11-13 21:48:26,Complex,True,Excellent
5532,86,2,1,993,965,1337,0.007225,4,2024-10-13 20:51:05,Medium,True,Excellent
5533,74,1,2,1179,1949,2490,0.020341,3,2024-09-05 17:51:08,Medium,True,Good
5534,232,2,1,2437,4000,2452,0.029337,3,2024-12-02 01:59:26,Complex,False,Good
5535,189,1,2,1166,1635,2716,0.017688,3,2024-03-04 22:16:09,Medium,True,Good
5536,212,4,1,526,658,1021,0.00303,1,2024-01-04 16:14:36,Medium,True,Fair
5537,393,1,1,1637,2254,2549,0.024108,1,2024-11-30 04:19:22,Complex,True,Fair
5538,374,4,9,530,462,1628,0.002213,3,2024-12-16 08:37:21,Simple,False,Good
5539,92,3,2,920,1000,1237,0.007109,5,2024-08-06 06:54:38,Medium,True,Good
5540,245,4,6,802,729,1624,0.003905,4,2024-09-28 04:20:16,Medium,True,Good
5541,418,4,6,564,483,8508,0.002468,5,2024-04-26 20:08:37,Simple,True,Good
5542,377,4,3,1632,1480,3197,0.00741,2,2024-09-08 08:55:18,Medium,True,Fair
5543,168,1,7,374,440,2746,0.004428,3,2024-01-14 01:03:49,Simple,True,Good
5544,446,1,8,2421,2843,2234,0.030475,4,2024-08-21 05:57:55,Complex,True,Excellent
5545,139,1,3,191,309,1874,0.002974,5,2024-02-26 02:18:23,Simple,True,Excellent
5546,291,1,6,713,1089,2104,0.00988,5,2024-01-25 01:57:40,Medium,True,Excellent
5547,324,1,2,1026,1242,1656,0.013095,4,2024-04-03 00:27:57,Medium,False,Excellent
5548,429,2,1,691,958,1748,0.008043,3,2024-08-01 17:30:50,Medium,True,Good
5549,266,2,9,2350,2019,2481,0.01751,4,2024-07-19 14:24:48,Complex,False,Excellent
5550,492,1,4,1502,1380,980,0.015128,3,2024-12-06 04:23:32,Medium,True,Good
5551,273,4,1,2230,2454,1489,0.011121,4,2024-01-04 02:07:41,Complex,False,Good
5552,369,1,7,367,328,1265,0.003459,5,2024-08-04 23:48:41,Simple,True,Excellent
5553,197,2,6,1649,1666,1898,0.014128,5,2024-12-07 01:11:38,Medium,True,Excellent
5554,351,4,8,3867,3262,2892,0.01765,4,2024-03-08 07:46:50,Complex,False,Good
5555,158,1,2,150,190,1181,0.001975,3,2024-05-19 07:03:37,Simple,True,Good
5556,188,4,6,506,669,2719,0.003573,1,2024-05-03 10:01:06,Medium,False,Fair
5557,177,4,5,1881,1823,2902,0.008464,5,2024-10-07 04:03:10,Medium,True,Good
5558,470,5,5,1020,977,1491,0.003168,4,2024-12-24 18:16:10,Medium,False,Good
5559,377,5,6,712,707,746,0.0021,4,2024-07-23 23:37:21,Medium,True,Good
5560,315,1,7,903,1220,771,0.011248,4,2024-01-04 11:42:49,Medium,True,Excellent
5561,375,4,1,1747,1470,697,0.006647,5,2024-08-05 14:39:36,Medium,True,Good
5562,476,3,5,392,414,1323,0.002936,5,2024-04-08 05:45:17,Simple,True,Good
5563,433,4,1,1376,1659,1054,0.00885,5,2024-12-27 07:23:36,Medium,False,Good
5564,397,2,2,943,787,1193,0.006837,5,2024-03-14 19:55:01,Medium,True,Excellent
5565,411,4,4,1087,1322,2047,0.00655,3,2024-12-06 23:20:58,Medium,True,Good
5566,337,1,1,880,1144,2893,0.010957,4,2024-10-13 10:29:59,Medium,False,Excellent
5567,494,2,3,2187,1872,1857,0.014472,5,2024-12-27 04:49:47,Medium,True,Excellent
5568,424,2,2,1322,1741,1765,0.015258,1,2024-01-19 04:15:33,Medium,False,Fair
5569,444,1,6,194,311,2286,0.002975,5,2024-06-06 12:40:28,Simple,True,Excellent
5570,120,4,2,766,836,4106,0.003771,5,2024-10-26 11:14:28,Medium,True,Good
5571,283,1,3,420,697,1631,0.006533,3,2024-05-08 21:10:48,Medium,True,Good
5572,412,4,2,654,666,1363,0.003368,3,2024-01-27 12:57:01,Medium,True,Good
5573,120,3,7,597,593,1252,0.004016,4,2024-06-18 19:29:21,Medium,True,Good
5574,13,2,3,710,830,3016,0.006466,4,2024-01-08 19:27:31,Medium,True,Excellent
5575,292,2,1,2612,2662,878,0.019649,4,2024-08-01 02:24:39,Complex,True,Excellent
5576,456,4,2,1440,1269,1449,0.006187,3,2024-05-04 05:54:44,Medium,False,Good
5577,329,3,2,357,306,1935,0.002167,3,2024-02-06 03:36:32,Simple,False,Good
5578,360,1,8,837,1123,1190,0.011589,2,2024-04-28 21:29:12,Medium,True,Fair
5579,8,4,1,1968,2557,2047,0.013357,1,2024-04-23 16:02:52,Complex,True,Fair
5580,163,1,5,685,649,1507,0.0065,4,2024-12-29 20:19:33,Medium,True,Excellent
5581,307,1,1,712,665,2381,0.006527,2,2024-11-22 21:14:36,Medium,False,Fair
5582,248,4,7,700,773,2556,0.003734,2,2024-04-19 17:34:59,Medium,False,Fair
5583,144,1,6,536,770,3740,0.007722,4,2024-02-18 21:58:35,Medium,True,Excellent
5584,227,2,9,342,307,2622,0.00224,4,2024-02-01 06:06:56,Simple,True,Excellent
5585,186,1,1,3195,3200,1660,0.033997,3,2024-01-25 16:08:07,Complex,True,Good
5586,56,2,9,467,466,1277,0.003947,4,2024-06-13 01:04:14,Simple,True,Excellent
5587,49,4,8,514,589,1571,0.003203,4,2024-07-18 06:35:27,Medium,True,Good
5588,463,3,3,619,886,4499,0.006412,5,2024-02-18 02:45:33,Medium,True,Good
5589,12,3,8,739,688,2023,0.005136,4,2024-07-13 15:58:20,Medium,True,Good
5590,17,4,1,1169,1292,1172,0.006702,4,2024-02-06 08:42:16,Medium,True,Good
5591,51,4,1,1100,1101,1799,0.005892,4,2024-09-15 07:49:45,Medium,False,Good
5592,169,5,7,1634,1662,2919,0.005225,2,2024-12-25 03:08:24,Medium,True,Fair
5593,335,2,2,382,354,2208,0.00276,3,2024-03-27 19:25:02,Simple,True,Good
5594,200,4,6,2856,3090,2339,0.015506,4,2024-10-11 02:24:07,Complex,False,Good
5595,491,5,1,963,1359,1293,0.004046,4,2024-12-17 13:40:37,Medium,False,Good
5596,15,1,4,1451,1451,500,0.01561,4,2024-12-23 15:19:09,Medium,True,Excellent
5597,184,1,7,159,219,666,0.002402,5,2024-07-07 09:34:44,Simple,True,Excellent
5598,132,1,9,336,417,1030,0.004353,3,2024-06-16 22:41:52,Simple,False,Good
5599,437,1,1,364,399,1126,0.004071,4,2024-11-16 18:10:49,Simple,True,Excellent
5600,237,1,6,832,1041,1367,0.010644,3,2024-10-07 06:11:56,Medium,False,Good
5601,298,3,7,545,885,2812,0.005972,4,2024-04-28 11:51:53,Medium,True,Good
5602,193,1,2,585,623,1755,0.006837,5,2024-02-14 21:39:19,Medium,True,Excellent
5603,211,2,2,1043,973,2806,0.00779,4,2024-11-01 10:10:50,Medium,True,Excellent
5604,343,2,9,1616,1486,1374,0.012965,4,2024-07-31 18:32:12,Medium,True,Excellent
5605,345,4,2,2090,1834,2738,0.009725,2,2024-08-22 01:10:06,Medium,True,Fair
5606,354,1,2,916,1505,1943,0.014833,4,2024-09-13 18:41:19,Medium,False,Excellent
5607,283,1,2,661,706,1544,0.006661,3,2024-01-28 20:55:28,Medium,True,Good
5608,298,4,9,1675,1964,1076,0.01005,3,2024-02-18 05:04:15,Medium,True,Good
5609,283,4,3,759,665,1724,0.003621,3,2024-02-10 08:04:12,Medium,True,Good
5610,5,1,2,1140,1318,1520,0.012842,5,2024-12-03 18:12:35,Medium,True,Excellent
5611,20,4,3,1518,1538,3550,0.008018,4,2024-02-15 05:27:21,Medium,True,Good
5612,313,1,1,149,168,1552,0.001563,4,2024-07-06 18:27:13,Simple,True,Excellent
5613,168,4,7,1457,1413,2738,0.006378,5,2024-07-20 16:58:46,Medium,True,Good
5614,398,4,3,546,458,3225,0.002502,4,2024-08-30 14:27:51,Simple,False,Good
5615,339,4,7,703,1015,1984,0.005436,5,2024-06-15 11:01:15,Medium,False,Good
5616,141,1,5,2619,2334,2527,0.02121,4,2024-09-29 02:20:12,Complex,True,Excellent
5617,211,4,1,582,783,547,0.003947,4,2024-08-26 22:03:37,Medium,True,Good
5618,263,4,6,592,536,3392,0.002742,4,2024-11-12 23:58:07,Medium,True,Good
5619,412,3,6,1139,1168,3366,0.007984,5,2024-03-13 21:27:02,Medium,True,Good
5620,148,1,4,459,502,2841,0.005157,5,2024-07-20 21:19:15,Medium,True,Excellent
5621,321,3,2,1301,1501,1952,0.011489,5,2024-09-30 11:11:07,Medium,True,Good
5622,196,4,7,1073,895,2086,0.004408,4,2024-08-07 08:49:57,Medium,False,Good
5623,494,1,1,827,721,602,0.007367,5,2024-02-16 17:55:51,Medium,True,Excellent
5624,121,2,6,1875,1816,1549,0.014917,3,2024-09-14 11:01:22,Medium,False,Good
5625,354,1,6,1182,1176,1679,0.011615,4,2024-10-18 13:36:52,Medium,True,Excellent
5626,12,4,9,1137,1214,1119,0.005521,3,2024-01-30 22:22:48,Medium,True,Good
5627,383,1,8,2476,2766,500,0.025737,4,2024-05-13 20:24:17,Complex,False,Excellent
5628,210,3,1,382,467,2694,0.003035,1,2024-09-29 17:56:43,Simple,True,Fair
5629,401,5,6,581,525,2979,0.00155,4,2024-06-04 22:07:33,Medium,True,Good
5630,454,1,2,1521,2003,1145,0.021085,5,2024-09-24 03:32:01,Complex,True,Excellent
5631,38,4,7,356,385,2142,0.001888,3,2024-04-03 12:56:59,Simple,True,Good
5632,434,4,3,1149,1608,2476,0.008017,4,2024-05-06 02:32:32,Medium,True,Good
5633,38,2,6,989,1373,687,0.01203,4,2024-09-28 22:06:18,Medium,True,Excellent
5634,163,4,8,438,626,4945,0.003063,5,2024-08-25 05:38:58,Medium,True,Good
5635,231,2,1,525,533,4026,0.003892,4,2024-04-12 17:54:23,Medium,True,Excellent
5636,374,1,8,411,640,2537,0.006729,4,2024-02-01 15:54:29,Medium,True,Excellent
5637,489,2,7,166,225,1061,0.001979,4,2024-06-21 20:32:48,Simple,True,Excellent
5638,246,1,1,1241,1367,582,0.014667,4,2024-11-30 15:28:50,Medium,True,Excellent
5639,142,2,2,443,710,1795,0.006123,4,2024-04-01 03:20:39,Medium,True,Excellent
5640,45,4,1,814,1051,1869,0.005171,5,2024-06-13 13:36:03,Medium,True,Good
5641,213,4,3,727,1200,2561,0.005928,4,2024-05-10 21:10:07,Medium,False,Good
5642,4,3,1,1260,1727,1715,0.012741,4,2024-02-28 13:21:47,Medium,True,Good
5643,275,4,7,1709,1569,1426,0.007501,4,2024-10-22 20:37:30,Medium,False,Good
5644,315,5,1,2706,2378,611,0.007091,1,2024-11-03 18:57:47,Complex,True,Fair
5645,79,1,6,850,724,1113,0.006701,3,2024-06-19 06:21:38,Medium,True,Good
5646,92,4,2,1367,1202,3415,0.005561,3,2024-03-06 10:20:44,Medium,True,Good
5647,86,1,8,1334,1155,2347,0.010716,1,2024-10-14 12:56:03,Medium,False,Fair
5648,463,4,1,587,968,2176,0.004399,5,2024-07-19 15:55:30,Medium,True,Good
5649,416,3,4,803,747,2966,0.005742,1,2024-10-13 12:36:24,Medium,False,Fair
5650,337,3,6,423,540,1664,0.003477,1,2024-09-07 06:42:33,Medium,True,Fair
5651,345,4,1,1920,1763,1412,0.008011,5,2024-09-06 12:59:44,Medium,False,Good
5652,204,4,8,3410,3330,3182,0.017464,4,2024-04-28 15:47:10,Complex,True,Good
5653,441,1,8,378,630,1814,0.005699,4,2024-09-17 23:58:08,Medium,False,Excellent
5654,226,1,1,854,826,1842,0.008218,5,2024-09-16 00:01:25,Medium,False,Excellent
5655,416,5,3,348,536,1510,0.00153,3,2024-10-09 22:04:59,Medium,True,Good
5656,141,4,1,1060,931,1918,0.004641,3,2024-02-04 01:54:54,Medium,True,Good
5657,482,1,6,619,603,1359,0.005794,4,2024-08-15 20:10:49,Medium,True,Excellent
5658,236,4,2,290,317,1883,0.001728,5,2024-08-22 22:01:53,Simple,True,Good
5659,461,1,2,2563,2353,851,0.025228,3,2024-08-10 22:27:16,Complex,True,Good
5660,487,1,1,3391,3533,3872,0.034675,4,2024-04-21 18:47:55,Complex,True,Excellent
5661,115,1,3,1064,1298,3606,0.011957,2,2024-05-03 00:48:04,Medium,True,Fair
5662,437,3,1,999,1107,1318,0.008346,3,2024-06-22 04:39:30,Medium,True,Good
5663,137,4,1,2290,1992,3604,0.009868,5,2024-07-24 05:03:39,Medium,True,Good
5664,79,2,1,4074,4000,2754,0.030369,4,2024-12-28 06:09:02,Complex,True,Excellent
5665,137,1,3,891,915,2398,0.008764,4,2024-11-22 10:38:53,Medium,True,Excellent
5666,464,1,7,2793,2553,1911,0.026721,5,2024-06-08 19:26:11,Complex,True,Excellent
5667,453,1,1,1041,1251,2408,0.01265,4,2024-10-10 02:12:12,Medium,True,Excellent
5668,368,4,1,1763,1527,1479,0.007212,4,2024-12-28 16:37:15,Medium,True,Good
5669,240,1,7,602,915,5379,0.00859,2,2024-04-11 09:30:08,Medium,False,Fair
5670,36,1,4,354,544,901,0.005026,4,2024-07-03 17:43:11,Medium,True,Excellent
5671,388,4,1,359,439,1543,0.002221,5,2024-11-27 23:35:14,Simple,True,Good
5672,173,2,1,909,865,847,0.007091,4,2024-01-31 16:47:17,Medium,True,Excellent
5673,472,4,3,1565,2039,1217,0.01039,4,2024-07-19 23:12:57,Complex,True,Good
5674,203,4,1,2439,2389,2600,0.012164,3,2024-04-22 19:51:01,Complex,True,Good
5675,238,2,6,569,881,5963,0.006504,4,2024-07-27 08:27:28,Medium,True,Excellent
5676,85,1,1,677,704,3125,0.007449,3,2024-11-06 18:58:15,Medium,True,Good
5677,270,2,5,2494,2260,3434,0.016675,4,2024-03-21 12:02:01,Complex,True,Excellent
5678,477,4,8,547,857,538,0.003967,5,2024-07-15 23:10:44,Medium,False,Good
5679,57,4,6,1798,2615,1064,0.013356,3,2024-08-23 01:37:17,Complex,True,Good
5680,171,3,2,660,703,2835,0.005167,4,2024-08-23 16:25:50,Medium,True,Good
5681,350,4,1,2258,2785,1333,0.01467,2,2024-01-18 00:39:55,Complex,True,Fair
5682,196,3,4,357,547,1741,0.003829,4,2024-07-15 21:01:23,Medium,False,Good
5683,11,4,9,4706,4000,1130,0.021922,3,2024-01-12 20:49:42,Complex,True,Good
5684,294,1,9,801,1246,1775,0.013636,4,2024-07-08 07:20:49,Medium,True,Excellent
5685,42,1,1,623,686,2603,0.007334,3,2024-11-09 04:21:34,Medium,True,Good
5686,129,3,1,641,550,608,0.003833,4,2024-09-02 16:52:12,Medium,True,Good
5687,287,1,6,318,300,3830,0.002964,3,2024-12-30 17:46:34,Simple,True,Good
5688,164,1,2,825,1048,4019,0.010524,4,2024-04-08 19:41:23,Medium,True,Excellent
5689,161,2,4,1326,1239,1775,0.009374,3,2024-10-14 09:42:12,Medium,False,Good
5690,278,4,5,973,984,791,0.004609,3,2024-05-13 00:20:03,Medium,True,Good
5691,412,2,3,410,351,1919,0.002655,5,2024-06-15 22:55:06,Simple,True,Excellent
5692,497,4,6,754,866,4272,0.004097,2,2024-07-20 02:42:36,Medium,True,Fair
5693,348,4,1,748,1177,637,0.006243,4,2024-07-02 17:29:49,Medium,False,Good
5694,399,4,7,876,1067,1062,0.004941,3,2024-03-06 02:02:16,Medium,False,Good
5695,34,4,2,670,912,1827,0.00461,3,2024-08-09 12:07:17,Medium,True,Good
5696,157,4,3,975,991,1313,0.004476,5,2024-01-17 13:29:55,Medium,True,Good
5697,200,3,6,803,878,2389,0.005982,3,2024-05-29 13:27:06,Medium,False,Good
5698,366,2,2,524,863,4726,0.006624,3,2024-08-30 13:11:10,Medium,True,Good
5699,274,1,6,369,399,2504,0.003626,4,2024-11-30 06:31:39,Simple,True,Excellent
5700,361,5,2,661,663,5629,0.002109,5,2024-08-24 02:22:42,Medium,True,Good
5701,119,1,5,504,536,3798,0.00524,5,2024-11-23 17:52:27,Medium,True,Excellent
5702,165,1,1,610,964,3095,0.009408,4,2024-04-18 04:17:40,Medium,True,Excellent
5703,265,2,1,303,334,722,0.00242,4,2024-03-21 21:46:14,Simple,True,Excellent
5704,263,1,6,1645,1427,1780,0.013992,5,2024-06-03 08:54:43,Medium,False,Excellent
5705,104,1,9,426,678,641,0.007271,3,2024-05-31 04:28:24,Medium,True,Good
5706,362,4,6,2546,2372,617,0.010687,3,2024-01-13 04:53:40,Complex,True,Good
5707,196,4,2,2655,4000,1512,0.019273,2,2024-01-17 16:06:00,Complex,True,Fair
5708,182,1,9,2274,2306,1747,0.02404,5,2024-06-04 18:38:18,Complex,True,Excellent
5709,13,4,9,993,899,3034,0.004099,4,2024-07-25 06:50:32,Medium,True,Good
5710,6,1,2,1203,1075,788,0.010514,3,2024-05-12 01:10:33,Medium,True,Good
5711,489,2,6,903,1020,1394,0.008001,5,2024-10-29 16:23:37,Medium,True,Excellent
5712,152,1,1,2470,2747,4366,0.02562,4,2024-03-08 00:23:42,Complex,True,Excellent
5713,292,1,6,1021,1183,1129,0.010669,2,2024-05-10 19:52:55,Medium,True,Fair
5714,406,4,6,775,839,2250,0.003903,5,2024-02-23 04:19:14,Medium,True,Good
5715,367,4,8,1571,1358,1959,0.006158,2,2024-02-05 20:58:51,Medium,True,Fair
5716,160,1,8,1069,1718,1122,0.017154,2,2024-12-27 08:33:48,Medium,True,Fair
5717,16,1,2,723,709,1316,0.007751,5,2024-07-07 05:51:05,Medium,True,Excellent
5718,91,1,3,575,575,8858,0.005226,1,2024-05-22 01:52:45,Medium,True,Fair
5719,419,1,7,325,324,1999,0.003477,2,2024-07-21 03:33:12,Simple,True,Fair
5720,94,1,9,1569,1335,4701,0.01235,4,2024-10-14 00:10:07,Medium,True,Excellent
5721,285,4,4,734,1054,1645,0.00524,5,2024-11-16 22:41:45,Medium,True,Good
5722,319,2,1,911,843,1827,0.006488,4,2024-04-02 05:39:14,Medium,True,Excellent
5723,459,1,6,462,684,2277,0.007199,4,2024-03-16 19:33:11,Medium,True,Excellent
5724,169,1,1,1002,942,652,0.008787,4,2024-03-15 06:52:58,Medium,True,Excellent
5725,61,4,1,573,620,1781,0.003371,5,2024-06-14 09:44:33,Medium,True,Good
5726,320,1,9,808,1182,3474,0.011617,4,2024-09-09 11:01:41,Medium,True,Excellent
5727,397,4,1,621,535,1567,0.002695,3,2024-03-21 17:57:30,Medium,True,Good
5728,324,1,4,1253,1656,1892,0.017731,3,2024-12-16 15:21:45,Medium,True,Good
5729,222,4,1,470,573,1001,0.002822,5,2024-11-02 16:59:40,Medium,True,Good
5730,292,4,6,1503,1547,2292,0.00712,5,2024-06-19 00:13:21,Medium,True,Good
5731,210,4,1,1273,1161,2177,0.006037,4,2024-03-05 15:07:25,Medium,True,Good
5732,158,1,1,433,431,1240,0.004174,4,2024-03-05 10:18:54,Simple,True,Excellent
5733,116,4,1,613,581,3546,0.002803,3,2024-11-25 10:14:19,Medium,False,Good
5734,134,4,7,556,559,535,0.002803,4,2024-03-03 14:53:18,Medium,False,Good
5735,62,1,2,266,346,1066,0.003603,5,2024-01-31 00:55:14,Simple,True,Excellent
5736,118,1,7,524,830,2494,0.008096,4,2024-01-02 11:40:42,Medium,True,Excellent
5737,32,2,1,1228,1024,3957,0.007646,2,2024-12-20 06:19:57,Medium,True,Fair
5738,395,1,6,328,324,2950,0.003291,5,2024-10-19 17:06:21,Simple,True,Excellent
5739,421,2,6,633,628,642,0.0046,4,2024-07-31 22:38:30,Medium,True,Excellent
5740,173,3,1,955,1009,1487,0.006715,1,2024-05-15 00:24:48,Medium,True,Fair
5741,409,4,1,331,287,951,0.001293,5,2024-03-16 21:28:04,Simple,False,Good
5742,86,4,2,1036,871,2186,0.003976,5,2024-04-13 14:58:18,Medium,True,Good
5743,171,4,5,3960,4000,1900,0.020389,4,2024-01-16 04:59:15,Complex,True,Good
5744,16,1,6,643,622,1556,0.006726,2,2024-02-10 02:04:03,Medium,True,Fair
5745,344,3,2,531,604,1327,0.004407,4,2024-07-06 17:54:55,Medium,True,Good
5746,73,1,2,480,734,2884,0.007051,3,2024-07-04 19:39:34,Medium,True,Good
5747,90,2,8,502,767,1145,0.006243,5,2024-03-16 16:00:38,Medium,True,Excellent
5748,36,1,9,306,500,9115,0.004944,5,2024-11-28 11:57:38,Medium,True,Excellent
5749,483,3,1,406,473,1670,0.003625,3,2024-12-25 00:39:31,Simple,True,Good
5750,207,4,2,889,859,1239,0.004407,4,2024-06-14 10:45:04,Medium,True,Good
5751,426,1,5,580,507,2182,0.005058,5,2024-10-09 22:46:37,Medium,True,Excellent
5752,500,1,3,709,1116,770,0.01194,1,2024-05-26 11:09:13,Medium,True,Fair
5753,239,1,6,486,595,1654,0.006355,5,2024-04-19 19:16:26,Medium,True,Excellent
5754,363,2,7,716,794,1117,0.006807,5,2024-10-12 10:19:45,Medium,True,Excellent
5755,13,3,4,911,881,1079,0.006396,3,2024-05-17 07:32:24,Medium,True,Good
5756,2,3,1,682,610,1580,0.004039,3,2024-11-24 16:57:36,Medium,True,Good
5757,406,1,7,465,758,1731,0.007657,4,2024-05-30 08:34:28,Medium,True,Excellent
5758,295,4,5,398,633,1407,0.003303,4,2024-08-02 08:57:26,Medium,False,Good
5759,91,4,1,732,701,3571,0.003669,4,2024-06-05 06:46:11,Medium,False,Good
5760,395,1,2,2011,1755,1544,0.017637,5,2024-04-04 01:03:11,Medium,True,Excellent
5761,80,5,8,638,946,570,0.002721,4,2024-04-13 08:46:33,Medium,True,Good
5762,217,2,2,324,371,635,0.002675,1,2024-11-26 13:29:23,Simple,False,Fair
5763,490,4,2,473,465,1643,0.002518,5,2024-03-09 02:09:35,Simple,True,Good
5764,455,1,1,2304,3197,1925,0.033443,1,2024-05-18 13:58:16,Complex,True,Fair
5765,396,4,3,752,985,3552,0.004491,5,2024-12-14 00:27:01,Medium,True,Good
5766,183,3,2,719,821,754,0.005746,4,2024-01-07 09:26:28,Medium,True,Good
5767,474,4,1,631,548,2658,0.002829,4,2024-10-18 22:11:25,Medium,False,Good
5768,4,2,3,281,372,2390,0.002736,3,2024-08-01 17:22:08,Simple,True,Good
5769,465,2,2,589,613,2085,0.004642,4,2024-06-18 12:53:27,Medium,False,Excellent
5770,323,4,8,383,434,3781,0.002268,4,2024-09-27 06:31:42,Simple,True,Good
5771,467,1,1,535,847,1490,0.008499,5,2024-06-18 09:38:47,Medium,True,Excellent
5772,87,2,5,328,356,1612,0.0031,5,2024-03-31 11:35:53,Simple,False,Excellent
5773,208,4,4,747,1000,1498,0.004555,2,2024-09-02 01:10:17,Medium,True,Fair
5774,129,2,2,1478,1714,1579,0.012564,4,2024-11-28 21:41:08,Medium,True,Excellent
5775,163,4,8,562,495,1929,0.002389,2,2024-12-23 08:55:22,Simple,True,Fair
5776,397,2,1,194,270,1432,0.002329,3,2024-07-11 13:24:04,Simple,True,Good
5777,287,2,3,529,682,4007,0.005503,4,2024-05-11 03:11:46,Medium,True,Excellent
5778,393,4,1,1742,1794,3925,0.009426,5,2024-05-01 21:48:31,Medium,False,Good
5779,110,4,2,407,461,1976,0.002268,4,2024-09-07 01:39:58,Simple,False,Good
5780,66,4,2,1941,1815,5986,0.008685,5,2024-08-15 05:37:32,Medium,True,Good
5781,162,3,4,133,219,2116,0.001634,5,2024-06-05 03:02:14,Simple,True,Good
5782,201,4,3,712,1132,3485,0.005801,4,2024-06-13 22:14:16,Medium,True,Good
5783,382,4,1,579,520,1626,0.002651,4,2024-08-04 07:48:10,Medium,False,Good
5784,235,4,3,652,884,889,0.00402,2,2024-12-06 13:40:37,Medium,True,Fair
5785,357,1,1,2426,2191,1936,0.021487,5,2024-02-24 10:33:23,Complex,True,Excellent
5786,281,4,7,3249,3254,1679,0.017472,5,2024-06-07 10:44:53,Complex,False,Good
5787,322,4,1,955,1257,1571,0.006634,5,2024-11-19 12:23:58,Medium,True,Good
5788,176,4,6,695,709,1789,0.003853,3,2024-09-06 10:41:19,Medium,True,Good
5789,183,4,1,871,959,1571,0.004567,5,2024-02-21 18:43:51,Medium,True,Good
5790,324,4,9,337,527,1386,0.002482,4,2024-09-20 00:07:47,Medium,False,Good
5791,344,2,1,356,299,3742,0.002396,5,2024-01-29 00:07:27,Simple,True,Excellent
5792,324,1,6,491,747,1243,0.007189,4,2024-01-26 22:24:25,Medium,True,Excellent
5793,443,3,4,4223,4000,3371,0.028315,4,2024-06-28 08:55:40,Complex,True,Good
5794,86,2,5,308,310,2996,0.002522,4,2024-08-24 22:48:23,Simple,True,Excellent
5795,325,5,6,976,909,1925,0.002538,3,2024-07-25 18:37:13,Medium,False,Good
5796,385,4,5,330,500,1401,0.00262,4,2024-03-20 19:11:31,Medium,True,Good
5797,419,5,7,1316,1554,2918,0.004717,4,2024-06-25 05:14:26,Medium,True,Good
5798,499,1,1,507,530,1913,0.005085,4,2024-07-13 05:27:42,Medium,True,Excellent
5799,177,1,6,407,539,1963,0.0053,4,2024-01-12 08:00:54,Medium,True,Excellent
5800,133,2,1,1223,1462,963,0.012142,5,2024-10-03 23:07:17,Medium,True,Excellent
5801,446,1,8,678,732,1583,0.00742,3,2024-02-03 17:44:23,Medium,True,Good
5802,48,1,4,464,760,2079,0.007937,4,2024-06-12 16:26:58,Medium,True,Excellent
5803,254,1,9,737,1071,2615,0.010361,4,2024-05-20 22:31:14,Medium,True,Excellent
5804,435,1,2,623,636,1086,0.006793,3,2024-07-23 07:52:37,Medium,False,Good
5805,114,4,1,1166,1228,1180,0.00575,2,2024-08-03 06:39:56,Medium,True,Fair
5806,301,4,7,789,886,964,0.004846,4,2024-07-23 18:06:56,Medium,False,Good
5807,432,1,1,450,515,5916,0.005638,3,2024-05-19 02:14:49,Medium,True,Good
5808,395,1,2,651,557,2587,0.005435,3,2024-06-04 15:21:05,Medium,True,Good
5809,488,4,6,2159,1955,2472,0.010358,2,2024-01-19 20:07:33,Medium,True,Fair
5810,335,1,1,259,400,1275,0.003653,4,2024-10-08 19:25:39,Simple,True,Excellent
5811,73,4,1,1377,1453,1017,0.007344,4,2024-04-23 04:48:23,Medium,True,Good
5812,241,1,1,2057,2456,2802,0.024462,5,2024-04-23 19:56:43,Complex,True,Excellent
5813,378,3,1,940,856,1388,0.005822,5,2024-08-03 12:43:21,Medium,True,Good
5814,426,2,6,655,881,2313,0.007182,5,2024-05-11 23:28:54,Medium,True,Excellent
5815,482,1,3,578,857,1720,0.009008,5,2024-10-16 12:37:50,Medium,True,Excellent
5816,128,1,3,393,653,2362,0.00591,3,2024-07-23 17:08:01,Medium,True,Good
5817,174,4,7,704,788,2064,0.003855,4,2024-03-28 18:54:35,Medium,True,Good
5818,328,1,2,633,603,3537,0.006393,2,2024-03-30 04:01:25,Medium,True,Fair
5819,149,3,2,1019,888,624,0.006458,3,2024-10-31 20:37:23,Medium,True,Good
5820,441,5,6,995,1022,2193,0.003199,4,2024-02-26 18:23:36,Medium,True,Good
5821,289,4,2,550,678,3165,0.003257,4,2024-05-02 13:41:11,Medium,True,Good
5822,238,1,2,262,409,2181,0.004357,4,2024-11-10 06:32:28,Simple,True,Excellent
5823,41,4,8,1125,1208,1752,0.006217,4,2024-11-16 00:58:57,Medium,False,Good
5824,214,2,2,510,591,1270,0.005029,4,2024-06-25 06:48:19,Medium,True,Excellent
5825,452,2,6,1568,1377,1996,0.010305,5,2024-10-10 21:05:49,Medium,True,Excellent
5826,197,1,6,184,201,3374,0.00218,4,2024-12-17 19:51:49,Simple,True,Excellent
5827,425,4,2,2059,1871,2473,0.009522,5,2024-12-30 14:28:19,Medium,False,Good
5828,333,1,1,395,544,1925,0.005163,4,2024-08-09 11:30:27,Medium,True,Excellent
5829,163,2,8,399,637,1780,0.004621,4,2024-03-12 01:34:30,Medium,True,Excellent
5830,445,4,6,171,259,1674,0.001173,5,2024-12-20 18:56:51,Simple,False,Good
5831,272,1,3,708,808,2395,0.007742,4,2024-10-03 11:39:34,Medium,True,Excellent
5832,218,4,6,642,813,1120,0.003697,4,2024-01-30 16:54:41,Medium,True,Good
5833,367,4,8,473,534,1768,0.00271,4,2024-01-22 07:34:15,Medium,True,Good
5834,329,4,1,1249,1831,4402,0.008703,5,2024-04-13 08:17:41,Medium,True,Good
5835,197,2,7,3104,3824,3159,0.029565,5,2024-08-05 03:10:49,Complex,True,Excellent
5836,66,3,2,1948,1687,3751,0.012646,5,2024-04-24 12:37:33,Medium,True,Good
5837,469,4,1,1142,1406,2066,0.007683,3,2024-09-03 22:28:21,Medium,True,Good
5838,443,5,4,656,799,1900,0.002412,3,2024-04-21 12:46:07,Medium,True,Good
5839,156,1,2,3035,3034,2958,0.030026,4,2024-01-16 07:34:06,Complex,True,Excellent
5840,114,1,9,1530,1343,500,0.013471,3,2024-06-26 20:24:12,Medium,True,Good
5841,38,1,7,302,276,1068,0.002493,4,2024-04-23 14:56:38,Simple,True,Excellent
5842,440,4,7,135,139,1371,0.000731,5,2024-12-25 01:40:03,Simple,True,Good
5843,293,4,3,300,473,7105,0.002569,4,2024-01-06 21:44:41,Simple,True,Good
5844,401,3,2,251,278,3314,0.001878,4,2024-10-18 06:29:01,Simple,True,Good
5845,281,1,7,891,1094,1549,0.01053,4,2024-02-20 15:14:35,Medium,True,Excellent
5846,464,4,1,1042,916,975,0.004221,5,2024-01-09 01:57:55,Medium,False,Good
5847,23,4,2,1098,1260,3119,0.00631,4,2024-12-10 11:05:46,Medium,True,Good
5848,319,2,1,709,1183,2764,0.008934,4,2024-01-18 06:56:48,Medium,True,Excellent
5849,181,1,9,457,474,2136,0.005157,3,2024-07-27 17:43:50,Simple,True,Good
5850,219,4,1,1004,1273,759,0.006866,5,2024-04-01 19:47:13,Medium,True,Good
5851,141,4,1,1089,1495,1370,0.007758,3,2024-01-28 08:37:55,Medium,False,Good
5852,241,1,6,588,808,1255,0.008454,5,2024-01-18 06:33:20,Medium,True,Excellent
5853,38,2,9,2359,2403,732,0.018633,4,2024-06-09 17:43:00,Complex,True,Excellent
5854,164,5,2,806,952,2589,0.003091,4,2024-07-29 01:13:24,Medium,True,Good
5855,14,1,1,1295,1166,1023,0.011735,3,2024-09-26 02:53:22,Medium,True,Good
5856,471,4,1,346,392,1453,0.002099,4,2024-08-15 11:05:05,Simple,True,Good
5857,74,4,2,597,508,3627,0.00242,5,2024-08-10 11:24:44,Medium,True,Good
5858,273,1,1,1355,1945,4488,0.017926,4,2024-06-07 11:58:13,Medium,True,Excellent
5859,461,3,1,319,480,1202,0.003034,4,2024-05-05 03:18:16,Simple,True,Good
5860,41,4,6,331,420,3141,0.002262,5,2024-05-08 03:17:50,Simple,True,Good
5861,398,1,5,293,285,1603,0.00257,3,2024-05-14 12:28:13,Simple,True,Good
5862,106,4,1,439,387,1975,0.001886,4,2024-03-06 22:57:45,Simple,False,Good
5863,130,4,1,625,792,1569,0.003963,5,2024-08-30 21:01:49,Medium,True,Good
5864,124,1,2,2728,2865,1431,0.027614,4,2024-08-14 10:46:37,Complex,True,Excellent
5865,57,1,1,1601,1431,6532,0.01489,4,2024-11-06 07:14:52,Medium,True,Excellent
5866,168,4,2,1030,976,1818,0.005014,3,2024-06-15 01:59:26,Medium,True,Good
5867,264,4,2,2719,2280,3213,0.011389,4,2024-05-29 11:11:18,Complex,True,Good
5868,109,4,2,455,734,2646,0.003958,3,2024-12-19 20:14:20,Medium,False,Good
5869,362,1,1,1193,1044,972,0.009685,2,2024-03-12 17:41:28,Medium,False,Fair
5870,438,2,2,405,646,1403,0.00529,5,2024-07-14 20:01:38,Medium,True,Excellent
5871,120,4,6,1174,991,2017,0.005237,4,2024-03-24 21:39:11,Medium,True,Good
5872,82,4,5,682,776,749,0.003651,4,2024-06-22 02:37:45,Medium,True,Good
5873,126,4,2,767,722,2443,0.003443,2,2024-10-08 21:30:49,Medium,True,Fair
5874,321,2,2,412,507,3287,0.004374,3,2024-08-27 00:22:32,Medium,True,Good
5875,54,4,2,2056,1974,2271,0.010341,5,2024-12-17 11:07:33,Medium,True,Good
5876,433,5,1,2871,2595,968,0.007565,4,2024-07-12 11:42:21,Complex,False,Good
5877,60,3,3,1522,1515,740,0.010295,4,2024-05-31 17:37:45,Medium,True,Good
5878,137,2,1,1729,1796,954,0.015736,4,2024-07-07 01:54:19,Medium,True,Excellent
5879,121,1,2,1276,1683,2723,0.016759,3,2024-08-10 07:40:42,Medium,True,Good
5880,91,1,6,1706,1761,1905,0.018108,5,2024-04-06 14:45:20,Medium,True,Excellent
5881,118,1,3,1561,1431,2378,0.015724,5,2024-10-28 00:44:30,Medium,True,Excellent
5882,283,4,6,1838,2033,4198,0.011143,4,2024-08-09 10:02:37,Complex,False,Good
5883,156,2,2,1438,2192,1404,0.01719,5,2024-03-30 01:51:02,Complex,True,Excellent
5884,294,2,7,263,332,1561,0.00282,4,2024-09-16 04:45:08,Simple,True,Excellent
5885,270,1,2,469,394,656,0.003627,1,2024-07-11 13:27:01,Simple,True,Fair
5886,380,3,5,1031,1434,2069,0.009449,2,2024-12-05 05:25:37,Medium,True,Fair
5887,30,4,1,864,1042,2273,0.005431,5,2024-08-23 15:14:15,Medium,True,Good
5888,351,1,5,1079,1787,4220,0.016385,5,2024-07-21 17:28:10,Medium,False,Excellent
5889,331,1,7,395,637,1180,0.006874,3,2024-09-23 12:27:31,Medium,False,Good
5890,116,1,3,144,239,1324,0.002626,5,2024-01-26 16:01:15,Simple,True,Excellent
5891,368,1,3,385,335,8646,0.003125,4,2024-05-12 06:11:27,Simple,True,Excellent
5892,293,4,1,2644,3384,893,0.017105,4,2024-06-03 21:28:49,Complex,False,Good
5893,73,4,1,841,1270,500,0.005817,5,2024-07-14 20:12:23,Medium,True,Good
5894,411,4,2,1860,1684,1251,0.009175,3,2024-09-26 10:42:45,Medium,True,Good
5895,273,1,1,643,1019,1572,0.009297,3,2024-09-11 05:11:20,Medium,True,Good
5896,255,4,3,782,664,2535,0.003369,4,2024-05-08 15:59:03,Medium,False,Good
5897,476,2,9,478,678,2409,0.005018,4,2024-10-12 12:36:10,Medium,True,Excellent
5898,108,1,2,1685,1537,7031,0.015255,4,2024-09-13 14:04:31,Medium,True,Excellent
5899,293,2,1,368,308,3373,0.002407,4,2024-07-10 06:43:19,Simple,True,Excellent
5900,454,1,3,3984,3472,1165,0.037221,1,2024-01-01 02:35:59,Complex,True,Fair
5901,180,4,1,476,640,2599,0.003071,4,2024-06-08 07:42:41,Medium,True,Good
5902,109,2,1,903,900,4107,0.007593,4,2024-09-27 20:40:52,Medium,True,Excellent
5903,248,4,7,2002,2277,6471,0.011388,5,2024-06-18 08:17:01,Complex,True,Good
5904,141,1,6,223,242,1221,0.002612,5,2024-07-07 22:08:03,Simple,True,Excellent
5905,283,2,6,1286,1127,1652,0.00907,2,2024-10-06 03:55:40,Medium,False,Fair
5906,123,4,2,1011,1464,1175,0.007675,3,2024-07-21 07:23:27,Medium,False,Good
5907,134,4,9,1887,1601,978,0.008307,5,2024-08-12 18:36:04,Medium,False,Good
5908,349,4,1,1582,2107,1543,0.011075,3,2024-08-22 12:10:40,Complex,False,Good
5909,203,4,2,203,240,924,0.001198,2,2024-11-27 23:31:13,Simple,False,Fair
5910,28,4,5,824,720,1726,0.003256,4,2024-03-21 11:05:41,Medium,True,Good
5911,136,4,1,546,462,1426,0.002377,3,2024-05-29 09:38:24,Simple,True,Good
5912,234,4,2,746,936,4400,0.004467,3,2024-11-10 00:33:17,Medium,True,Good
5913,124,1,1,1465,1307,1144,0.014336,4,2024-06-21 05:03:41,Medium,True,Excellent
5914,376,4,1,267,358,1219,0.001686,4,2024-01-27 21:36:56,Simple,True,Good
5915,125,2,2,684,783,1620,0.005759,5,2024-06-30 06:46:52,Medium,True,Excellent
5916,378,1,2,964,975,3809,0.010324,4,2024-07-31 23:03:49,Medium,True,Excellent
5917,27,1,1,1053,1728,1767,0.018275,5,2024-04-24 06:44:57,Medium,True,Excellent
5918,3,4,6,223,219,1012,0.001019,5,2024-02-06 15:43:44,Simple,True,Good
5919,415,4,1,539,456,4420,0.002439,3,2024-10-21 01:22:52,Simple,False,Good
5920,471,2,6,206,309,1702,0.002379,3,2024-10-10 20:21:02,Simple,True,Good
5921,67,4,2,268,263,3274,0.001312,4,2024-06-05 19:36:21,Simple,False,Good
5922,155,4,2,253,267,2859,0.001254,4,2024-05-08 14:43:14,Simple,False,Good
5923,447,4,6,683,1092,4319,0.005189,4,2024-10-24 05:31:28,Medium,False,Good
5924,71,1,1,164,182,983,0.001892,3,2024-11-22 05:15:14,Simple,True,Good
5925,413,1,9,2969,3278,1758,0.030544,4,2024-08-09 19:13:44,Complex,True,Excellent
5926,461,1,1,898,839,1755,0.008216,3,2024-02-13 04:34:08,Medium,True,Good
5927,96,2,1,3873,3697,2236,0.029106,5,2024-09-19 04:46:39,Complex,True,Excellent
5928,293,2,2,425,612,2882,0.005006,2,2024-02-04 00:44:46,Medium,True,Fair
5929,320,1,6,801,1130,4178,0.012278,5,2024-04-11 08:06:16,Medium,True,Excellent
5930,289,2,2,1018,1177,4849,0.008585,3,2024-01-16 01:10:35,Medium,True,Good
5931,269,1,8,1201,1169,3245,0.012242,5,2024-08-13 17:48:18,Medium,True,Excellent
5932,139,1,7,1375,1442,3422,0.015103,3,2024-11-06 01:39:30,Medium,True,Good
5933,173,4,2,1088,1380,1100,0.007467,4,2024-11-12 03:59:42,Medium,True,Good
5934,134,1,5,595,504,1066,0.004838,3,2024-08-16 09:46:25,Medium,True,Good
5935,143,4,6,523,619,702,0.003049,5,2024-12-29 05:24:49,Medium,True,Good
5936,312,2,2,328,514,2312,0.004466,2,2024-05-13 13:22:50,Medium,True,Fair
5937,229,1,1,929,1053,2117,0.010974,5,2024-11-23 12:26:51,Medium,True,Excellent
5938,176,1,1,644,745,2249,0.007443,5,2024-06-21 18:43:06,Medium,True,Excellent
5939,410,3,2,279,237,1322,0.001819,2,2024-02-27 20:44:49,Simple,True,Fair
5940,51,3,6,336,506,5705,0.003719,3,2024-11-28 21:00:40,Medium,True,Good
5941,271,4,5,293,277,1818,0.001461,4,2024-09-28 06:27:56,Simple,True,Good
5942,440,4,5,1199,1595,5092,0.007695,4,2024-10-26 02:02:02,Medium,True,Good
5943,383,1,2,1837,2037,1557,0.020076,4,2024-05-06 12:44:51,Complex,False,Excellent
5944,337,1,3,1098,1526,3375,0.014964,5,2024-11-10 17:13:00,Medium,False,Excellent
5945,145,4,3,2247,2290,2179,0.011619,4,2024-07-07 17:16:31,Complex,False,Good
5946,16,4,1,1486,2258,2335,0.01183,4,2024-12-17 03:48:31,Complex,True,Good
5947,329,3,1,273,281,736,0.00206,3,2024-09-24 16:50:00,Simple,False,Good
5948,101,4,1,1208,1096,861,0.005579,4,2024-07-11 19:06:33,Medium,True,Good
5949,249,4,2,1237,1694,741,0.007837,4,2024-03-09 22:43:12,Medium,False,Good
5950,324,4,6,1206,1064,1732,0.00504,4,2024-08-02 20:33:45,Medium,True,Good
5951,376,2,1,684,1036,6142,0.008761,2,2024-12-05 14:05:36,Medium,True,Fair
5952,93,4,8,860,1324,1301,0.006541,4,2024-06-26 04:17:36,Medium,True,Good
5953,218,5,6,366,441,5798,0.001287,5,2024-06-14 02:13:45,Simple,True,Good
5954,438,4,7,940,941,6930,0.004625,5,2024-06-27 18:05:54,Medium,False,Good
5955,19,3,1,533,454,1028,0.002963,5,2024-08-30 12:58:40,Simple,False,Good
5956,106,1,1,2497,3743,826,0.040521,4,2024-12-23 19:40:28,Complex,True,Excellent
5957,166,1,3,293,437,1809,0.004522,4,2024-05-09 19:29:49,Simple,True,Excellent
5958,342,1,5,1188,1268,1104,0.011758,4,2024-10-18 16:50:41,Medium,True,Excellent
5959,364,3,1,1002,1628,500,0.01174,3,2024-07-31 08:36:46,Medium,True,Good
5960,2,4,5,624,647,3129,0.003378,3,2024-04-02 21:42:13,Medium,True,Good
5961,408,1,1,1515,2279,1982,0.024632,3,2024-10-02 16:01:13,Complex,True,Good
5962,175,1,2,2471,2505,1859,0.023729,4,2024-09-21 02:19:32,Complex,False,Excellent
5963,91,1,1,622,552,2199,0.005622,4,2024-09-19 21:49:22,Medium,True,Excellent
5964,219,5,2,1263,1074,1586,0.003304,5,2024-04-03 19:55:20,Medium,True,Good
5965,420,1,2,794,775,2667,0.008386,4,2024-04-03 22:14:28,Medium,True,Excellent
5966,444,4,1,406,522,1573,0.002508,1,2024-11-18 15:45:30,Medium,True,Fair
5967,172,3,6,408,387,4411,0.002521,4,2024-12-14 19:02:40,Simple,False,Good
5968,385,3,9,976,977,1942,0.006317,4,2024-08-31 01:30:23,Medium,True,Good
5969,128,2,3,1103,956,616,0.00743,4,2024-02-28 17:30:34,Medium,True,Excellent
5970,222,3,2,1656,1971,3427,0.012785,2,2024-08-31 22:33:50,Medium,True,Fair
5971,82,4,1,248,346,1637,0.001826,4,2024-03-01 06:46:51,Simple,True,Good
5972,317,4,5,851,880,5881,0.004155,5,2024-01-23 11:25:18,Medium,True,Good
5973,465,1,2,636,949,1781,0.009671,4,2024-12-28 20:26:55,Medium,True,Excellent
5974,444,1,6,415,674,4531,0.007197,5,2024-04-26 21:07:52,Medium,True,Excellent
5975,283,1,6,239,390,2553,0.003567,4,2024-03-21 00:51:11,Simple,True,Excellent
5976,15,4,6,196,196,1472,0.001014,4,2024-02-22 11:26:03,Simple,True,Good
5977,247,1,1,788,692,4319,0.006499,2,2024-09-12 21:21:45,Medium,True,Fair
5978,214,1,1,1085,1609,1091,0.016085,4,2024-02-26 07:16:37,Medium,True,Excellent
5979,304,4,1,165,216,1139,0.001071,5,2024-04-26 06:54:58,Simple,False,Good
5980,181,1,6,412,372,1335,0.003906,3,2024-09-26 10:21:42,Simple,True,Good
5981,169,4,2,338,427,1470,0.002012,4,2024-08-26 10:31:58,Simple,True,Good
5982,114,1,7,962,897,1737,0.008221,5,2024-12-03 01:24:13,Medium,True,Excellent
5983,75,1,2,575,675,4235,0.006902,4,2024-08-06 22:44:52,Medium,True,Excellent
5984,473,1,2,670,855,879,0.008007,4,2024-07-27 19:06:00,Medium,True,Excellent
5985,126,4,2,1003,1011,2694,0.005476,5,2024-10-25 00:07:45,Medium,True,Good
5986,55,1,1,499,581,2431,0.005612,4,2024-03-18 01:56:46,Medium,True,Excellent
5987,54,1,1,918,831,500,0.007607,4,2024-06-06 15:22:14,Medium,False,Excellent
5988,374,4,2,1438,1446,963,0.006771,4,2024-09-09 15:08:50,Medium,True,Good
5989,268,2,1,1179,1106,1650,0.009312,4,2024-09-16 07:52:01,Medium,False,Excellent
5990,65,4,4,777,946,1402,0.004512,3,2024-10-14 08:01:58,Medium,False,Good
5991,434,3,7,848,1228,1852,0.008201,5,2024-01-01 21:51:47,Medium,True,Good
5992,297,5,2,957,945,1597,0.003065,4,2024-08-24 17:02:26,Medium,True,Good
5993,22,2,6,3137,3363,3332,0.028746,2,2024-02-21 23:08:54,Complex,True,Fair
5994,112,1,5,1206,1661,3171,0.016413,4,2024-09-22 12:51:03,Medium,True,Excellent
5995,196,4,4,346,304,500,0.001381,2,2024-01-22 22:48:23,Simple,True,Fair
5996,354,2,1,924,1417,2334,0.011834,3,2024-09-22 08:47:24,Medium,True,Good
5997,148,3,9,495,490,3482,0.003671,3,2024-07-03 02:24:01,Simple,True,Good
5998,240,4,2,1565,2134,3340,0.011307,2,2024-01-10 16:01:23,Complex,True,Fair
5999,374,3,6,1362,1531,2860,0.011505,4,2024-05-12 00:24:44,Medium,True,Good
6000,496,4,5,743,964,500,0.005178,2,2024-09-04 21:25:11,Medium,False,Fair
6001,483,1,2,281,277,1389,0.00251,4,2024-11-26 12:07:29,Simple,True,Excellent
6002,11,1,5,1482,1811,1524,0.019734,4,2024-06-30 12:35:18,Medium,True,Excellent
6003,262,1,2,470,679,3789,0.007388,3,2024-01-09 16:49:26,Medium,True,Good
6004,24,1,2,520,627,1986,0.006487,5,2024-03-19 19:14:06,Medium,True,Excellent
6005,398,4,1,557,758,2568,0.003647,2,2024-04-10 10:24:13,Medium,True,Fair
6006,500,4,9,523,661,3046,0.003142,4,2024-03-18 07:39:07,Medium,True,Good
6007,400,1,1,772,933,3315,0.009468,4,2024-11-01 03:28:33,Medium,True,Excellent
6008,82,1,8,3378,3281,1260,0.031054,3,2024-05-28 09:58:39,Complex,True,Good
6009,500,2,1,2050,2146,4493,0.016134,4,2024-01-28 13:31:52,Complex,True,Excellent
6010,192,2,2,2771,2810,1432,0.024552,4,2024-09-01 19:20:19,Complex,False,Excellent
6011,105,5,6,206,264,1679,0.000759,4,2024-09-09 00:05:13,Simple,False,Good
6012,361,3,1,3599,3518,1487,0.024329,3,2024-10-15 01:01:14,Complex,True,Good
6013,233,1,4,1969,3145,2127,0.032412,4,2024-08-09 12:45:49,Complex,True,Excellent
6014,107,1,6,358,404,6659,0.004425,5,2024-04-06 13:53:44,Simple,True,Excellent
6015,222,3,1,3674,4000,1847,0.029436,4,2024-05-06 06:32:25,Complex,True,Good
6016,100,1,3,4126,3956,3450,0.03919,5,2024-01-15 22:15:03,Complex,True,Excellent
6017,446,1,6,952,1089,1362,0.010787,4,2024-09-21 02:03:15,Medium,True,Excellent
6018,161,4,8,644,627,715,0.003162,4,2024-11-23 05:08:36,Medium,False,Good
6019,454,4,3,553,820,1831,0.004248,4,2024-11-04 10:03:32,Medium,True,Good
6020,472,1,1,1077,1106,2502,0.012156,1,2024-07-04 09:35:10,Medium,False,Fair
6021,204,1,9,419,362,2980,0.003405,3,2024-09-28 09:04:09,Simple,False,Good
6022,68,1,5,857,1143,1778,0.010429,5,2024-04-25 11:57:15,Medium,True,Excellent
6023,334,1,3,2156,2811,967,0.027137,4,2024-07-07 15:43:33,Complex,True,Excellent
6024,382,4,2,701,1024,731,0.004694,4,2024-01-15 09:12:09,Medium,False,Good
6025,304,1,2,824,1234,1878,0.013278,4,2024-06-17 07:32:05,Medium,True,Excellent
6026,311,4,9,1014,1536,633,0.00747,3,2024-03-22 03:23:31,Medium,True,Good
6027,323,1,2,1340,1157,2868,0.011519,2,2024-03-12 15:57:55,Medium,True,Fair
6028,361,4,1,2938,3032,850,0.014789,5,2024-01-11 21:58:31,Complex,False,Good
6029,54,4,2,1351,1289,1043,0.006386,4,2024-10-31 03:09:07,Medium,False,Good
6030,387,4,4,224,354,911,0.001858,2,2024-07-07 10:58:09,Simple,False,Fair
6031,469,3,3,263,271,2708,0.002006,5,2024-06-20 10:13:36,Simple,True,Good
6032,70,4,9,1643,1421,2549,0.006578,4,2024-07-25 05:23:28,Medium,True,Good
6033,113,4,5,991,1019,2436,0.005053,4,2024-06-20 04:13:44,Medium,True,Good
6034,307,3,2,1088,1309,988,0.009193,2,2024-11-04 18:59:10,Medium,True,Fair
6035,124,5,1,248,268,3145,0.000777,4,2024-02-23 02:19:24,Simple,True,Good
6036,328,2,8,964,1230,902,0.010342,4,2024-09-08 10:57:28,Medium,True,Excellent
6037,440,1,8,667,694,4275,0.006579,4,2024-07-25 15:59:45,Medium,True,Excellent
6038,52,1,2,1182,1319,1868,0.01274,3,2024-12-07 15:50:34,Medium,True,Good
6039,17,2,2,465,735,3280,0.005606,5,2024-10-14 10:18:22,Medium,True,Excellent
6040,223,1,6,692,684,1515,0.006943,3,2024-05-07 04:41:27,Medium,True,Good
6041,431,5,3,392,408,5188,0.001236,3,2024-08-17 11:30:48,Simple,True,Good
6042,38,1,1,338,332,500,0.003097,4,2024-01-28 02:34:59,Simple,False,Excellent
6043,86,1,3,1958,1884,1595,0.017167,4,2024-04-21 00:32:58,Medium,True,Excellent
6044,127,1,1,298,340,3170,0.003428,4,2024-04-10 10:28:08,Simple,True,Excellent
6045,173,5,3,672,821,4133,0.002335,3,2024-04-04 10:33:02,Medium,True,Good
6046,422,1,1,722,984,2218,0.010531,3,2024-04-28 06:05:43,Medium,False,Good
6047,55,5,1,2110,2558,1108,0.007671,5,2024-07-20 04:05:49,Complex,True,Good
6048,198,4,3,579,575,7619,0.00264,5,2024-05-27 02:11:36,Medium,True,Good
6049,277,1,2,307,459,1737,0.004495,4,2024-07-11 11:00:20,Simple,True,Excellent
6050,296,4,4,223,351,1028,0.001748,5,2024-10-15 19:14:41,Simple,True,Good
6051,438,1,7,378,362,945,0.00362,4,2024-09-22 13:11:54,Simple,True,Excellent
6052,278,3,4,778,1284,8276,0.008757,4,2024-11-26 05:49:13,Medium,True,Good
6053,25,1,1,3604,3204,1277,0.029313,5,2024-08-01 20:04:34,Complex,True,Excellent
6054,470,1,3,327,492,2053,0.005052,3,2024-01-05 02:50:36,Simple,True,Good
6055,311,4,2,3139,3146,1248,0.015131,3,2024-11-29 04:45:18,Complex,True,Good
6056,375,4,6,274,444,1238,0.002269,3,2024-08-20 01:17:53,Simple,True,Good
6057,206,3,6,1392,1347,5492,0.009535,4,2024-01-17 23:37:57,Medium,True,Good
6058,441,1,3,897,1424,4282,0.01503,2,2024-11-10 17:21:06,Medium,True,Fair
6059,352,1,1,1729,1897,1502,0.020506,4,2024-04-09 09:25:26,Medium,False,Excellent
6060,111,1,2,661,1005,2339,0.009407,3,2024-11-16 01:27:44,Medium,True,Good
6061,400,3,2,329,379,1351,0.002868,3,2024-08-04 18:19:21,Simple,True,Good
6062,337,4,1,711,732,1025,0.003313,4,2024-09-13 05:03:57,Medium,False,Good
6063,284,1,1,309,422,2036,0.004328,4,2024-08-26 09:19:08,Simple,True,Excellent
6064,113,4,8,1078,1388,3003,0.007604,4,2024-11-09 06:50:27,Medium,True,Good
6065,12,4,5,322,322,4291,0.001729,5,2024-10-26 11:11:35,Simple,True,Good
6066,466,4,2,809,1090,1700,0.00518,4,2024-03-21 04:33:56,Medium,True,Good
6067,314,2,2,644,639,1946,0.005348,5,2024-05-09 15:21:31,Medium,True,Excellent
6068,222,4,1,2498,2697,1633,0.013059,3,2024-03-28 05:43:11,Complex,True,Good
6069,231,2,1,175,250,2009,0.002082,4,2024-04-11 15:48:17,Simple,True,Excellent
6070,483,1,1,861,806,1095,0.007607,4,2024-09-04 05:00:58,Medium,True,Excellent
6071,50,4,4,822,887,1563,0.004663,4,2024-03-05 11:45:50,Medium,True,Good
6072,362,4,2,1433,1388,5059,0.006498,4,2024-03-29 11:31:01,Medium,True,Good
6073,11,1,4,947,1516,4613,0.016513,5,2024-09-18 14:53:36,Medium,True,Excellent
6074,39,1,2,999,1372,6701,0.013467,4,2024-08-16 03:53:13,Medium,True,Excellent
6075,299,2,5,647,612,2578,0.004472,4,2024-09-03 23:07:04,Medium,True,Excellent
6076,208,3,3,874,1281,2608,0.00978,5,2024-12-20 11:28:46,Medium,True,Good
6077,77,2,5,777,872,2399,0.007202,5,2024-01-16 23:42:25,Medium,True,Excellent
6078,72,1,2,632,694,879,0.007273,5,2024-07-30 14:17:37,Medium,True,Excellent
6079,260,2,9,1217,1436,2538,0.010447,1,2024-05-01 18:15:25,Medium,True,Fair
6080,181,5,2,1571,1461,2103,0.004511,2,2024-06-28 16:25:13,Medium,True,Fair
6081,438,2,7,315,367,2081,0.003211,5,2024-09-12 01:26:48,Simple,True,Excellent
6082,201,5,2,1395,1203,3599,0.003447,5,2024-09-28 11:30:18,Medium,False,Good
6083,135,1,6,734,753,1288,0.007512,4,2024-08-04 06:54:29,Medium,True,Excellent
6084,358,4,6,2613,2831,814,0.013383,4,2024-09-20 09:10:42,Complex,True,Good
6085,372,1,1,1050,1094,3468,0.010642,4,2024-03-29 15:05:49,Medium,True,Excellent
6086,49,4,6,429,534,2479,0.002721,4,2024-08-24 07:55:13,Medium,True,Good
6087,89,1,2,925,921,2555,0.009621,1,2024-04-29 13:56:29,Medium,True,Fair
6088,332,2,3,2451,2805,1042,0.021355,4,2024-05-03 06:28:41,Complex,True,Excellent
6089,338,2,1,553,573,1286,0.004364,3,2024-02-23 23:42:25,Medium,True,Good
6090,45,4,2,1111,1851,1184,0.00925,1,2024-07-24 05:25:05,Medium,True,Fair
6091,106,2,1,248,287,2795,0.002438,2,2024-07-22 12:28:26,Simple,True,Fair
6092,463,3,1,2902,2461,1383,0.015564,4,2024-02-25 16:04:10,Complex,False,Good
6093,276,1,4,1346,1888,1493,0.019058,3,2024-03-17 09:51:37,Medium,True,Good
6094,153,1,1,1547,1583,826,0.016117,5,2024-12-22 03:02:45,Medium,True,Excellent
6095,10,2,8,387,374,3373,0.003043,4,2024-12-14 21:44:28,Simple,True,Excellent
6096,190,1,7,2926,2941,500,0.028365,4,2024-03-03 22:46:37,Complex,True,Excellent
6097,444,4,9,433,413,842,0.002195,4,2024-08-24 23:20:01,Simple,False,Good
6098,294,4,1,2230,2109,1505,0.009778,5,2024-10-28 04:53:44,Complex,False,Good
6099,358,4,6,595,618,1320,0.003334,4,2024-09-29 16:21:49,Medium,True,Good
6100,341,2,6,223,256,1289,0.001889,4,2024-03-24 16:25:08,Simple,True,Excellent
6101,133,4,2,382,625,741,0.003408,4,2024-06-30 02:13:23,Medium,True,Good
6102,74,5,2,644,864,900,0.002674,5,2024-07-09 23:00:30,Medium,True,Good
6103,420,4,3,2057,2807,1768,0.014663,3,2024-01-06 19:09:25,Complex,True,Good
6104,380,5,3,460,520,2451,0.001707,4,2024-04-21 01:44:56,Medium,False,Good
6105,81,2,3,928,1379,1649,0.010636,2,2024-06-11 12:14:12,Medium,True,Fair
6106,178,1,1,922,845,1678,0.008782,2,2024-07-30 02:35:52,Medium,False,Fair
6107,320,4,8,841,1221,3002,0.006496,3,2024-08-20 14:01:39,Medium,False,Good
6108,179,1,2,392,362,851,0.003262,1,2024-09-14 01:29:11,Simple,True,Fair
6109,392,3,9,942,1380,1892,0.009828,4,2024-05-27 12:22:35,Medium,False,Good
6110,487,2,2,391,528,2497,0.003818,2,2024-03-31 16:44:50,Medium,True,Fair
6111,380,1,7,1474,1528,2684,0.015148,4,2024-03-27 16:17:17,Medium,True,Excellent
6112,231,4,6,537,724,1513,0.003739,3,2024-06-09 05:58:50,Medium,True,Good
6113,248,4,6,527,498,951,0.002383,5,2024-01-07 16:55:24,Simple,True,Good
6114,28,5,1,2591,2352,849,0.006388,4,2024-04-09 03:34:55,Complex,False,Good
6115,301,1,6,1436,1288,785,0.01326,1,2024-05-28 23:35:45,Medium,True,Fair
6116,337,4,1,266,406,4940,0.001963,5,2024-02-09 14:30:09,Simple,True,Good
6117,472,1,9,483,422,3401,0.004609,5,2024-12-11 20:32:40,Simple,True,Excellent
6118,447,2,5,1524,1385,2005,0.010158,4,2024-08-24 21:40:21,Medium,True,Excellent
6119,21,1,6,418,557,1313,0.005409,4,2024-01-30 01:58:22,Medium,True,Excellent
6120,328,1,3,679,820,863,0.007795,3,2024-12-15 06:42:23,Medium,True,Good
6121,441,1,4,539,451,706,0.004432,3,2024-11-23 18:33:33,Simple,True,Good
6122,204,2,9,285,462,1914,0.003525,3,2024-07-08 06:10:46,Simple,False,Good
6123,461,2,3,1898,2157,1750,0.018909,5,2024-01-08 14:26:22,Complex,True,Excellent
6124,445,4,2,603,1002,1424,0.004939,3,2024-04-16 12:59:04,Medium,False,Good
6125,344,4,2,1414,1184,2826,0.006199,5,2024-11-27 21:11:01,Medium,True,Good
6126,41,4,4,1042,1305,650,0.00649,5,2024-12-23 14:18:12,Medium,True,Good
6127,305,1,3,837,747,2028,0.008103,3,2024-01-15 20:16:09,Medium,True,Good
6128,443,4,3,954,961,4451,0.005072,3,2024-03-28 03:59:57,Medium,True,Good
6129,286,4,4,659,950,1238,0.004687,4,2024-11-15 08:35:31,Medium,True,Good
6130,25,1,1,1376,1389,2063,0.014926,4,2024-11-19 10:02:31,Medium,True,Excellent
6131,162,1,1,864,780,3546,0.007201,3,2024-06-10 14:52:33,Medium,True,Good
6132,353,1,2,796,1062,3738,0.009587,5,2024-04-01 18:15:23,Medium,True,Excellent
6133,243,4,1,1249,1185,1764,0.006508,4,2024-04-27 06:32:18,Medium,True,Good
6134,305,4,1,360,376,1498,0.001807,4,2024-08-19 11:46:41,Simple,True,Good
6135,25,5,2,1312,1445,562,0.004363,3,2024-06-23 17:13:00,Medium,False,Good
6136,444,2,9,958,1266,1246,0.010125,5,2024-04-01 04:30:08,Medium,True,Excellent
6137,327,1,6,813,910,862,0.009459,3,2024-10-29 13:45:10,Medium,True,Good
6138,86,1,5,540,828,2689,0.008361,2,2024-03-21 11:11:50,Medium,False,Fair
6139,91,2,6,335,376,4399,0.003181,4,2024-04-19 01:48:25,Simple,True,Excellent
6140,486,4,2,1403,2197,1412,0.011833,3,2024-08-06 20:52:54,Complex,True,Good
6141,383,4,2,611,719,1508,0.003712,4,2024-04-01 12:25:36,Medium,False,Good
6142,182,4,3,541,466,3820,0.002561,3,2024-03-22 11:23:19,Simple,True,Good
6143,102,4,2,562,471,1170,0.002434,3,2024-03-07 19:37:36,Simple,True,Good
6144,107,1,6,2132,2247,1072,0.021564,2,2024-05-03 14:37:27,Complex,True,Fair
6145,132,4,7,2932,2447,2254,0.013113,4,2024-04-20 09:31:11,Complex,True,Good
6146,130,1,7,471,394,2113,0.003788,5,2024-08-07 07:15:35,Simple,True,Excellent
6147,169,2,1,2176,1959,1018,0.016562,5,2024-11-24 15:33:02,Medium,False,Excellent
6148,82,1,1,1154,1271,1148,0.013158,3,2024-06-17 16:52:36,Medium,True,Good
6149,244,3,1,721,1066,1882,0.007888,4,2024-12-19 20:45:38,Medium,False,Good
6150,321,1,1,896,1226,1169,0.011153,4,2024-10-13 08:25:00,Medium,True,Excellent
6151,274,4,6,740,627,1456,0.00333,4,2024-07-09 09:32:41,Medium,True,Good
6152,106,1,1,731,727,1217,0.007039,2,2024-04-06 03:45:32,Medium,True,Fair
6153,309,1,2,645,635,929,0.006437,2,2024-12-27 15:52:58,Medium,False,Fair
6154,436,4,1,582,505,2559,0.002493,1,2024-10-22 11:55:02,Medium,True,Fair
6155,297,4,1,291,460,1123,0.002443,3,2024-03-20 09:20:50,Simple,True,Good
6156,359,1,4,367,388,1001,0.00383,4,2024-06-28 22:10:08,Simple,True,Excellent
6157,192,2,1,3121,4000,2172,0.031126,3,2024-09-30 11:02:09,Complex,True,Good
6158,295,1,3,1385,2164,3178,0.021527,5,2024-07-14 07:36:46,Complex,True,Excellent
6159,219,1,1,634,891,1584,0.008938,5,2024-09-14 12:43:20,Medium,False,Excellent
6160,403,1,2,1979,1689,737,0.017544,3,2024-08-10 05:29:28,Medium,True,Good
6161,226,4,6,1549,1427,2742,0.007411,2,2024-11-12 03:03:21,Medium,True,Fair
6162,147,1,1,654,568,2384,0.005656,3,2024-06-19 23:06:29,Medium,True,Good
6163,219,3,2,1189,1529,5963,0.011261,4,2024-08-27 16:15:51,Medium,False,Good
6164,465,5,2,1472,2202,1891,0.006265,3,2024-02-20 17:36:45,Complex,True,Good
6165,261,4,1,255,224,2560,0.001173,5,2024-05-02 00:36:01,Simple,True,Good
6166,281,1,1,697,688,990,0.007434,3,2024-05-06 21:42:23,Medium,True,Good
6167,481,5,3,970,1568,1131,0.004454,3,2024-03-04 05:55:17,Medium,False,Good
6168,444,3,7,226,228,1143,0.001515,4,2024-09-19 15:10:52,Simple,True,Good
6169,275,4,6,3504,4000,1141,0.018309,5,2024-01-23 15:13:07,Complex,False,Good
6170,217,3,3,613,593,961,0.003815,4,2024-11-09 19:33:12,Medium,True,Good
6171,468,4,3,1470,1605,1570,0.007675,2,2024-06-18 02:31:42,Medium,False,Fair
6172,382,3,1,716,700,2264,0.005265,4,2024-12-09 07:52:13,Medium,False,Good
6173,198,2,3,471,417,2709,0.003177,5,2024-01-15 08:38:19,Simple,True,Excellent
6174,329,4,3,2073,1931,1608,0.010506,4,2024-12-18 13:09:59,Medium,True,Good
6175,188,3,2,609,614,1897,0.004019,5,2024-02-27 08:31:25,Medium,True,Good
6176,265,1,8,3799,4000,1024,0.039724,5,2024-06-29 23:22:22,Complex,True,Excellent
6177,433,1,2,582,869,840,0.009171,4,2024-10-08 18:17:35,Medium,True,Excellent
6178,127,1,6,553,858,1949,0.008949,4,2024-02-11 05:16:19,Medium,True,Excellent
6179,9,4,3,1676,1974,2724,0.010772,4,2024-06-20 13:04:46,Medium,False,Good
6180,311,1,9,517,596,1428,0.006225,4,2024-04-19 23:39:47,Medium,True,Excellent
6181,314,1,3,2608,4000,4630,0.036292,2,2024-12-24 11:43:46,Complex,True,Fair
6182,437,3,3,1250,1814,523,0.013592,5,2024-03-12 19:26:35,Medium,True,Good
6183,211,2,2,667,808,2429,0.0061,4,2024-04-20 09:03:41,Medium,True,Excellent
6184,280,4,2,541,672,1821,0.003568,5,2024-12-09 11:54:07,Medium,False,Good
6185,468,1,1,412,493,857,0.005044,4,2024-10-26 10:58:02,Simple,True,Excellent
6186,174,4,6,435,650,2367,0.002962,5,2024-02-15 05:31:05,Medium,True,Good
6187,358,1,2,909,822,1091,0.008475,2,2024-06-08 05:09:07,Medium,False,Fair
6188,326,3,2,459,561,1913,0.004095,2,2024-07-11 08:15:20,Medium,True,Fair
6189,235,2,3,714,664,800,0.005293,3,2024-04-03 22:19:12,Medium,False,Good
6190,104,3,9,423,554,1551,0.003839,3,2024-12-15 19:33:24,Medium,False,Good
6191,97,1,2,530,539,3818,0.005226,4,2024-01-28 10:51:11,Medium,True,Excellent
6192,125,1,7,1136,1683,3807,0.017609,3,2024-09-21 04:43:50,Medium,False,Good
6193,346,3,2,655,666,1230,0.004372,4,2024-11-09 07:10:10,Medium,True,Good
6194,340,2,4,1021,908,3837,0.007068,4,2024-12-04 09:17:02,Medium,True,Excellent
6195,424,5,1,751,966,3127,0.00277,5,2024-02-24 07:18:12,Medium,True,Good
6196,336,4,1,507,715,2240,0.003614,3,2024-09-29 16:18:39,Medium,True,Good
6197,90,1,9,1519,1847,5002,0.018578,5,2024-04-18 13:36:28,Medium,True,Excellent
6198,438,1,2,834,1353,2059,0.012284,3,2024-04-11 05:44:23,Medium,False,Good
6199,252,4,3,701,692,1422,0.003654,3,2024-01-13 10:56:01,Medium,False,Good
6200,415,4,7,3388,3371,3217,0.01787,5,2024-06-25 22:10:09,Complex,True,Good
6201,392,3,1,431,427,6278,0.003025,5,2024-03-27 12:33:56,Simple,False,Good
6202,495,1,5,364,351,966,0.003625,1,2024-11-18 04:09:48,Simple,True,Fair
6203,26,1,6,291,361,5735,0.003466,4,2024-06-27 11:43:44,Simple,True,Excellent
6204,104,1,6,683,1001,1839,0.010191,4,2024-10-11 16:04:58,Medium,True,Excellent
6205,488,1,2,548,811,2528,0.008383,4,2024-08-06 18:35:41,Medium,True,Excellent
6206,268,1,1,917,1357,1402,0.014824,3,2024-02-08 02:40:08,Medium,True,Good
6207,373,4,2,414,566,1250,0.002726,3,2024-10-07 05:29:07,Medium,True,Good
6208,332,5,2,336,525,1112,0.001681,1,2024-06-08 18:44:48,Medium,True,Fair
6209,174,4,6,216,358,627,0.001822,3,2024-10-09 07:29:48,Simple,True,Good
6210,141,1,5,750,974,1029,0.010376,4,2024-03-25 07:19:45,Medium,True,Excellent
6211,1,2,1,369,395,2244,0.002979,5,2024-03-29 17:06:05,Simple,True,Excellent
6212,174,1,3,838,831,698,0.008566,4,2024-12-17 09:20:58,Medium,True,Excellent
6213,242,2,6,196,195,672,0.001545,4,2024-01-22 01:25:11,Simple,True,Excellent
6214,487,4,1,1759,2130,1257,0.009673,1,2024-10-29 16:11:00,Complex,True,Fair
6215,409,1,2,693,760,3250,0.007827,4,2024-01-27 08:52:15,Medium,True,Excellent
6216,241,1,6,1104,1079,2340,0.009905,4,2024-12-07 02:20:38,Medium,True,Excellent
6217,282,3,3,839,1101,4780,0.008088,3,2024-02-10 18:54:00,Medium,False,Good
6218,402,4,2,1281,1727,1063,0.007963,4,2024-12-29 04:37:20,Medium,True,Good
6219,76,1,6,581,556,2788,0.005885,3,2024-11-13 11:12:45,Medium,True,Good
6220,495,5,3,396,511,856,0.001425,5,2024-09-29 12:16:21,Medium,False,Good
6221,186,1,6,1192,1662,1230,0.017481,5,2024-05-11 10:31:35,Medium,True,Excellent
6222,257,4,6,571,518,1155,0.002496,5,2024-10-10 03:22:13,Medium,True,Good
6223,100,1,9,997,1126,1620,0.011091,4,2024-12-26 22:02:07,Medium,True,Excellent
6224,282,4,1,1194,1075,4686,0.005442,4,2024-06-19 21:41:36,Medium,True,Good
6225,54,1,2,431,554,575,0.005199,5,2024-12-23 05:05:23,Medium,False,Excellent
6226,290,4,3,917,1183,2024,0.005491,4,2024-04-22 04:51:00,Medium,True,Good
6227,154,4,2,228,248,4017,0.001298,2,2024-06-19 22:41:37,Simple,False,Fair
6228,10,1,6,1030,899,5803,0.009175,1,2024-03-24 15:16:40,Medium,True,Fair
6229,217,4,4,358,369,1519,0.001751,3,2024-03-26 10:00:03,Simple,True,Good
6230,373,1,1,313,277,3111,0.002558,5,2024-12-08 10:10:24,Simple,True,Excellent
6231,284,1,8,634,729,1568,0.007772,3,2024-05-18 08:58:07,Medium,True,Good
6232,209,3,1,769,762,1460,0.005073,5,2024-03-26 16:20:08,Medium,True,Good
6233,150,2,2,1430,1597,1782,0.011563,4,2024-05-23 10:06:14,Medium,True,Excellent
6234,232,2,2,315,282,2354,0.002236,5,2024-03-09 19:42:17,Simple,True,Excellent
6235,62,1,3,550,687,1330,0.00674,5,2024-01-24 00:49:53,Medium,True,Excellent
6236,131,2,1,854,840,2205,0.007163,4,2024-11-28 08:56:40,Medium,True,Excellent
6237,423,4,1,228,302,1011,0.001528,3,2024-09-10 19:32:55,Simple,True,Good
6238,149,1,1,1042,929,1677,0.008903,4,2024-10-01 12:41:07,Medium,True,Excellent
6239,409,1,1,228,248,1398,0.002537,5,2024-01-22 09:18:24,Simple,True,Excellent
6240,252,1,1,326,316,5849,0.003214,5,2024-01-14 13:14:04,Simple,True,Excellent
6241,113,3,6,1359,1244,1189,0.009143,2,2024-02-05 08:11:26,Medium,True,Fair
6242,118,1,3,470,599,2307,0.00602,4,2024-03-23 20:46:53,Medium,True,Excellent
6243,9,1,2,1780,1812,5642,0.018091,5,2024-08-26 01:44:15,Medium,True,Excellent
6244,68,5,3,724,680,3466,0.001972,4,2024-04-28 03:59:18,Medium,True,Good
6245,492,2,5,986,1606,1798,0.012279,2,2024-09-15 12:16:57,Medium,False,Fair
6246,259,4,4,4581,3867,2798,0.021194,5,2024-10-02 03:43:08,Complex,False,Good
6247,482,4,8,1045,995,970,0.005441,4,2024-04-21 02:52:27,Medium,True,Good
6248,29,1,1,2564,3270,4613,0.032411,5,2024-05-27 13:40:24,Complex,True,Excellent
6249,145,2,6,733,864,1677,0.006436,4,2024-05-23 04:40:52,Medium,True,Excellent
6250,289,2,1,775,1053,2035,0.008134,4,2024-07-14 23:31:52,Medium,False,Excellent
6251,240,4,8,686,636,830,0.003201,2,2024-06-06 08:35:43,Medium,False,Fair
6252,254,2,3,2366,2886,3826,0.023154,4,2024-06-01 15:27:46,Complex,True,Excellent
6253,288,4,7,1016,1071,2813,0.004966,5,2024-08-14 23:24:30,Medium,True,Good
6254,149,1,6,442,463,702,0.004296,3,2024-03-19 08:37:20,Simple,True,Good
6255,269,3,1,254,276,2003,0.001946,5,2024-02-25 13:44:22,Simple,False,Good
6256,155,4,8,1070,1109,5712,0.0053,4,2024-12-27 06:57:58,Medium,True,Good
6257,320,4,2,375,390,966,0.002011,5,2024-12-07 08:27:03,Simple,False,Good
6258,56,2,2,1062,983,1791,0.008378,3,2024-12-30 03:50:29,Medium,True,Good
6259,22,3,7,507,763,1761,0.004828,5,2024-05-22 20:02:24,Medium,False,Good
6260,250,4,1,764,773,1871,0.003951,5,2024-03-29 23:20:45,Medium,True,Good
6261,304,3,6,292,373,2542,0.002481,4,2024-04-29 13:42:41,Simple,True,Good
6262,244,1,3,1146,1096,1093,0.011772,4,2024-08-07 08:08:30,Medium,True,Excellent
6263,188,2,7,474,467,3273,0.003678,2,2024-02-26 23:34:23,Simple,True,Fair
6264,374,4,9,595,576,2137,0.003016,4,2024-05-18 16:24:48,Medium,True,Good
6265,63,4,7,290,355,3546,0.001763,3,2024-05-27 11:00:23,Simple,True,Good
6266,412,4,1,1347,1305,2261,0.007171,4,2024-10-27 10:15:41,Medium,True,Good
6267,159,2,2,907,838,5467,0.00637,5,2024-10-26 18:30:29,Medium,True,Excellent
6268,1,1,3,378,419,2009,0.004004,4,2024-06-29 17:40:48,Simple,True,Excellent
6269,399,1,6,286,274,2567,0.002892,5,2024-05-28 18:58:03,Simple,True,Excellent
6270,81,4,7,846,1182,652,0.005366,4,2024-01-23 19:17:51,Medium,True,Good
6271,288,1,1,256,349,904,0.00324,3,2024-04-06 12:30:39,Simple,False,Good
6272,191,4,9,1080,936,3676,0.004592,2,2024-12-25 00:06:48,Medium,True,Fair
6273,392,1,4,509,425,2073,0.004299,4,2024-12-20 19:33:31,Simple,True,Excellent
6274,379,4,7,325,325,1633,0.001663,4,2024-01-30 15:27:42,Simple,True,Good
6275,456,1,2,770,709,1190,0.006382,4,2024-10-30 06:50:58,Medium,True,Excellent
6276,316,4,6,2671,3809,3762,0.020587,4,2024-10-22 14:43:46,Complex,True,Good
6277,40,1,4,854,1101,1774,0.011427,3,2024-12-03 17:58:16,Medium,False,Good
6278,49,4,3,484,683,1100,0.003509,4,2024-06-20 04:43:44,Medium,True,Good
6279,238,4,9,1482,2062,4217,0.010082,3,2024-01-24 23:34:08,Complex,False,Good
6280,310,3,1,346,475,926,0.003308,5,2024-05-06 17:39:30,Simple,False,Good
6281,302,4,6,252,248,1486,0.001222,5,2024-05-24 02:20:47,Simple,True,Good
6282,117,2,5,874,1276,1333,0.010203,5,2024-11-27 12:12:43,Medium,True,Excellent
6283,39,4,2,849,1336,1118,0.006113,2,2024-11-06 07:51:56,Medium,True,Fair
6284,268,2,1,492,605,3344,0.004601,1,2024-12-21 21:26:48,Medium,True,Fair
6285,448,4,2,271,450,649,0.00224,5,2024-09-25 23:27:17,Simple,True,Good
6286,300,2,1,768,1110,1659,0.008138,3,2024-11-27 14:11:01,Medium,True,Good
6287,131,5,1,739,1020,2242,0.003171,4,2024-03-27 22:45:42,Medium,False,Good
6288,437,3,2,541,528,1073,0.003979,5,2024-04-17 12:28:54,Medium,True,Good
6289,318,4,3,715,816,1692,0.003707,5,2024-02-08 22:55:48,Medium,False,Good
6290,305,1,2,1519,2392,1662,0.024473,5,2024-03-17 00:10:19,Complex,True,Excellent
6291,361,2,6,1638,1619,732,0.012202,5,2024-08-08 08:52:28,Medium,True,Excellent
6292,408,1,3,159,217,1421,0.002135,5,2024-07-21 07:09:27,Simple,True,Excellent
6293,303,3,6,375,314,3464,0.002048,4,2024-02-01 23:21:59,Simple,False,Good
6294,334,2,6,242,370,1801,0.003092,4,2024-09-15 07:00:54,Simple,True,Excellent
6295,257,3,5,673,1014,2034,0.006508,4,2024-10-25 11:47:11,Medium,True,Good
6296,231,1,1,465,657,1340,0.005979,2,2024-01-12 01:21:26,Medium,False,Fair
6297,80,4,2,1069,1263,1416,0.006458,1,2024-09-13 12:56:52,Medium,True,Fair
6298,338,1,2,353,382,9241,0.004124,5,2024-11-01 07:19:12,Simple,True,Excellent
6299,390,1,7,2528,2139,2249,0.021741,3,2024-10-01 19:10:11,Complex,True,Good
6300,342,1,4,1168,1326,1399,0.012042,4,2024-12-28 21:12:34,Medium,True,Excellent
6301,56,1,2,541,487,1896,0.005191,5,2024-10-06 07:30:53,Simple,True,Excellent
6302,310,1,7,2779,3552,737,0.036295,3,2024-02-19 15:35:42,Complex,True,Good
6303,181,1,7,2591,3997,4382,0.04387,5,2024-03-19 01:39:20,Complex,True,Excellent
6304,161,4,1,1364,1415,2372,0.007396,3,2024-12-28 16:10:01,Medium,False,Good
6305,340,1,4,495,717,3318,0.007655,4,2024-06-29 16:22:07,Medium,True,Excellent
6306,245,1,1,238,206,3163,0.002166,3,2024-05-27 23:46:58,Simple,True,Good
6307,182,3,8,1627,1915,1049,0.01391,3,2024-05-20 02:05:59,Medium,True,Good
6308,103,2,9,837,1306,6483,0.010892,4,2024-03-13 10:53:43,Medium,True,Excellent
6309,251,4,6,455,417,1364,0.002051,4,2024-03-17 23:27:59,Simple,True,Good
6310,347,2,2,3232,3467,1160,0.025766,5,2024-12-08 12:24:19,Complex,True,Excellent
6311,302,4,6,303,461,4132,0.002087,5,2024-06-08 01:49:26,Simple,True,Good
6312,308,4,3,522,712,2685,0.003688,3,2024-11-22 10:00:41,Medium,False,Good
6313,209,1,1,1595,1719,2223,0.015729,2,2024-12-09 18:32:31,Medium,False,Fair
6314,30,3,1,634,562,528,0.003675,2,2024-01-21 20:04:07,Medium,False,Fair
6315,495,1,7,270,333,991,0.003201,3,2024-08-21 15:22:57,Simple,True,Good
6316,422,2,7,1197,1127,2097,0.009459,5,2024-06-27 03:41:14,Medium,True,Excellent
6317,162,1,9,3452,4000,1105,0.036085,5,2024-08-30 16:56:04,Complex,True,Excellent
6318,215,1,6,742,798,1998,0.007458,4,2024-08-21 12:16:20,Medium,True,Excellent
6319,464,1,3,2177,1946,2485,0.020547,3,2024-10-24 19:02:51,Medium,True,Good
6320,91,1,1,1130,1340,1397,0.012522,5,2024-02-07 09:43:45,Medium,True,Excellent
6321,448,1,7,1776,2036,2441,0.020819,5,2024-11-11 04:30:02,Complex,False,Excellent
6322,23,3,7,694,723,3333,0.005369,3,2024-10-30 06:45:29,Medium,True,Good
6323,159,1,2,573,828,1648,0.008977,5,2024-01-18 01:44:24,Medium,False,Excellent
6324,337,1,2,1874,1660,1741,0.016869,1,2024-08-27 13:37:25,Medium,True,Fair
6325,70,3,2,1376,1859,1537,0.011898,5,2024-11-21 17:30:02,Medium,True,Good
6326,334,4,3,157,215,3740,0.001034,4,2024-11-04 07:34:16,Simple,True,Good
6327,116,2,3,490,491,1926,0.003595,3,2024-01-29 05:05:05,Simple,True,Good
6328,152,1,2,974,1301,1261,0.012999,4,2024-11-06 14:34:14,Medium,True,Excellent
6329,174,4,1,757,1050,4182,0.004952,3,2024-09-29 09:40:01,Medium,False,Good
6330,361,1,2,716,717,4268,0.007032,3,2024-05-24 12:17:21,Medium,False,Good
6331,76,4,3,171,162,3311,0.000882,3,2024-06-27 10:26:15,Simple,False,Good
6332,245,4,7,1572,1621,1377,0.007528,3,2024-09-10 08:49:02,Medium,False,Good
6333,141,5,2,1198,1388,1947,0.003813,3,2024-03-25 20:46:05,Medium,True,Good
6334,91,1,2,1292,1419,1553,0.014878,4,2024-01-24 09:18:39,Medium,True,Excellent
6335,308,5,1,2050,2328,1779,0.006977,4,2024-05-10 13:38:13,Complex,True,Good
6336,464,2,7,369,493,1178,0.003607,5,2024-09-22 10:02:52,Simple,True,Excellent
6337,469,5,6,209,257,1778,0.000758,3,2024-02-09 13:39:31,Simple,False,Good
6338,151,3,1,380,634,2091,0.004026,4,2024-08-04 12:09:08,Medium,True,Good
6339,481,4,3,581,759,2337,0.003747,4,2024-06-30 10:00:48,Medium,False,Good
6340,157,1,9,2624,2384,1095,0.023609,3,2024-10-09 19:29:44,Complex,True,Good
6341,471,1,3,340,468,1583,0.004306,4,2024-04-17 11:43:41,Simple,True,Excellent
6342,144,1,7,556,561,2207,0.005751,4,2024-05-31 06:04:24,Medium,True,Excellent
6343,469,4,1,223,208,1371,0.0011,4,2024-08-22 06:20:37,Simple,False,Good
6344,299,1,2,976,921,5673,0.008297,4,2024-01-26 07:38:26,Medium,True,Excellent
6345,18,4,2,3447,2916,4324,0.015956,2,2024-02-22 19:43:59,Complex,True,Fair
6346,240,4,9,626,1025,1585,0.005021,1,2024-10-01 16:18:24,Medium,True,Fair
6347,419,1,6,677,903,3610,0.00934,4,2024-07-08 10:20:03,Medium,False,Excellent
6348,193,2,6,2940,3667,2926,0.027808,1,2024-06-14 17:52:35,Complex,True,Fair
6349,467,3,6,274,448,2039,0.003209,4,2024-06-05 16:29:22,Simple,False,Good
6350,8,1,1,640,750,3263,0.007703,2,2024-01-05 08:57:02,Medium,True,Fair
6351,126,1,1,2576,2675,3063,0.026687,3,2024-06-17 03:09:10,Complex,True,Good
6352,194,3,2,556,651,2392,0.004435,4,2024-02-25 19:56:43,Medium,False,Good
6353,279,4,2,181,229,1596,0.00124,4,2024-11-22 03:42:20,Simple,False,Good
6354,19,3,2,1329,1598,2500,0.011949,4,2024-12-28 22:52:58,Medium,False,Good
6355,418,2,2,2316,2182,1319,0.018826,3,2024-02-15 20:32:57,Complex,True,Good
6356,297,4,6,465,537,2709,0.00289,4,2024-10-29 14:48:03,Medium,True,Good
6357,130,5,1,1471,1235,2196,0.004027,4,2024-11-11 15:46:20,Medium,True,Good
6358,204,3,7,757,738,3670,0.005441,4,2024-02-09 13:06:06,Medium,True,Good
6359,204,1,7,170,252,1166,0.002731,3,2024-02-08 08:25:18,Simple,False,Good
6360,92,1,6,145,195,1572,0.001783,4,2024-02-12 01:42:47,Simple,True,Excellent
6361,478,4,9,106,164,7464,0.000854,3,2024-07-29 00:11:34,Simple,True,Good
6362,377,4,7,1831,1903,1657,0.009395,4,2024-10-03 07:28:11,Medium,False,Good
6363,141,5,1,538,468,2303,0.001275,4,2024-04-23 06:05:16,Simple,True,Good
6364,100,2,7,594,752,2522,0.006435,3,2024-04-15 21:56:09,Medium,True,Good
6365,128,1,4,1454,1223,1590,0.011328,3,2024-04-12 13:14:16,Medium,True,Good
6366,72,4,7,984,923,1504,0.004986,4,2024-09-09 15:18:02,Medium,True,Good
6367,88,4,2,559,889,1743,0.004762,5,2024-09-14 04:56:31,Medium,True,Good
6368,111,3,2,687,1131,1498,0.008052,5,2024-07-03 20:20:07,Medium,True,Good
6369,89,2,1,2466,2134,4655,0.017622,4,2024-04-15 08:27:53,Complex,True,Excellent
6370,295,1,4,188,200,1590,0.002053,4,2024-08-25 19:36:19,Simple,True,Excellent
6371,124,3,2,328,436,1341,0.003313,4,2024-06-11 03:07:44,Simple,True,Good
6372,424,1,2,2163,1925,2305,0.020698,3,2024-09-29 15:17:49,Medium,True,Good
6373,409,1,7,346,463,2589,0.004212,4,2024-02-29 12:16:24,Simple,False,Excellent
6374,367,1,3,1865,2382,1323,0.024029,3,2024-03-20 15:32:12,Complex,True,Good
6375,391,1,7,321,399,3787,0.004172,3,2024-12-11 20:55:58,Simple,False,Good
6376,297,2,1,541,631,1861,0.005183,2,2024-03-20 09:03:49,Medium,False,Fair
6377,440,1,6,2214,2032,1284,0.019381,4,2024-01-19 17:27:58,Complex,True,Excellent
6378,268,4,1,946,837,1041,0.003882,4,2024-06-13 17:21:39,Medium,True,Good
6379,129,4,2,2614,2243,1465,0.011499,4,2024-12-21 12:48:57,Complex,True,Good
6380,40,1,3,202,205,2684,0.002084,3,2024-12-18 19:20:06,Simple,True,Good
6381,423,4,2,1203,1244,4601,0.005964,1,2024-01-15 01:08:15,Medium,False,Fair
6382,481,4,1,545,738,1703,0.003673,3,2024-05-12 01:25:30,Medium,True,Good
6383,451,1,3,505,687,1747,0.006808,4,2024-01-15 17:01:46,Medium,True,Excellent
6384,164,1,1,449,696,7058,0.006304,2,2024-06-28 16:09:45,Medium,True,Fair
6385,237,3,6,1128,1110,1438,0.008154,4,2024-05-29 09:33:56,Medium,True,Good
6386,380,4,1,847,718,1311,0.003627,3,2024-06-13 18:45:58,Medium,True,Good
6387,154,1,2,1126,1305,959,0.011936,5,2024-04-14 02:58:11,Medium,False,Excellent
6388,399,4,2,1195,1049,1899,0.004984,3,2024-05-07 08:17:29,Medium,True,Good
6389,328,2,3,675,671,1690,0.005862,2,2024-01-31 00:21:55,Medium,False,Fair
6390,422,3,1,1598,2081,1501,0.01524,3,2024-11-19 07:33:31,Complex,True,Good
6391,187,4,5,805,862,2568,0.004213,1,2024-06-09 17:50:59,Medium,True,Fair
6392,488,3,1,1275,1444,810,0.0093,5,2024-06-19 21:47:59,Medium,True,Good
6393,199,2,1,782,930,1623,0.006803,4,2024-07-27 05:48:01,Medium,True,Excellent
6394,54,1,1,1387,1172,2012,0.010783,4,2024-04-23 01:54:13,Medium,True,Excellent
6395,120,2,7,2107,2088,2620,0.01806,3,2024-03-02 16:32:05,Complex,False,Good
6396,320,2,9,249,413,2138,0.00303,5,2024-09-29 12:32:01,Simple,True,Excellent
6397,234,1,3,873,938,1652,0.009895,5,2024-11-07 17:09:26,Medium,True,Excellent
6398,384,4,3,659,678,4749,0.003598,4,2024-04-05 15:25:58,Medium,True,Good
6399,237,1,8,784,1149,837,0.011194,2,2024-06-13 05:01:53,Medium,True,Fair
6400,402,4,7,510,503,4912,0.002571,5,2024-10-03 07:49:03,Medium,True,Good
6401,258,1,1,511,769,1617,0.008106,4,2024-11-20 08:22:15,Medium,True,Excellent
6402,87,2,2,228,239,2346,0.002002,5,2024-12-22 01:58:11,Simple,True,Excellent
6403,170,3,5,783,786,6266,0.005633,5,2024-11-20 21:49:38,Medium,True,Good
6404,338,5,6,1534,1430,1815,0.004451,4,2024-12-18 12:03:48,Medium,False,Good
6405,466,3,6,266,404,1352,0.002685,3,2024-06-29 19:18:01,Simple,True,Good
6406,7,1,7,1921,1892,1724,0.018468,3,2024-02-04 20:29:14,Medium,False,Good
6407,158,4,1,3358,3422,2660,0.017219,3,2024-08-04 05:19:30,Complex,True,Good
6408,306,1,2,139,203,1277,0.001858,5,2024-11-03 05:25:14,Simple,True,Excellent
6409,376,4,1,4573,4000,3845,0.01861,5,2024-01-21 02:06:29,Complex,True,Good
6410,470,3,3,895,1301,4372,0.009079,3,2024-04-06 05:08:58,Medium,True,Good
6411,435,4,1,723,807,1964,0.003799,5,2024-04-02 17:45:59,Medium,True,Good
6412,85,2,2,652,587,636,0.004608,2,2024-10-26 22:09:07,Medium,True,Fair
6413,147,2,1,619,592,1829,0.004466,3,2024-09-10 15:39:10,Medium,False,Good
6414,8,4,1,1003,1448,1875,0.007307,2,2024-01-10 14:16:21,Medium,True,Fair
6415,393,1,2,185,168,963,0.00183,5,2024-11-23 11:42:33,Simple,True,Excellent
6416,480,4,1,190,260,3421,0.001291,3,2024-02-12 17:17:20,Simple,True,Good
6417,440,1,9,356,452,2293,0.004394,4,2024-11-05 00:29:10,Simple,True,Excellent
6418,249,4,5,1390,1311,2245,0.006669,4,2024-11-26 13:19:59,Medium,True,Good
6419,154,3,1,628,626,2108,0.004604,4,2024-12-15 07:39:49,Medium,True,Good
6420,355,4,7,322,441,1171,0.002086,2,2024-06-15 00:21:37,Simple,True,Fair
6421,22,4,2,459,409,3504,0.002056,4,2024-08-10 02:42:02,Simple,True,Good
6422,204,3,8,380,619,3756,0.004747,4,2024-04-21 17:54:11,Medium,True,Good
6423,122,1,1,2225,1988,1564,0.019376,4,2024-10-16 05:54:01,Medium,True,Excellent
6424,432,4,1,430,373,1110,0.001901,4,2024-05-03 12:05:56,Simple,False,Good
6425,184,5,4,2147,1961,4184,0.005965,4,2024-09-26 03:46:27,Medium,True,Good
6426,488,1,1,480,502,1617,0.005115,4,2024-12-16 18:21:34,Medium,True,Excellent
6427,402,1,2,1332,1160,4269,0.012213,4,2024-08-30 02:06:51,Medium,True,Excellent
6428,219,1,2,438,399,2065,0.004093,4,2024-02-24 15:18:47,Simple,True,Excellent
6429,38,4,9,571,524,3993,0.002615,5,2024-10-13 21:29:57,Medium,True,Good
6430,79,4,1,779,685,2954,0.003465,4,2024-02-03 20:01:12,Medium,False,Good
6431,62,2,1,1561,1309,2098,0.009594,4,2024-06-18 14:57:33,Medium,True,Excellent
6432,447,4,1,463,427,2162,0.002081,2,2024-05-20 18:56:42,Simple,True,Fair
6433,192,4,2,2545,2848,847,0.012883,2,2024-09-07 18:43:43,Complex,True,Fair
6434,115,2,1,1293,1124,2422,0.008721,4,2024-11-28 14:59:50,Medium,True,Excellent
6435,115,1,1,129,213,1852,0.002211,2,2024-12-21 07:20:48,Simple,True,Fair
6436,45,1,2,648,779,1197,0.008333,4,2024-10-24 19:30:56,Medium,True,Excellent
6437,352,4,3,1062,1083,1485,0.00554,4,2024-04-04 10:30:54,Medium,False,Good
6438,158,3,6,513,607,500,0.004614,4,2024-01-04 18:07:07,Medium,True,Good
6439,490,4,6,258,242,2873,0.001274,4,2024-10-10 07:39:42,Simple,True,Good
6440,199,1,9,734,967,2469,0.008973,4,2024-01-23 07:50:38,Medium,True,Excellent
6441,410,4,2,1010,1123,779,0.005419,5,2024-10-31 17:04:38,Medium,True,Good
6442,152,4,1,797,674,910,0.003558,4,2024-02-22 20:43:05,Medium,True,Good
6443,298,4,8,1636,1549,2571,0.00725,4,2024-05-03 10:07:34,Medium,True,Good
6444,130,1,3,716,767,859,0.007956,3,2024-03-30 10:42:28,Medium,True,Good
6445,194,1,2,2046,2356,1320,0.024762,5,2024-09-17 20:01:36,Complex,True,Excellent
6446,94,4,4,498,745,1437,0.003621,5,2024-07-15 03:26:50,Medium,False,Good
6447,97,1,2,2141,2531,1382,0.023594,4,2024-08-16 15:24:17,Complex,True,Excellent
6448,85,2,6,504,445,1859,0.003732,4,2024-12-24 17:59:42,Simple,True,Excellent
6449,3,4,2,289,312,2770,0.001697,5,2024-07-12 05:34:50,Simple,True,Good
6450,340,4,6,128,165,12000,0.000896,3,2024-02-02 11:15:12,Simple,True,Good
6451,316,2,1,803,1337,1780,0.010732,3,2024-03-01 18:38:33,Medium,True,Good
6452,210,1,1,726,914,1325,0.009629,4,2024-11-14 18:19:02,Medium,True,Excellent
6453,143,2,1,172,223,803,0.001955,4,2024-07-01 01:04:24,Simple,True,Excellent
6454,347,4,6,675,659,2953,0.003222,1,2024-03-25 10:10:05,Medium,True,Fair
6455,427,1,2,374,315,1669,0.003394,3,2024-10-22 01:26:56,Simple,False,Good
6456,405,4,2,754,898,3643,0.004517,4,2024-11-12 20:50:07,Medium,True,Good
6457,436,1,1,515,754,2013,0.007297,2,2024-04-01 01:25:17,Medium,True,Fair
6458,275,1,2,802,968,2861,0.008814,5,2024-04-23 02:08:04,Medium,True,Excellent
6459,11,2,2,876,1082,3002,0.007792,4,2024-03-06 06:06:03,Medium,True,Excellent
6460,396,2,7,334,555,3283,0.004591,4,2024-12-18 02:28:07,Medium,True,Excellent
6461,254,5,7,458,567,1545,0.001861,4,2024-06-09 01:03:55,Medium,True,Good
6462,245,1,3,3021,2714,876,0.029138,4,2024-04-18 23:45:37,Complex,True,Excellent
6463,184,4,5,1597,1416,1320,0.007185,4,2024-05-09 23:38:16,Medium,True,Good
6464,278,4,3,685,611,4936,0.003195,3,2024-04-16 16:26:48,Medium,True,Good
6465,452,1,2,548,722,860,0.006898,4,2024-09-21 11:43:45,Medium,False,Excellent
6466,382,4,3,308,455,1661,0.002303,4,2024-02-12 16:42:20,Simple,True,Good
6467,231,1,1,908,1228,1744,0.011987,5,2024-01-31 18:19:36,Medium,False,Excellent
6468,500,4,3,4321,4000,1588,0.020007,4,2024-08-27 17:04:50,Complex,True,Good
6469,28,1,2,1408,1750,2687,0.015912,3,2024-04-14 01:11:46,Medium,True,Good
6470,38,4,5,432,409,1065,0.002169,4,2024-06-01 04:13:32,Simple,True,Good
6471,463,2,5,392,621,3327,0.005177,2,2024-10-16 10:01:53,Medium,True,Fair
6472,389,3,2,699,732,2069,0.005613,3,2024-08-17 15:49:15,Medium,True,Good
6473,319,4,1,613,877,2409,0.004464,5,2024-05-17 11:04:50,Medium,False,Good
6474,288,2,3,834,1382,2005,0.010665,3,2024-01-26 12:38:21,Medium,True,Good
6475,253,5,1,648,564,1724,0.001757,4,2024-05-14 19:22:32,Medium,True,Good
6476,240,1,2,386,324,1135,0.003435,1,2024-01-11 07:39:57,Simple,True,Fair
6477,111,4,1,2483,2607,1142,0.012221,4,2024-08-09 11:57:58,Complex,True,Good
6478,487,3,2,915,843,1519,0.005495,3,2024-01-18 10:56:08,Medium,False,Good
6479,25,4,6,626,536,2107,0.00263,3,2024-09-25 21:27:05,Medium,True,Good
6480,457,4,7,810,1008,893,0.004859,5,2024-10-08 21:21:33,Medium,False,Good
6481,248,2,2,594,598,1525,0.005095,4,2024-10-31 15:41:32,Medium,True,Excellent
6482,391,4,6,1479,1242,1411,0.005709,4,2024-06-28 14:19:30,Medium,True,Good
6483,174,3,2,1478,1821,1043,0.01202,4,2024-02-09 12:14:15,Medium,False,Good
6484,211,1,7,348,420,1301,0.003906,5,2024-10-19 01:23:30,Simple,True,Excellent
6485,271,2,7,569,635,1005,0.005312,3,2024-02-15 04:05:56,Medium,False,Good
6486,328,5,5,2415,2680,560,0.007402,4,2024-08-22 04:43:56,Complex,True,Good
6487,49,1,1,1131,1347,1918,0.012803,4,2024-11-09 20:07:34,Medium,True,Excellent
6488,155,1,1,1459,1844,1734,0.019498,5,2024-10-02 07:36:26,Medium,True,Excellent
6489,334,3,1,1243,1399,2332,0.0103,2,2024-09-22 21:56:51,Medium,False,Fair
6490,455,4,2,1474,1376,3389,0.007355,2,2024-11-16 02:22:21,Medium,True,Fair
6491,476,2,7,257,370,699,0.003102,3,2024-03-19 22:33:02,Simple,True,Good
6492,484,5,7,423,499,3392,0.001561,5,2024-03-05 06:17:34,Simple,False,Good
6493,480,5,7,1426,1262,1719,0.003628,3,2024-04-13 10:07:55,Medium,False,Good
6494,319,1,2,1416,2131,4221,0.022345,3,2024-06-04 06:14:23,Complex,True,Good
6495,444,2,7,1653,1720,2257,0.014151,4,2024-10-06 12:36:52,Medium,True,Excellent
6496,192,2,2,1083,939,3064,0.007024,4,2024-05-02 04:46:35,Medium,True,Excellent
6497,360,3,9,774,796,893,0.005248,3,2024-01-29 16:26:43,Medium,True,Good
6498,177,2,6,3680,4000,1359,0.034915,4,2024-05-13 03:24:15,Complex,True,Excellent
6499,285,1,3,804,862,2351,0.009344,2,2024-08-18 23:05:04,Medium,True,Fair
6500,120,4,7,684,1014,3848,0.005409,4,2024-02-06 06:38:27,Medium,True,Good
6501,383,4,1,2336,3112,4704,0.015282,4,2024-01-30 00:20:26,Complex,False,Good
6502,263,1,7,303,319,1179,0.003319,4,2024-02-23 02:29:44,Simple,True,Excellent
6503,260,4,6,749,715,1646,0.003393,2,2024-05-08 16:28:35,Medium,True,Fair
6504,205,2,5,741,945,3439,0.008307,5,2024-09-18 03:00:11,Medium,True,Excellent
6505,137,3,7,490,620,947,0.004444,4,2024-10-22 04:40:58,Medium,True,Good
6506,52,3,7,919,940,1571,0.006095,5,2024-01-10 19:54:41,Medium,True,Good
6507,305,1,6,654,885,1621,0.009424,5,2024-11-24 21:24:44,Medium,True,Excellent
6508,285,4,9,734,637,2349,0.003491,2,2024-01-27 00:48:09,Medium,True,Fair
6509,333,3,3,1578,1767,972,0.01196,5,2024-05-16 11:58:44,Medium,True,Good
6510,81,4,2,1083,1295,1006,0.006965,2,2024-05-25 04:53:47,Medium,True,Fair
6511,498,5,2,1134,1010,1800,0.002907,3,2024-05-02 15:43:16,Medium,True,Good
6512,447,1,3,1705,1728,2196,0.016109,2,2024-08-02 04:46:25,Medium,True,Fair
6513,388,2,1,806,1000,1315,0.008672,3,2024-06-18 01:14:04,Medium,False,Good
6514,195,4,7,1038,998,5505,0.004506,1,2024-10-31 00:37:01,Medium,False,Fair
6515,19,1,3,2221,2239,2815,0.024225,3,2024-12-11 11:58:47,Complex,True,Good
6516,385,4,2,414,635,1017,0.003301,4,2024-05-07 17:07:08,Medium,True,Good
6517,79,4,6,656,919,1708,0.004963,4,2024-03-22 11:11:58,Medium,False,Good
6518,356,3,2,331,284,3626,0.001904,1,2024-05-08 06:59:11,Simple,False,Fair
6519,148,4,5,3851,4000,569,0.020076,5,2024-07-03 09:56:08,Complex,True,Good
6520,172,2,5,1454,1316,1962,0.010523,3,2024-08-17 13:23:21,Medium,False,Good
6521,163,1,9,1373,1303,3590,0.013273,3,2024-06-01 06:36:50,Medium,False,Good
6522,427,1,2,269,329,5148,0.003083,4,2024-04-27 22:34:57,Simple,True,Excellent
6523,9,4,6,796,849,1769,0.004015,5,2024-04-03 05:13:09,Medium,False,Good
6524,265,1,4,317,420,1911,0.003907,1,2024-10-14 13:05:51,Simple,True,Fair
6525,14,2,6,900,796,1979,0.00675,2,2024-08-10 15:00:50,Medium,False,Fair
6526,283,3,4,1937,2065,2298,0.014146,4,2024-12-09 19:24:29,Complex,True,Good
6527,402,4,2,943,918,2073,0.004421,3,2024-11-09 17:44:37,Medium,True,Good
6528,68,1,7,1636,1578,2205,0.015694,5,2024-03-03 14:09:05,Medium,False,Excellent
6529,406,2,1,511,822,1208,0.006307,3,2024-12-29 10:06:00,Medium,True,Good
6530,32,1,2,1797,1517,1215,0.015862,5,2024-09-02 12:14:15,Medium,True,Excellent
6531,207,2,6,2994,3387,2640,0.026725,5,2024-02-14 18:21:20,Complex,True,Excellent
6532,15,1,3,1289,1111,3851,0.011604,4,2024-05-10 19:39:43,Medium,True,Excellent
6533,120,1,7,479,461,10790,0.00486,4,2024-08-07 01:15:30,Simple,True,Excellent
6534,57,1,1,1824,1597,2057,0.017548,5,2024-05-18 07:17:26,Medium,True,Excellent
6535,310,4,1,684,859,6650,0.003895,2,2024-07-27 18:37:17,Medium,True,Fair
6536,214,1,1,963,877,1710,0.008737,4,2024-10-25 10:12:45,Medium,True,Excellent
6537,115,4,2,1322,2132,1270,0.009897,4,2024-06-24 10:38:25,Complex,True,Good
6538,199,2,3,1832,2506,1244,0.018221,4,2024-08-09 04:40:19,Complex,True,Excellent
6539,71,2,5,1784,1781,2351,0.013137,3,2024-04-07 19:38:42,Medium,True,Good
6540,255,4,6,1213,1069,2013,0.005324,5,2024-09-30 19:51:50,Medium,True,Good
6541,275,4,1,1098,1109,981,0.00596,4,2024-02-01 11:59:13,Medium,False,Good
6542,458,1,2,975,1009,874,0.009419,3,2024-06-01 15:20:47,Medium,False,Good
6543,65,4,9,853,951,3355,0.004469,1,2024-12-16 09:01:58,Medium,True,Fair
6544,294,4,2,900,880,5487,0.004795,3,2024-04-20 20:25:06,Medium,True,Good
6545,260,4,3,1127,1499,1000,0.007216,5,2024-06-22 04:15:49,Medium,True,Good
6546,435,3,1,641,779,1778,0.005702,4,2024-04-21 01:56:06,Medium,True,Good
6547,81,1,9,1477,1766,2877,0.016337,4,2024-11-11 09:40:01,Medium,True,Excellent
6548,370,4,1,1622,1673,1550,0.00819,5,2024-05-09 10:41:51,Medium,True,Good
6549,318,1,2,500,566,1934,0.005135,3,2024-11-29 00:03:26,Medium,True,Good
6550,64,4,2,562,512,4135,0.002454,4,2024-04-08 10:12:34,Medium,True,Good
6551,403,4,3,1140,1644,968,0.007785,4,2024-05-18 16:51:26,Medium,True,Good
6552,112,1,9,662,649,8248,0.006396,5,2024-01-15 01:48:30,Medium,True,Excellent
6553,131,1,2,2027,2075,2751,0.018841,4,2024-04-24 18:13:44,Complex,True,Excellent
6554,32,1,1,1241,1879,1096,0.017987,4,2024-03-02 17:25:20,Medium,True,Excellent
6555,50,4,9,496,465,2249,0.002306,4,2024-09-02 20:04:17,Simple,False,Good
6556,338,1,6,754,880,2783,0.009414,3,2024-07-01 22:10:15,Medium,True,Good
6557,79,2,1,540,617,870,0.004462,4,2024-03-07 00:22:21,Medium,False,Excellent
6558,111,4,3,448,708,4040,0.003785,3,2024-08-13 19:10:15,Medium,True,Good
6559,400,3,2,473,411,10754,0.002705,4,2024-06-03 22:11:20,Simple,True,Good
6560,347,3,3,366,588,4494,0.003708,4,2024-01-16 12:03:20,Medium,True,Good
6561,48,4,1,4488,3770,8584,0.018589,5,2024-01-31 17:11:10,Complex,True,Good
6562,466,4,7,3155,2744,4692,0.012518,4,2024-03-22 06:49:31,Complex,False,Good
6563,472,1,9,749,908,1951,0.009729,5,2024-08-31 03:54:50,Medium,True,Excellent
6564,71,4,4,1093,1145,1640,0.005987,4,2024-01-26 21:46:25,Medium,False,Good
6565,369,1,1,372,526,1887,0.005429,4,2024-10-29 05:24:27,Medium,False,Excellent
6566,442,2,4,1143,1090,1448,0.008367,3,2024-06-01 05:24:35,Medium,True,Good
6567,45,1,2,1715,2598,1583,0.025443,5,2024-11-21 17:10:27,Complex,True,Excellent
6568,224,1,2,290,411,2425,0.004012,3,2024-10-14 20:41:24,Simple,True,Good
6569,228,1,6,1234,2025,2442,0.018304,4,2024-03-26 16:30:04,Complex,True,Excellent
6570,444,5,9,3378,4000,1659,0.011888,4,2024-05-22 08:09:17,Complex,True,Good
6571,145,1,6,3553,4000,646,0.036218,3,2024-04-25 23:33:21,Complex,True,Good
6572,24,4,1,1092,1065,2156,0.005437,5,2024-03-14 08:34:48,Medium,True,Good
6573,285,2,8,258,357,928,0.002572,5,2024-02-25 07:45:39,Simple,True,Excellent
6574,472,1,5,776,991,2960,0.010719,3,2024-03-06 05:58:19,Medium,True,Good
6575,444,4,7,291,249,2883,0.001134,5,2024-05-15 06:47:25,Simple,False,Good
6576,56,1,8,2713,2397,658,0.023763,4,2024-02-04 05:54:05,Complex,True,Excellent
6577,201,1,1,184,229,1570,0.00245,3,2024-04-06 21:39:27,Simple,False,Good
6578,180,3,6,1062,1065,3756,0.007498,4,2024-09-08 10:02:08,Medium,False,Good
6579,455,1,2,541,756,3027,0.007535,4,2024-08-03 10:40:54,Medium,True,Excellent
6580,185,4,1,1012,995,2376,0.004612,5,2024-12-22 20:16:32,Medium,True,Good
6581,49,2,4,575,675,1924,0.005381,4,2024-07-10 01:57:49,Medium,True,Excellent
6582,377,4,9,751,707,2433,0.003587,4,2024-10-14 12:41:24,Medium,False,Good
6583,34,4,6,1592,2407,1602,0.010893,4,2024-09-19 22:09:15,Complex,True,Good
6584,498,2,2,481,587,3756,0.004364,4,2024-10-20 01:22:14,Medium,True,Excellent
6585,289,1,1,551,578,981,0.005527,4,2024-02-08 16:17:33,Medium,True,Excellent
6586,244,2,6,1942,1975,1131,0.015828,3,2024-09-29 04:18:49,Medium,True,Good
6587,444,1,9,221,314,4127,0.003195,4,2024-06-19 00:30:23,Simple,True,Excellent
6588,58,2,1,479,647,1605,0.005419,3,2024-03-18 10:48:31,Medium,True,Good
6589,202,2,6,579,888,2124,0.007481,3,2024-04-03 20:17:38,Medium,True,Good
6590,310,4,3,471,483,1385,0.002264,5,2024-11-09 17:03:37,Simple,False,Good
6591,368,2,2,2383,3793,1733,0.032129,2,2024-03-13 09:51:58,Complex,False,Fair
6592,303,3,1,2699,4000,674,0.026612,4,2024-01-20 14:46:15,Complex,True,Good
6593,13,4,4,870,837,4999,0.004309,4,2024-07-19 14:25:38,Medium,True,Good
6594,452,1,1,1069,986,1492,0.010529,2,2024-03-23 20:35:08,Medium,True,Fair
6595,217,4,9,1404,1541,745,0.00717,5,2024-08-13 08:30:37,Medium,True,Good
6596,296,1,4,1977,1934,546,0.018411,5,2024-08-26 00:22:42,Medium,True,Excellent
6597,429,4,2,942,1232,721,0.00634,5,2024-02-13 13:53:22,Medium,False,Good
6598,173,1,2,491,563,3396,0.005238,5,2024-05-24 21:00:51,Medium,True,Excellent
6599,311,4,1,220,295,1088,0.00158,4,2024-10-21 23:14:07,Simple,True,Good
6600,364,2,2,284,425,1094,0.003455,3,2024-02-29 09:34:43,Simple,True,Good
6601,75,4,2,942,979,1215,0.004692,3,2024-06-14 00:53:55,Medium,False,Good
6602,294,4,7,425,683,538,0.003307,5,2024-03-31 02:13:30,Medium,False,Good
6603,348,4,1,494,536,1151,0.002828,3,2024-12-29 16:01:34,Medium,False,Good
6604,7,4,6,829,728,1617,0.003774,2,2024-08-15 13:51:22,Medium,True,Fair
6605,159,1,3,83,115,1298,0.001085,3,2024-05-25 11:19:09,Simple,True,Good
6606,368,2,6,691,1098,3162,0.009106,3,2024-06-08 16:13:20,Medium,True,Good
6607,418,2,5,1147,1095,2973,0.008177,4,2024-03-25 20:56:46,Medium,False,Excellent
6608,196,2,2,385,433,1332,0.003478,5,2024-01-20 06:55:05,Simple,True,Excellent
6609,201,3,1,217,191,2075,0.00121,3,2024-02-08 19:10:14,Simple,True,Good
6610,190,4,6,1137,1457,1154,0.007489,1,2024-03-18 17:32:32,Medium,True,Fair
6611,246,4,2,709,691,1173,0.003587,5,2024-04-16 09:34:16,Medium,True,Good
6612,466,3,6,483,453,5383,0.002929,3,2024-06-22 22:22:48,Simple,True,Good
6613,161,3,8,620,542,1747,0.003561,1,2024-12-27 11:43:15,Medium,False,Fair
6614,28,1,1,4330,4000,1586,0.042885,5,2024-03-19 08:19:24,Complex,True,Excellent
6615,345,1,3,753,743,1324,0.007743,4,2024-09-04 00:23:20,Medium,True,Excellent
6616,441,1,3,1252,1131,3966,0.011329,5,2024-08-27 05:51:26,Medium,True,Excellent
6617,32,1,9,461,474,1276,0.004633,5,2024-02-12 14:49:10,Simple,True,Excellent
6618,418,3,4,2557,3073,3576,0.0208,4,2024-07-12 21:35:02,Complex,False,Good
6619,351,2,7,497,476,1056,0.00413,5,2024-04-02 21:01:09,Simple,False,Excellent
6620,313,1,1,526,520,864,0.005256,4,2024-11-13 18:48:44,Medium,True,Excellent
6621,273,4,1,539,798,641,0.003637,4,2024-03-24 17:02:51,Medium,True,Good
6622,290,4,7,858,1199,1013,0.005773,3,2024-03-03 16:50:29,Medium,True,Good
6623,82,2,4,583,850,1955,0.007463,3,2024-02-07 21:50:21,Medium,False,Good
6624,330,1,5,284,420,2031,0.004084,5,2024-01-21 01:15:03,Simple,True,Excellent
6625,291,2,4,1011,1357,5750,0.010958,4,2024-11-19 11:53:42,Medium,True,Excellent
6626,228,1,1,1310,1761,1908,0.016705,3,2024-03-29 15:03:14,Medium,True,Good
6627,22,3,3,1044,1648,2857,0.012136,3,2024-11-21 08:25:00,Medium,True,Good
6628,351,1,2,833,773,2732,0.007944,5,2024-11-07 13:03:26,Medium,True,Excellent
6629,201,1,7,281,462,1886,0.004227,5,2024-06-21 06:37:46,Simple,True,Excellent
6630,329,3,2,340,495,3311,0.003728,5,2024-12-21 13:52:49,Simple,True,Good
6631,35,4,7,1252,1177,1933,0.005738,1,2024-11-14 21:51:15,Medium,True,Fair
6632,367,1,2,274,236,1949,0.002529,2,2024-08-08 07:12:40,Simple,True,Fair
6633,247,3,8,456,433,2145,0.002923,4,2024-08-21 10:50:00,Simple,False,Good
6634,251,1,3,671,1022,3749,0.01094,2,2024-11-13 15:21:44,Medium,True,Fair
6635,37,3,2,144,210,746,0.001495,1,2024-03-11 03:47:37,Simple,True,Fair
6636,498,4,4,1058,1188,3314,0.006192,3,2024-12-19 17:31:40,Medium,False,Good
6637,375,3,1,520,495,1105,0.003427,3,2024-06-04 09:10:03,Simple,True,Good
6638,421,4,3,480,641,2590,0.002915,5,2024-06-13 04:47:23,Medium,False,Good
6639,347,1,3,1258,1675,2455,0.016907,5,2024-08-27 15:17:48,Medium,True,Excellent
6640,175,4,1,1879,1974,758,0.009139,4,2024-04-15 04:03:05,Medium,True,Good
6641,143,1,6,2955,3785,985,0.041466,4,2024-10-03 03:09:57,Complex,True,Excellent
6642,62,3,7,2672,2292,1070,0.015025,4,2024-06-16 13:00:24,Complex,True,Good
6643,40,1,2,439,450,1051,0.004693,3,2024-12-02 20:25:59,Simple,True,Good
6644,33,1,7,600,658,1546,0.006789,5,2024-12-21 19:35:47,Medium,True,Excellent
6645,373,4,3,574,633,2201,0.003478,2,2024-06-07 14:22:27,Medium,False,Fair
6646,204,2,8,2802,3099,737,0.025882,5,2024-05-30 19:46:18,Complex,True,Excellent
6647,43,4,1,495,726,1014,0.003927,3,2024-08-24 19:33:40,Medium,True,Good
6648,20,4,6,231,331,2882,0.001683,5,2024-07-20 13:39:11,Simple,False,Good
6649,161,3,8,700,593,1426,0.003986,4,2024-03-06 11:13:04,Medium,True,Good
6650,351,3,4,679,839,1915,0.005925,4,2024-10-17 04:02:31,Medium,True,Good
6651,164,1,3,1055,1116,2595,0.010352,1,2024-02-05 22:34:24,Medium,True,Fair
6652,85,1,2,1389,1237,696,0.012674,4,2024-06-11 11:00:02,Medium,True,Excellent
6653,354,5,2,1209,1329,2497,0.003676,5,2024-06-07 08:48:27,Medium,True,Good
6654,179,4,3,351,366,2500,0.00172,5,2024-09-16 02:17:33,Simple,False,Good
6655,16,4,2,885,1022,3914,0.005363,4,2024-07-07 21:52:30,Medium,False,Good
6656,460,3,2,1414,2227,2225,0.015937,3,2024-11-08 00:58:36,Complex,True,Good
6657,373,4,7,571,505,500,0.002696,3,2024-12-19 02:16:45,Medium,False,Good
6658,232,3,1,997,832,2433,0.006075,2,2024-09-20 04:44:45,Medium,True,Fair
6659,326,3,2,443,567,1767,0.004228,1,2024-04-16 03:46:22,Medium,False,Fair
6660,191,1,3,769,1041,1445,0.00959,5,2024-03-22 03:28:02,Medium,False,Excellent
6661,377,1,9,718,984,2474,0.008991,3,2024-01-08 16:13:14,Medium,True,Good
6662,411,1,2,537,703,787,0.007114,4,2024-11-16 18:58:31,Medium,True,Excellent
6663,436,4,2,1264,1264,1637,0.006459,4,2024-11-22 22:40:34,Medium,True,Good
6664,123,4,2,1288,1873,2336,0.008909,4,2024-01-21 21:50:13,Medium,True,Good
6665,435,4,2,443,451,3530,0.002379,2,2024-06-12 07:08:16,Simple,True,Fair
6666,270,5,9,900,881,1227,0.002754,3,2024-09-18 04:49:21,Medium,False,Good
6667,158,1,1,898,955,1464,0.008786,5,2024-12-16 04:22:42,Medium,True,Excellent
6668,440,2,6,1231,2030,831,0.016379,2,2024-08-31 18:06:18,Complex,False,Fair
6669,91,2,2,399,638,1695,0.005496,1,2024-04-15 01:27:52,Medium,False,Fair
6670,433,1,2,942,875,6364,0.00895,4,2024-12-03 00:13:00,Medium,True,Excellent
6671,79,1,1,380,397,4378,0.004252,4,2024-11-02 19:22:28,Simple,True,Excellent
6672,194,1,2,1201,1122,1353,0.011518,5,2024-01-03 07:51:32,Medium,True,Excellent
6673,235,1,6,2783,3165,1634,0.033823,4,2024-05-24 15:29:12,Complex,True,Excellent
6674,110,1,7,714,696,1232,0.007183,1,2024-10-21 04:21:26,Medium,False,Fair
6675,7,2,2,812,1138,2943,0.008382,4,2024-02-28 18:38:38,Medium,False,Excellent
6676,82,2,9,1478,1555,942,0.011662,5,2024-02-29 16:06:23,Medium,True,Excellent
6677,342,1,1,1221,1180,1541,0.011901,3,2024-01-31 21:27:22,Medium,True,Good
6678,432,1,9,1184,1529,2034,0.014423,4,2024-07-21 11:57:11,Medium,True,Excellent
6679,273,1,1,1105,1205,2961,0.010918,5,2024-01-11 15:34:54,Medium,True,Excellent
6680,134,1,2,745,786,3787,0.007644,5,2024-01-18 06:08:08,Medium,True,Excellent
6681,455,4,3,4023,4000,1024,0.021745,4,2024-09-16 02:34:00,Complex,True,Good
6682,57,2,1,801,1126,661,0.009435,4,2024-01-04 00:37:34,Medium,True,Excellent
6683,379,3,2,1001,844,2749,0.005362,4,2024-03-20 18:52:28,Medium,False,Good
6684,441,4,3,495,491,1206,0.002545,2,2024-05-03 06:22:36,Simple,True,Fair
6685,359,1,4,328,372,3145,0.003385,3,2024-04-22 16:07:09,Simple,True,Good
6686,475,4,3,736,1147,818,0.005623,4,2024-09-29 10:51:25,Medium,True,Good
6687,484,1,5,319,419,3437,0.004056,4,2024-12-21 01:50:18,Simple,False,Excellent
6688,76,4,1,637,547,1920,0.00259,4,2024-07-07 04:53:49,Medium,True,Good
6689,196,4,2,884,776,2661,0.004151,1,2024-03-19 13:07:31,Medium,True,Fair
6690,16,4,2,487,511,924,0.002499,4,2024-08-12 22:37:36,Medium,True,Good
6691,47,4,1,1003,1065,1084,0.00512,5,2024-10-15 04:05:55,Medium,True,Good
6692,359,4,3,528,762,1347,0.003817,4,2024-12-30 09:52:59,Medium,False,Good
6693,6,2,6,480,450,1972,0.003244,4,2024-11-23 07:38:58,Simple,True,Excellent
6694,418,3,6,581,608,2362,0.004562,4,2024-03-04 03:45:22,Medium,False,Good
6695,19,1,2,900,958,1663,0.010437,5,2024-11-06 23:27:21,Medium,True,Excellent
6696,50,1,6,506,543,2633,0.005293,5,2024-12-27 04:10:05,Medium,False,Excellent
6697,488,1,6,1978,1854,3503,0.019435,3,2024-11-30 19:04:14,Medium,True,Good
6698,329,5,2,684,740,2701,0.002129,4,2024-06-18 10:01:38,Medium,True,Good
6699,209,4,2,422,626,1834,0.002867,5,2024-05-09 06:32:55,Medium,True,Good
6700,340,4,2,1762,2525,3517,0.012068,4,2024-01-06 05:21:02,Complex,False,Good
6701,283,1,5,814,761,2428,0.007885,3,2024-12-23 21:04:53,Medium,True,Good
6702,420,1,1,2747,3195,2373,0.03174,4,2024-09-25 18:54:34,Complex,False,Excellent
6703,203,3,9,829,1076,1325,0.007514,1,2024-08-23 23:01:43,Medium,True,Fair
6704,100,4,4,810,743,4429,0.003977,3,2024-04-12 21:25:42,Medium,True,Good
6705,365,3,3,450,512,1901,0.003761,5,2024-07-09 13:38:55,Medium,True,Good
6706,334,3,2,1231,1721,1328,0.011176,3,2024-05-26 00:08:58,Medium,True,Good
6707,362,1,2,667,847,2284,0.008782,3,2024-02-10 22:45:02,Medium,True,Good
6708,422,4,3,624,560,735,0.003015,5,2024-05-15 17:26:16,Medium,True,Good
6709,156,4,1,900,1243,1277,0.006596,5,2024-11-04 18:22:53,Medium,False,Good
6710,197,1,1,1896,2306,1551,0.021878,2,2024-02-25 14:03:41,Complex,True,Fair
6711,428,4,1,658,881,1556,0.004227,4,2024-07-20 03:53:17,Medium,True,Good
6712,425,1,7,190,191,1242,0.0019,4,2024-05-30 17:04:36,Simple,True,Excellent
6713,153,4,2,364,343,939,0.001636,4,2024-06-29 12:21:33,Simple,True,Good
6714,273,3,1,922,950,1375,0.007192,2,2024-10-10 13:00:00,Medium,True,Fair
6715,218,1,8,643,617,1834,0.005771,5,2024-10-16 00:50:33,Medium,True,Excellent
6716,430,1,3,3168,4000,4794,0.039468,4,2024-07-23 21:01:31,Complex,True,Excellent
6717,465,2,6,790,1009,1157,0.007518,5,2024-10-29 11:46:44,Medium,True,Excellent
6718,491,3,2,410,607,2218,0.003909,1,2024-08-02 12:56:45,Medium,True,Fair
6719,458,4,2,1746,1882,1699,0.010201,3,2024-02-02 04:31:14,Medium,True,Good
6720,326,4,2,3339,4000,5799,0.021529,5,2024-06-15 10:05:27,Complex,True,Good
6721,71,4,4,710,904,2620,0.004169,3,2024-01-28 06:05:30,Medium,True,Good
6722,39,1,6,545,570,880,0.006263,5,2024-01-31 23:06:05,Medium,True,Excellent
6723,126,3,6,284,417,888,0.002789,4,2024-03-21 16:55:03,Simple,False,Good
6724,497,1,1,186,216,1305,0.002192,3,2024-02-21 02:29:35,Simple,False,Good
6725,448,4,7,876,763,1723,0.004011,4,2024-04-26 22:09:56,Medium,True,Good
6726,86,1,6,387,557,1936,0.005951,3,2024-05-18 17:10:43,Medium,True,Good
6727,134,1,7,1869,1849,5101,0.017893,5,2024-10-10 07:50:22,Medium,True,Excellent
6728,198,4,1,678,612,1181,0.002837,3,2024-10-03 09:02:25,Medium,True,Good
6729,320,4,6,329,343,2378,0.00176,4,2024-08-13 11:47:27,Simple,True,Good
6730,138,5,6,1163,1411,702,0.004288,4,2024-04-05 08:16:53,Medium,True,Good
6731,377,1,5,1958,1707,1392,0.018072,5,2024-01-18 14:30:25,Medium,False,Excellent
6732,216,4,9,572,909,9294,0.00436,5,2024-11-18 20:18:03,Medium,True,Good
6733,64,1,2,466,560,2318,0.005513,2,2024-12-08 08:05:36,Medium,True,Fair
6734,173,2,1,207,261,2647,0.002027,4,2024-05-19 10:48:26,Simple,True,Excellent
6735,309,4,7,2314,2008,2500,0.010245,4,2024-04-02 15:53:06,Complex,True,Good
6736,177,2,6,924,1018,2459,0.00891,4,2024-05-29 03:13:31,Medium,True,Excellent
6737,344,4,3,364,482,3314,0.002348,4,2024-04-20 08:28:19,Simple,True,Good
6738,381,2,1,605,576,1693,0.004557,1,2024-05-14 15:43:03,Medium,True,Fair
6739,489,1,1,1737,2171,1399,0.020216,5,2024-06-03 09:00:20,Complex,True,Excellent
6740,406,1,3,1782,2371,5264,0.025354,3,2024-06-05 17:44:33,Complex,True,Good
6741,176,1,1,2288,2107,1194,0.022385,5,2024-09-23 20:24:50,Complex,True,Excellent
6742,274,4,1,1387,1638,4728,0.008005,4,2024-07-01 05:42:12,Medium,True,Good
6743,385,1,4,459,442,977,0.004337,5,2024-05-02 01:57:40,Simple,True,Excellent
6744,34,4,1,326,400,2924,0.001866,3,2024-02-15 17:46:39,Simple,False,Good
6745,125,4,2,1389,1791,3383,0.009522,1,2024-01-17 01:19:29,Medium,True,Fair
6746,356,1,7,302,459,2210,0.004283,4,2024-01-03 20:39:38,Simple,True,Excellent
6747,84,1,6,229,299,2499,0.002865,4,2024-12-14 14:09:39,Simple,True,Excellent
6748,347,4,4,1305,1303,4053,0.006471,3,2024-09-11 06:08:11,Medium,True,Good
6749,130,1,1,1159,1383,926,0.013279,4,2024-06-11 09:28:27,Medium,False,Excellent
6750,194,2,3,292,431,6466,0.003404,1,2024-02-19 15:58:53,Simple,True,Fair
6751,213,4,3,745,876,3341,0.004711,3,2024-07-16 16:34:56,Medium,True,Good
6752,471,1,7,1003,1543,2135,0.015226,3,2024-11-19 11:28:59,Medium,True,Good
6753,91,2,3,667,602,2536,0.005033,4,2024-04-30 14:33:34,Medium,True,Excellent
6754,28,5,3,736,770,635,0.002202,3,2024-12-18 11:22:38,Medium,True,Good
6755,233,2,1,475,738,2113,0.006179,1,2024-12-06 05:47:04,Medium,False,Fair
6756,489,2,1,708,741,2367,0.005469,4,2024-05-24 19:47:41,Medium,True,Excellent
6757,15,1,3,2528,2359,820,0.021371,4,2024-08-25 09:38:09,Complex,True,Excellent
6758,413,3,4,560,799,720,0.006055,2,2024-08-07 11:54:07,Medium,False,Fair
6759,317,4,1,285,434,1030,0.002209,3,2024-08-14 04:32:49,Simple,False,Good
6760,192,2,2,585,512,5092,0.004407,4,2024-04-04 17:55:07,Medium,True,Excellent
6761,401,4,1,442,626,978,0.003227,5,2024-06-24 15:55:24,Medium,False,Good
6762,127,2,1,1407,1619,597,0.014048,5,2024-12-27 03:13:56,Medium,False,Excellent
6763,179,2,1,365,458,1089,0.003591,4,2024-12-14 09:46:46,Simple,True,Excellent
6764,320,1,1,1733,1527,1483,0.014539,4,2024-01-27 03:09:08,Medium,False,Excellent
6765,190,1,7,589,550,1323,0.005849,4,2024-03-07 14:32:23,Medium,True,Excellent
6766,96,1,2,645,577,2891,0.006327,3,2024-10-19 16:42:00,Medium,False,Good
6767,333,4,2,530,511,1199,0.002694,3,2024-10-13 13:01:16,Medium,True,Good
6768,319,1,6,620,661,2776,0.006127,4,2024-09-23 14:48:42,Medium,True,Excellent
6769,203,1,8,667,612,1944,0.006682,3,2024-08-02 03:05:39,Medium,False,Good
6770,359,4,3,202,228,2111,0.001032,4,2024-03-08 18:12:20,Simple,False,Good
6771,239,1,9,3157,2727,2301,0.025014,3,2024-09-18 23:40:57,Complex,True,Good
6772,384,4,8,289,419,1686,0.002198,4,2024-05-05 00:33:35,Simple,True,Good
6773,452,1,1,452,479,1032,0.004912,4,2024-08-18 18:55:47,Simple,True,Excellent
6774,162,4,3,755,978,5504,0.005174,3,2024-03-26 15:52:55,Medium,True,Good
6775,463,4,6,239,325,1242,0.00154,4,2024-02-06 04:01:18,Simple,False,Good
6776,356,4,6,2262,1937,853,0.010647,4,2024-10-13 20:57:14,Medium,True,Good
6777,27,1,2,360,575,991,0.005406,5,2024-09-08 14:30:13,Medium,True,Excellent
6778,268,1,2,2698,2319,2551,0.0227,2,2024-05-27 21:22:04,Complex,True,Fair
6779,33,4,8,308,269,696,0.001467,5,2024-02-10 10:18:22,Simple,True,Good
6780,197,3,3,1609,1353,2098,0.010275,2,2024-10-28 06:53:02,Medium,True,Fair
6781,472,1,2,326,457,4349,0.004934,3,2024-01-06 13:30:22,Simple,True,Good
6782,339,2,9,174,152,1347,0.001321,3,2024-01-06 20:23:25,Simple,True,Good
6783,14,3,4,518,439,888,0.002963,4,2024-09-30 05:14:34,Simple,False,Good
6784,348,1,6,865,907,2818,0.008951,4,2024-04-10 19:30:44,Medium,True,Excellent
6785,73,4,1,1936,2137,2216,0.009759,4,2024-01-08 09:27:01,Complex,False,Good
6786,76,4,1,825,967,1282,0.005113,4,2024-10-28 09:03:14,Medium,True,Good
6787,16,1,6,3316,3420,1329,0.037143,3,2024-11-29 04:38:04,Complex,False,Good
6788,396,2,6,1028,992,770,0.007946,4,2024-06-05 13:19:29,Medium,True,Excellent
6789,320,4,6,465,563,4220,0.002826,2,2024-10-02 11:22:20,Medium,True,Fair
6790,59,4,1,667,970,1398,0.005045,4,2024-05-14 08:40:54,Medium,True,Good
6791,425,2,8,335,459,1507,0.004026,4,2024-07-09 20:59:28,Simple,True,Excellent
6792,175,3,2,455,748,1139,0.005119,4,2024-11-18 06:36:03,Medium,True,Good
6793,87,2,8,868,1102,1378,0.009474,5,2024-02-04 05:23:49,Medium,True,Excellent
6794,431,3,3,1435,1747,891,0.011476,5,2024-11-07 22:07:17,Medium,True,Good
6795,349,4,5,366,465,1801,0.002196,5,2024-10-05 08:49:21,Simple,False,Good
6796,111,3,1,587,546,3910,0.003888,2,2024-03-24 23:10:29,Medium,True,Fair
6797,20,4,2,608,1006,660,0.005177,3,2024-08-18 20:01:05,Medium,False,Good
6798,18,1,2,1605,1426,4142,0.014318,2,2024-05-26 21:01:03,Medium,True,Fair
6799,47,3,2,303,355,3680,0.002244,4,2024-07-02 05:59:49,Simple,True,Good
6800,392,1,1,1431,1552,885,0.016303,5,2024-06-11 05:18:14,Medium,True,Excellent
6801,193,3,1,432,580,588,0.004004,4,2024-02-11 01:40:59,Medium,True,Good
6802,342,4,7,380,459,3497,0.002277,2,2024-06-30 11:12:07,Simple,False,Fair
6803,223,1,7,568,695,2399,0.006905,1,2024-10-30 02:55:55,Medium,True,Fair
6804,1,1,1,790,812,2414,0.008299,5,2024-03-08 15:22:44,Medium,True,Excellent
6805,196,2,9,927,884,2701,0.007721,4,2024-02-16 01:10:28,Medium,True,Excellent
6806,33,1,5,682,802,2284,0.00768,3,2024-10-02 17:24:07,Medium,False,Good
6807,203,4,4,378,373,1627,0.001811,3,2024-01-29 21:56:32,Simple,False,Good
6808,119,1,5,1868,1858,2856,0.018801,4,2024-05-01 11:48:07,Medium,True,Excellent
6809,222,4,2,596,655,1440,0.00307,3,2024-01-16 04:02:17,Medium,True,Good
6810,419,2,6,700,599,3616,0.00464,4,2024-01-12 21:41:45,Medium,True,Excellent
6811,37,1,3,275,318,941,0.002956,4,2024-11-04 19:04:46,Simple,True,Excellent
6812,427,5,6,1890,1986,710,0.006405,4,2024-05-11 12:54:50,Medium,True,Good
6813,84,5,1,447,544,1854,0.001492,5,2024-03-23 21:17:16,Medium,True,Good
6814,467,4,1,2155,1973,3272,0.010471,4,2024-01-10 20:04:01,Medium,True,Good
6815,225,1,2,2825,3615,1200,0.039025,4,2024-11-25 13:09:41,Complex,True,Excellent
6816,22,3,2,876,811,3148,0.005603,5,2024-12-21 15:17:02,Medium,True,Good
6817,445,1,2,211,293,603,0.003051,2,2024-12-20 04:20:13,Simple,True,Fair
6818,191,1,1,660,612,933,0.005656,5,2024-08-02 08:10:19,Medium,True,Excellent
6819,373,1,2,2647,2626,1625,0.024458,3,2024-08-29 11:26:05,Complex,False,Good
6820,273,1,2,583,791,917,0.008125,2,2024-11-24 02:55:19,Medium,True,Fair
6821,222,1,3,344,536,1619,0.005048,3,2024-09-29 03:31:19,Medium,True,Good
6822,433,4,3,1561,1359,4453,0.00694,5,2024-07-20 00:15:18,Medium,True,Good
6823,392,4,8,758,665,1960,0.003164,4,2024-05-15 08:23:07,Medium,True,Good
6824,468,4,7,1060,1203,3959,0.006134,5,2024-03-30 01:34:37,Medium,True,Good
6825,455,4,2,547,670,913,0.003307,4,2024-04-21 13:04:57,Medium,True,Good
6826,10,1,4,1057,1056,2436,0.011087,4,2024-12-10 16:53:09,Medium,True,Excellent
6827,399,4,2,889,797,2692,0.00393,5,2024-04-16 18:05:34,Medium,True,Good
6828,236,1,6,717,1037,988,0.010983,5,2024-03-29 09:19:24,Medium,True,Excellent
6829,434,2,2,1021,1599,1217,0.011931,4,2024-10-22 06:44:09,Medium,True,Excellent
6830,267,2,1,1253,1565,3074,0.012003,4,2024-04-29 10:13:05,Medium,True,Excellent
6831,340,1,7,1024,1163,6336,0.012237,4,2024-09-24 21:26:17,Medium,True,Excellent
6832,274,3,2,2718,2417,8143,0.016762,4,2024-11-28 09:53:56,Complex,True,Good
6833,305,1,6,1430,1937,1595,0.020904,5,2024-11-24 10:10:52,Medium,True,Excellent
6834,110,4,6,781,830,2067,0.004527,4,2024-07-15 23:28:05,Medium,False,Good
6835,372,4,4,193,266,3349,0.00141,4,2024-03-06 05:44:08,Simple,False,Good
6836,499,1,6,890,806,4164,0.008328,2,2024-09-23 07:38:29,Medium,True,Fair
6837,413,4,7,1328,1154,1217,0.00556,5,2024-01-12 11:22:46,Medium,True,Good
6838,75,4,2,972,1078,1809,0.005492,3,2024-03-21 19:48:14,Medium,True,Good
6839,439,1,2,328,316,1200,0.003035,5,2024-07-24 23:18:53,Simple,True,Excellent
6840,3,4,1,1572,1357,1164,0.007208,5,2024-08-10 11:16:50,Medium,False,Good
6841,209,1,1,1735,1867,2047,0.01895,3,2024-08-17 19:22:14,Medium,False,Good
6842,202,2,9,1061,915,1299,0.006702,5,2024-03-17 22:40:04,Medium,True,Excellent
6843,74,2,6,969,1119,959,0.008846,4,2024-08-09 18:30:47,Medium,True,Excellent
6844,490,4,1,559,729,2851,0.00399,4,2024-07-06 08:00:07,Medium,True,Good
6845,58,1,2,1069,1586,2822,0.014493,3,2024-10-24 19:19:24,Medium,True,Good
6846,382,5,6,1351,1957,4717,0.006021,4,2024-09-30 03:35:14,Medium,True,Good
6847,221,1,3,366,470,7248,0.005099,4,2024-10-06 05:02:37,Simple,True,Excellent
6848,485,4,9,952,812,3372,0.00441,4,2024-03-28 13:21:27,Medium,True,Good
6849,183,2,7,1061,1137,3007,0.009085,3,2024-10-15 00:24:03,Medium,True,Good
6850,155,1,3,174,243,2225,0.002324,4,2024-02-27 04:13:05,Simple,True,Excellent
6851,424,4,6,2025,1721,3090,0.008478,2,2024-01-18 01:04:36,Medium,True,Fair
6852,134,4,7,1028,1343,1213,0.007139,4,2024-04-08 10:06:18,Medium,True,Good
6853,15,1,7,640,601,1657,0.006264,3,2024-01-27 03:58:52,Medium,True,Good
6854,432,1,9,4608,4000,977,0.043516,4,2024-04-07 01:34:49,Complex,True,Excellent
6855,351,1,8,1060,1002,1839,0.010179,4,2024-11-05 16:59:29,Medium,True,Excellent
6856,383,1,7,1241,1055,974,0.010414,5,2024-11-21 21:43:20,Medium,True,Excellent
6857,218,4,2,267,328,788,0.001618,5,2024-08-31 01:16:30,Simple,True,Good
6858,435,2,6,2895,4000,3289,0.035038,3,2024-09-08 12:31:44,Complex,False,Good
6859,495,1,9,1046,984,1086,0.010263,5,2024-05-13 05:55:54,Medium,True,Excellent
6860,419,1,9,279,261,7043,0.002679,1,2024-10-16 13:48:30,Simple,True,Fair
6861,146,1,8,878,809,1514,0.00768,4,2024-04-14 00:10:44,Medium,True,Excellent
6862,347,4,3,787,1191,2997,0.005742,3,2024-05-26 10:04:02,Medium,True,Good
6863,418,4,1,620,638,5012,0.002922,5,2024-05-16 10:12:59,Medium,False,Good
6864,456,3,2,518,578,1196,0.00422,4,2024-05-03 21:17:36,Medium,True,Good
6865,263,4,6,908,857,1857,0.004374,5,2024-07-21 21:05:21,Medium,True,Good
6866,141,3,3,911,809,1492,0.005547,5,2024-06-18 11:05:47,Medium,False,Good
6867,159,5,2,1974,3042,1540,0.008764,5,2024-02-13 03:17:41,Complex,True,Good
6868,151,1,1,2721,3022,939,0.030058,4,2024-07-10 13:15:51,Complex,True,Excellent
6869,186,4,3,458,630,2044,0.002846,2,2024-03-22 19:39:45,Medium,False,Fair
6870,412,1,2,723,644,2012,0.006065,5,2024-05-17 08:30:50,Medium,True,Excellent
6871,1,2,1,1090,1123,3138,0.008455,4,2024-02-16 13:46:29,Medium,True,Excellent
6872,249,1,2,485,486,1802,0.004503,5,2024-07-26 21:47:49,Simple,True,Excellent
6873,30,2,2,535,635,1173,0.004706,4,2024-11-01 06:09:07,Medium,True,Excellent
6874,108,1,1,211,235,1019,0.002121,3,2024-11-10 21:15:24,Simple,True,Good
6875,283,2,3,1279,1932,4967,0.016032,5,2024-05-09 13:18:47,Medium,True,Excellent
6876,219,1,6,494,483,1167,0.005074,5,2024-03-05 10:59:08,Simple,True,Excellent
6877,246,4,1,2172,1812,1015,0.008736,4,2024-03-03 15:05:29,Medium,True,Good
6878,390,4,2,339,325,1244,0.001699,2,2024-07-03 17:03:08,Simple,True,Fair
6879,328,4,3,349,381,8147,0.002083,4,2024-01-08 02:05:34,Simple,True,Good
6880,408,4,9,204,287,2003,0.001321,3,2024-10-02 07:13:41,Simple,True,Good
6881,99,1,1,452,558,3036,0.005263,4,2024-08-06 21:52:41,Medium,True,Excellent
6882,259,2,1,914,919,565,0.007109,4,2024-05-06 02:18:07,Medium,True,Excellent
6883,62,2,1,1090,999,1014,0.007344,5,2024-01-29 02:15:51,Medium,False,Excellent
6884,192,2,2,1693,2262,2038,0.019272,4,2024-03-03 08:59:29,Complex,True,Excellent
6885,424,4,6,1091,1034,940,0.004985,4,2024-02-01 08:23:56,Medium,True,Good
6886,26,2,2,735,1086,2467,0.009061,3,2024-10-02 11:18:13,Medium,True,Good
6887,328,4,2,156,238,1471,0.001142,3,2024-03-03 10:32:02,Simple,True,Good
6888,147,3,2,1229,1070,2780,0.007789,5,2024-06-05 17:26:32,Medium,True,Good
6889,373,5,2,372,534,1560,0.001474,4,2024-03-25 21:43:13,Medium,True,Good
6890,103,2,9,1397,1202,1936,0.010314,5,2024-09-01 14:58:01,Medium,True,Excellent
6891,11,1,9,842,745,2764,0.007954,4,2024-07-01 13:06:22,Medium,True,Excellent
6892,218,2,1,310,428,2097,0.003505,4,2024-09-09 12:08:15,Simple,True,Excellent
6893,374,1,2,609,967,970,0.010351,3,2024-09-20 17:33:23,Medium,True,Good
6894,405,4,1,1147,1157,4380,0.005899,3,2024-07-15 13:10:18,Medium,True,Good
6895,25,4,7,2053,2249,1782,0.010384,4,2024-06-24 03:05:06,Complex,True,Good
6896,114,1,5,1784,1894,1485,0.019253,4,2024-02-18 12:45:21,Medium,False,Excellent
6897,213,2,1,528,711,1883,0.005415,4,2024-01-04 12:47:12,Medium,True,Excellent
6898,128,2,5,561,551,2533,0.004477,4,2024-09-27 19:41:41,Medium,True,Excellent
6899,275,4,1,2033,2262,1095,0.010363,5,2024-09-19 03:08:38,Complex,True,Good
6900,115,1,2,474,505,1190,0.005189,4,2024-06-03 20:45:30,Medium,True,Excellent
6901,9,1,1,593,602,2373,0.006531,4,2024-12-10 07:50:29,Medium,True,Excellent
6902,391,1,1,631,573,1449,0.005825,2,2024-03-04 23:10:27,Medium,True,Fair
6903,291,4,8,826,1009,2406,0.004935,4,2024-07-20 20:32:02,Medium,True,Good
6904,3,2,1,608,939,1464,0.007271,4,2024-01-25 09:06:19,Medium,True,Excellent
6905,178,1,2,1352,2040,1059,0.021121,5,2024-07-14 05:55:59,Complex,True,Excellent
6906,232,1,1,1676,1601,4056,0.016295,4,2024-04-04 22:33:22,Medium,True,Excellent
6907,488,1,1,735,1140,1495,0.012286,5,2024-10-24 14:04:50,Medium,False,Excellent
6908,138,1,4,1647,1683,2141,0.01635,3,2024-08-25 21:45:30,Medium,True,Good
6909,451,4,3,261,231,1357,0.001163,5,2024-10-10 03:54:58,Simple,True,Good
6910,173,1,3,345,498,1844,0.004505,3,2024-04-23 13:32:39,Simple,False,Good
6911,281,1,9,267,252,1559,0.002631,4,2024-04-20 20:39:25,Simple,True,Excellent
6912,380,4,4,869,747,725,0.003484,5,2024-06-29 01:55:14,Medium,True,Good
6913,7,4,1,1513,1855,955,0.009645,2,2024-03-12 14:40:28,Medium,False,Fair
6914,182,4,1,262,398,1248,0.002041,5,2024-10-14 06:57:09,Simple,False,Good
6915,409,1,1,878,735,3593,0.007919,3,2024-01-19 01:12:29,Medium,True,Good
6916,349,4,9,2021,2445,1949,0.011686,4,2024-11-14 16:41:39,Complex,False,Good
6917,341,4,2,1440,1335,3034,0.007328,3,2024-05-17 09:32:03,Medium,True,Good
6918,55,2,3,1078,1629,818,0.014312,3,2024-04-27 04:50:02,Medium,False,Good
6919,452,1,6,1192,1226,2764,0.011081,2,2024-12-07 12:23:31,Medium,True,Fair
6920,455,4,2,630,607,1369,0.003164,5,2024-01-09 04:38:17,Medium,True,Good
6921,83,4,6,287,434,1736,0.002107,4,2024-03-07 00:43:16,Simple,True,Good
6922,65,4,3,1328,1906,1834,0.008954,3,2024-06-22 08:19:48,Medium,True,Good
6923,377,5,4,707,737,2088,0.002015,3,2024-01-05 01:48:51,Medium,True,Good
6924,325,4,2,479,505,2693,0.002321,4,2024-07-08 18:48:27,Medium,True,Good
6925,474,1,3,629,739,4423,0.006847,3,2024-12-26 10:02:40,Medium,True,Good
6926,52,1,8,3052,3060,4739,0.029671,5,2024-07-28 21:03:24,Complex,True,Excellent
6927,202,4,1,1184,1748,1855,0.009509,4,2024-04-25 05:04:13,Medium,False,Good
6928,366,1,1,363,401,975,0.003797,1,2024-09-01 18:29:06,Simple,False,Fair
6929,24,4,1,430,526,999,0.002866,4,2024-02-19 07:41:14,Medium,True,Good
6930,500,3,5,162,252,2097,0.001856,2,2024-09-28 19:06:08,Simple,True,Fair
6931,328,1,7,1623,1902,1569,0.020549,3,2024-05-07 13:23:14,Medium,True,Good
6932,275,1,3,577,829,750,0.008087,1,2024-10-04 02:42:55,Medium,False,Fair
6933,70,2,7,3670,4000,1002,0.034153,2,2024-05-19 12:48:46,Complex,True,Fair
6934,245,4,2,536,506,725,0.002297,4,2024-12-04 20:25:24,Medium,True,Good
6935,54,3,2,753,676,2943,0.005047,4,2024-06-17 09:36:52,Medium,True,Good
6936,49,4,8,1365,1386,4839,0.00761,2,2024-03-03 23:25:48,Medium,False,Fair
6937,266,1,1,580,622,987,0.005969,4,2024-06-18 07:48:09,Medium,True,Excellent
6938,492,3,8,805,877,3216,0.006209,4,2024-11-14 00:39:29,Medium,True,Good
6939,344,2,1,667,669,1205,0.005505,5,2024-06-10 05:23:44,Medium,True,Excellent
6940,368,1,1,1270,1709,923,0.017358,4,2024-05-28 02:04:29,Medium,True,Excellent
6941,109,1,8,230,329,1123,0.00318,4,2024-05-12 03:25:00,Simple,True,Excellent
6942,310,4,2,955,881,2127,0.004326,5,2024-10-11 01:07:12,Medium,True,Good
6943,296,1,6,704,608,3974,0.006,4,2024-03-01 06:42:36,Medium,True,Excellent
6944,81,3,8,769,750,2099,0.005082,2,2024-04-29 13:55:20,Medium,True,Fair
6945,343,4,6,708,750,683,0.003869,4,2024-09-17 00:32:18,Medium,True,Good
6946,349,1,2,602,527,3328,0.00506,4,2024-01-17 09:10:21,Medium,True,Excellent
6947,450,1,2,4171,4000,1376,0.036003,4,2024-09-29 20:50:54,Complex,True,Excellent
6948,67,4,2,467,758,3020,0.004053,5,2024-03-20 00:43:17,Medium,True,Good
6949,397,4,1,713,724,500,0.0034,4,2024-12-29 00:05:19,Medium,True,Good
6950,306,2,2,1694,1608,1256,0.014041,3,2024-06-06 19:41:44,Medium,True,Good
6951,233,4,4,2757,2874,1603,0.014712,5,2024-05-05 12:20:03,Complex,True,Good
6952,496,4,6,575,591,1431,0.002668,4,2024-06-12 08:11:54,Medium,False,Good
6953,57,1,3,1751,1760,1168,0.018536,3,2024-08-25 16:30:00,Medium,True,Good
6954,25,5,5,987,1456,528,0.004356,5,2024-06-18 08:09:32,Medium,True,Good
6955,269,4,9,142,215,2571,0.00099,4,2024-04-17 15:23:18,Simple,True,Good
6956,182,5,5,474,443,1184,0.001421,5,2024-02-10 03:07:24,Simple,True,Good
6957,474,1,3,631,876,2160,0.009582,4,2024-06-29 23:46:12,Medium,True,Excellent
6958,330,5,9,2735,2911,4603,0.008719,4,2024-06-27 04:04:48,Complex,False,Good
6959,85,2,6,776,1164,1062,0.010101,2,2024-01-02 14:59:52,Medium,True,Fair
6960,473,4,2,369,544,1604,0.002615,4,2024-02-05 00:11:02,Medium,True,Good
6961,124,4,1,1252,1289,2134,0.006459,4,2024-05-11 13:08:35,Medium,False,Good
6962,349,3,4,2079,2914,2077,0.018392,4,2024-01-31 14:34:30,Complex,False,Good
6963,279,1,2,353,360,1797,0.003567,4,2024-05-08 18:54:29,Simple,True,Excellent
6964,83,2,3,201,201,1895,0.001532,3,2024-01-13 20:07:50,Simple,True,Good
6965,470,4,2,2052,3168,2083,0.014998,4,2024-07-06 23:36:08,Complex,False,Good
6966,379,4,1,833,991,1696,0.005189,4,2024-10-03 04:32:40,Medium,True,Good
6967,464,1,9,862,1320,1449,0.012195,4,2024-07-28 09:16:15,Medium,True,Excellent
6968,53,2,2,1226,1194,3902,0.009484,3,2024-02-06 13:10:44,Medium,True,Good
6969,475,3,2,437,547,4290,0.004185,4,2024-09-23 09:21:13,Medium,True,Good
6970,178,4,2,1187,1104,1784,0.00563,4,2024-02-02 19:18:32,Medium,False,Good
6971,115,3,6,1358,1578,2124,0.010941,4,2024-10-04 01:55:48,Medium,True,Good
6972,198,1,2,1288,1135,5643,0.011967,5,2024-04-19 05:31:07,Medium,False,Excellent
6973,354,2,3,603,657,2731,0.005611,4,2024-02-14 00:00:35,Medium,False,Excellent
6974,220,2,2,507,550,1490,0.004162,4,2024-11-03 16:25:11,Medium,False,Excellent
6975,12,4,8,812,702,524,0.003801,4,2024-05-26 19:31:38,Medium,True,Good
6976,479,4,1,251,320,3665,0.001729,4,2024-06-20 03:20:10,Simple,True,Good
6977,224,1,1,578,770,1866,0.007495,2,2024-11-15 02:39:42,Medium,True,Fair
6978,233,1,7,485,786,500,0.008081,5,2024-01-06 10:36:59,Medium,True,Excellent
6979,160,2,7,686,726,772,0.005619,3,2024-10-11 05:19:23,Medium,True,Good
6980,157,3,8,294,364,1396,0.002575,2,2024-07-19 07:40:27,Simple,True,Fair
6981,87,1,1,662,691,2312,0.006635,4,2024-05-13 09:01:02,Medium,True,Excellent
6982,52,4,4,2950,3138,2369,0.014606,3,2024-05-08 21:29:00,Complex,True,Good
6983,49,4,9,2115,2157,3348,0.010112,4,2024-03-14 01:12:51,Complex,True,Good
6984,411,3,1,761,797,764,0.005339,4,2024-07-13 03:21:02,Medium,True,Good
6985,246,2,1,1636,1945,2300,0.015587,4,2024-01-17 06:25:20,Medium,True,Excellent
6986,421,4,1,1143,1182,3609,0.005442,4,2024-05-21 05:42:49,Medium,True,Good
6987,233,4,8,769,1089,2557,0.005812,2,2024-01-16 19:33:39,Medium,True,Fair
6988,128,1,9,698,1079,885,0.011555,3,2024-08-29 01:37:22,Medium,True,Good
6989,293,1,1,1256,1877,2040,0.020425,4,2024-03-03 21:01:23,Medium,True,Excellent
6990,287,1,1,2322,2794,2110,0.025564,4,2024-08-14 23:22:25,Complex,True,Excellent
6991,312,2,8,1242,1171,1679,0.008577,4,2024-04-09 08:38:06,Medium,True,Excellent
6992,311,2,6,353,341,706,0.002869,3,2024-10-03 09:23:11,Simple,False,Good
6993,179,1,1,2734,2806,1052,0.026506,5,2024-12-08 23:45:32,Complex,True,Excellent
6994,413,2,8,1294,1523,504,0.011271,3,2024-11-05 07:59:44,Medium,False,Good
6995,405,2,6,960,885,1038,0.007242,4,2024-09-14 20:18:10,Medium,False,Excellent
6996,305,2,7,1531,1600,1993,0.011841,5,2024-09-16 10:52:05,Medium,True,Excellent
6997,389,2,1,388,327,2716,0.002633,4,2024-01-19 10:14:44,Simple,True,Excellent
6998,101,2,2,1167,1101,1191,0.008477,5,2024-03-26 10:39:21,Medium,True,Excellent
6999,229,4,1,1983,1716,883,0.008229,5,2024-12-01 20:58:10,Medium,True,Good
7000,89,4,6,1495,1668,1541,0.00888,5,2024-11-25 16:11:15,Medium,True,Good
7001,241,1,1,543,566,2290,0.006099,5,2024-04-14 02:52:36,Medium,True,Excellent
7002,237,4,8,495,459,1253,0.002109,4,2024-04-08 22:08:49,Simple,True,Good
7003,128,4,3,896,1042,8470,0.005308,4,2024-06-20 02:56:45,Medium,True,Good
7004,115,3,6,1539,1305,2708,0.010028,5,2024-03-25 14:39:00,Medium,True,Good
7005,382,1,3,1059,1132,3459,0.01068,5,2024-03-05 00:23:57,Medium,False,Excellent
7006,84,4,9,270,325,5290,0.001638,4,2024-11-15 19:29:08,Simple,True,Good
7007,145,2,3,269,445,1362,0.003865,3,2024-01-07 17:36:29,Simple,True,Good
7008,419,3,8,1038,967,2462,0.00727,4,2024-07-24 13:05:33,Medium,True,Good
7009,4,1,6,234,269,500,0.002446,3,2024-07-11 18:29:08,Simple,True,Good
7010,56,1,8,435,562,500,0.005929,4,2024-05-02 20:46:17,Medium,True,Excellent
7011,477,1,1,674,915,3118,0.009127,4,2024-08-18 13:31:37,Medium,False,Excellent
7012,14,4,3,221,199,863,0.0009,4,2024-03-29 18:16:10,Simple,True,Good
7013,354,5,6,319,321,1659,0.001018,5,2024-04-05 15:43:21,Simple,True,Good
7014,390,1,1,405,483,1688,0.005192,3,2024-08-22 06:23:09,Simple,False,Good
7015,155,2,7,1023,1499,514,0.011977,3,2024-04-25 23:38:18,Medium,True,Good
7016,365,5,6,433,372,1133,0.001046,2,2024-08-05 15:45:47,Simple,True,Fair
7017,350,4,1,1600,1595,1808,0.00753,2,2024-04-10 03:13:42,Medium,True,Fair
7018,421,4,1,301,254,5363,0.001288,4,2024-04-06 18:53:12,Simple,True,Good
7019,481,2,6,809,1281,1724,0.010474,4,2024-08-09 05:10:34,Medium,True,Excellent
7020,98,1,2,290,332,500,0.003056,5,2024-07-11 15:27:33,Simple,True,Excellent
7021,352,1,2,760,676,2804,0.00672,4,2024-09-06 22:25:48,Medium,True,Excellent
7022,369,1,6,570,673,746,0.006662,5,2024-01-23 03:46:21,Medium,True,Excellent
7023,279,4,2,1317,1173,981,0.005981,4,2024-02-29 01:53:26,Medium,True,Good
7024,56,1,5,298,440,1890,0.004213,5,2024-04-09 17:21:52,Simple,True,Excellent
7025,260,1,9,425,646,2152,0.005904,4,2024-04-14 15:19:16,Medium,True,Excellent
7026,275,1,7,1167,1210,3280,0.012587,4,2024-10-13 13:59:32,Medium,True,Excellent
7027,370,2,3,466,596,1055,0.004787,1,2024-10-25 15:39:11,Medium,False,Fair
7028,6,4,2,865,1121,2638,0.005399,4,2024-08-03 02:47:33,Medium,True,Good
7029,25,1,2,301,412,529,0.004458,4,2024-08-27 00:21:02,Simple,True,Excellent
7030,347,4,3,1405,1604,1890,0.007462,4,2024-04-21 10:57:59,Medium,True,Good
7031,444,4,5,416,381,902,0.001921,4,2024-10-10 06:34:31,Simple,True,Good
7032,455,4,6,456,414,944,0.001866,4,2024-10-23 08:06:32,Simple,True,Good
7033,299,3,6,832,977,2624,0.006201,4,2024-04-14 07:46:09,Medium,False,Good
7034,248,2,1,219,315,558,0.002464,2,2024-03-17 04:51:24,Simple,True,Fair
7035,216,4,5,708,630,1291,0.003229,2,2024-03-15 15:40:06,Medium,False,Fair
7036,76,1,6,1362,1331,3730,0.014442,5,2024-11-13 14:08:42,Medium,True,Excellent
7037,490,4,6,4657,4000,2000,0.019546,2,2024-04-16 10:38:37,Complex,True,Fair
7038,355,4,9,267,348,2107,0.001835,4,2024-01-29 08:06:20,Simple,False,Good
7039,171,4,4,1647,1950,1086,0.009009,5,2024-05-25 01:44:49,Medium,True,Good
7040,106,2,1,986,909,949,0.007598,4,2024-07-07 09:05:53,Medium,True,Excellent
7041,86,1,9,1154,1427,568,0.013121,4,2024-03-03 05:40:25,Medium,True,Excellent
7042,26,3,1,1138,1145,3220,0.008458,1,2024-11-10 18:00:42,Medium,True,Fair
7043,129,4,1,1529,1996,1507,0.010815,5,2024-06-08 09:22:33,Medium,True,Good
7044,243,5,1,439,679,1626,0.001966,4,2024-12-07 00:50:07,Medium,False,Good
7045,305,4,1,1291,1883,2057,0.008607,4,2024-05-27 17:20:19,Medium,True,Good
7046,103,4,2,929,1025,2708,0.00535,5,2024-02-01 05:09:15,Medium,False,Good
7047,40,2,1,511,634,1719,0.005361,4,2024-12-14 21:51:08,Medium,True,Excellent
7048,111,3,6,719,848,2039,0.006123,3,2024-03-01 12:37:28,Medium,True,Good
7049,400,1,2,1588,1668,2810,0.01705,4,2024-12-24 06:30:07,Medium,False,Excellent
7050,78,4,9,360,422,1441,0.002207,5,2024-05-30 19:45:49,Simple,True,Good
7051,228,4,6,1442,1778,979,0.008473,4,2024-06-29 02:04:34,Medium,False,Good
7052,330,2,6,3211,4000,4770,0.029679,2,2024-02-21 14:02:19,Complex,True,Fair
7053,500,3,9,768,819,589,0.006208,3,2024-11-19 03:34:39,Medium,True,Good
7054,401,1,1,623,1022,9964,0.010216,4,2024-06-26 03:59:09,Medium,True,Excellent
7055,495,4,9,751,1201,2989,0.005753,5,2024-06-03 16:01:11,Medium,True,Good
7056,390,1,2,814,1097,3791,0.010456,4,2024-10-06 13:58:03,Medium,True,Excellent
7057,417,4,1,681,801,1757,0.003934,4,2024-11-15 03:07:40,Medium,False,Good
7058,234,3,7,454,600,3943,0.004143,3,2024-07-18 07:27:13,Medium,True,Good
7059,422,4,1,1928,2247,1974,0.011757,4,2024-09-21 13:06:09,Complex,True,Good
7060,222,1,6,853,838,1143,0.008487,5,2024-10-04 00:11:24,Medium,True,Excellent
7061,400,4,2,1075,1249,1256,0.006239,5,2024-05-09 00:34:24,Medium,True,Good
7062,200,1,6,483,536,1003,0.005403,3,2024-11-12 15:02:06,Medium,True,Good
7063,443,1,1,1009,1421,1520,0.014737,4,2024-09-11 11:04:58,Medium,True,Excellent
7064,316,5,2,219,317,1553,0.000968,5,2024-11-08 10:24:03,Simple,False,Good
7065,298,3,5,580,734,2336,0.004794,5,2024-02-03 22:56:22,Medium,True,Good
7066,196,1,1,446,570,1231,0.005543,4,2024-08-14 04:40:59,Medium,False,Excellent
7067,191,2,3,644,738,1544,0.006131,2,2024-04-08 22:40:09,Medium,True,Fair
7068,116,5,2,345,563,7366,0.001592,3,2024-04-22 20:01:27,Medium,True,Good
7069,298,2,2,1293,1565,2048,0.012927,2,2024-12-30 06:35:48,Medium,True,Fair
7070,495,4,2,2271,3148,5937,0.014528,4,2024-09-13 13:03:12,Complex,False,Good
7071,12,1,5,1018,1274,2550,0.0134,5,2024-06-17 15:12:26,Medium,True,Excellent
7072,85,4,1,2550,2490,3435,0.012335,1,2024-10-23 12:54:40,Complex,True,Fair
7073,7,2,2,1317,1126,790,0.0093,5,2024-10-15 06:36:20,Medium,True,Excellent
7074,432,3,4,1929,2214,2861,0.016203,4,2024-05-17 14:26:48,Complex,True,Good
7075,73,1,2,1273,1136,6920,0.011901,3,2024-01-12 21:36:36,Medium,True,Good
7076,223,2,3,2518,2888,1355,0.023948,4,2024-11-19 10:44:20,Complex,True,Excellent
7077,430,1,6,125,111,938,0.001195,3,2024-12-05 01:10:38,Simple,True,Good
7078,415,1,1,1334,1628,976,0.015351,4,2024-04-05 09:09:21,Medium,True,Excellent
7079,345,4,2,680,1074,3897,0.005835,4,2024-09-21 01:47:58,Medium,True,Good
7080,35,4,6,462,564,2202,0.002913,4,2024-11-08 07:13:41,Medium,False,Good
7081,291,1,9,722,633,991,0.006184,4,2024-09-22 03:50:05,Medium,True,Excellent
7082,468,4,3,1023,905,3685,0.004463,4,2024-03-03 08:20:40,Medium,True,Good
7083,408,2,6,2044,2318,2610,0.020327,3,2024-09-09 21:15:27,Complex,False,Good
7084,116,1,2,556,578,1800,0.00624,5,2024-05-19 10:50:18,Medium,True,Excellent
7085,283,1,5,488,693,4067,0.00759,4,2024-01-14 05:02:55,Medium,True,Excellent
7086,203,4,2,760,845,5227,0.004154,2,2024-08-22 02:28:50,Medium,True,Fair
7087,112,4,3,2118,2230,772,0.010632,4,2024-04-12 10:09:00,Complex,True,Good
7088,106,2,6,1298,2051,1969,0.015865,3,2024-06-28 08:49:12,Complex,True,Good
7089,303,4,1,464,578,2120,0.002836,5,2024-07-04 12:57:31,Medium,False,Good
7090,417,5,2,887,1444,805,0.004136,2,2024-07-03 20:51:57,Medium,True,Fair
7091,141,1,7,2514,2509,1164,0.025207,3,2024-08-07 13:00:46,Complex,True,Good
7092,9,1,1,2031,3332,4258,0.031892,5,2024-11-24 12:50:49,Complex,True,Excellent
7093,372,3,7,1946,1907,3691,0.013315,5,2024-06-27 00:55:31,Medium,False,Good
7094,438,4,4,2248,2076,1375,0.011204,3,2024-02-23 20:43:36,Complex,True,Good
7095,239,4,3,1405,1249,1855,0.006216,2,2024-10-28 02:19:37,Medium,False,Fair
7096,479,1,2,334,458,6880,0.004518,3,2024-09-03 16:04:09,Simple,False,Good
7097,178,1,1,1670,1695,1493,0.015325,1,2024-12-16 10:52:48,Medium,False,Fair
7098,247,4,5,257,304,1563,0.001578,4,2024-02-04 11:33:54,Simple,True,Good
7099,440,4,3,726,905,1581,0.004556,3,2024-09-14 02:40:33,Medium,True,Good
7100,324,4,8,1240,1247,3074,0.005901,3,2024-06-23 21:55:05,Medium,True,Good
7101,251,4,1,1712,1780,1519,0.009351,4,2024-10-28 22:24:04,Medium,False,Good
7102,98,2,6,584,776,5038,0.006084,4,2024-04-15 23:45:25,Medium,True,Excellent
7103,121,4,6,1162,1039,903,0.00571,4,2024-06-08 14:38:46,Medium,False,Good
7104,269,1,9,736,868,2210,0.007971,4,2024-10-13 19:52:56,Medium,True,Excellent
7105,284,1,8,1773,2086,2058,0.021258,5,2024-04-12 02:04:21,Complex,False,Excellent
7106,421,5,1,1371,1646,1176,0.004546,3,2024-05-31 20:33:38,Medium,False,Good
7107,227,4,1,427,687,4129,0.003698,5,2024-09-04 08:18:35,Medium,True,Good
7108,245,4,6,1304,1326,1310,0.007221,1,2024-08-20 17:12:36,Medium,True,Fair
7109,213,1,1,319,456,1301,0.004279,4,2024-07-17 06:11:35,Simple,True,Excellent
7110,137,5,1,2000,1741,2426,0.0053,5,2024-01-03 15:44:40,Medium,True,Good
7111,133,4,1,501,533,2883,0.002479,3,2024-08-20 18:46:57,Medium,True,Good
7112,379,4,1,1751,1773,1660,0.008464,4,2024-07-30 07:50:23,Medium,True,Good
7113,328,3,1,2893,2936,6510,0.021197,4,2024-12-01 22:17:10,Complex,True,Good
7114,103,2,9,687,776,1421,0.005645,5,2024-07-22 22:13:22,Medium,True,Excellent
7115,21,4,5,1323,1742,1664,0.008544,2,2024-04-18 09:35:10,Medium,True,Fair
7116,103,4,6,336,326,887,0.001781,4,2024-11-30 02:50:30,Simple,False,Good
7117,166,1,3,289,260,2982,0.002601,4,2024-09-01 05:14:38,Simple,False,Excellent
7118,296,2,2,517,667,2555,0.005013,5,2024-06-21 02:35:13,Medium,True,Excellent
7119,216,4,1,409,602,1660,0.002735,5,2024-05-28 19:11:56,Medium,True,Good
7120,231,5,7,442,460,500,0.001403,4,2024-06-07 20:56:59,Simple,False,Good
7121,110,5,3,1568,1369,2087,0.003699,4,2024-10-19 14:10:08,Medium,True,Good
7122,231,3,3,514,634,1857,0.004032,1,2024-05-14 17:10:49,Medium,True,Fair
7123,391,2,1,726,646,1614,0.004653,4,2024-03-18 10:10:22,Medium,True,Excellent
7124,49,1,8,418,563,1162,0.00584,3,2024-03-31 16:08:30,Medium,True,Good
7125,255,1,2,792,848,3938,0.008479,4,2024-09-27 01:58:10,Medium,True,Excellent
7126,130,4,1,1125,1312,3498,0.006084,3,2024-03-09 22:22:50,Medium,True,Good
7127,196,4,7,1269,1395,1861,0.007671,4,2024-10-27 09:40:42,Medium,True,Good
7128,452,2,6,2781,3260,3013,0.024432,4,2024-06-02 19:13:54,Complex,True,Excellent
7129,387,3,3,854,1049,509,0.007625,5,2024-01-27 13:20:15,Medium,True,Good
7130,309,1,1,482,533,1477,0.005215,4,2024-01-14 23:23:32,Medium,True,Excellent
7131,496,4,8,1392,1397,1016,0.007157,4,2024-04-03 10:39:33,Medium,True,Good
7132,356,4,2,897,847,1038,0.004387,3,2024-05-14 18:35:13,Medium,True,Good
7133,332,1,1,1799,2908,6270,0.027492,4,2024-05-29 04:18:37,Complex,True,Excellent
7134,268,4,3,1436,1206,676,0.005999,3,2024-04-01 05:03:17,Medium,True,Good
7135,105,2,4,2408,2512,2578,0.020643,4,2024-04-09 13:55:39,Complex,True,Excellent
7136,46,4,7,688,1120,1118,0.005518,5,2024-06-05 20:47:26,Medium,True,Good
7137,354,2,1,283,365,971,0.002761,1,2024-01-20 23:16:38,Simple,True,Fair
7138,464,1,6,190,259,2036,0.002713,3,2024-06-30 17:46:35,Simple,True,Good
7139,265,2,5,276,311,4126,0.002301,4,2024-02-24 11:23:48,Simple,True,Excellent
7140,409,4,1,970,1492,2913,0.008171,4,2024-12-10 11:02:10,Medium,True,Good
7141,450,1,1,711,1131,1884,0.011243,4,2024-07-20 00:46:28,Medium,False,Excellent
7142,29,1,6,304,396,1835,0.003632,4,2024-09-05 12:51:20,Simple,True,Excellent
7143,499,1,6,1277,1288,1779,0.013962,5,2024-11-25 06:19:43,Medium,True,Excellent
7144,168,4,9,970,1208,2080,0.005452,2,2024-06-19 02:31:33,Medium,False,Fair
7145,490,1,3,1161,1113,842,0.011267,3,2024-09-17 08:39:04,Medium,False,Good
7146,56,2,7,1273,2010,5923,0.016695,4,2024-10-02 14:34:06,Complex,True,Excellent
7147,469,4,1,484,791,1878,0.00411,4,2024-04-19 09:58:08,Medium,True,Good
7148,140,1,5,2825,2572,1090,0.023986,4,2024-03-14 00:53:01,Complex,True,Excellent
7149,17,2,6,1607,1831,4571,0.01491,5,2024-05-17 11:17:33,Medium,False,Excellent
7150,236,4,7,405,344,2006,0.00158,4,2024-07-14 19:27:03,Simple,False,Good
7151,78,1,7,535,640,1547,0.006858,4,2024-10-05 08:29:00,Medium,True,Excellent
7152,269,2,6,602,892,1566,0.007625,4,2024-05-07 15:47:45,Medium,True,Excellent
7153,155,1,2,2527,3305,3019,0.03631,3,2024-04-09 21:47:51,Complex,False,Good
7154,474,4,6,1248,1090,1964,0.005988,5,2024-08-11 08:50:22,Medium,False,Good
7155,47,4,2,1576,1388,1751,0.007107,4,2024-02-20 15:40:06,Medium,True,Good
7156,125,4,7,594,588,2483,0.003135,2,2024-08-02 05:10:00,Medium,True,Fair
7157,18,2,4,368,523,1780,0.003884,5,2024-09-07 01:08:50,Medium,True,Excellent
7158,391,1,2,1080,1287,1029,0.012989,4,2024-03-15 12:12:47,Medium,True,Excellent
7159,12,2,4,853,1105,3028,0.00938,3,2024-05-13 03:20:30,Medium,True,Good
7160,267,3,1,1263,1193,1193,0.007536,5,2024-01-23 04:33:15,Medium,True,Good
7161,29,1,1,1223,1836,2492,0.01912,5,2024-02-10 03:47:43,Medium,True,Excellent
7162,288,1,3,842,725,2654,0.007656,4,2024-01-06 13:20:58,Medium,True,Excellent
7163,29,2,1,1462,1725,2153,0.013053,3,2024-02-14 02:21:10,Medium,True,Good
7164,41,1,8,817,818,1735,0.00752,1,2024-02-07 14:32:34,Medium,True,Fair
7165,199,4,9,821,1231,1325,0.006739,4,2024-10-07 00:56:07,Medium,False,Good
7166,274,1,2,558,750,2861,0.007705,5,2024-04-06 06:11:43,Medium,True,Excellent
7167,4,4,3,622,773,945,0.004124,4,2024-04-06 17:50:46,Medium,False,Good
7168,214,3,1,294,411,1303,0.002676,3,2024-03-07 00:46:57,Simple,True,Good
7169,112,3,3,1266,1196,990,0.007715,4,2024-10-27 17:39:49,Medium,True,Good
7170,98,4,1,678,635,1843,0.003211,4,2024-11-18 03:57:13,Medium,True,Good
7171,454,3,2,1095,1070,5434,0.00693,2,2024-11-05 15:52:16,Medium,True,Fair
7172,128,1,8,438,564,6744,0.005153,3,2024-05-17 07:28:57,Medium,False,Good
7173,475,1,3,414,429,1852,0.004069,4,2024-02-20 18:37:22,Simple,True,Excellent
7174,11,4,4,1190,1650,1426,0.007564,2,2024-10-04 10:02:01,Medium,False,Fair
7175,24,3,6,1513,1566,1741,0.011633,4,2024-05-05 06:54:50,Medium,False,Good
7176,193,1,1,479,554,1044,0.00505,5,2024-02-02 19:43:29,Medium,True,Excellent
7177,381,4,6,581,866,1405,0.004546,4,2024-09-28 16:35:18,Medium,False,Good
7178,421,4,2,986,1484,691,0.00733,4,2024-11-22 20:03:24,Medium,True,Good
7179,416,2,1,595,518,1923,0.003887,4,2024-05-31 14:46:45,Medium,True,Excellent
7180,397,1,6,709,701,5208,0.00672,4,2024-12-09 22:09:07,Medium,True,Excellent
7181,447,4,3,486,542,4737,0.002788,3,2024-12-12 20:31:25,Medium,True,Good
7182,385,2,6,517,533,1951,0.004126,4,2024-02-18 03:17:01,Medium,True,Excellent
7183,11,4,9,3066,3721,1483,0.01702,5,2024-03-30 15:37:39,Complex,True,Good
7184,329,1,6,987,870,1663,0.009243,4,2024-09-16 01:14:57,Medium,True,Excellent
7185,57,5,1,607,556,3218,0.001642,4,2024-12-03 07:31:55,Medium,True,Good
7186,402,3,3,451,448,1326,0.002833,5,2024-02-13 21:00:12,Simple,True,Good
7187,399,1,2,600,926,2291,0.009405,5,2024-03-15 06:39:22,Medium,False,Excellent
7188,489,3,1,1271,1770,1129,0.013468,2,2024-07-05 08:18:35,Medium,True,Fair
7189,7,5,1,866,760,2199,0.002334,3,2024-06-19 10:57:43,Medium,True,Good
7190,65,4,5,436,413,1815,0.00202,4,2024-09-22 10:36:35,Simple,True,Good
7191,91,2,6,432,474,1250,0.003748,4,2024-07-30 18:31:09,Simple,False,Excellent
7192,367,1,1,4635,4000,1980,0.041526,3,2024-03-04 05:19:18,Complex,False,Good
7193,453,4,3,1009,975,3690,0.005249,3,2024-12-17 04:22:44,Medium,False,Good
7194,147,1,1,1087,1457,2053,0.013221,3,2024-06-12 01:25:18,Medium,True,Good
7195,256,1,3,1577,1475,1525,0.013673,3,2024-09-11 17:26:44,Medium,True,Good
7196,78,4,7,422,374,618,0.001973,5,2024-04-30 22:12:39,Simple,False,Good
7197,72,3,1,511,462,2988,0.003163,2,2024-01-11 08:55:32,Simple,False,Fair
7198,453,3,1,670,605,853,0.003977,5,2024-11-23 04:19:40,Medium,True,Good
7199,464,1,7,1391,1550,2204,0.016392,5,2024-09-24 03:18:20,Medium,True,Excellent
7200,105,4,4,1523,1360,6435,0.007152,4,2024-02-22 20:06:25,Medium,True,Good
7201,262,2,1,707,672,3264,0.005656,4,2024-08-18 21:09:23,Medium,True,Excellent
7202,401,1,3,991,830,5091,0.007656,4,2024-10-09 09:05:10,Medium,True,Excellent
7203,134,1,3,1426,1634,870,0.016656,4,2024-12-22 01:00:01,Medium,True,Excellent
7204,313,1,2,2073,2635,1112,0.023814,4,2024-11-06 07:47:22,Complex,True,Excellent
7205,374,4,2,645,574,886,0.002907,5,2024-01-24 20:58:08,Medium,True,Good
7206,427,1,2,559,595,1977,0.005771,4,2024-02-06 00:02:57,Medium,True,Excellent
7207,71,4,5,993,967,1966,0.004397,4,2024-09-01 12:54:25,Medium,True,Good
7208,342,1,7,2623,4000,596,0.04165,4,2024-02-04 20:43:20,Complex,True,Excellent
7209,400,2,2,2314,3835,613,0.0297,1,2024-02-20 04:11:37,Complex,True,Fair
7210,105,3,1,364,456,4418,0.003435,4,2024-08-28 19:52:03,Simple,True,Good
7211,301,4,9,749,910,1018,0.004833,5,2024-07-16 03:05:52,Medium,True,Good
7212,338,4,2,1041,963,718,0.004675,4,2024-01-11 01:55:55,Medium,True,Good
7213,1,1,6,726,610,739,0.006597,5,2024-01-03 09:59:42,Medium,True,Excellent
7214,334,1,1,3349,3270,2409,0.032374,2,2024-05-01 12:40:54,Complex,True,Fair
7215,355,1,6,601,698,5236,0.007224,5,2024-11-08 18:31:17,Medium,True,Excellent
7216,248,4,7,317,308,2639,0.001669,5,2024-06-16 03:02:30,Simple,False,Good
7217,395,3,6,573,879,704,0.006744,4,2024-07-14 07:09:33,Medium,True,Good
7218,416,1,6,755,1042,2304,0.010241,3,2024-05-05 10:57:45,Medium,True,Good
7219,236,4,1,804,779,2910,0.004027,3,2024-09-06 16:43:44,Medium,True,Good
7220,70,4,8,344,309,2129,0.001679,3,2024-07-19 19:18:29,Simple,True,Good
7221,260,1,1,375,561,1135,0.005148,5,2024-01-12 19:52:23,Medium,True,Excellent
7222,294,1,4,1256,1103,1483,0.011921,4,2024-02-09 03:23:52,Medium,True,Excellent
7223,380,2,6,813,1181,1027,0.009595,5,2024-06-18 02:06:35,Medium,True,Excellent
7224,141,1,5,705,649,1650,0.006076,4,2024-02-03 15:41:31,Medium,True,Excellent
7225,60,1,2,4506,3974,1051,0.039631,3,2024-02-14 22:10:03,Complex,True,Good
7226,93,4,9,1360,1723,823,0.008315,5,2024-11-04 12:04:13,Medium,True,Good
7227,350,1,6,3669,3643,2720,0.035136,1,2024-06-03 16:22:31,Complex,True,Fair
7228,437,4,2,347,419,3048,0.001941,5,2024-09-08 08:43:16,Simple,True,Good
7229,475,1,6,715,1042,1581,0.009631,5,2024-12-07 20:47:38,Medium,True,Excellent
7230,147,1,3,512,638,3076,0.006497,1,2024-09-24 05:55:35,Medium,True,Fair
7231,471,4,5,557,799,567,0.00375,2,2024-04-09 03:58:30,Medium,True,Fair
7232,5,1,1,2738,3866,1109,0.040887,2,2024-10-04 10:45:23,Complex,True,Fair
7233,369,1,1,856,742,739,0.007817,4,2024-11-07 15:48:31,Medium,True,Excellent
7234,127,4,1,2722,2672,1122,0.013141,4,2024-06-24 07:00:05,Complex,True,Good
7235,223,4,6,1613,2194,1694,0.01085,5,2024-07-11 22:26:09,Complex,True,Good
7236,447,4,7,462,669,2355,0.003237,3,2024-04-14 08:34:02,Medium,True,Good
7237,96,4,6,1399,1194,3370,0.006162,4,2024-04-15 15:01:45,Medium,True,Good
7238,213,4,1,380,513,839,0.00253,5,2024-02-02 17:28:44,Medium,True,Good
7239,489,2,3,1127,1349,1318,0.009931,4,2024-03-29 05:03:48,Medium,False,Excellent
7240,20,4,1,384,461,3067,0.002239,4,2024-04-07 20:02:18,Simple,True,Good
7241,470,4,2,1152,1015,1666,0.005301,3,2024-02-27 00:13:05,Medium,True,Good
7242,296,1,9,371,557,2230,0.005193,4,2024-07-28 20:47:24,Medium,True,Excellent
7243,87,2,4,511,427,1960,0.003487,3,2024-07-24 22:56:43,Simple,True,Good
7244,365,1,2,1056,1043,1555,0.010967,4,2024-11-01 18:02:57,Medium,True,Excellent
7245,236,3,6,388,402,1477,0.003001,3,2024-05-24 23:41:27,Simple,True,Good
7246,377,1,5,607,601,507,0.006196,4,2024-06-29 19:04:23,Medium,True,Excellent
7247,102,4,7,537,739,2390,0.003912,5,2024-11-30 21:51:36,Medium,True,Good
7248,441,1,8,893,784,511,0.007646,4,2024-03-28 09:17:36,Medium,True,Excellent
7249,180,1,9,757,696,974,0.006376,3,2024-08-31 14:20:17,Medium,True,Good
7250,125,1,1,887,1159,1319,0.011515,4,2024-03-18 18:30:09,Medium,True,Excellent
7251,498,3,6,1859,2076,2733,0.013588,4,2024-09-03 05:48:25,Complex,True,Good
7252,21,1,3,1173,991,1493,0.010697,5,2024-12-14 13:50:30,Medium,True,Excellent
7253,22,3,1,322,379,2198,0.002855,5,2024-01-08 03:02:51,Simple,True,Good
7254,50,4,3,186,278,1573,0.001424,4,2024-08-06 02:56:21,Simple,True,Good
7255,331,4,7,1056,1078,2466,0.005479,5,2024-07-13 05:51:28,Medium,True,Good
7256,292,5,1,1262,1126,921,0.003315,4,2024-09-05 12:19:47,Medium,True,Good
7257,131,1,1,1578,1866,1170,0.017855,4,2024-07-15 10:04:09,Medium,True,Excellent
7258,223,4,6,585,497,1192,0.002676,4,2024-08-02 18:29:26,Simple,True,Good
7259,19,4,2,243,280,1028,0.001273,4,2024-11-28 17:24:31,Simple,True,Good
7260,100,4,8,416,496,6456,0.002587,4,2024-04-24 09:00:41,Simple,True,Good
7261,433,1,1,684,677,2392,0.006825,3,2024-07-09 17:53:11,Medium,False,Good
7262,316,4,1,905,1040,2131,0.004822,1,2024-05-25 16:33:34,Medium,True,Fair
7263,306,4,2,2643,3008,911,0.013648,3,2024-11-30 05:40:53,Complex,False,Good
7264,201,4,2,1207,1562,1033,0.007596,2,2024-03-20 13:53:41,Medium,False,Fair
7265,421,2,2,1110,1451,1648,0.011626,4,2024-05-04 03:18:55,Medium,True,Excellent
7266,98,4,1,103,144,780,0.000774,4,2024-10-16 07:12:00,Simple,True,Good
7267,305,3,6,890,847,1182,0.006357,4,2024-12-06 17:41:50,Medium,False,Good
7268,234,3,1,1143,1400,3494,0.008835,4,2024-04-21 17:25:36,Medium,True,Good
7269,279,4,1,650,770,2543,0.004045,5,2024-08-24 22:10:57,Medium,True,Good
7270,222,4,2,258,363,1096,0.001656,4,2024-03-08 13:19:26,Simple,True,Good
7271,475,4,2,388,523,684,0.002605,5,2024-07-02 12:41:01,Medium,False,Good
7272,39,1,2,470,456,2816,0.004182,4,2024-01-24 07:18:52,Simple,True,Excellent
7273,500,4,4,1994,1880,500,0.008727,3,2024-12-08 16:47:12,Medium,True,Good
7274,202,5,8,1031,1022,2272,0.003327,3,2024-09-01 00:33:16,Medium,False,Good
7275,331,4,5,2180,2435,3118,0.011464,3,2024-10-14 05:33:58,Complex,False,Good
7276,32,4,3,1369,1772,2225,0.008601,3,2024-03-14 06:40:11,Medium,True,Good
7277,87,4,3,937,819,4026,0.004167,3,2024-04-26 01:37:20,Medium,True,Good
7278,76,4,1,344,301,3711,0.001411,2,2024-09-14 14:26:10,Simple,True,Fair
7279,465,1,6,261,355,3416,0.00334,3,2024-01-17 11:13:19,Simple,True,Good
7280,229,4,1,1189,1623,4502,0.008784,3,2024-04-18 00:42:04,Medium,True,Good
7281,202,5,8,311,480,1499,0.001354,4,2024-01-05 13:30:06,Simple,True,Good
7282,172,4,3,1310,1895,5572,0.008978,3,2024-01-25 16:22:21,Medium,True,Good
7283,179,5,1,1892,1722,1243,0.005521,4,2024-08-11 14:13:25,Medium,False,Good
7284,130,4,6,604,697,2677,0.003327,3,2024-12-08 02:15:45,Medium,False,Good
7285,253,1,6,351,492,1774,0.005258,3,2024-06-25 17:38:43,Simple,True,Good
7286,283,4,2,2291,2534,1808,0.013022,4,2024-08-17 05:25:05,Complex,True,Good
7287,84,4,7,859,1337,2422,0.006965,4,2024-09-28 11:08:17,Medium,True,Good
7288,430,2,2,415,425,1944,0.003484,4,2024-07-25 00:45:13,Simple,False,Excellent
7289,458,1,3,446,408,2473,0.004013,5,2024-08-20 21:55:08,Simple,True,Excellent
7290,256,4,9,1658,2406,840,0.01148,4,2024-10-24 04:17:10,Complex,True,Good
7291,169,5,2,4652,4000,2849,0.012711,4,2024-05-25 23:23:31,Complex,True,Good
7292,434,2,1,785,708,1267,0.005637,5,2024-05-19 11:05:11,Medium,True,Excellent
7293,384,1,7,722,882,1866,0.008716,3,2024-04-03 08:42:45,Medium,True,Good
7294,452,1,2,681,993,1671,0.009515,5,2024-06-23 02:44:49,Medium,True,Excellent
7295,54,2,2,335,375,1668,0.003138,2,2024-09-28 07:53:06,Simple,False,Fair
7296,121,1,6,839,709,2660,0.007089,4,2024-11-29 13:15:32,Medium,True,Excellent
7297,406,5,6,854,1057,2386,0.003126,2,2024-05-05 06:58:36,Medium,False,Fair
7298,294,4,8,399,390,5194,0.002104,4,2024-04-22 08:27:04,Simple,True,Good
7299,304,4,7,424,478,2052,0.002224,5,2024-02-14 20:00:12,Simple,True,Good
7300,486,3,1,1623,1408,636,0.010101,3,2024-03-21 23:02:37,Medium,True,Good
7301,273,4,2,888,967,1962,0.004604,1,2024-10-17 07:57:15,Medium,True,Fair
7302,471,5,3,2678,2789,7627,0.008481,4,2024-04-10 03:35:21,Complex,True,Good
7303,53,4,1,290,420,1155,0.001897,2,2024-09-09 16:05:20,Simple,True,Fair
7304,280,1,5,1159,1436,500,0.01303,4,2024-11-12 15:58:35,Medium,True,Excellent
7305,194,1,6,730,1046,1626,0.011501,5,2024-08-02 22:40:23,Medium,True,Excellent
7306,248,3,1,381,388,3772,0.00283,4,2024-04-19 15:30:09,Simple,False,Good
7307,122,1,1,1250,1103,12000,0.010118,5,2024-02-07 08:47:44,Medium,True,Excellent
7308,408,2,4,2102,2725,3170,0.02039,4,2024-04-24 10:23:22,Complex,True,Excellent
7309,368,4,3,973,950,4268,0.005109,3,2024-03-30 15:06:11,Medium,True,Good
7310,189,5,3,223,221,534,0.000606,5,2024-06-10 06:15:37,Simple,True,Good
7311,443,2,5,503,670,2982,0.00522,5,2024-07-27 14:53:27,Medium,True,Excellent
7312,179,5,1,1186,1207,2028,0.003679,5,2024-01-09 12:05:47,Medium,True,Good
7313,355,4,1,910,1151,1865,0.005716,4,2024-12-22 14:35:52,Medium,True,Good
7314,455,3,6,1147,1178,1701,0.008833,4,2024-07-08 02:48:34,Medium,False,Good
7315,138,1,7,2049,2727,1128,0.028583,1,2024-12-05 02:44:09,Complex,False,Fair
7316,308,2,8,820,1211,5942,0.010242,3,2024-03-17 23:34:26,Medium,False,Good
7317,100,1,8,1006,991,827,0.009736,4,2024-12-27 10:28:12,Medium,True,Excellent
7318,102,1,7,1853,2466,969,0.026364,4,2024-11-22 22:56:50,Complex,True,Excellent
7319,289,1,1,1610,1450,4127,0.013203,3,2024-11-27 08:54:13,Medium,True,Good
7320,5,1,6,1723,2061,2223,0.021918,5,2024-06-19 23:26:21,Complex,True,Excellent
7321,190,4,9,646,855,1579,0.004016,4,2024-04-10 16:27:52,Medium,True,Good
7322,280,1,9,1124,1038,2403,0.011312,3,2024-12-19 15:54:33,Medium,True,Good
7323,488,1,2,401,339,4332,0.00354,4,2024-12-16 04:04:59,Simple,True,Excellent
7324,163,1,3,1721,1863,2028,0.020128,4,2024-12-11 00:58:31,Medium,True,Excellent
7325,10,5,8,247,210,1463,0.000668,4,2024-05-09 19:24:47,Simple,False,Good
7326,121,1,3,518,800,2374,0.008187,3,2024-06-23 21:53:34,Medium,True,Good
7327,263,2,1,601,762,1443,0.006038,5,2024-07-16 12:46:57,Medium,True,Excellent
7328,478,4,9,1092,1285,1354,0.005861,3,2024-05-27 23:37:57,Medium,True,Good
7329,299,4,1,68,106,1332,0.000544,4,2024-02-15 12:45:40,Simple,True,Good
7330,31,1,6,1087,1147,1122,0.011493,3,2024-04-23 13:26:23,Medium,True,Good
7331,469,2,2,1077,1436,4375,0.012278,3,2024-09-01 15:35:08,Medium,False,Good
7332,277,4,1,735,1007,2108,0.005056,4,2024-10-31 18:18:26,Medium,True,Good
7333,59,4,3,194,242,1975,0.001251,3,2024-08-18 14:05:01,Simple,True,Good
7334,177,2,6,2319,2541,3259,0.021467,3,2024-10-10 08:20:14,Complex,True,Good
7335,261,2,7,555,716,2393,0.005961,1,2024-01-21 02:03:50,Medium,False,Fair
7336,320,1,7,198,306,1727,0.003117,3,2024-09-23 07:01:53,Simple,True,Good
7337,207,2,1,1894,2288,973,0.019752,4,2024-01-12 04:40:30,Complex,True,Excellent
7338,89,1,1,373,617,1096,0.006559,1,2024-03-03 23:06:50,Medium,True,Fair
7339,201,1,2,532,462,5405,0.004272,5,2024-10-02 02:08:06,Simple,True,Excellent
7340,195,3,5,860,1390,2756,0.009239,5,2024-12-06 20:26:36,Medium,True,Good
7341,479,3,1,318,495,2718,0.003179,5,2024-08-31 13:10:31,Simple,True,Good
7342,238,2,5,305,319,1091,0.00238,4,2024-03-28 13:31:15,Simple,True,Excellent
7343,344,1,6,334,553,1301,0.005301,4,2024-02-03 00:24:30,Medium,True,Excellent
7344,367,4,2,96,124,1211,0.00058,4,2024-05-21 22:01:43,Simple,True,Good
7345,189,4,9,881,1341,1480,0.006399,5,2024-07-14 23:56:58,Medium,True,Good
7346,52,4,3,499,695,2443,0.003746,5,2024-07-08 09:40:04,Medium,True,Good
7347,475,4,1,681,745,2254,0.003502,4,2024-08-03 08:01:28,Medium,True,Good
7348,235,4,7,1399,1400,1053,0.007066,5,2024-02-07 23:09:51,Medium,False,Good
7349,248,4,1,749,950,1180,0.004831,4,2024-10-07 03:24:38,Medium,False,Good
7350,280,2,4,1415,1506,1651,0.013216,5,2024-03-22 10:45:25,Medium,True,Excellent
7351,382,1,6,1196,1742,706,0.017462,5,2024-11-30 17:55:12,Medium,True,Excellent
7352,343,1,3,1451,2417,2920,0.022444,3,2024-02-11 02:49:53,Complex,True,Good
7353,75,3,6,376,470,2718,0.003283,3,2024-10-26 08:25:59,Simple,True,Good
7354,375,5,2,858,1109,5039,0.003025,2,2024-03-05 15:04:14,Medium,False,Fair
7355,462,1,7,176,292,1765,0.002782,4,2024-02-09 20:55:09,Simple,True,Excellent
7356,315,1,3,1421,1291,3181,0.011808,4,2024-03-08 05:14:02,Medium,True,Excellent
7357,283,1,6,2265,1976,1831,0.021285,5,2024-12-21 13:57:50,Medium,True,Excellent
7358,129,2,6,189,311,536,0.00247,4,2024-02-28 03:45:57,Simple,True,Excellent
7359,424,4,6,613,571,1670,0.002934,2,2024-01-12 21:06:04,Medium,True,Fair
7360,262,4,6,241,293,2927,0.001362,2,2024-11-18 15:48:42,Simple,True,Fair
7361,467,4,2,926,1260,1169,0.006692,5,2024-02-27 12:04:18,Medium,False,Good
7362,235,5,9,1480,1932,3695,0.005902,5,2024-07-01 11:08:46,Medium,False,Good
7363,255,3,1,649,553,3329,0.004152,5,2024-06-20 01:43:55,Medium,False,Good
7364,266,1,1,1240,1069,2085,0.01002,4,2024-08-05 04:16:42,Medium,True,Excellent
7365,397,2,1,421,518,2532,0.004408,3,2024-06-25 06:24:49,Medium,True,Good
7366,350,4,7,1317,2143,1848,0.011743,3,2024-07-11 23:07:14,Complex,False,Good
7367,461,2,6,269,389,1259,0.002981,4,2024-11-04 10:56:43,Simple,True,Excellent
7368,385,4,3,479,708,1067,0.003873,5,2024-07-26 22:58:58,Medium,True,Good
7369,75,3,2,1777,1583,1519,0.010663,4,2024-05-15 19:36:41,Medium,True,Good
7370,307,2,2,814,743,1051,0.005495,4,2024-12-01 03:51:14,Medium,True,Excellent
7371,5,4,2,976,841,1622,0.003803,4,2024-12-24 00:39:42,Medium,False,Good
7372,296,1,3,692,822,1061,0.008863,4,2024-01-14 05:33:44,Medium,True,Excellent
7373,32,1,9,558,479,1133,0.004325,4,2024-04-13 04:06:49,Simple,True,Excellent
7374,364,2,1,884,950,3440,0.007795,3,2024-06-14 15:24:05,Medium,False,Good
7375,213,4,2,870,785,1201,0.003705,5,2024-03-28 18:37:41,Medium,False,Good
7376,400,4,2,711,937,4945,0.004925,4,2024-03-16 20:21:16,Medium,False,Good
7377,50,4,4,617,564,1162,0.002657,4,2024-11-15 17:00:07,Medium,True,Good
7378,44,4,2,1746,2413,1825,0.012647,1,2024-02-11 14:10:44,Complex,True,Fair
7379,133,4,6,873,898,1914,0.004465,4,2024-01-28 04:14:23,Medium,True,Good
7380,120,1,3,592,497,2994,0.005226,3,2024-07-16 23:40:26,Simple,True,Good
7381,418,4,8,742,745,2551,0.004077,3,2024-03-23 12:32:08,Medium,True,Good
7382,150,3,5,437,434,547,0.003197,5,2024-12-24 15:18:13,Simple,True,Good
7383,64,4,2,246,241,2423,0.001152,4,2024-02-08 18:47:50,Simple,True,Good
7384,238,2,7,4374,3794,1238,0.031688,5,2024-06-11 01:55:30,Complex,True,Excellent
7385,259,1,8,996,895,1324,0.009446,4,2024-04-23 02:02:27,Medium,True,Excellent
7386,444,1,7,1250,1183,1961,0.012626,3,2024-03-03 04:09:27,Medium,True,Good
7387,362,4,1,931,1499,1682,0.007054,3,2024-06-23 04:35:14,Medium,True,Good
7388,400,1,1,883,792,3143,0.007213,4,2024-01-23 16:03:33,Medium,True,Excellent
7389,387,4,4,1277,1078,2172,0.005063,2,2024-11-15 13:07:53,Medium,True,Fair
7390,484,1,6,403,670,1205,0.006063,3,2024-02-28 08:18:01,Medium,True,Good
7391,26,2,1,1215,1708,3501,0.013267,3,2024-02-27 06:46:08,Medium,True,Good
7392,263,1,6,642,622,1045,0.006689,3,2024-01-04 16:50:33,Medium,True,Good
7393,284,4,6,899,901,2086,0.004883,4,2024-12-03 22:09:51,Medium,True,Good
7394,500,1,6,419,637,1606,0.006429,2,2024-11-11 18:55:10,Medium,True,Fair
7395,160,4,6,1109,983,951,0.004713,5,2024-06-24 08:24:42,Medium,True,Good
7396,124,1,1,297,270,2096,0.002818,4,2024-12-30 19:59:45,Simple,True,Excellent
7397,307,4,7,951,1398,679,0.006696,5,2024-11-25 11:52:43,Medium,True,Good
7398,384,4,9,1334,1740,1188,0.008088,3,2024-04-05 08:30:13,Medium,True,Good
7399,276,4,1,1609,1566,2386,0.00714,4,2024-09-25 22:03:10,Medium,True,Good
7400,27,1,2,764,971,2477,0.009271,5,2024-08-22 20:37:45,Medium,False,Excellent
7401,416,1,1,920,1286,3831,0.013065,5,2024-11-01 20:48:23,Medium,True,Excellent
7402,395,1,2,628,857,1584,0.008361,4,2024-04-23 03:35:02,Medium,True,Excellent
7403,284,1,8,4095,4000,2557,0.041435,5,2024-05-09 23:12:03,Complex,True,Excellent
7404,119,1,4,950,794,1332,0.008527,4,2024-09-25 04:59:35,Medium,True,Excellent
7405,397,1,2,2466,3650,1292,0.034001,2,2024-06-05 17:21:30,Complex,False,Fair
7406,376,4,2,502,421,3559,0.002267,5,2024-02-07 22:42:25,Simple,True,Good
7407,108,1,2,742,677,4021,0.00629,4,2024-03-08 05:54:18,Medium,True,Excellent
7408,305,5,3,244,219,2080,0.000677,5,2024-05-14 09:38:08,Simple,True,Good
7409,403,1,2,499,601,1187,0.005512,1,2024-11-23 04:08:50,Medium,True,Fair
7410,111,4,7,250,405,817,0.002028,4,2024-12-10 12:48:27,Simple,True,Good
7411,293,2,2,1133,1001,2628,0.008556,4,2024-04-23 22:53:15,Medium,True,Excellent
7412,119,4,7,606,802,789,0.004197,2,2024-12-24 22:17:00,Medium,False,Fair
7413,79,1,1,462,507,593,0.005414,2,2024-02-25 17:37:40,Medium,True,Fair
7414,385,4,9,2288,1937,2630,0.009515,4,2024-08-25 22:35:51,Medium,False,Good
7415,350,4,6,1377,1216,2267,0.006591,4,2024-04-18 05:09:29,Medium,True,Good
7416,39,4,1,2873,2557,3143,0.012507,4,2024-02-14 21:46:36,Complex,True,Good
7417,50,5,9,1185,1132,2385,0.003671,5,2024-06-04 18:51:58,Medium,False,Good
7418,378,2,7,351,539,2948,0.004742,4,2024-08-16 15:06:14,Medium,True,Excellent
7419,45,4,7,896,908,1334,0.004214,5,2024-07-22 19:21:18,Medium,True,Good
7420,288,1,9,940,956,4073,0.008746,3,2024-10-22 04:26:48,Medium,True,Good
7421,156,4,2,568,496,3042,0.00234,5,2024-09-07 15:14:40,Simple,True,Good
7422,52,1,9,1076,1511,657,0.016164,4,2024-01-06 04:46:57,Medium,True,Excellent
7423,106,1,1,559,783,1281,0.007597,2,2024-06-04 18:58:30,Medium,True,Fair
7424,145,4,1,445,534,1048,0.002497,3,2024-05-22 07:44:15,Medium,False,Good
7425,302,1,5,326,389,2465,0.004078,3,2024-10-10 15:25:10,Simple,True,Good
7426,208,2,2,191,272,1869,0.002229,2,2024-11-21 16:09:42,Simple,True,Fair
7427,263,2,2,354,422,1639,0.003483,4,2024-02-23 01:23:49,Simple,True,Excellent
7428,385,5,5,1861,3000,6873,0.008281,5,2024-12-18 08:38:19,Complex,True,Good
7429,434,1,2,324,507,5149,0.005432,2,2024-08-06 20:54:38,Medium,True,Fair
7430,385,1,4,1193,1179,810,0.011624,4,2024-10-05 08:09:48,Medium,True,Excellent
7431,112,4,2,2114,2376,1484,0.011315,4,2024-07-26 16:40:56,Complex,True,Good
7432,434,4,2,1291,1552,1344,0.007892,3,2024-09-09 05:16:40,Medium,False,Good
7433,7,1,1,361,451,7650,0.004644,4,2024-06-28 07:36:17,Simple,True,Excellent
7434,136,2,6,849,1145,1170,0.008384,4,2024-08-05 18:28:36,Medium,True,Excellent
7435,476,5,2,1348,1337,1911,0.003682,2,2024-09-02 20:56:40,Medium,False,Fair
7436,49,1,8,350,383,2038,0.004201,4,2024-10-18 12:26:23,Simple,False,Excellent
7437,465,4,3,618,898,1421,0.004636,3,2024-01-09 01:19:21,Medium,False,Good
7438,119,4,3,1760,2078,2747,0.01079,4,2024-03-18 18:54:28,Complex,True,Good
7439,136,4,2,526,520,2813,0.002657,4,2024-05-20 01:06:44,Medium,True,Good
7440,409,2,1,908,1167,2054,0.009498,5,2024-01-23 02:53:17,Medium,True,Excellent
7441,228,1,2,1694,1843,1294,0.017468,4,2024-02-20 03:20:18,Medium,True,Excellent
7442,359,4,4,2862,4000,1226,0.01825,3,2024-01-19 05:21:23,Complex,True,Good
7443,147,1,3,481,574,2546,0.00527,4,2024-10-10 02:19:01,Medium,True,Excellent
7444,55,4,1,1850,2009,1185,0.010311,5,2024-08-17 19:30:47,Complex,True,Good
7445,296,2,4,304,312,1533,0.002406,3,2024-03-12 05:09:44,Simple,False,Good
7446,229,4,2,798,832,1429,0.003903,4,2024-09-18 09:17:46,Medium,True,Good
7447,373,4,1,400,591,12000,0.002873,5,2024-08-02 10:34:48,Medium,False,Good
7448,93,4,7,2597,2230,1616,0.011829,3,2024-05-04 22:34:35,Complex,True,Good
7449,80,2,2,1441,1344,1159,0.01182,3,2024-09-15 00:29:47,Medium,True,Good
7450,130,1,1,346,538,577,0.004863,5,2024-01-15 05:58:30,Medium,True,Excellent
7451,55,4,2,1051,1613,1342,0.007972,4,2024-11-10 11:35:44,Medium,True,Good
7452,32,1,9,753,684,2240,0.006583,5,2024-03-16 20:55:00,Medium,True,Excellent
7453,443,1,1,4700,4000,2090,0.03848,5,2024-05-21 16:54:54,Complex,True,Excellent
7454,113,5,2,724,933,1441,0.002948,4,2024-11-02 02:44:14,Medium,True,Good
7455,219,5,2,712,671,1454,0.002038,4,2024-02-05 00:11:18,Medium,True,Good
7456,43,4,4,570,603,2072,0.00297,4,2024-07-23 01:29:01,Medium,True,Good
7457,430,2,3,845,792,1224,0.006117,3,2024-06-21 06:01:18,Medium,False,Good
7458,436,4,2,1536,1601,6769,0.007402,4,2024-08-30 13:09:09,Medium,True,Good
7459,478,1,8,3608,3558,2840,0.032484,5,2024-05-07 06:12:56,Complex,True,Excellent
7460,319,4,1,953,1199,2252,0.005421,4,2024-08-22 21:47:10,Medium,True,Good
7461,171,2,4,587,892,1765,0.007339,4,2024-04-06 23:59:30,Medium,True,Excellent
7462,356,1,1,1112,1608,2061,0.014538,4,2024-02-23 08:57:11,Medium,True,Excellent
7463,395,4,6,1018,1118,4696,0.006017,3,2024-09-29 11:28:39,Medium,True,Good
7464,357,2,1,782,1019,2724,0.008696,3,2024-12-05 22:33:26,Medium,True,Good
7465,460,2,1,753,791,764,0.006913,5,2024-04-28 20:46:05,Medium,False,Excellent
7466,470,4,4,901,877,2093,0.004351,4,2024-10-10 13:08:25,Medium,True,Good
7467,370,1,3,252,349,1548,0.003838,5,2024-09-13 08:33:27,Simple,True,Excellent
7468,466,1,2,1060,1024,3302,0.010143,2,2024-03-31 03:46:44,Medium,False,Fair
7469,442,4,1,472,733,1730,0.003843,4,2024-02-05 22:57:04,Medium,True,Good
7470,134,4,5,297,256,3843,0.00123,2,2024-11-28 04:51:28,Simple,True,Fair
7471,267,1,7,1146,1792,1411,0.017969,3,2024-12-10 16:33:02,Medium,False,Good
7472,152,5,1,1154,1380,1158,0.004115,4,2024-06-12 19:39:29,Medium,False,Good
7473,90,1,1,1458,1920,2846,0.020209,3,2024-05-28 01:23:23,Medium,True,Good
7474,87,5,2,1023,1017,1893,0.003281,4,2024-07-21 04:24:54,Medium,False,Good
7475,394,4,9,672,564,1474,0.002618,5,2024-07-09 21:19:45,Medium,True,Good
7476,359,1,5,1676,1448,1780,0.013574,4,2024-11-24 13:57:53,Medium,True,Excellent
7477,403,4,1,185,305,1167,0.001564,4,2024-02-28 23:08:22,Simple,True,Good
7478,49,1,7,672,751,500,0.007689,2,2024-12-05 09:20:02,Medium,False,Fair
7479,86,1,1,815,779,1416,0.007981,4,2024-07-29 11:33:48,Medium,False,Excellent
7480,355,3,2,998,946,500,0.006713,4,2024-10-30 19:50:02,Medium,True,Good
7481,18,4,5,785,669,4183,0.003343,5,2024-08-24 11:39:15,Medium,True,Good
7482,274,1,1,634,814,2403,0.00827,5,2024-02-02 15:11:54,Medium,True,Excellent
7483,484,3,3,126,211,3464,0.001389,4,2024-10-10 18:41:31,Simple,True,Good
7484,266,4,2,2212,1862,4767,0.010081,1,2024-07-01 16:49:03,Medium,True,Fair
7485,219,4,1,720,800,3122,0.003684,2,2024-10-04 23:22:30,Medium,True,Fair
7486,127,2,6,1253,1718,2221,0.014183,5,2024-06-12 16:18:30,Medium,True,Excellent
7487,251,1,2,213,231,1579,0.002302,4,2024-04-30 04:57:46,Simple,True,Excellent
7488,19,4,6,447,484,1149,0.002367,4,2024-01-07 10:44:03,Simple,True,Good
7489,135,1,9,1388,1364,5098,0.01491,3,2024-03-07 10:09:32,Medium,True,Good
7490,276,5,6,1723,1452,1772,0.004332,4,2024-08-05 09:24:13,Medium,True,Good
7491,291,4,4,869,746,10436,0.003524,5,2024-01-01 22:26:15,Medium,True,Good
7492,56,2,2,603,510,1950,0.003935,3,2024-03-22 13:35:21,Medium,True,Good
7493,365,2,7,439,392,2049,0.002923,4,2024-12-14 03:44:09,Simple,True,Excellent
7494,363,3,6,949,1124,1410,0.0077,4,2024-01-26 12:19:28,Medium,True,Good
7495,127,4,6,2051,1721,2293,0.009313,4,2024-07-14 08:31:49,Medium,False,Good
7496,115,4,2,392,418,1659,0.001974,4,2024-08-20 04:09:16,Simple,True,Good
7497,54,1,2,1696,2163,778,0.022189,3,2024-05-27 13:46:00,Complex,False,Good
7498,467,4,6,745,1072,2048,0.005136,5,2024-11-06 03:42:54,Medium,True,Good
7499,141,1,4,450,490,734,0.00482,4,2024-08-18 19:53:56,Simple,True,Excellent
7500,370,1,1,1403,1763,6832,0.017029,2,2024-04-25 10:37:14,Medium,True,Fair
7501,171,4,3,674,580,3964,0.00285,1,2024-09-09 07:35:28,Medium,True,Fair
7502,270,4,5,3867,3234,884,0.015936,4,2024-06-04 14:57:53,Complex,True,Good
7503,419,2,5,151,214,1864,0.001628,4,2024-03-21 16:49:51,Simple,True,Excellent
7504,86,1,4,253,242,642,0.002372,3,2024-02-08 21:27:04,Simple,False,Good
7505,286,2,3,1094,1332,854,0.011463,3,2024-04-23 07:12:32,Medium,True,Good
7506,219,1,1,677,987,4292,0.010086,5,2024-12-28 09:41:23,Medium,True,Excellent
7507,294,4,8,1724,1622,5116,0.008453,4,2024-10-05 20:33:21,Medium,False,Good
7508,253,2,6,495,800,1057,0.006831,3,2024-08-09 04:23:35,Medium,True,Good
7509,115,4,1,374,591,2312,0.00312,4,2024-11-27 04:15:41,Medium,True,Good
7510,216,1,1,1535,1989,1788,0.018696,5,2024-01-05 10:27:03,Medium,True,Excellent
7511,163,1,5,372,468,2826,0.004402,4,2024-12-26 21:13:49,Simple,True,Excellent
7512,234,1,6,1073,1136,1887,0.010565,2,2024-07-11 05:58:35,Medium,True,Fair
7513,394,3,7,936,941,3124,0.006271,4,2024-12-24 20:28:06,Medium,True,Good
7514,286,1,3,362,590,948,0.006485,3,2024-07-19 17:57:30,Medium,True,Good
7515,62,1,3,344,435,1893,0.004234,5,2024-06-14 05:19:12,Simple,True,Excellent
7516,218,1,9,869,1197,2915,0.011422,5,2024-01-11 18:58:38,Medium,True,Excellent
7517,14,2,1,691,586,2503,0.005033,4,2024-12-04 19:05:50,Medium,False,Excellent
7518,467,2,2,489,496,864,0.003684,4,2024-08-05 07:23:59,Simple,True,Excellent
7519,4,3,1,1228,1590,500,0.012,5,2024-12-29 17:28:02,Medium,True,Good
7520,341,3,2,2173,3536,2343,0.025929,5,2024-01-09 00:10:21,Complex,True,Good
7521,197,1,1,633,599,2830,0.006428,4,2024-04-22 11:57:46,Medium,True,Excellent
7522,491,1,2,240,339,899,0.003724,5,2024-12-19 19:01:19,Simple,True,Excellent
7523,123,4,6,317,502,1621,0.002677,2,2024-06-28 12:45:11,Medium,True,Fair
7524,238,3,4,254,409,1432,0.00313,5,2024-02-07 01:11:15,Simple,False,Good
7525,238,1,9,772,1128,1742,0.011137,5,2024-05-31 14:12:17,Medium,True,Excellent
7526,293,3,2,880,1010,1731,0.007066,2,2024-06-03 17:56:55,Medium,True,Fair
7527,278,4,2,507,749,1371,0.004019,5,2024-02-17 10:45:33,Medium,True,Good
7528,111,4,1,1260,1312,4934,0.006828,5,2024-01-14 11:15:55,Medium,True,Good
7529,294,3,8,167,239,2092,0.001641,5,2024-10-01 06:45:40,Simple,False,Good
7530,273,1,1,685,706,1666,0.006375,5,2024-09-02 16:33:09,Medium,True,Excellent
7531,106,1,1,596,521,2133,0.00538,1,2024-04-26 17:18:25,Medium,False,Fair
7532,330,2,7,699,640,1127,0.005325,4,2024-06-21 01:58:14,Medium,True,Excellent
7533,164,4,2,261,332,2049,0.001591,4,2024-05-16 01:01:42,Simple,True,Good
7534,390,1,6,764,992,5801,0.010718,4,2024-01-08 20:06:29,Medium,True,Excellent
7535,160,1,6,647,687,2126,0.006507,3,2024-06-15 10:09:29,Medium,True,Good
7536,14,2,8,1166,1821,1361,0.015534,3,2024-05-29 06:13:10,Medium,True,Good
7537,362,1,3,676,992,3704,0.009339,4,2024-01-05 09:03:44,Medium,True,Excellent
7538,243,1,2,714,696,2741,0.00692,4,2024-12-15 00:45:25,Medium,False,Excellent
7539,199,5,3,726,1026,1288,0.003281,3,2024-11-24 11:54:25,Medium,True,Good
7540,277,3,2,325,325,1899,0.002224,4,2024-11-05 16:56:48,Simple,True,Good
7541,384,3,5,261,228,1688,0.001698,3,2024-04-27 19:43:48,Simple,True,Good
7542,294,1,4,1103,922,1394,0.010044,5,2024-06-24 16:25:41,Medium,True,Excellent
7543,499,5,1,453,547,2230,0.001501,4,2024-05-01 02:32:49,Medium,True,Good
7544,132,4,7,236,229,1002,0.001201,5,2024-09-19 15:57:04,Simple,True,Good
7545,138,4,3,168,250,1782,0.001223,5,2024-12-24 04:07:28,Simple,True,Good
7546,313,1,1,587,732,2726,0.007452,4,2024-10-17 09:16:33,Medium,True,Excellent
7547,197,3,2,1525,2361,3716,0.015157,3,2024-01-08 04:17:58,Complex,True,Good
7548,89,5,1,375,323,1724,0.001057,4,2024-07-21 22:48:44,Simple,True,Good
7549,156,4,6,1400,2246,500,0.010323,4,2024-12-01 10:27:53,Complex,True,Good
7550,192,4,1,1042,1193,2691,0.005901,4,2024-11-19 06:01:01,Medium,True,Good
7551,277,4,2,690,958,2713,0.005024,5,2024-04-25 20:41:19,Medium,False,Good
7552,450,1,2,241,375,1395,0.0036,3,2024-04-04 14:27:17,Simple,True,Good
7553,37,2,3,259,242,2508,0.001891,2,2024-05-10 07:25:21,Simple,False,Fair
7554,30,2,1,2058,2472,1348,0.018008,4,2024-11-08 11:24:59,Complex,True,Excellent
7555,182,4,2,533,888,2872,0.004847,3,2024-05-29 12:55:44,Medium,True,Good
7556,110,3,2,1168,1159,2344,0.008724,4,2024-05-31 04:42:17,Medium,True,Good
7557,90,2,1,565,786,1461,0.005889,5,2024-01-17 16:27:43,Medium,True,Excellent
7558,54,3,1,1276,1536,1804,0.010495,2,2024-08-30 23:18:36,Medium,False,Fair
7559,312,2,7,360,523,2748,0.004253,3,2024-03-14 18:14:00,Medium,True,Good
7560,102,4,9,1086,1618,5367,0.008367,4,2024-08-17 15:36:11,Medium,True,Good
7561,63,4,2,1151,1533,1196,0.007448,4,2024-10-13 02:32:38,Medium,True,Good
7562,303,1,1,475,489,2766,0.005238,4,2024-05-09 01:57:11,Simple,True,Excellent
7563,339,5,4,725,1207,3261,0.003923,4,2024-03-02 15:36:43,Medium,False,Good
7564,138,4,7,2507,2667,923,0.012211,4,2024-10-07 22:48:17,Complex,True,Good
7565,306,1,1,723,1169,1814,0.010653,4,2024-08-30 04:03:34,Medium,True,Excellent
7566,13,1,2,1107,928,1610,0.00946,3,2024-08-21 23:46:22,Medium,True,Good
7567,143,4,9,362,370,4769,0.001985,1,2024-01-12 02:04:59,Simple,False,Fair
7568,417,4,2,915,1206,3975,0.005675,4,2024-07-12 07:44:37,Medium,True,Good
7569,236,3,6,1993,2333,1053,0.014952,1,2024-08-26 01:41:51,Complex,True,Fair
7570,157,1,3,671,741,6377,0.007392,3,2024-06-10 14:42:11,Medium,True,Good
7571,459,1,7,389,551,2438,0.005873,4,2024-07-23 04:47:05,Medium,True,Excellent
7572,315,1,8,2885,3225,6004,0.030012,5,2024-03-28 11:15:30,Complex,True,Excellent
7573,356,4,6,833,1026,1349,0.00511,3,2024-03-29 15:40:21,Medium,True,Good
7574,465,1,2,410,372,503,0.003387,2,2024-10-27 03:55:14,Simple,True,Fair
7575,90,1,6,1462,2112,953,0.021924,3,2024-08-05 21:19:30,Complex,False,Good
7576,160,1,9,208,336,1304,0.003039,5,2024-12-21 12:05:03,Simple,True,Excellent
7577,353,4,3,2775,2498,1603,0.012006,4,2024-04-05 14:56:50,Complex,True,Good
7578,86,4,8,1079,1209,1243,0.005968,4,2024-06-13 22:36:32,Medium,True,Good
7579,323,4,3,1671,1444,2186,0.007334,4,2024-04-20 09:03:50,Medium,True,Good
7580,380,4,2,934,796,729,0.003957,4,2024-09-12 09:06:06,Medium,False,Good
7581,59,1,2,1459,1817,2720,0.019929,5,2024-06-30 19:21:38,Medium,True,Excellent
7582,299,1,5,142,183,1379,0.001789,4,2024-09-15 02:27:34,Simple,True,Excellent
7583,345,4,2,546,674,2901,0.003698,4,2024-07-05 21:47:43,Medium,True,Good
7584,378,4,3,378,533,2944,0.002618,4,2024-02-23 11:56:45,Medium,False,Good
7585,14,4,4,1396,1857,1933,0.00983,3,2024-07-07 10:07:01,Medium,True,Good
7586,362,5,2,914,905,2117,0.002482,5,2024-11-18 23:21:52,Medium,True,Good
7587,242,4,7,2613,3248,4953,0.017083,2,2024-12-06 10:28:18,Complex,True,Fair
7588,212,1,6,365,590,2515,0.005923,4,2024-01-24 22:15:48,Medium,True,Excellent
7589,296,1,2,1040,1177,1972,0.010765,3,2024-10-16 03:02:58,Medium,True,Good
7590,465,4,3,1350,1282,1241,0.006633,4,2024-12-02 02:26:50,Medium,False,Good
7591,456,5,1,583,532,500,0.001611,4,2024-03-24 02:57:31,Medium,False,Good
7592,103,4,8,384,437,3188,0.002154,5,2024-08-08 18:55:11,Simple,True,Good
7593,214,4,1,1860,1592,680,0.007181,4,2024-11-14 13:23:22,Medium,True,Good
7594,13,4,2,685,590,917,0.003075,4,2024-05-13 13:39:55,Medium,True,Good
7595,95,3,6,739,831,2190,0.00624,4,2024-07-29 21:31:48,Medium,True,Good
7596,230,2,3,352,408,1818,0.003031,5,2024-08-30 21:50:04,Simple,True,Excellent
7597,125,1,3,473,593,2683,0.006286,4,2024-07-19 11:31:34,Medium,True,Excellent
7598,235,2,3,1880,1820,3995,0.014881,5,2024-12-11 08:14:26,Medium,True,Excellent
7599,349,1,5,1519,1945,1198,0.021333,5,2024-04-10 12:18:39,Medium,True,Excellent
7600,310,4,1,674,1120,1205,0.005171,3,2024-06-23 23:55:32,Medium,True,Good
7601,466,4,7,303,413,3183,0.002084,4,2024-02-29 23:53:58,Simple,True,Good
7602,106,1,1,879,1457,4547,0.014211,2,2024-02-28 02:01:37,Medium,True,Fair
7603,182,4,2,1928,2422,1486,0.013072,4,2024-10-19 17:31:11,Complex,True,Good
7604,174,1,3,683,581,500,0.0053,4,2024-02-28 06:37:30,Medium,True,Excellent
7605,74,4,3,797,837,2030,0.0042,4,2024-04-24 03:19:29,Medium,True,Good
7606,419,1,7,301,383,2080,0.003941,4,2024-12-02 01:04:57,Simple,True,Excellent
7607,199,4,4,1043,901,2251,0.004297,3,2024-06-28 00:04:42,Medium,True,Good
7608,187,4,1,1232,1245,1926,0.006571,4,2024-12-06 23:28:30,Medium,True,Good
7609,58,1,6,4529,4000,710,0.038315,3,2024-09-14 22:07:39,Complex,True,Good
7610,316,3,3,775,1241,2527,0.00869,4,2024-01-30 14:47:15,Medium,True,Good
7611,444,4,5,891,1054,1420,0.005647,5,2024-11-06 03:20:40,Medium,True,Good
7612,22,4,2,645,622,1119,0.003171,4,2024-10-01 11:29:06,Medium,False,Good
7613,271,4,1,963,1220,1334,0.00648,4,2024-06-24 17:31:55,Medium,True,Good
7614,310,4,1,785,1023,3443,0.004724,1,2024-02-25 18:50:28,Medium,False,Fair
7615,132,1,7,159,152,2664,0.001649,3,2024-05-02 03:38:02,Simple,True,Good
7616,126,2,2,716,852,733,0.00715,1,2024-12-15 20:10:02,Medium,True,Fair
7617,359,3,9,455,585,1849,0.003737,4,2024-09-26 01:24:37,Medium,True,Good
7618,273,2,6,272,398,4210,0.003232,2,2024-04-19 23:36:40,Simple,True,Fair
7619,191,1,5,1559,2043,1249,0.020538,3,2024-12-27 22:30:35,Complex,False,Good
7620,65,1,7,820,774,974,0.0079,3,2024-10-08 16:39:57,Medium,True,Good
7621,487,3,1,330,341,3136,0.002248,4,2024-07-17 21:24:46,Simple,False,Good
7622,45,1,3,2284,2445,2453,0.0254,2,2024-10-31 16:21:32,Complex,True,Fair
7623,53,1,6,298,345,1735,0.003321,4,2024-10-17 14:25:36,Simple,True,Excellent
7624,156,4,6,562,930,2202,0.004483,3,2024-10-28 22:26:47,Medium,True,Good
7625,172,4,1,1637,1610,5386,0.00828,4,2024-05-03 13:12:33,Medium,True,Good
7626,464,2,1,1167,1298,3119,0.011027,4,2024-05-13 05:35:28,Medium,True,Excellent
7627,161,1,5,541,653,1995,0.006858,5,2024-04-10 04:54:28,Medium,True,Excellent
7628,367,2,1,3289,2964,933,0.025081,5,2024-06-13 07:16:00,Complex,True,Excellent
7629,287,1,1,2189,2876,660,0.026421,4,2024-07-13 16:01:43,Complex,True,Excellent
7630,355,4,9,1336,1267,2291,0.006665,4,2024-07-06 08:45:05,Medium,True,Good
7631,247,1,6,466,725,2055,0.006786,2,2024-10-17 01:46:58,Medium,False,Fair
7632,112,1,5,1729,1939,4155,0.019534,4,2024-08-19 22:11:53,Medium,True,Excellent
7633,304,3,1,1016,1287,2331,0.008368,3,2024-09-24 11:33:58,Medium,False,Good
7634,244,4,1,865,972,1393,0.004753,5,2024-07-11 10:06:11,Medium,True,Good
7635,447,1,5,3244,2959,2217,0.029665,3,2024-04-21 23:57:29,Complex,False,Good
7636,492,1,5,1544,1460,3415,0.013816,3,2024-02-08 03:13:36,Medium,True,Good
7637,474,2,5,923,986,1704,0.00805,5,2024-09-04 01:47:12,Medium,True,Excellent
7638,44,4,2,825,1110,2816,0.005386,4,2024-06-18 18:55:08,Medium,True,Good
7639,227,2,5,302,486,5211,0.004023,3,2024-10-19 23:34:16,Simple,True,Good
7640,500,4,7,1945,2229,2359,0.01212,2,2024-06-19 00:35:05,Complex,True,Fair
7641,196,1,7,749,861,1665,0.00912,3,2024-01-10 08:21:48,Medium,True,Good
7642,25,1,7,536,587,1623,0.006254,4,2024-01-04 00:37:23,Medium,True,Excellent
7643,28,4,1,574,486,1503,0.00259,3,2024-07-10 16:45:04,Simple,True,Good
7644,412,3,2,1774,1943,1229,0.013452,2,2024-02-29 11:20:06,Medium,True,Fair
7645,139,5,3,2972,2728,3567,0.008815,5,2024-12-11 11:49:41,Complex,True,Good
7646,471,2,8,256,241,1239,0.001788,5,2024-07-20 06:15:22,Simple,False,Excellent
7647,178,1,3,820,1011,5085,0.010539,4,2024-05-13 14:32:30,Medium,True,Excellent
7648,14,1,7,563,865,2408,0.008368,4,2024-03-30 21:22:57,Medium,True,Excellent
7649,401,4,7,1553,1797,3638,0.009721,3,2024-06-29 01:36:38,Medium,False,Good
7650,128,5,7,2731,2381,2172,0.006994,5,2024-07-03 04:47:51,Complex,True,Good
7651,230,4,2,2220,2469,2090,0.012927,4,2024-08-09 14:29:40,Complex,False,Good
7652,171,1,8,456,656,2454,0.006597,3,2024-02-24 22:12:24,Medium,True,Good
7653,487,4,6,178,192,4458,0.000949,1,2024-04-02 23:33:36,Simple,True,Fair
7654,328,4,5,885,1127,3989,0.005575,5,2024-09-29 18:27:38,Medium,True,Good
7655,231,2,3,324,433,2184,0.003651,4,2024-11-03 19:50:56,Simple,True,Excellent
7656,385,1,4,540,594,807,0.005745,4,2024-08-18 17:06:15,Medium,True,Excellent
7657,291,4,1,2343,2079,3386,0.009619,4,2024-09-27 05:24:12,Complex,False,Good
7658,103,4,8,599,920,985,0.004286,4,2024-09-23 13:40:54,Medium,True,Good
7659,318,1,1,696,634,1426,0.006562,1,2024-06-20 14:59:00,Medium,True,Fair
7660,454,2,1,584,936,1444,0.007796,4,2024-12-24 12:18:07,Medium,True,Excellent
7661,400,3,2,423,500,1933,0.003717,4,2024-08-25 01:09:01,Medium,True,Good
7662,476,1,6,2480,2657,2307,0.028816,4,2024-02-06 21:28:41,Complex,True,Excellent
7663,153,1,3,536,495,7409,0.004511,4,2024-08-04 06:55:49,Simple,True,Excellent
7664,444,3,9,1831,2157,546,0.015228,3,2024-08-25 12:15:28,Complex,True,Good
7665,479,1,7,688,1096,2116,0.011179,5,2024-06-29 16:56:38,Medium,False,Excellent
7666,293,4,2,1682,1666,500,0.007709,4,2024-11-30 18:24:34,Medium,True,Good
7667,313,2,2,304,389,700,0.002947,5,2024-02-05 00:48:48,Simple,True,Excellent
7668,227,4,7,305,289,2683,0.001501,3,2024-02-05 05:02:15,Simple,False,Good
7669,28,1,7,570,756,2112,0.007931,4,2024-09-25 01:27:42,Medium,False,Excellent
7670,94,5,1,315,421,1741,0.001263,5,2024-04-26 08:42:42,Simple,False,Good
7671,409,1,3,889,1152,2114,0.012292,3,2024-10-07 14:45:19,Medium,True,Good
7672,392,1,4,576,567,2814,0.00558,5,2024-04-03 02:39:15,Medium,True,Excellent
7673,469,2,3,430,512,2882,0.004128,4,2024-08-28 14:26:28,Medium,True,Excellent
7674,32,4,1,4127,3808,3045,0.020189,4,2024-07-21 22:49:24,Complex,False,Good
7675,351,1,9,484,478,3990,0.004396,4,2024-06-03 01:51:37,Simple,True,Excellent
7676,238,4,2,1874,2699,1928,0.014056,5,2024-07-02 02:04:55,Complex,True,Good
7677,354,1,1,1724,1599,2574,0.016414,4,2024-11-30 11:20:18,Medium,True,Excellent
7678,258,2,1,2090,1987,1348,0.016523,5,2024-01-11 12:32:25,Medium,True,Excellent
7679,437,2,2,1637,1421,685,0.01191,5,2024-05-15 16:10:46,Medium,True,Excellent
7680,6,4,3,958,875,1833,0.004119,3,2024-06-14 21:32:47,Medium,True,Good
7681,18,4,9,924,895,2362,0.004482,5,2024-10-31 09:12:38,Medium,True,Good
7682,182,1,7,272,289,2732,0.003085,4,2024-04-06 03:00:12,Simple,False,Excellent
7683,319,4,1,1393,1330,2709,0.006567,1,2024-02-29 06:12:47,Medium,True,Fair
7684,468,3,1,1410,1520,2001,0.010453,4,2024-03-17 14:12:19,Medium,True,Good
7685,433,1,1,1048,1158,2720,0.012404,5,2024-08-25 21:22:16,Medium,True,Excellent
7686,285,1,3,954,1553,3391,0.014023,3,2024-08-12 07:28:24,Medium,True,Good
7687,390,2,1,597,613,3141,0.004532,1,2024-08-16 12:19:17,Medium,False,Fair
7688,369,3,2,995,1340,1256,0.010296,5,2024-02-17 02:14:02,Medium,True,Good
7689,484,5,6,831,1361,1808,0.004043,3,2024-10-15 06:38:35,Medium,True,Good
7690,221,2,2,496,493,2618,0.004265,2,2024-09-15 17:14:54,Simple,True,Fair
7691,428,1,1,189,238,3193,0.002528,4,2024-12-05 01:18:14,Simple,False,Excellent
7692,431,2,1,195,294,2780,0.002188,3,2024-11-21 13:55:08,Simple,True,Good
7693,453,4,2,851,717,1568,0.003297,5,2024-06-09 14:32:48,Medium,True,Good
7694,21,3,4,1545,1672,1157,0.012028,5,2024-09-23 16:21:03,Medium,False,Good
7695,416,5,2,400,337,2365,0.001108,5,2024-03-06 08:40:26,Simple,False,Good
7696,342,1,3,367,410,565,0.003824,3,2024-06-05 20:03:07,Simple,True,Good
7697,431,1,1,514,518,2162,0.005418,1,2024-02-07 16:02:23,Medium,True,Fair
7698,394,3,8,423,523,500,0.004008,4,2024-03-07 06:34:45,Medium,False,Good
7699,31,4,6,822,959,4844,0.004571,3,2024-07-20 23:09:39,Medium,True,Good
7700,185,1,8,1017,1521,1666,0.014714,4,2024-05-02 10:34:10,Medium,True,Excellent
7701,483,1,2,358,363,1664,0.003423,4,2024-05-28 11:50:21,Simple,True,Excellent
7702,360,1,9,313,454,3925,0.004106,4,2024-08-08 16:53:19,Simple,False,Excellent
7703,451,3,7,207,207,893,0.001351,2,2024-07-28 08:17:51,Simple,False,Fair
7704,468,5,7,549,527,1484,0.001731,5,2024-12-25 07:56:28,Medium,False,Good
7705,59,1,1,254,398,636,0.004216,4,2024-07-05 00:15:21,Simple,True,Excellent
7706,161,1,6,571,919,3941,0.009241,4,2024-03-04 20:20:31,Medium,True,Excellent
7707,22,1,3,294,330,4781,0.003062,5,2024-07-22 07:31:18,Simple,True,Excellent
7708,84,1,7,1537,1775,952,0.017629,4,2024-02-18 21:21:21,Medium,True,Excellent
7709,320,2,1,515,472,1350,0.003778,5,2024-10-30 11:29:00,Simple,True,Excellent
7710,208,1,3,406,472,949,0.004625,2,2024-11-29 12:26:46,Simple,True,Fair
7711,151,1,1,567,835,1616,0.008546,1,2024-07-19 15:20:20,Medium,True,Fair
7712,408,1,8,736,1024,1456,0.00981,3,2024-11-28 00:33:14,Medium,True,Good
7713,42,1,1,298,277,1553,0.002729,4,2024-03-14 15:22:01,Simple,True,Excellent
7714,350,1,3,757,826,1055,0.008247,5,2024-07-04 03:13:47,Medium,True,Excellent
7715,487,4,6,217,354,2328,0.001929,3,2024-03-18 14:12:24,Simple,True,Good
7716,486,4,6,941,1043,2018,0.004708,4,2024-07-15 00:23:25,Medium,True,Good
7717,212,3,1,1298,1197,576,0.007557,4,2024-04-30 17:04:11,Medium,True,Good
7718,276,4,1,339,386,1346,0.001833,5,2024-10-10 00:44:53,Simple,True,Good
7719,361,1,2,773,773,1817,0.008011,5,2024-11-28 16:37:34,Medium,True,Excellent
7720,192,4,6,914,809,8295,0.004253,3,2024-02-16 23:29:14,Medium,True,Good
7721,103,2,9,2278,2156,1303,0.018494,4,2024-11-09 04:38:50,Complex,True,Excellent
7722,318,5,2,2331,1953,534,0.006257,2,2024-04-25 19:32:25,Medium,True,Fair
7723,457,4,4,364,347,1652,0.001843,3,2024-08-27 17:35:00,Simple,False,Good
7724,236,4,2,765,1217,3452,0.00579,3,2024-11-14 17:07:36,Medium,True,Good
7725,84,4,7,1568,1763,2253,0.008776,5,2024-03-13 10:51:32,Medium,True,Good
7726,105,1,6,938,906,3358,0.009528,4,2024-06-20 16:57:50,Medium,True,Excellent
7727,258,4,1,1432,1630,3534,0.008456,4,2024-12-27 18:23:00,Medium,True,Good
7728,285,3,3,1683,1987,2106,0.013785,1,2024-06-11 06:47:04,Medium,True,Fair
7729,470,5,1,151,196,4470,0.000532,4,2024-12-28 22:23:46,Simple,True,Good
7730,447,1,2,322,489,1387,0.00468,3,2024-07-12 05:39:01,Simple,True,Good
7731,87,1,7,528,523,1597,0.00531,5,2024-12-03 21:16:21,Medium,True,Excellent
7732,58,1,6,683,724,748,0.007309,4,2024-02-12 04:43:44,Medium,True,Excellent
7733,472,2,7,761,949,2039,0.007529,5,2024-09-09 04:51:48,Medium,False,Excellent
7734,120,3,2,669,591,3809,0.003938,2,2024-08-31 03:54:10,Medium,True,Fair
7735,395,4,1,1309,1698,2593,0.008588,5,2024-07-24 10:56:12,Medium,True,Good
7736,209,1,1,1749,1754,1478,0.017477,3,2024-02-07 06:33:31,Medium,True,Good
7737,99,4,2,740,983,2030,0.004995,3,2024-09-07 16:02:35,Medium,True,Good
7738,449,4,7,469,656,793,0.003217,4,2024-09-17 12:43:43,Medium,True,Good
7739,389,4,6,1679,1540,1676,0.008222,4,2024-11-09 04:52:55,Medium,True,Good
7740,76,2,1,373,622,1339,0.005088,4,2024-01-07 09:07:10,Medium,True,Excellent
7741,396,4,6,1308,1335,1371,0.006788,2,2024-04-05 03:46:39,Medium,False,Fair
7742,131,4,6,934,1213,1816,0.005549,4,2024-02-10 06:36:39,Medium,True,Good
7743,69,1,1,1261,1124,2800,0.011967,5,2024-10-13 15:01:10,Medium,True,Excellent
7744,412,4,2,124,185,894,0.000861,4,2024-10-27 10:13:49,Simple,True,Good
7745,17,2,2,445,633,832,0.004894,2,2024-01-07 14:29:50,Medium,True,Fair
7746,175,4,2,995,1195,1025,0.005614,2,2024-01-06 17:00:38,Medium,True,Fair
7747,225,4,2,840,790,1056,0.003873,5,2024-12-06 06:25:37,Medium,True,Good
7748,228,2,2,2098,2356,5081,0.017365,4,2024-09-19 23:41:01,Complex,True,Excellent
7749,27,4,6,2419,2714,1183,0.014901,3,2024-04-16 13:49:58,Complex,False,Good
7750,325,4,2,1002,902,1906,0.004608,1,2024-09-10 05:10:27,Medium,False,Fair
7751,85,1,2,907,1240,2035,0.011858,5,2024-08-18 22:17:22,Medium,True,Excellent
7752,387,2,5,644,1072,2951,0.008644,2,2024-02-17 19:01:19,Medium,True,Fair
7753,325,1,2,609,683,4497,0.007141,2,2024-05-08 01:38:15,Medium,True,Fair
7754,32,4,4,1008,974,892,0.004765,4,2024-07-24 16:36:33,Medium,True,Good
7755,44,1,1,995,1273,1975,0.012199,4,2024-05-11 13:02:15,Medium,True,Excellent
7756,416,5,1,388,367,2693,0.001008,1,2024-02-21 08:43:48,Simple,False,Fair
7757,105,2,1,386,463,1660,0.003623,5,2024-07-07 23:54:11,Simple,True,Excellent
7758,485,4,6,1160,1150,500,0.006187,5,2024-04-07 21:31:25,Medium,True,Good
7759,259,4,3,741,792,2558,0.0038,2,2024-08-18 19:00:13,Medium,False,Fair
7760,305,1,1,4581,4000,6466,0.03795,4,2024-01-23 20:44:42,Complex,True,Excellent
7761,221,4,5,1266,1179,7869,0.00572,4,2024-02-19 16:23:53,Medium,True,Good
7762,172,4,6,173,254,935,0.00123,4,2024-11-03 03:34:40,Simple,True,Good
7763,419,4,1,2115,1784,2585,0.009215,4,2024-01-01 05:55:41,Medium,True,Good
7764,383,1,5,2762,2476,1891,0.022688,4,2024-05-25 18:01:39,Complex,True,Excellent
7765,246,1,2,1792,1821,1710,0.017166,4,2024-01-14 11:07:28,Medium,True,Excellent
7766,263,2,3,1014,887,2228,0.007713,4,2024-12-07 06:21:19,Medium,False,Excellent
7767,139,1,2,662,667,763,0.006068,3,2024-02-21 10:04:09,Medium,False,Good
7768,203,4,7,364,545,876,0.00289,4,2024-08-05 13:33:32,Medium,True,Good
7769,196,4,3,1942,1735,686,0.008736,3,2024-08-22 23:15:45,Medium,True,Good
7770,81,4,3,1662,1704,1194,0.008859,4,2024-11-17 12:08:23,Medium,True,Good
7771,113,1,9,1419,1242,2416,0.01125,4,2024-01-18 11:25:04,Medium,True,Excellent
7772,196,1,5,1705,2358,1034,0.021929,1,2024-12-28 20:37:26,Complex,True,Fair
7773,343,4,6,480,601,2113,0.002913,3,2024-04-17 07:27:47,Medium,False,Good
7774,425,1,9,638,976,2016,0.010059,5,2024-04-02 10:58:22,Medium,True,Excellent
7775,12,1,3,176,158,1521,0.001642,4,2024-02-18 15:11:06,Simple,True,Excellent
7776,111,4,2,357,414,597,0.001911,2,2024-08-20 23:54:37,Simple,False,Fair
7777,367,4,8,1391,1732,847,0.008165,4,2024-01-22 11:00:49,Medium,True,Good
7778,2,1,2,768,724,1688,0.007325,5,2024-02-25 04:41:50,Medium,True,Excellent
7779,118,4,2,889,1089,1539,0.005758,3,2024-05-16 11:37:30,Medium,True,Good
7780,172,4,3,184,276,2750,0.001411,2,2024-02-06 00:27:24,Simple,False,Fair
7781,275,3,1,381,597,843,0.004161,4,2024-07-10 08:06:34,Medium,True,Good
7782,337,3,3,550,564,2157,0.00395,5,2024-11-04 10:13:06,Medium,True,Good
7783,499,4,3,1487,1256,4365,0.006825,2,2024-01-16 09:21:44,Medium,False,Fair
7784,227,1,9,2757,3595,917,0.037079,4,2024-01-26 15:01:02,Complex,True,Excellent
7785,312,4,7,945,796,2344,0.003838,4,2024-10-23 21:52:14,Medium,True,Good
7786,26,4,3,1636,2261,3675,0.01205,4,2024-08-10 09:17:18,Complex,True,Good
7787,79,2,2,532,539,1786,0.004671,4,2024-09-20 18:15:51,Medium,True,Excellent
7788,89,5,1,2541,4000,1101,0.013131,4,2024-02-20 23:51:10,Complex,True,Good
7789,396,1,1,562,706,2373,0.007531,5,2024-11-02 08:08:14,Medium,False,Excellent
7790,433,2,2,1762,1537,939,0.011623,5,2024-08-12 00:13:08,Medium,True,Excellent
7791,314,4,6,402,505,2470,0.002716,3,2024-10-07 17:11:40,Medium,True,Good
7792,234,1,1,426,551,1062,0.005258,4,2024-01-19 12:32:56,Medium,True,Excellent
7793,267,1,2,723,987,1086,0.009521,4,2024-07-03 22:05:19,Medium,True,Excellent
7794,245,3,2,2688,3225,755,0.023099,5,2024-08-16 05:17:35,Complex,True,Good
7795,359,2,3,1580,1556,1384,0.013262,3,2024-12-19 10:01:46,Medium,True,Good
7796,492,1,5,1026,1169,1026,0.011709,5,2024-11-13 03:35:56,Medium,True,Excellent
7797,485,2,7,714,615,3455,0.005013,2,2024-09-02 13:34:00,Medium,True,Fair
7798,272,2,1,1057,1144,2169,0.008923,2,2024-02-07 11:54:00,Medium,False,Fair
7799,255,2,6,578,498,3454,0.003948,4,2024-02-09 22:45:57,Simple,True,Excellent
7800,91,1,7,539,590,2572,0.006079,4,2024-04-16 12:10:45,Medium,False,Excellent
7801,266,4,7,1025,974,1251,0.004767,3,2024-01-23 11:01:26,Medium,True,Good
7802,161,1,2,1516,1371,843,0.013324,3,2024-08-08 14:53:17,Medium,True,Good
7803,162,1,4,1936,1774,1813,0.016312,4,2024-07-15 11:37:25,Medium,True,Excellent
7804,183,2,1,415,572,2971,0.004507,5,2024-06-27 02:28:46,Medium,True,Excellent
7805,342,1,8,879,800,1375,0.007256,2,2024-01-07 23:18:47,Medium,True,Fair
7806,131,4,1,722,1067,865,0.005639,1,2024-02-05 23:03:57,Medium,False,Fair
7807,73,4,3,425,665,3701,0.00355,5,2024-12-19 22:14:17,Medium,False,Good
7808,120,1,6,1142,1506,1097,0.014665,5,2024-10-23 22:12:29,Medium,True,Excellent
7809,125,1,1,2875,3336,1187,0.030084,4,2024-07-09 03:42:10,Complex,True,Excellent
7810,92,1,3,1175,1463,1050,0.015923,5,2024-10-08 08:56:35,Medium,True,Excellent
7811,416,1,8,443,496,3537,0.004856,2,2024-12-01 02:13:25,Simple,True,Fair
7812,279,2,1,1358,2184,500,0.016384,4,2024-05-04 23:52:42,Complex,True,Excellent
7813,423,5,2,828,695,1115,0.001941,4,2024-05-08 19:48:33,Medium,True,Good
7814,449,2,7,801,773,1711,0.006604,4,2024-12-03 12:26:34,Medium,False,Excellent
7815,92,4,1,309,261,2265,0.001222,4,2024-09-19 10:31:05,Simple,True,Good
7816,465,4,1,423,647,2614,0.003046,3,2024-11-22 13:53:50,Medium,True,Good
7817,340,4,6,2707,3523,1300,0.018512,2,2024-12-14 08:54:22,Complex,True,Fair
7818,465,1,2,702,606,3588,0.006252,4,2024-03-08 21:23:22,Medium,True,Excellent
7819,260,2,6,968,938,1772,0.008117,4,2024-03-08 02:47:36,Medium,True,Excellent
7820,78,4,9,440,630,1187,0.003149,5,2024-07-03 21:59:56,Medium,True,Good
7821,200,4,3,537,653,2757,0.003587,4,2024-07-26 05:34:16,Medium,True,Good
7822,281,1,9,1290,1229,1095,0.012453,5,2024-04-26 00:46:56,Medium,True,Excellent
7823,429,5,2,526,477,1536,0.001411,4,2024-04-01 05:22:07,Simple,True,Good
7824,419,4,5,98,163,2682,0.000745,5,2024-10-17 17:32:06,Simple,True,Good
7825,120,2,7,731,1046,1520,0.00906,4,2024-03-02 06:36:14,Medium,True,Excellent
7826,56,5,9,492,667,1024,0.001853,2,2024-11-30 10:53:34,Medium,True,Fair
7827,397,4,1,378,444,6205,0.002075,4,2024-05-17 17:07:40,Simple,False,Good
7828,303,1,6,442,727,1527,0.007822,5,2024-08-07 11:19:23,Medium,True,Excellent
7829,329,1,2,1610,2001,2607,0.018924,4,2024-06-25 06:06:08,Complex,True,Excellent
7830,238,1,9,727,853,1284,0.009322,2,2024-08-16 14:36:22,Medium,True,Fair
7831,485,2,1,1141,1159,2974,0.008935,3,2024-09-24 16:04:16,Medium,False,Good
7832,54,1,6,501,769,1149,0.007522,2,2024-04-23 09:37:50,Medium,True,Fair
7833,6,4,1,173,222,1835,0.001099,4,2024-01-30 12:56:26,Simple,False,Good
7834,228,3,6,182,200,4599,0.001339,4,2024-12-02 16:00:53,Simple,True,Good
7835,313,3,6,507,673,1960,0.004789,5,2024-09-10 08:33:20,Medium,True,Good
7836,289,1,1,642,809,1110,0.007827,4,2024-09-20 04:04:11,Medium,True,Excellent
7837,167,1,1,960,860,4417,0.008226,3,2024-10-13 19:07:44,Medium,False,Good
7838,117,4,7,454,506,3337,0.002328,4,2024-11-05 18:12:47,Medium,True,Good
7839,381,1,1,710,600,8129,0.00567,5,2024-08-21 04:02:26,Medium,True,Excellent
7840,120,1,2,716,691,1110,0.006814,4,2024-09-28 19:08:49,Medium,True,Excellent
7841,495,1,7,1287,1807,1707,0.018559,4,2024-11-25 07:51:52,Medium,True,Excellent
7842,284,1,9,718,909,1696,0.009552,4,2024-02-01 14:41:07,Medium,True,Excellent
7843,296,5,3,1729,2007,1089,0.006293,5,2024-01-02 22:21:20,Complex,True,Good
7844,300,4,1,410,661,4537,0.003076,5,2024-06-24 15:28:57,Medium,True,Good
7845,64,4,2,598,507,893,0.002493,4,2024-11-02 09:11:23,Medium,True,Good
7846,235,4,1,1480,1850,863,0.009803,4,2024-08-07 19:04:32,Medium,True,Good
7847,438,5,6,1036,1346,3021,0.004275,4,2024-09-14 07:51:29,Medium,True,Good
7848,462,4,1,2001,2062,649,0.010758,4,2024-09-19 13:04:17,Complex,True,Good
7849,125,4,1,886,879,766,0.004247,4,2024-11-21 09:51:04,Medium,False,Good
7850,345,4,1,2654,4000,2669,0.018942,5,2024-12-09 03:47:26,Complex,False,Good
7851,292,4,4,712,594,1057,0.00293,4,2024-05-15 10:33:10,Medium,True,Good
7852,449,3,4,395,552,6880,0.004102,4,2024-03-28 21:36:37,Medium,True,Good
7853,273,4,3,1367,1308,4081,0.006621,4,2024-01-21 08:17:58,Medium,True,Good
7854,183,4,2,922,838,1465,0.003863,2,2024-10-02 02:00:26,Medium,False,Fair
7855,301,3,3,397,552,1051,0.003684,3,2024-10-06 11:04:50,Medium,False,Good
7856,473,2,2,419,396,3440,0.003224,5,2024-11-20 09:50:08,Simple,True,Excellent
7857,26,3,1,492,726,1180,0.005057,2,2024-05-01 15:27:01,Medium,True,Fair
7858,406,1,1,467,775,1161,0.007083,5,2024-01-14 07:17:32,Medium,True,Excellent
7859,206,4,1,643,846,1493,0.003846,5,2024-12-07 05:45:33,Medium,True,Good
7860,345,5,6,924,1342,1217,0.003939,3,2024-05-30 20:54:44,Medium,False,Good
7861,407,4,8,1004,1504,1501,0.007922,4,2024-02-21 17:35:25,Medium,False,Good
7862,35,4,6,266,267,2033,0.001322,4,2024-02-17 08:47:53,Simple,True,Good
7863,434,1,3,219,225,1338,0.002052,4,2024-02-16 07:50:29,Simple,True,Excellent
7864,314,4,1,731,794,832,0.003641,5,2024-06-08 17:38:36,Medium,True,Good
7865,117,2,4,1015,1044,739,0.008618,5,2024-10-17 19:25:55,Medium,True,Excellent
7866,190,5,4,1413,1225,1355,0.003556,3,2024-06-28 18:16:48,Medium,True,Good
7867,313,1,6,2499,2428,2524,0.023192,5,2024-05-28 17:06:36,Complex,True,Excellent
7868,214,3,1,786,1125,5497,0.007454,2,2024-11-23 10:28:36,Medium,True,Fair
7869,107,1,6,1137,1090,1469,0.011463,4,2024-04-15 06:07:42,Medium,True,Excellent
7870,281,1,2,2081,2816,1383,0.028232,5,2024-06-26 03:27:07,Complex,True,Excellent
7871,83,3,7,412,391,3071,0.002863,4,2024-10-19 02:32:02,Simple,True,Good
7872,174,1,3,3227,3505,2755,0.038055,5,2024-04-20 10:25:57,Complex,False,Excellent
7873,454,1,6,1418,1587,802,0.017017,2,2024-01-30 04:38:28,Medium,False,Fair
7874,493,4,1,1571,1485,1024,0.007073,4,2024-09-12 16:35:16,Medium,True,Good
7875,199,2,8,274,231,889,0.001688,1,2024-04-15 06:30:07,Simple,False,Fair
7876,394,1,8,147,224,1655,0.002052,3,2024-05-01 02:30:56,Simple,True,Good
7877,191,4,1,652,630,841,0.003218,1,2024-03-09 20:35:55,Medium,True,Fair
7878,271,1,1,624,887,5048,0.008746,5,2024-01-18 01:03:10,Medium,True,Excellent
7879,290,4,1,1374,1389,995,0.007166,4,2024-08-21 07:33:54,Medium,False,Good
7880,10,4,1,686,686,2806,0.003398,5,2024-11-28 08:16:05,Medium,True,Good
7881,240,4,9,1089,965,973,0.005023,3,2024-01-14 00:44:19,Medium,True,Good
7882,170,1,8,384,451,1353,0.004809,1,2024-04-18 09:54:25,Simple,False,Fair
7883,296,3,7,1486,1669,4266,0.011399,3,2024-12-07 13:36:13,Medium,True,Good
7884,244,2,7,1169,1005,2551,0.008425,4,2024-04-27 04:51:33,Medium,True,Excellent
7885,338,1,6,417,542,1737,0.005557,3,2024-07-24 07:57:03,Medium,True,Good
7886,272,1,2,555,708,1472,0.006697,5,2024-05-18 01:47:56,Medium,False,Excellent
7887,179,2,3,292,484,2189,0.003824,5,2024-08-11 01:04:36,Simple,True,Excellent
7888,247,4,9,793,1008,1946,0.004844,3,2024-12-06 14:33:26,Medium,True,Good
7889,413,2,3,2035,1934,2384,0.016719,2,2024-08-18 17:45:19,Medium,True,Fair
7890,465,4,7,1039,1154,1343,0.005387,4,2024-09-17 09:20:33,Medium,True,Good
7891,467,4,3,1109,1270,2191,0.006545,4,2024-03-24 05:41:33,Medium,False,Good
7892,291,5,9,681,709,2418,0.002197,1,2024-09-20 21:25:27,Medium,True,Fair
7893,449,1,9,937,1235,10859,0.012344,5,2024-06-25 11:56:31,Medium,True,Excellent
7894,367,2,7,2341,2017,1246,0.015748,4,2024-10-30 01:23:37,Complex,True,Excellent
7895,198,2,1,125,175,3069,0.001273,3,2024-02-21 08:19:26,Simple,True,Good
7896,407,1,3,653,576,2341,0.005941,1,2024-02-18 16:13:04,Medium,True,Fair
7897,420,2,2,757,746,2831,0.005974,4,2024-02-24 18:27:54,Medium,True,Excellent
7898,222,1,2,732,893,4262,0.008068,3,2024-01-19 19:00:23,Medium,False,Good
7899,344,2,7,198,230,4085,0.001992,4,2024-08-04 18:48:33,Simple,True,Excellent
7900,47,4,1,4295,3584,1644,0.018232,4,2024-07-15 17:44:06,Complex,True,Good
7901,444,4,5,347,297,2272,0.001342,2,2024-04-28 21:43:40,Simple,False,Fair
7902,19,1,3,1271,1541,3683,0.016219,1,2024-02-24 09:24:10,Medium,True,Fair
7903,45,1,2,940,1476,2066,0.015396,2,2024-12-19 10:20:48,Medium,True,Fair
7904,320,1,1,1932,1651,1920,0.017278,4,2024-09-22 07:48:35,Medium,True,Excellent
7905,181,2,3,861,887,1149,0.007534,5,2024-11-15 07:54:41,Medium,True,Excellent
7906,357,4,1,560,577,1544,0.002733,5,2024-07-10 14:30:00,Medium,True,Good
7907,355,1,3,1893,2843,2137,0.030645,5,2024-09-28 01:55:00,Complex,True,Excellent
7908,244,4,9,819,776,2915,0.003691,4,2024-06-10 20:37:45,Medium,False,Good
7909,102,4,8,854,1190,2077,0.005694,5,2024-02-24 11:29:59,Medium,True,Good
7910,457,4,7,1558,1571,1500,0.007811,5,2024-02-08 07:53:20,Medium,False,Good
7911,380,2,8,992,1302,1073,0.010266,3,2024-10-20 19:58:19,Medium,True,Good
7912,64,2,1,505,747,1157,0.005907,5,2024-11-11 21:27:54,Medium,True,Excellent
7913,450,1,1,403,610,1830,0.005701,4,2024-07-25 05:03:00,Medium,False,Excellent
7914,190,1,9,759,999,2020,0.009507,3,2024-03-17 13:27:05,Medium,False,Good
7915,9,2,2,538,862,1430,0.006231,1,2024-03-28 17:23:34,Medium,True,Fair
7916,174,1,1,631,1000,2863,0.00901,2,2024-04-13 12:00:35,Medium,True,Fair
7917,470,4,2,600,858,1253,0.0045,4,2024-09-06 06:57:26,Medium,True,Good
7918,422,1,1,545,706,1181,0.00641,3,2024-09-10 03:45:52,Medium,True,Good
7919,405,1,1,680,1028,2374,0.010217,5,2024-07-26 19:41:31,Medium,True,Excellent
7920,474,4,7,3030,2727,2285,0.012437,5,2024-11-21 01:40:24,Complex,True,Good
7921,45,1,3,1324,1137,863,0.011235,4,2024-12-15 09:52:06,Medium,True,Excellent
7922,129,2,6,710,690,1615,0.005154,2,2024-11-22 08:45:23,Medium,True,Fair
7923,64,3,1,1827,1651,1278,0.011767,2,2024-03-11 07:41:33,Medium,False,Fair
7924,190,5,8,492,797,1288,0.002399,2,2024-05-15 08:14:04,Medium,True,Fair
7925,23,2,6,674,666,1368,0.005693,4,2024-12-01 01:54:57,Medium,True,Excellent
7926,436,1,6,2760,3309,998,0.035523,3,2024-04-25 23:32:52,Complex,True,Good
7927,222,1,1,707,661,4174,0.006414,3,2024-10-16 17:43:04,Medium,True,Good
7928,421,3,1,534,657,1314,0.004772,3,2024-02-24 15:35:38,Medium,True,Good
7929,151,5,1,961,863,2048,0.002619,4,2024-11-22 21:23:54,Medium,True,Good
7930,237,3,9,900,788,1257,0.005691,4,2024-06-19 00:25:07,Medium,True,Good
7931,385,4,1,259,425,2077,0.002051,4,2024-01-24 12:30:20,Simple,True,Good
7932,153,2,7,1915,1971,1309,0.014213,5,2024-07-25 05:55:49,Medium,True,Excellent
7933,320,4,8,1424,1590,3237,0.007622,5,2024-03-03 00:57:33,Medium,True,Good
7934,20,4,1,2736,3526,1854,0.017487,5,2024-10-23 11:17:07,Complex,True,Good
7935,294,1,2,789,830,2016,0.008319,4,2024-07-31 19:55:15,Medium,True,Excellent
7936,126,1,6,1591,1916,1673,0.017907,4,2024-11-19 15:21:26,Medium,True,Excellent
7937,246,4,1,912,796,2058,0.004274,3,2024-02-20 17:34:07,Medium,True,Good
7938,376,4,6,1156,1476,791,0.007314,4,2024-10-11 04:57:52,Medium,False,Good
7939,331,2,7,479,456,2206,0.003361,4,2024-02-29 07:18:50,Simple,True,Excellent
7940,215,3,2,443,600,4417,0.004074,5,2024-06-02 21:18:31,Medium,True,Good
7941,258,2,2,538,620,964,0.00482,3,2024-03-20 21:27:18,Medium,True,Good
7942,288,1,9,2240,3190,916,0.034717,5,2024-10-10 00:49:43,Complex,True,Excellent
7943,341,4,2,522,568,4104,0.002735,4,2024-02-17 09:28:24,Medium,True,Good
7944,291,2,5,910,832,2224,0.006076,3,2024-11-20 16:39:11,Medium,False,Good
7945,124,1,1,406,471,2489,0.004635,5,2024-02-11 06:15:27,Simple,True,Excellent
7946,383,4,3,845,783,4475,0.003705,4,2024-01-17 13:58:33,Medium,False,Good
7947,19,1,2,681,721,2056,0.007642,1,2024-06-21 19:34:16,Medium,True,Fair
7948,136,3,1,1813,2699,2658,0.019392,4,2024-07-12 07:33:27,Complex,True,Good
7949,152,3,1,476,516,1081,0.003783,2,2024-01-11 14:00:53,Medium,True,Fair
7950,10,4,4,510,745,615,0.003974,4,2024-03-28 20:14:36,Medium,True,Good
7951,85,5,2,669,755,2215,0.002183,4,2024-12-30 08:14:08,Medium,False,Good
7952,463,4,5,341,402,1565,0.002115,5,2024-03-02 02:34:24,Simple,True,Good
7953,496,4,4,1074,1031,2355,0.004842,4,2024-10-27 00:10:45,Medium,True,Good
7954,123,1,4,535,509,2243,0.005133,4,2024-10-18 08:39:45,Medium,True,Excellent
7955,174,4,1,1017,910,1724,0.004653,3,2024-01-27 08:47:04,Medium,True,Good
7956,383,5,9,868,1188,2171,0.003613,3,2024-12-26 03:13:53,Medium,True,Good
7957,418,5,1,390,541,1145,0.001588,4,2024-02-25 00:47:24,Medium,True,Good
7958,56,2,3,1517,1979,1105,0.014304,2,2024-04-24 19:50:28,Medium,True,Fair
7959,406,2,2,1416,1893,785,0.013955,4,2024-12-17 12:58:39,Medium,True,Excellent
7960,368,5,2,591,596,1447,0.001753,3,2024-08-01 12:36:24,Medium,True,Good
7961,45,3,6,330,463,1476,0.003224,3,2024-08-20 21:12:34,Simple,False,Good
7962,25,3,1,1042,1271,2456,0.009438,5,2024-08-14 22:52:40,Medium,True,Good
7963,75,2,1,570,595,1882,0.004501,2,2024-05-01 21:40:48,Medium,False,Fair
7964,336,1,2,2032,2432,846,0.022976,2,2024-07-30 01:18:48,Complex,True,Fair
7965,79,1,1,628,800,2060,0.007668,4,2024-10-23 01:47:56,Medium,True,Excellent
7966,211,4,2,644,1059,962,0.005196,4,2024-06-21 08:01:19,Medium,True,Good
7967,159,5,3,284,446,2081,0.001378,4,2024-03-18 22:58:11,Simple,True,Good
7968,45,4,6,209,303,2097,0.001427,4,2024-05-01 10:28:46,Simple,True,Good
7969,490,1,1,1525,1860,2871,0.018115,1,2024-11-10 11:46:46,Medium,True,Fair
7970,11,2,5,321,357,3047,0.002972,2,2024-08-14 23:22:06,Simple,True,Fair
7971,367,1,3,1502,1634,5108,0.016066,4,2024-07-31 05:05:29,Medium,True,Excellent
7972,231,3,3,835,1356,2221,0.009966,3,2024-07-08 19:51:14,Medium,True,Good
7973,418,2,3,320,356,983,0.002932,5,2024-03-16 22:58:33,Simple,True,Excellent
7974,401,1,1,301,371,853,0.003578,3,2024-01-26 07:05:29,Simple,False,Good
7975,105,2,3,889,981,906,0.007901,3,2024-05-20 01:12:59,Medium,False,Good
7976,219,3,2,951,1018,8599,0.007837,5,2024-09-18 05:07:02,Medium,False,Good
7977,189,4,1,3316,2768,2769,0.014467,3,2024-04-11 23:57:05,Complex,True,Good
7978,296,4,8,421,439,2041,0.002166,3,2024-08-17 04:28:59,Simple,True,Good
7979,68,1,6,405,446,804,0.004773,5,2024-06-30 11:57:06,Simple,True,Excellent
7980,480,2,2,1215,1025,4476,0.007898,4,2024-03-29 01:32:01,Medium,True,Excellent
7981,153,1,2,1120,1317,500,0.013901,5,2024-09-21 00:24:06,Medium,True,Excellent
7982,259,1,5,412,644,2216,0.006509,3,2024-04-25 18:15:06,Medium,True,Good
7983,414,4,1,713,757,1046,0.003876,4,2024-12-09 20:30:38,Medium,True,Good
7984,297,4,3,1039,1044,2545,0.005237,4,2024-10-22 17:06:50,Medium,False,Good
7985,225,4,2,1431,1626,4068,0.007548,4,2024-01-10 18:21:58,Medium,False,Good
7986,316,1,6,1375,1545,906,0.016501,4,2024-02-17 11:44:19,Medium,True,Excellent
7987,318,5,1,301,299,954,0.000859,3,2024-12-05 17:18:46,Simple,True,Good
7988,278,2,2,966,900,816,0.006588,5,2024-08-21 01:40:04,Medium,False,Excellent
7989,470,1,5,585,717,2140,0.007449,5,2024-09-29 19:51:24,Medium,True,Excellent
7990,291,1,3,539,479,2159,0.004846,5,2024-08-14 16:21:21,Simple,True,Excellent
7991,177,1,1,1538,1298,2665,0.0142,4,2024-02-06 06:46:10,Medium,True,Excellent
7992,265,2,2,1209,1938,1534,0.016464,1,2024-03-04 16:23:48,Medium,True,Fair
7993,245,5,2,984,1106,1984,0.003049,4,2024-09-12 00:53:05,Medium,True,Good
7994,443,1,4,474,439,1607,0.00427,5,2024-05-09 16:35:22,Simple,True,Excellent
7995,29,1,6,248,223,1233,0.002036,4,2024-07-23 00:28:59,Simple,True,Excellent
7996,13,2,2,1288,1168,2674,0.009596,3,2024-12-27 14:55:59,Medium,False,Good
7997,255,1,2,677,1127,4358,0.012045,3,2024-05-25 20:55:01,Medium,False,Good
7998,399,2,1,1223,1396,546,0.011668,5,2024-09-22 16:47:41,Medium,False,Excellent
7999,157,1,1,971,1406,500,0.013106,4,2024-07-01 17:48:55,Medium,True,Excellent
8000,89,1,2,739,673,1859,0.006419,4,2024-07-11 16:30:17,Medium,True,Excellent
8001,195,1,2,1140,1344,2551,0.012957,5,2024-01-11 05:51:00,Medium,True,Excellent
8002,268,2,1,1315,1336,510,0.010722,4,2024-08-20 09:37:59,Medium,True,Excellent
8003,376,1,6,1477,1494,988,0.014776,1,2024-05-23 04:14:04,Medium,False,Fair
8004,62,1,2,1176,1622,2500,0.015598,5,2024-01-18 20:51:42,Medium,True,Excellent
8005,215,1,3,1102,1297,977,0.013784,4,2024-11-21 15:48:46,Medium,True,Excellent
8006,298,4,3,1181,1050,1937,0.00575,4,2024-04-16 16:03:37,Medium,True,Good
8007,459,1,3,1314,1222,969,0.011179,5,2024-09-26 03:36:19,Medium,True,Excellent
8008,273,4,1,910,1518,2752,0.00712,5,2024-08-25 09:33:55,Medium,True,Good
8009,422,2,7,2217,2136,500,0.016963,3,2024-03-29 16:14:12,Complex,True,Good
8010,306,1,6,953,1247,1379,0.012828,3,2024-09-22 08:33:34,Medium,False,Good
8011,100,3,1,801,798,3096,0.005062,3,2024-02-28 16:20:27,Medium,False,Good
8012,193,2,2,1691,1419,1954,0.011756,5,2024-05-28 07:06:02,Medium,True,Excellent
8013,330,1,9,142,198,1136,0.002049,5,2024-09-25 09:37:09,Simple,True,Excellent
8014,279,2,1,549,720,3866,0.005873,5,2024-07-28 07:11:57,Medium,False,Excellent
8015,300,1,1,565,487,3087,0.004876,4,2024-07-12 01:58:39,Simple,False,Excellent
8016,55,1,1,1054,934,2272,0.009121,4,2024-06-20 18:44:49,Medium,True,Excellent
8017,201,1,6,770,853,2753,0.009313,4,2024-08-30 10:04:45,Medium,True,Excellent
8018,159,1,1,4161,3500,2611,0.034434,5,2024-06-15 03:08:57,Complex,True,Excellent
8019,390,4,6,309,306,1886,0.00152,3,2024-01-29 06:27:29,Simple,True,Good
8020,205,2,8,525,502,1541,0.003653,4,2024-03-16 19:04:44,Medium,True,Excellent
8021,98,2,6,441,701,1190,0.00506,2,2024-02-27 20:43:32,Medium,False,Fair
8022,271,5,1,354,566,552,0.001599,3,2024-02-05 16:09:35,Medium,True,Good
8023,73,2,2,1404,1178,1727,0.009009,5,2024-10-26 13:53:59,Medium,False,Excellent
8024,437,3,1,1305,1354,500,0.008847,4,2024-02-14 18:56:31,Medium,False,Good
8025,334,4,1,639,673,2226,0.003653,3,2024-03-20 07:13:25,Medium,False,Good
8026,83,4,6,883,1016,2841,0.004896,1,2024-07-21 18:27:36,Medium,False,Fair
8027,246,4,6,228,314,1219,0.001439,5,2024-08-29 20:52:01,Simple,True,Good
8028,340,1,9,396,620,1948,0.006535,5,2024-01-20 12:09:16,Medium,True,Excellent
8029,227,1,9,443,507,2017,0.005353,5,2024-07-03 19:59:04,Medium,True,Excellent
8030,275,4,2,275,354,1807,0.001694,3,2024-02-25 13:26:28,Simple,False,Good
8031,308,2,3,340,436,1260,0.003496,4,2024-11-12 18:20:12,Simple,False,Excellent
8032,113,4,7,400,391,3166,0.002039,5,2024-12-05 19:51:27,Simple,False,Good
8033,432,1,2,864,994,2598,0.009519,3,2024-11-27 09:41:15,Medium,True,Good
8034,461,4,1,1111,1248,1132,0.005719,3,2024-04-04 04:01:17,Medium,False,Good
8035,319,5,6,128,174,827,0.000488,5,2024-10-03 19:45:30,Simple,True,Good
8036,201,3,2,1075,1121,1244,0.008035,5,2024-04-30 08:57:51,Medium,False,Good
8037,406,1,1,870,741,1276,0.007134,4,2024-06-08 18:16:22,Medium,True,Excellent
8038,53,2,1,1014,852,1272,0.006709,1,2024-03-01 05:24:24,Medium,True,Fair
8039,364,1,1,446,534,911,0.005322,5,2024-01-13 00:26:20,Medium,True,Excellent
8040,209,1,1,1034,914,4030,0.008632,5,2024-02-08 00:56:35,Medium,True,Excellent
8041,496,4,1,301,495,1064,0.002486,4,2024-02-17 10:52:25,Simple,True,Good
8042,326,1,6,852,1403,1013,0.014263,3,2024-07-17 13:04:08,Medium,False,Good
8043,175,4,6,244,263,866,0.001412,4,2024-01-06 21:54:18,Simple,True,Good
8044,416,1,9,482,484,646,0.005136,3,2024-08-14 05:30:29,Simple,True,Good
8045,44,1,2,1084,990,2264,0.009121,4,2024-02-26 07:05:01,Medium,True,Excellent
8046,8,1,1,947,1500,1838,0.014997,4,2024-10-02 14:59:46,Medium,True,Excellent
8047,345,2,1,545,500,2188,0.004103,5,2024-02-23 07:47:35,Medium,True,Excellent
8048,294,1,3,475,743,1144,0.007546,4,2024-09-12 10:38:54,Medium,True,Excellent
8049,304,1,1,3355,3227,1892,0.031085,5,2024-08-29 04:36:34,Complex,True,Excellent
8050,75,4,1,717,761,1051,0.003837,4,2024-01-10 23:08:44,Medium,True,Good
8051,248,2,1,552,486,2161,0.004262,4,2024-03-14 03:09:45,Simple,True,Excellent
8052,269,3,4,609,1016,1614,0.006697,4,2024-08-04 12:00:39,Medium,True,Good
8053,10,4,2,484,683,991,0.003324,5,2024-06-28 02:09:26,Medium,True,Good
8054,91,4,1,3218,3215,2451,0.017278,1,2024-08-18 16:01:19,Complex,True,Fair
8055,427,2,1,588,921,1701,0.006926,5,2024-09-26 08:08:31,Medium,True,Excellent
8056,493,1,2,1675,1866,2751,0.018546,5,2024-10-02 12:29:06,Medium,True,Excellent
8057,496,2,3,2086,3135,843,0.026307,4,2024-11-25 14:13:14,Complex,True,Excellent
8058,350,3,1,421,553,1319,0.00362,4,2024-10-15 03:51:25,Medium,True,Good
8059,66,4,6,1371,1791,1228,0.009222,4,2024-09-21 05:33:52,Medium,True,Good
8060,123,2,2,929,1118,1793,0.009837,2,2024-01-14 03:21:52,Medium,True,Fair
8061,147,5,1,1136,1226,2019,0.003858,3,2024-07-05 03:21:32,Medium,False,Good
8062,152,1,6,405,448,1534,0.004089,5,2024-06-15 16:44:03,Simple,True,Excellent
8063,307,4,1,1493,2012,3273,0.010332,4,2024-11-07 12:56:44,Complex,True,Good
8064,258,4,2,506,567,500,0.002637,2,2024-05-11 19:43:33,Medium,False,Fair
8065,90,2,3,601,845,1605,0.007111,5,2024-01-21 06:16:19,Medium,True,Excellent
8066,45,2,1,827,938,1326,0.008176,3,2024-03-14 02:06:22,Medium,True,Good
8067,484,1,2,697,1083,3430,0.011328,4,2024-12-25 09:24:50,Medium,True,Excellent
8068,65,3,7,2386,2516,1048,0.019372,3,2024-06-25 16:42:02,Complex,False,Good
8069,473,4,1,329,457,1458,0.002378,5,2024-04-30 05:29:36,Simple,False,Good
8070,281,3,7,694,874,1944,0.006607,3,2024-07-14 12:09:17,Medium,False,Good
8071,141,1,2,817,734,1233,0.007797,3,2024-09-05 13:30:29,Medium,True,Good
8072,250,4,1,1069,1544,1506,0.008425,5,2024-03-02 15:57:47,Medium,True,Good
8073,257,3,5,392,519,2512,0.003722,5,2024-09-08 10:38:09,Medium,True,Good
8074,229,4,1,696,859,593,0.004282,4,2024-08-03 09:52:36,Medium,True,Good
8075,365,4,6,416,475,797,0.002167,4,2024-07-21 17:02:23,Simple,True,Good
8076,239,2,8,1299,1288,1063,0.009735,4,2024-03-12 17:43:31,Medium,True,Excellent
8077,130,4,2,1187,1194,2078,0.005502,4,2024-12-24 04:21:23,Medium,False,Good
8078,80,3,5,650,655,683,0.004604,5,2024-03-09 04:01:18,Medium,True,Good
8079,171,4,7,1492,2080,1515,0.011273,1,2024-09-02 16:14:20,Complex,False,Fair
8080,467,4,1,245,265,2161,0.001278,2,2024-07-09 23:49:44,Simple,False,Fair
8081,494,4,1,398,541,3135,0.002703,4,2024-05-28 14:02:45,Medium,True,Good
8082,279,1,3,1623,1803,2912,0.018279,3,2024-04-03 00:58:54,Medium,True,Good
8083,116,4,2,4093,4000,2967,0.021693,4,2024-12-20 01:34:33,Complex,True,Good
8084,181,2,5,361,425,1619,0.003463,4,2024-02-06 23:28:22,Simple,True,Excellent
8085,378,1,6,934,992,536,0.009726,4,2024-10-29 12:48:25,Medium,True,Excellent
8086,219,4,6,1372,1147,568,0.005664,3,2024-06-11 10:20:52,Medium,True,Good
8087,412,1,3,1016,999,1046,0.010054,5,2024-04-25 02:19:20,Medium,True,Excellent
8088,122,2,2,383,405,524,0.003496,3,2024-10-15 04:50:11,Simple,False,Good
8089,132,3,6,1280,1118,3280,0.008324,4,2024-03-24 12:16:53,Medium,True,Good
8090,357,3,1,386,470,2096,0.003378,4,2024-05-25 05:53:58,Simple,False,Good
8091,36,1,5,1218,1341,1513,0.013785,4,2024-10-22 18:03:10,Medium,True,Excellent
8092,142,4,3,641,613,1474,0.003346,4,2024-01-14 10:28:53,Medium,True,Good
8093,238,4,6,769,1082,1450,0.005598,4,2024-12-07 09:15:24,Medium,True,Good
8094,436,2,2,665,1002,4561,0.008334,4,2024-05-10 04:27:35,Medium,True,Excellent
8095,248,1,1,767,664,2781,0.006555,5,2024-10-19 19:25:59,Medium,True,Excellent
8096,221,1,4,223,341,1212,0.003149,1,2024-07-22 01:03:28,Simple,False,Fair
8097,218,4,7,1242,1321,1205,0.006721,2,2024-02-27 20:38:01,Medium,True,Fair
8098,379,1,1,2026,2032,2071,0.019983,5,2024-07-15 17:25:42,Complex,True,Excellent
8099,105,1,2,723,1200,2396,0.012413,4,2024-08-31 04:39:58,Medium,True,Excellent
8100,45,4,2,887,911,1692,0.004178,4,2024-10-19 07:03:05,Medium,True,Good
8101,31,1,1,866,1141,777,0.012139,4,2024-08-15 04:49:03,Medium,True,Excellent
8102,227,4,7,958,988,1677,0.00469,5,2024-10-31 10:14:24,Medium,True,Good
8103,489,1,3,331,539,2669,0.005717,4,2024-09-08 13:10:56,Medium,True,Excellent
8104,396,2,1,322,536,1201,0.004062,4,2024-10-06 15:22:47,Medium,False,Excellent
8105,403,1,3,569,540,1556,0.005293,4,2024-01-04 09:13:10,Medium,True,Excellent
8106,176,4,2,397,527,1754,0.002683,4,2024-10-09 02:07:24,Medium,True,Good
8107,123,3,6,527,667,1663,0.005108,4,2024-02-04 11:36:01,Medium,True,Good
8108,286,4,9,1326,1289,2493,0.006947,5,2024-05-10 14:33:40,Medium,True,Good
8109,397,1,1,735,1057,2552,0.01149,3,2024-05-28 16:35:55,Medium,True,Good
8110,349,3,6,1066,1575,1598,0.012085,4,2024-10-26 01:58:50,Medium,False,Good
8111,87,4,3,1973,1784,1506,0.009585,3,2024-12-02 23:31:07,Medium,False,Good
8112,384,4,1,464,509,2162,0.002592,2,2024-09-16 19:33:02,Medium,True,Fair
8113,67,4,1,789,896,1478,0.004089,1,2024-03-02 22:37:28,Medium,True,Fair
8114,479,2,1,671,640,1556,0.005457,4,2024-11-12 23:27:10,Medium,True,Excellent
8115,232,2,2,467,513,1417,0.004427,3,2024-08-17 14:39:17,Medium,True,Good
8116,463,4,8,1850,1585,1294,0.007871,4,2024-11-08 11:02:39,Medium,False,Good
8117,487,4,2,395,364,3053,0.001823,4,2024-07-09 22:13:42,Simple,True,Good
8118,150,1,1,3031,4000,1661,0.039418,4,2024-11-13 09:41:43,Complex,True,Excellent
8119,181,1,1,740,1208,3396,0.012402,4,2024-07-08 18:02:36,Medium,True,Excellent
8120,20,2,1,783,954,1719,0.00772,5,2024-01-23 08:20:28,Medium,True,Excellent
8121,222,1,1,1039,989,1741,0.009117,5,2024-02-08 03:08:03,Medium,True,Excellent
8122,336,1,1,319,497,4179,0.005048,5,2024-07-22 20:03:54,Simple,False,Excellent
8123,31,1,2,1545,1342,2172,0.013292,5,2024-03-15 12:50:00,Medium,True,Excellent
8124,398,1,9,2074,2683,1593,0.024435,5,2024-09-13 09:18:06,Complex,True,Excellent
8125,236,4,2,2826,2987,2257,0.015386,5,2024-02-02 00:09:43,Complex,True,Good
8126,284,2,3,1237,1682,2451,0.013656,3,2024-08-20 16:39:15,Medium,True,Good
8127,58,4,6,499,784,1826,0.003913,5,2024-02-08 07:35:47,Medium,False,Good
8128,200,4,1,1715,1632,1950,0.008945,4,2024-04-17 16:18:54,Medium,False,Good
8129,483,2,1,519,448,1919,0.003897,5,2024-07-04 18:04:22,Simple,True,Excellent
8130,447,4,8,1684,1523,2043,0.008267,1,2024-04-12 01:52:07,Medium,True,Fair
8131,286,4,1,777,771,2521,0.004214,5,2024-05-19 22:11:39,Medium,True,Good
8132,1,1,1,1130,1338,4064,0.012685,2,2024-11-30 04:04:28,Medium,True,Fair
8133,334,4,2,336,423,1616,0.002061,4,2024-02-06 15:43:45,Simple,True,Good
8134,393,1,2,1849,2797,6183,0.026848,4,2024-09-15 20:06:07,Complex,True,Excellent
8135,257,5,4,781,991,1356,0.002792,5,2024-05-11 02:19:02,Medium,True,Good
8136,12,3,7,1312,1811,1406,0.012635,4,2024-05-02 15:22:44,Medium,True,Good
8137,11,4,4,1064,1108,1586,0.005555,3,2024-12-10 02:56:11,Medium,True,Good
8138,239,2,9,1680,2016,1693,0.016621,3,2024-10-11 04:13:10,Complex,False,Good
8139,315,1,5,4794,4000,1603,0.037674,4,2024-09-29 03:19:13,Complex,True,Excellent
8140,160,1,5,1069,991,582,0.0095,5,2024-08-27 11:55:49,Medium,False,Excellent
8141,98,4,2,2309,1943,680,0.009991,5,2024-12-26 02:37:47,Medium,False,Good
8142,127,4,1,541,459,5399,0.002197,4,2024-07-02 06:19:18,Simple,True,Good
8143,278,2,7,1344,1165,1891,0.009012,4,2024-04-07 11:50:09,Medium,True,Excellent
8144,40,1,8,2444,2143,1425,0.02321,4,2024-10-06 06:52:46,Complex,False,Excellent
8145,265,5,5,2433,2540,2586,0.008,2,2024-01-29 08:53:55,Complex,False,Fair
8146,272,1,2,430,439,3023,0.004338,4,2024-11-30 15:23:10,Simple,False,Excellent
8147,482,4,2,949,1218,1671,0.006117,4,2024-10-16 15:58:22,Medium,True,Good
8148,249,3,1,415,358,707,0.002623,3,2024-07-17 19:06:06,Simple,False,Good
8149,289,4,6,679,807,2487,0.004128,5,2024-05-04 14:36:37,Medium,True,Good
8150,268,4,2,515,550,1621,0.002513,4,2024-04-18 12:00:38,Medium,True,Good
8151,241,3,1,877,791,2680,0.005291,5,2024-12-11 18:52:50,Medium,True,Good
8152,403,4,1,1187,1771,1430,0.008086,4,2024-12-10 00:20:02,Medium,True,Good
8153,170,4,1,2040,2026,2448,0.010927,4,2024-10-21 08:38:29,Complex,False,Good
8154,97,2,2,549,795,1296,0.00599,5,2024-07-23 23:30:28,Medium,True,Excellent
8155,10,4,7,979,936,1349,0.004299,5,2024-04-19 03:40:24,Medium,True,Good
8156,407,4,3,1280,1335,933,0.0065,3,2024-02-08 19:30:38,Medium,True,Good
8157,373,1,1,672,590,761,0.006052,5,2024-04-09 23:47:03,Medium,False,Excellent
8158,403,4,1,1156,1110,577,0.005769,3,2024-01-17 20:49:37,Medium,True,Good
8159,346,5,1,491,503,3331,0.001389,4,2024-09-14 15:13:58,Medium,True,Good
8160,340,1,5,477,434,1023,0.004666,3,2024-07-13 01:47:59,Simple,True,Good
8161,334,2,2,1019,1540,2132,0.012525,4,2024-01-24 23:54:59,Medium,True,Excellent
8162,205,1,9,2032,2049,655,0.01852,5,2024-05-10 17:11:17,Complex,True,Excellent
8163,16,2,1,1425,1349,1942,0.011622,1,2024-09-01 00:59:25,Medium,True,Fair
8164,415,4,2,1485,1280,1085,0.006903,3,2024-06-24 20:05:16,Medium,True,Good
8165,226,4,1,1045,1137,2581,0.005179,5,2024-11-27 03:27:20,Medium,True,Good
8166,96,2,2,1145,1888,550,0.014085,4,2024-08-07 22:37:11,Medium,True,Excellent
8167,136,2,6,2356,2051,2613,0.017665,3,2024-05-10 14:54:06,Complex,False,Good
8168,407,2,8,643,613,4809,0.004712,5,2024-01-10 21:43:48,Medium,True,Excellent
8169,47,1,1,1450,1367,4195,0.012751,4,2024-01-03 08:28:09,Medium,False,Excellent
8170,474,4,7,222,360,974,0.001847,1,2024-09-07 00:43:46,Simple,False,Fair
8171,471,4,4,519,471,2281,0.002385,5,2024-11-10 06:03:01,Simple,True,Good
8172,129,5,2,1049,1405,2490,0.00435,4,2024-03-16 22:14:16,Medium,True,Good
8173,190,1,4,564,591,5119,0.006207,5,2024-10-03 20:19:25,Medium,True,Excellent
8174,97,2,2,171,156,1543,0.001184,4,2024-06-17 19:38:12,Simple,True,Excellent
8175,317,1,5,756,751,1511,0.007384,5,2024-05-28 22:50:41,Medium,True,Excellent
8176,35,1,3,759,1228,1425,0.012365,3,2024-02-20 13:39:25,Medium,False,Good
8177,431,1,3,1147,1833,1931,0.019567,3,2024-05-24 06:16:00,Medium,False,Good
8178,347,1,5,1250,1105,3978,0.009979,4,2024-02-05 01:19:31,Medium,True,Excellent
8179,63,1,1,426,503,1152,0.00538,3,2024-12-25 06:43:58,Medium,True,Good
8180,353,2,2,1420,1228,886,0.009006,2,2024-05-19 08:13:40,Medium,False,Fair
8181,108,4,6,2684,2420,912,0.011493,4,2024-08-11 00:31:16,Complex,True,Good
8182,19,1,7,503,442,2505,0.004512,3,2024-02-29 11:00:01,Simple,True,Good
8183,275,3,1,617,993,581,0.007419,3,2024-02-08 20:53:52,Medium,True,Good
8184,485,1,6,276,257,500,0.002713,5,2024-08-24 17:28:45,Simple,True,Excellent
8185,450,4,1,1332,1779,1558,0.008625,3,2024-08-20 11:44:11,Medium,True,Good
8186,424,4,2,515,557,2663,0.002794,5,2024-04-03 16:10:31,Medium,True,Good
8187,353,1,3,671,636,2381,0.006881,3,2024-10-10 12:13:55,Medium,True,Good
8188,150,1,1,226,219,5508,0.001983,3,2024-09-13 02:17:14,Simple,True,Good
8189,24,1,6,2265,1963,835,0.02019,1,2024-11-18 18:24:53,Medium,True,Fair
8190,307,4,1,445,493,2876,0.00222,2,2024-07-28 19:04:51,Simple,True,Fair
8191,38,4,2,552,643,1738,0.003143,4,2024-12-04 14:05:40,Medium,True,Good
8192,91,5,2,2682,3012,1493,0.008787,5,2024-11-25 20:29:16,Complex,True,Good
8193,323,2,6,488,676,2209,0.005708,4,2024-06-11 12:35:42,Medium,True,Excellent
8194,417,5,1,363,372,2738,0.001034,4,2024-12-24 03:46:33,Simple,True,Good
8195,209,4,2,1009,1458,2014,0.007062,4,2024-05-08 08:59:07,Medium,False,Good
8196,283,4,5,171,269,1819,0.001249,1,2024-03-24 16:27:06,Simple,True,Fair
8197,114,3,7,2114,1964,1129,0.013656,4,2024-10-22 18:32:55,Medium,True,Good
8198,67,2,2,2143,2600,527,0.021848,5,2024-05-02 18:48:46,Complex,True,Excellent
8199,24,1,3,1942,1754,2429,0.01882,5,2024-04-20 16:54:24,Medium,True,Excellent
8200,49,2,2,662,701,1990,0.006142,4,2024-12-11 14:11:34,Medium,True,Excellent
8201,121,4,9,601,629,4105,0.002964,5,2024-07-01 22:32:18,Medium,True,Good
8202,469,5,1,1299,1657,1642,0.005409,3,2024-12-26 15:34:20,Medium,True,Good
8203,413,1,6,1089,1443,3080,0.014429,3,2024-02-15 03:05:47,Medium,True,Good
8204,443,1,3,627,720,1869,0.006734,5,2024-07-08 09:34:12,Medium,False,Excellent
8205,96,4,6,751,1038,1709,0.005147,1,2024-03-03 19:12:24,Medium,False,Fair
8206,70,2,2,285,279,1552,0.002059,4,2024-04-09 08:19:51,Simple,True,Excellent
8207,194,4,3,574,870,7750,0.004685,4,2024-11-05 16:05:33,Medium,True,Good
8208,110,2,2,689,953,2009,0.007957,3,2024-09-07 05:14:05,Medium,True,Good
8209,223,4,1,2289,2414,2654,0.012285,1,2024-06-11 07:30:05,Complex,True,Fair
8210,461,2,2,367,534,500,0.003863,5,2024-11-19 05:56:07,Medium,True,Excellent
8211,442,1,6,364,319,2608,0.00296,2,2024-03-11 03:44:32,Simple,True,Fair
8212,58,1,1,2407,2381,1875,0.021945,4,2024-01-04 07:33:22,Complex,False,Excellent
8213,401,4,1,569,540,9331,0.002829,1,2024-09-13 02:49:01,Medium,True,Fair
8214,374,5,9,485,425,1490,0.001276,3,2024-04-19 04:13:28,Simple,True,Good
8215,263,4,3,391,592,689,0.002792,5,2024-05-10 10:53:25,Medium,True,Good
8216,297,4,2,1429,1303,2264,0.007125,4,2024-03-18 07:25:50,Medium,False,Good
8217,277,4,1,452,501,1440,0.002614,5,2024-03-24 17:37:02,Medium,True,Good
8218,5,2,2,588,578,2785,0.004987,4,2024-01-31 02:51:09,Medium,True,Excellent
8219,121,2,3,556,547,1376,0.004463,3,2024-11-01 10:36:59,Medium,True,Good
8220,241,2,1,364,401,2597,0.003114,3,2024-02-07 16:41:02,Simple,True,Good
8221,407,1,2,4507,3778,1141,0.034807,2,2024-12-17 22:14:56,Complex,False,Fair
8222,443,1,1,417,524,767,0.005437,4,2024-08-21 05:37:17,Medium,False,Excellent
8223,291,4,1,761,809,932,0.003691,5,2024-04-30 17:46:48,Medium,True,Good
8224,375,1,3,518,725,988,0.007447,5,2024-04-19 18:25:42,Medium,True,Excellent
8225,87,4,3,1059,1408,2402,0.00678,3,2024-05-21 18:00:56,Medium,True,Good
8226,376,4,1,147,199,1099,0.001,3,2024-05-19 11:53:05,Simple,True,Good
8227,483,2,1,601,746,2568,0.005741,4,2024-08-22 11:10:47,Medium,True,Excellent
8228,471,4,5,1135,1529,1550,0.008077,5,2024-12-08 03:25:07,Medium,True,Good
8229,163,4,5,318,504,1511,0.002419,3,2024-05-27 23:07:01,Medium,True,Good
8230,256,3,8,2205,2470,3210,0.019004,3,2024-06-18 00:53:22,Complex,True,Good
8231,162,1,5,728,948,1495,0.009412,2,2024-01-04 21:30:10,Medium,True,Fair
8232,103,1,9,1919,1909,1446,0.020084,2,2024-04-06 02:23:55,Medium,True,Fair
8233,342,2,1,630,718,1158,0.006018,3,2024-04-02 11:50:24,Medium,True,Good
8234,61,3,3,3951,4000,837,0.030616,4,2024-04-28 01:55:52,Complex,False,Good
8235,182,4,6,550,670,1159,0.003431,5,2024-05-17 13:04:48,Medium,True,Good
8236,295,4,9,360,329,1212,0.001759,4,2024-04-01 11:51:02,Simple,False,Good
8237,82,3,6,401,469,1208,0.00297,4,2024-09-29 21:31:22,Simple,True,Good
8238,436,4,6,287,431,1628,0.002248,5,2024-05-20 22:35:34,Simple,False,Good
8239,470,4,3,394,382,1920,0.001822,3,2024-10-19 13:29:24,Simple,True,Good
8240,321,4,3,503,421,1597,0.002006,3,2024-03-04 16:40:22,Simple,False,Good
8241,14,4,7,1214,1764,3137,0.00862,4,2024-01-23 22:20:47,Medium,True,Good
8242,9,2,2,875,886,2062,0.00693,5,2024-04-20 23:09:26,Medium,True,Excellent
8243,217,4,6,716,1117,2479,0.00552,4,2024-04-08 09:55:19,Medium,True,Good
8244,401,4,2,242,244,4722,0.001225,4,2024-04-22 12:24:38,Simple,False,Good
8245,449,4,8,538,692,1753,0.003342,5,2024-11-13 02:44:01,Medium,True,Good
8246,425,1,2,1520,1490,2059,0.013858,1,2024-04-28 01:18:37,Medium,True,Fair
8247,161,4,1,263,432,1121,0.002106,1,2024-02-05 00:14:35,Simple,True,Fair
8248,218,1,1,526,678,1481,0.006432,4,2024-01-14 07:09:59,Medium,True,Excellent
8249,495,2,7,593,654,2164,0.005032,4,2024-12-26 20:20:32,Medium,False,Excellent
8250,491,4,6,390,431,1987,0.002085,4,2024-10-24 23:12:29,Simple,False,Good
8251,112,3,3,1642,1892,1259,0.012302,5,2024-02-03 23:13:44,Medium,True,Good
8252,370,1,6,354,367,1120,0.00379,1,2024-05-30 13:56:41,Simple,True,Fair
8253,447,4,7,1574,2428,737,0.012853,4,2024-06-28 04:23:40,Complex,False,Good
8254,161,1,6,596,625,1687,0.00659,3,2024-12-25 09:14:06,Medium,True,Good
8255,46,4,9,815,755,1454,0.003724,2,2024-11-13 11:15:32,Medium,False,Fair
8256,21,2,5,911,1273,3072,0.009972,4,2024-05-03 15:10:51,Medium,True,Excellent
8257,241,4,1,633,721,1528,0.003563,4,2024-01-21 20:01:17,Medium,False,Good
8258,146,1,1,820,720,3051,0.007211,5,2024-03-31 21:43:27,Medium,True,Excellent
8259,231,4,2,761,715,1995,0.003869,3,2024-05-30 11:27:13,Medium,False,Good
8260,478,4,8,1547,1433,1064,0.007519,3,2024-09-19 07:50:57,Medium,True,Good
8261,478,1,3,1142,1599,1555,0.016674,5,2024-06-22 15:25:29,Medium,True,Excellent
8262,28,1,1,343,569,4806,0.00593,3,2024-09-06 17:16:18,Medium,False,Good
8263,222,4,2,1204,1225,1955,0.005792,3,2024-09-06 15:27:13,Medium,True,Good
8264,22,4,1,366,476,2379,0.002453,4,2024-06-05 23:20:45,Simple,True,Good
8265,438,4,3,374,514,636,0.002438,1,2024-08-06 04:30:23,Medium,True,Fair
8266,44,2,2,254,414,1472,0.003606,5,2024-11-24 15:36:01,Simple,True,Excellent
8267,19,1,1,571,544,1496,0.005359,1,2024-12-24 07:58:15,Medium,True,Fair
8268,100,2,9,767,828,2970,0.00693,3,2024-02-26 03:55:15,Medium,True,Good
8269,133,4,1,437,487,2565,0.002311,4,2024-02-29 08:52:11,Simple,False,Good
8270,431,1,1,778,1133,1410,0.011155,5,2024-09-05 21:59:34,Medium,False,Excellent
8271,321,3,1,1737,1914,782,0.014353,4,2024-01-13 22:02:03,Medium,True,Good
8272,13,2,5,680,650,1081,0.004696,4,2024-09-11 01:33:19,Medium,True,Excellent
8273,69,1,3,379,343,3705,0.0033,5,2024-02-07 20:22:56,Simple,True,Excellent
8274,231,4,3,523,737,1752,0.004017,5,2024-05-20 22:24:06,Medium,True,Good
8275,341,2,3,1789,1685,903,0.014788,3,2024-07-21 18:03:50,Medium,True,Good
8276,113,4,7,677,880,2373,0.004029,4,2024-08-25 13:11:11,Medium,True,Good
8277,247,4,8,1442,2001,1010,0.009256,4,2024-08-25 05:38:56,Complex,True,Good
8278,165,1,1,745,780,4849,0.007309,2,2024-11-03 14:30:21,Medium,True,Fair
8279,109,4,1,1144,1463,2385,0.006775,5,2024-05-13 22:47:05,Medium,True,Good
8280,232,1,2,396,540,1762,0.005896,1,2024-12-15 19:56:33,Medium,True,Fair
8281,263,4,2,1642,1920,2377,0.008743,3,2024-05-14 01:30:04,Medium,False,Good
8282,64,5,1,606,529,3194,0.001442,3,2024-03-22 02:25:17,Medium,True,Good
8283,283,1,9,1491,1604,2642,0.015009,2,2024-11-04 22:20:15,Medium,False,Fair
8284,240,4,5,293,442,2301,0.002112,3,2024-04-20 17:12:39,Simple,True,Good
8285,29,4,1,285,376,3075,0.001987,3,2024-10-08 02:40:38,Simple,True,Good
8286,232,2,7,893,1217,885,0.008843,5,2024-07-01 22:30:52,Medium,True,Excellent
8287,353,1,1,1613,1992,2185,0.021526,5,2024-08-08 06:37:48,Medium,True,Excellent
8288,4,1,6,191,197,1619,0.002111,4,2024-05-05 17:35:34,Simple,True,Excellent
8289,366,1,3,491,424,2063,0.004472,4,2024-08-18 21:53:35,Simple,True,Excellent
8290,169,2,6,261,277,3026,0.002235,5,2024-09-29 09:34:46,Simple,True,Excellent
8291,203,4,7,868,764,3742,0.00414,3,2024-12-17 01:40:24,Medium,False,Good
8292,23,5,1,852,1350,1466,0.004038,4,2024-04-10 06:37:09,Medium,True,Good
8293,126,4,2,937,1398,3033,0.006948,5,2024-08-01 15:04:55,Medium,False,Good
8294,27,1,1,427,560,4807,0.006117,3,2024-05-06 15:22:04,Medium,True,Good
8295,393,2,2,685,1064,2282,0.008406,4,2024-04-18 09:39:48,Medium,False,Excellent
8296,104,4,1,298,419,3449,0.001914,4,2024-03-06 08:31:35,Simple,False,Good
8297,360,4,8,458,474,2173,0.002595,2,2024-06-22 02:05:51,Simple,False,Fair
8298,477,2,7,478,767,2274,0.006356,1,2024-07-24 21:14:15,Medium,True,Fair
8299,355,1,9,389,502,600,0.004824,4,2024-10-16 19:07:13,Medium,True,Excellent
8300,167,4,5,304,434,3191,0.002153,3,2024-06-01 23:50:58,Simple,True,Good
8301,256,4,9,663,757,1862,0.004082,4,2024-06-07 08:40:03,Medium,True,Good
8302,410,3,3,1306,1593,2468,0.010687,2,2024-02-01 21:04:42,Medium,True,Fair
8303,368,1,1,889,1481,3849,0.013931,4,2024-03-22 01:33:42,Medium,True,Excellent
8304,264,4,2,576,757,1274,0.004007,3,2024-04-09 04:58:27,Medium,True,Good
8305,67,4,2,640,638,1201,0.003273,5,2024-03-17 02:33:17,Medium,True,Good
8306,415,1,2,1986,1682,3674,0.01719,4,2024-05-04 02:15:11,Medium,True,Excellent
8307,489,4,2,362,567,3084,0.002972,3,2024-11-19 11:35:11,Medium,True,Good
8308,138,3,2,1175,1881,1782,0.014011,4,2024-01-23 17:59:40,Medium,False,Good
8309,46,4,2,780,1155,1827,0.005603,4,2024-05-04 14:19:10,Medium,True,Good
8310,500,2,6,942,1396,4378,0.010901,4,2024-08-14 13:39:53,Medium,True,Excellent
8311,316,2,3,477,570,1885,0.004257,4,2024-09-08 20:39:55,Medium,True,Excellent
8312,353,5,6,491,542,1306,0.001775,3,2024-06-21 05:14:58,Medium,True,Good
8313,434,4,7,1530,1571,1564,0.007654,4,2024-01-04 14:52:11,Medium,True,Good
8314,21,4,9,641,942,844,0.004487,4,2024-02-27 11:36:01,Medium,True,Good
8315,145,1,6,805,712,2963,0.006648,2,2024-01-10 23:12:41,Medium,True,Fair
8316,79,1,1,2370,2538,1804,0.025206,4,2024-11-13 13:15:28,Complex,True,Excellent
8317,18,3,7,142,164,856,0.001095,2,2024-01-04 01:41:06,Simple,True,Fair
8318,156,1,2,869,1006,1403,0.010153,4,2024-07-24 00:02:34,Medium,True,Excellent
8319,428,1,2,1199,1027,913,0.009322,1,2024-05-03 16:45:21,Medium,True,Fair
8320,15,4,3,2212,2702,572,0.013684,4,2024-02-28 12:35:37,Complex,True,Good
8321,78,2,4,597,808,1578,0.006942,4,2024-02-15 16:31:30,Medium,True,Excellent
8322,59,1,1,1099,1490,3278,0.013813,5,2024-11-01 05:45:35,Medium,True,Excellent
8323,231,1,1,1073,1164,1228,0.011036,4,2024-03-07 04:19:53,Medium,True,Excellent
8324,67,4,3,220,196,4624,0.000915,3,2024-10-13 08:41:28,Simple,True,Good
8325,137,2,1,1039,1301,3519,0.011315,4,2024-01-04 10:33:54,Medium,True,Excellent
8326,272,3,3,1064,1314,3615,0.008806,2,2024-09-13 11:50:51,Medium,True,Fair
8327,112,1,4,903,774,500,0.008507,3,2024-07-21 09:51:06,Medium,False,Good
8328,433,1,6,1462,2055,1523,0.020513,3,2024-08-20 22:16:40,Complex,True,Good
8329,339,2,2,478,597,5652,0.004424,5,2024-09-20 10:19:31,Medium,True,Excellent
8330,50,1,7,425,364,2217,0.003303,2,2024-12-25 02:00:56,Simple,True,Fair
8331,36,4,9,187,281,2520,0.001273,4,2024-10-19 21:48:34,Simple,True,Good
8332,167,1,5,380,463,2105,0.005053,3,2024-02-20 18:38:48,Simple,True,Good
8333,369,4,2,609,685,2047,0.003622,2,2024-08-08 10:49:14,Medium,True,Fair
8334,163,2,3,1596,1413,1350,0.010965,3,2024-10-07 01:19:08,Medium,False,Good
8335,306,1,1,610,950,843,0.01006,4,2024-06-13 17:52:49,Medium,True,Excellent
8336,287,2,6,652,872,2067,0.006989,3,2024-12-29 20:30:15,Medium,True,Good
8337,149,4,1,3169,3015,1447,0.014292,4,2024-01-18 09:40:41,Complex,True,Good
8338,341,4,6,387,355,3032,0.001946,4,2024-12-03 05:21:54,Simple,True,Good
8339,336,1,1,340,351,2653,0.003441,2,2024-07-26 22:33:02,Simple,True,Fair
8340,170,5,4,649,926,709,0.003001,1,2024-05-30 09:06:04,Medium,True,Fair
8341,493,2,7,760,793,955,0.005769,4,2024-11-13 16:15:27,Medium,True,Excellent
8342,108,4,1,885,1205,1436,0.005938,4,2024-11-01 12:57:36,Medium,True,Good
8343,164,1,2,581,666,7714,0.007085,4,2024-03-02 21:48:58,Medium,True,Excellent
8344,99,2,1,2231,2269,2086,0.018629,2,2024-10-29 13:53:52,Complex,True,Fair
8345,178,3,2,636,533,1993,0.003793,3,2024-06-06 06:31:50,Medium,True,Good
8346,66,4,1,615,930,2367,0.004947,4,2024-07-03 20:00:51,Medium,True,Good
8347,92,4,2,1430,1644,670,0.007647,2,2024-06-16 02:59:57,Medium,True,Fair
8348,414,4,3,2274,2371,8262,0.012142,4,2024-03-18 02:27:00,Complex,True,Good
8349,146,2,8,219,212,601,0.001609,2,2024-07-24 16:14:36,Simple,True,Fair
8350,49,2,4,570,691,3639,0.005898,4,2024-02-26 20:58:43,Medium,True,Excellent
8351,353,1,6,380,621,2129,0.005911,4,2024-08-19 15:07:32,Medium,True,Excellent
8352,27,1,2,633,540,1124,0.005663,5,2024-10-04 11:44:01,Medium,True,Excellent
8353,281,2,7,2072,2024,2850,0.017226,4,2024-02-26 17:23:45,Complex,True,Excellent
8354,221,4,9,869,1044,1147,0.005277,1,2024-09-23 17:25:34,Medium,True,Fair
8355,414,3,2,1228,1479,3247,0.00964,5,2024-11-21 06:52:42,Medium,False,Good
8356,245,1,3,976,1245,2450,0.013494,5,2024-06-16 00:47:38,Medium,True,Excellent
8357,345,1,1,483,447,1623,0.004197,5,2024-03-21 11:10:02,Simple,True,Excellent
8358,102,4,9,1115,1394,1340,0.007056,1,2024-09-06 14:12:31,Medium,True,Fair
8359,468,4,2,339,537,3303,0.00291,4,2024-11-12 05:32:25,Medium,True,Good
8360,86,3,4,358,337,1852,0.002202,4,2024-11-10 14:18:20,Simple,True,Good
8361,491,3,3,138,227,1583,0.001608,1,2024-02-22 22:46:16,Simple,False,Fair
8362,258,3,1,1376,1317,992,0.009472,4,2024-08-15 10:58:44,Medium,True,Good
8363,458,4,2,584,753,4449,0.003949,5,2024-03-23 06:39:00,Medium,True,Good
8364,386,2,2,291,367,2037,0.002858,4,2024-12-27 11:59:34,Simple,True,Excellent
8365,389,4,6,200,263,1028,0.001394,5,2024-03-07 16:51:47,Simple,True,Good
8366,420,4,2,788,1098,3749,0.005821,3,2024-02-23 03:49:54,Medium,True,Good
8367,264,5,3,1265,1057,1346,0.003072,2,2024-06-01 06:18:30,Medium,True,Fair
8368,250,5,2,121,200,1325,0.000639,4,2024-12-07 10:42:17,Simple,True,Good
8369,336,5,6,1186,1119,1547,0.003296,4,2024-02-10 15:54:01,Medium,True,Good
8370,254,4,8,589,698,3773,0.003556,2,2024-03-20 15:10:37,Medium,True,Fair
8371,184,1,4,645,809,1897,0.008616,1,2024-08-24 02:57:49,Medium,False,Fair
8372,417,1,7,463,702,6143,0.006926,5,2024-06-18 22:32:44,Medium,True,Excellent
8373,279,1,2,712,831,2263,0.008185,5,2024-06-13 13:06:38,Medium,True,Excellent
8374,362,1,3,1119,1552,1705,0.014805,3,2024-05-31 10:49:35,Medium,False,Good
8375,467,4,3,751,751,1036,0.003733,4,2024-07-01 06:22:59,Medium,False,Good
8376,381,1,3,421,520,2847,0.005392,5,2024-03-18 08:22:19,Medium,True,Excellent
8377,351,4,4,1945,1807,1010,0.008535,4,2024-07-30 05:47:12,Medium,True,Good
8378,259,5,8,439,383,2028,0.001198,1,2024-05-29 09:23:23,Simple,False,Fair
8379,412,4,1,308,350,1048,0.001602,4,2024-01-11 02:47:35,Simple,True,Good
8380,73,1,1,230,273,2677,0.002979,5,2024-12-08 07:59:38,Simple,False,Excellent
8381,367,2,6,1333,1244,1294,0.010466,4,2024-02-07 21:06:13,Medium,True,Excellent
8382,80,4,7,1463,1422,6074,0.00746,2,2024-07-29 13:37:46,Medium,True,Fair
8383,409,4,2,2390,2065,3971,0.011251,3,2024-05-19 21:47:09,Complex,False,Good
8384,373,1,1,113,104,2175,0.001136,4,2024-08-04 01:21:13,Simple,True,Excellent
8385,60,4,1,1439,2153,4328,0.009813,4,2024-10-10 17:27:50,Complex,False,Good
8386,350,4,2,795,941,7855,0.004739,4,2024-12-19 16:43:44,Medium,True,Good
8387,435,1,1,1360,1166,1691,0.011596,4,2024-12-05 03:33:20,Medium,True,Excellent
8388,313,1,3,337,367,1619,0.003884,5,2024-03-03 16:30:38,Simple,True,Excellent
8389,269,5,6,1051,1401,2908,0.003994,5,2024-08-19 22:18:33,Medium,True,Good
8390,268,4,1,551,489,651,0.00256,3,2024-06-30 10:52:03,Simple,True,Good
8391,73,2,2,685,728,1481,0.005243,4,2024-03-26 18:44:29,Medium,True,Excellent
8392,396,4,6,417,481,1616,0.002337,5,2024-09-30 19:43:54,Simple,True,Good
8393,487,2,1,137,226,1410,0.001834,4,2024-11-17 19:12:33,Simple,True,Excellent
8394,56,1,3,470,558,3004,0.005165,4,2024-10-15 12:24:24,Medium,True,Excellent
8395,443,1,2,493,821,1846,0.008398,1,2024-12-26 19:14:25,Medium,True,Fair
8396,185,4,1,366,538,12000,0.002429,2,2024-09-29 17:46:51,Medium,False,Fair
8397,83,4,7,1436,1346,2053,0.007065,4,2024-08-11 20:31:27,Medium,True,Good
8398,46,1,2,2201,2597,2484,0.025934,3,2024-10-11 21:19:45,Complex,True,Good
8399,108,1,6,577,491,1074,0.004648,3,2024-02-28 04:47:54,Simple,True,Good
8400,56,1,7,4271,4000,1161,0.040178,5,2024-11-30 21:56:47,Complex,True,Excellent
8401,298,1,3,3407,4000,1321,0.042674,2,2024-03-12 02:20:51,Complex,False,Fair
8402,479,1,3,2417,3936,1608,0.041716,5,2024-01-08 07:01:43,Complex,True,Excellent
8403,268,1,7,1347,1221,972,0.013426,4,2024-06-05 11:49:11,Medium,True,Excellent
8404,72,4,6,471,400,5782,0.001821,3,2024-10-20 00:09:10,Simple,False,Good
8405,129,4,2,999,844,2725,0.003943,4,2024-05-31 00:13:03,Medium,True,Good
8406,88,2,1,642,617,2642,0.005192,5,2024-07-17 06:00:58,Medium,True,Excellent
8407,350,1,1,2044,1716,3291,0.016578,3,2024-11-17 21:24:24,Medium,True,Good
8408,450,4,1,412,462,6070,0.00246,3,2024-04-02 13:45:58,Simple,True,Good
8409,484,1,3,849,1283,805,0.012375,3,2024-11-30 16:33:20,Medium,True,Good
8410,65,4,4,485,688,955,0.003781,5,2024-09-24 21:53:48,Medium,True,Good
8411,404,1,6,390,466,1592,0.00434,5,2024-11-28 02:22:31,Simple,True,Excellent
8412,279,4,1,281,274,2101,0.001304,3,2024-07-08 02:14:26,Simple,True,Good
8413,328,1,3,293,361,2579,0.003309,5,2024-06-13 23:13:15,Simple,True,Excellent
8414,159,3,1,713,1078,2078,0.007694,4,2024-01-21 05:24:48,Medium,False,Good
8415,171,4,3,185,208,3857,0.00096,4,2024-01-06 13:11:01,Simple,True,Good
8416,382,2,1,1481,1951,3332,0.01603,5,2024-07-24 04:07:17,Medium,True,Excellent
8417,228,1,2,246,365,1048,0.003491,5,2024-09-27 18:06:39,Simple,True,Excellent
8418,423,4,3,1105,1352,1760,0.006117,3,2024-06-04 01:26:27,Medium,True,Good
8419,211,4,1,2872,4000,3673,0.019408,3,2024-04-09 06:15:51,Complex,True,Good
8420,296,2,2,1450,1472,1680,0.010834,2,2024-04-01 08:16:57,Medium,False,Fair
8421,208,1,4,1088,1468,1724,0.014261,4,2024-08-28 15:20:47,Medium,True,Excellent
8422,62,5,1,365,320,952,0.000903,3,2024-10-08 10:10:11,Simple,True,Good
8423,380,1,6,273,444,2488,0.004133,4,2024-08-11 15:23:58,Simple,True,Excellent
8424,101,1,6,1530,2012,7779,0.02173,3,2024-04-25 21:46:06,Complex,True,Good
8425,181,4,9,297,288,2777,0.001391,3,2024-08-30 20:50:22,Simple,True,Good
8426,393,4,1,196,274,989,0.001441,5,2024-02-10 01:18:14,Simple,True,Good
8427,389,1,4,2092,1754,1141,0.016116,5,2024-01-20 03:45:09,Medium,True,Excellent
8428,196,4,4,1425,1606,1319,0.008524,4,2024-08-09 08:25:45,Medium,True,Good
8429,173,4,3,334,291,560,0.001395,4,2024-01-13 04:57:14,Simple,True,Good
8430,121,1,1,710,654,1659,0.005909,5,2024-10-22 02:05:19,Medium,True,Excellent
8431,335,4,1,640,585,1514,0.003169,5,2024-04-28 13:46:14,Medium,True,Good
8432,81,4,7,1220,1065,948,0.005827,3,2024-05-01 12:46:03,Medium,False,Good
8433,253,4,2,680,700,1464,0.003587,5,2024-03-04 12:26:36,Medium,True,Good
8434,449,1,7,314,456,1726,0.004418,3,2024-12-08 06:57:08,Simple,True,Good
8435,226,1,3,1400,1424,1252,0.014772,5,2024-11-29 19:10:07,Medium,True,Excellent
8436,460,4,1,307,479,1643,0.002218,4,2024-07-26 00:10:07,Simple,True,Good
8437,233,1,2,352,483,931,0.00522,3,2024-05-02 03:25:17,Simple,True,Good
8438,491,5,1,591,731,1705,0.0022,5,2024-06-02 03:17:26,Medium,True,Good
8439,111,4,2,987,1004,4206,0.004674,5,2024-12-06 07:17:23,Medium,True,Good
8440,384,2,6,924,1051,1647,0.008728,4,2024-04-16 04:34:05,Medium,False,Excellent
8441,61,1,2,1108,1084,922,0.009906,5,2024-06-26 01:29:45,Medium,True,Excellent
8442,473,4,2,418,619,2981,0.002862,5,2024-09-15 12:26:24,Medium,False,Good
8443,249,3,9,3304,3662,1193,0.026391,4,2024-07-15 15:52:31,Complex,True,Good
8444,174,4,2,391,583,3868,0.002697,1,2024-05-16 07:43:04,Medium,False,Fair
8445,326,4,2,3572,4000,1131,0.020534,4,2024-03-08 23:56:59,Complex,True,Good
8446,427,3,3,711,831,899,0.00557,3,2024-08-29 03:38:11,Medium,True,Good
8447,386,4,1,493,426,785,0.002337,3,2024-03-18 23:58:18,Simple,True,Good
8448,137,1,2,813,1010,4075,0.010218,3,2024-08-09 07:49:55,Medium,True,Good
8449,301,1,3,1003,1459,1949,0.015205,3,2024-06-23 11:35:25,Medium,True,Good
8450,192,3,6,996,1476,1007,0.009315,4,2024-09-09 03:40:42,Medium,True,Good
8451,13,4,4,636,543,5871,0.002824,2,2024-12-07 19:01:08,Medium,True,Fair
8452,47,1,1,485,658,2887,0.006565,3,2024-10-05 15:14:24,Medium,True,Good
8453,283,1,1,589,571,2815,0.005375,3,2024-06-18 09:53:31,Medium,False,Good
8454,208,1,3,1604,1372,1505,0.012478,2,2024-07-22 23:25:30,Medium,True,Fair
8455,417,1,1,1169,1294,1571,0.01375,4,2024-12-11 11:49:38,Medium,True,Excellent
8456,143,4,2,1386,1470,6546,0.007358,4,2024-07-30 06:24:14,Medium,False,Good
8457,64,4,2,1417,1299,1156,0.006959,2,2024-01-12 14:54:14,Medium,True,Fair
8458,316,3,1,1164,1617,752,0.010619,3,2024-04-08 22:29:16,Medium,True,Good
8459,469,4,1,852,1144,3930,0.006184,4,2024-02-26 22:18:05,Medium,True,Good
8460,303,1,1,439,676,1242,0.007296,5,2024-08-02 18:46:08,Medium,False,Excellent
8461,434,4,1,263,375,2601,0.002043,3,2024-11-09 01:47:27,Simple,True,Good
8462,334,1,7,880,965,858,0.009746,5,2024-08-26 02:58:11,Medium,True,Excellent
8463,296,4,5,823,810,10045,0.004188,4,2024-01-13 13:05:13,Medium,True,Good
8464,309,1,8,983,1057,4245,0.009913,2,2024-11-01 07:41:30,Medium,False,Fair
8465,415,4,2,1198,1873,660,0.00974,5,2024-06-06 08:10:04,Medium,True,Good
8466,126,3,1,926,1079,782,0.00714,3,2024-11-26 12:53:21,Medium,True,Good
8467,263,1,3,383,398,1752,0.003989,4,2024-09-06 09:32:38,Simple,True,Excellent
8468,16,5,1,142,180,1733,0.000575,1,2024-01-11 08:01:08,Simple,True,Fair
8469,410,4,6,1937,1647,4713,0.008174,3,2024-03-22 00:46:56,Medium,False,Good
8470,284,2,3,1033,949,971,0.006992,4,2024-05-19 06:11:41,Medium,False,Excellent
8471,484,4,3,253,337,1843,0.001799,5,2024-06-26 04:20:24,Simple,True,Good
8472,42,1,2,1140,1208,4003,0.012656,2,2024-02-23 08:45:44,Medium,True,Fair
8473,109,1,5,1166,1894,886,0.020571,4,2024-02-28 15:27:04,Medium,True,Excellent
8474,398,2,6,1072,894,1717,0.006722,4,2024-04-12 15:10:10,Medium,True,Excellent
8475,163,5,7,322,387,2128,0.001275,4,2024-11-21 03:09:07,Simple,True,Good
8476,113,1,5,735,1019,4460,0.009898,2,2024-06-05 17:28:52,Medium,True,Fair
8477,314,3,6,1282,1463,1856,0.00974,1,2024-04-11 20:26:09,Medium,True,Fair
8478,316,4,1,812,1323,3227,0.006756,4,2024-01-22 04:54:54,Medium,True,Good
8479,54,2,2,72,120,610,0.000993,4,2024-01-16 10:16:04,Simple,False,Excellent
8480,383,4,6,888,764,1956,0.004024,3,2024-06-01 18:31:44,Medium,True,Good
8481,151,4,3,2436,2865,2174,0.01544,5,2024-12-29 21:19:15,Complex,True,Good
8482,128,4,7,1242,1083,801,0.005451,4,2024-08-07 16:33:37,Medium,False,Good
8483,300,2,3,904,949,1416,0.007854,2,2024-01-19 00:38:11,Medium,True,Fair
8484,413,2,9,972,945,1673,0.007982,4,2024-09-25 13:31:56,Medium,False,Excellent
8485,299,1,5,187,217,11075,0.002038,4,2024-09-10 03:51:58,Simple,True,Excellent
8486,443,4,8,428,513,1305,0.00243,4,2024-12-29 11:30:40,Medium,True,Good
8487,16,2,3,487,597,500,0.004716,4,2024-06-06 12:50:11,Medium,True,Excellent
8488,60,1,1,3063,4000,2520,0.038687,4,2024-07-19 12:29:36,Complex,True,Excellent
8489,167,2,3,2965,3167,1164,0.027799,5,2024-07-24 13:53:36,Complex,True,Excellent
8490,159,3,2,499,667,1356,0.004932,2,2024-08-26 20:30:06,Medium,False,Fair
8491,199,1,3,395,413,611,0.00422,5,2024-06-11 11:21:32,Simple,True,Excellent
8492,254,1,2,499,762,3402,0.007512,5,2024-10-17 22:29:54,Medium,True,Excellent
8493,472,4,4,520,621,1913,0.003081,4,2024-01-07 00:31:27,Medium,False,Good
8494,267,2,2,987,936,1391,0.007044,2,2024-12-28 05:59:17,Medium,True,Fair
8495,345,4,2,799,1193,3151,0.005695,4,2024-03-02 10:07:21,Medium,False,Good
8496,136,3,6,509,477,2393,0.003153,1,2024-04-24 18:19:50,Simple,True,Fair
8497,108,1,2,976,1190,1114,0.011104,4,2024-11-11 14:49:25,Medium,False,Excellent
8498,61,1,3,302,386,3170,0.00422,4,2024-09-08 10:42:43,Simple,True,Excellent
8499,13,4,5,1236,1124,3048,0.006015,2,2024-04-17 20:34:22,Medium,True,Fair
8500,69,1,2,138,218,2959,0.002025,4,2024-06-09 23:20:36,Simple,True,Excellent
8501,477,3,9,443,474,4151,0.003199,1,2024-10-21 22:18:25,Simple,True,Fair
8502,492,1,5,285,306,1717,0.003228,3,2024-09-10 01:07:33,Simple,False,Good
8503,110,4,2,587,536,566,0.002415,4,2024-07-31 10:09:38,Medium,False,Good
8504,259,4,5,209,222,797,0.001002,2,2024-06-23 17:22:23,Simple,True,Fair
8505,67,4,1,1640,1481,2204,0.007817,2,2024-11-01 23:58:45,Medium,False,Fair
8506,377,1,8,1149,1087,3103,0.011864,3,2024-08-03 21:31:16,Medium,True,Good
8507,123,2,3,440,717,3364,0.005532,3,2024-10-16 02:17:55,Medium,True,Good
8508,458,5,6,547,720,1152,0.002068,4,2024-03-20 21:27:45,Medium,True,Good
8509,60,4,6,884,859,1087,0.004609,2,2024-06-21 00:41:31,Medium,True,Fair
8510,265,2,2,779,928,1917,0.007243,3,2024-12-13 16:58:08,Medium,True,Good
8511,148,2,7,510,514,1822,0.004456,1,2024-02-14 12:30:36,Medium,True,Fair
8512,313,1,2,1605,1839,1374,0.018657,5,2024-12-18 22:22:06,Medium,True,Excellent
8513,142,1,6,1927,1918,856,0.017823,5,2024-06-05 13:25:02,Medium,True,Excellent
8514,39,1,2,1022,1364,6455,0.013982,5,2024-02-07 19:44:03,Medium,True,Excellent
8515,408,1,8,997,1646,2320,0.015222,5,2024-08-22 08:53:51,Medium,True,Excellent
8516,77,2,2,701,659,1745,0.005338,3,2024-06-04 12:18:08,Medium,True,Good
8517,493,3,7,3812,4000,816,0.030189,4,2024-02-13 00:06:58,Complex,True,Good
8518,349,2,8,385,533,2730,0.004548,4,2024-01-16 19:42:13,Medium,True,Excellent
8519,57,1,2,802,951,1952,0.009903,5,2024-03-09 09:14:32,Medium,True,Excellent
8520,172,1,4,1221,1882,938,0.019481,1,2024-02-09 23:54:43,Medium,False,Fair
8521,359,1,2,606,862,2659,0.008343,5,2024-11-23 11:54:14,Medium,True,Excellent
8522,311,4,8,645,700,2884,0.003649,4,2024-05-19 13:41:20,Medium,True,Good
8523,349,4,7,1632,1417,1237,0.007361,5,2024-12-21 01:07:13,Medium,True,Good
8524,463,4,5,538,538,1243,0.002554,3,2024-11-17 16:39:18,Medium,True,Good
8525,402,4,2,290,267,5553,0.001393,2,2024-12-02 01:23:12,Simple,True,Fair
8526,185,3,2,769,715,1360,0.005115,2,2024-01-27 08:38:59,Medium,True,Fair
8527,309,2,2,2824,2849,1549,0.024431,4,2024-07-03 17:16:15,Complex,True,Excellent
8528,400,4,1,1238,1647,1657,0.009031,1,2024-07-03 00:49:05,Medium,True,Fair
8529,354,2,1,1008,1559,1502,0.012291,5,2024-01-12 17:03:29,Medium,False,Excellent
8530,491,1,3,516,637,2042,0.006494,4,2024-12-17 12:55:12,Medium,True,Excellent
8531,412,4,2,544,641,765,0.00332,2,2024-10-29 00:48:23,Medium,True,Fair
8532,284,4,1,478,692,1062,0.003349,4,2024-06-12 11:06:59,Medium,True,Good
8533,232,1,7,357,334,877,0.003041,4,2024-10-21 06:38:46,Simple,True,Excellent
8534,308,4,7,617,777,1297,0.00422,5,2024-05-30 15:02:23,Medium,True,Good
8535,386,2,2,677,972,3151,0.008297,3,2024-03-02 00:09:24,Medium,True,Good
8536,418,4,9,527,587,703,0.002865,5,2024-09-24 20:38:42,Medium,False,Good
8537,44,2,1,803,875,1986,0.007479,4,2024-02-07 21:55:09,Medium,True,Excellent
8538,412,1,6,1717,1576,1636,0.017302,3,2024-12-29 15:23:50,Medium,True,Good
8539,255,2,1,1051,1469,1304,0.011974,1,2024-10-13 15:07:12,Medium,True,Fair
8540,192,2,1,568,727,6651,0.005419,3,2024-02-25 20:04:19,Medium,True,Good
8541,53,3,6,442,695,2531,0.004622,4,2024-05-17 06:35:14,Medium,False,Good
8542,62,1,3,692,860,2319,0.009085,3,2024-11-07 12:20:53,Medium,True,Good
8543,28,4,5,2135,1925,1636,0.010475,4,2024-03-18 17:48:18,Medium,True,Good
8544,250,1,3,1300,1493,1076,0.013484,4,2024-07-29 10:16:50,Medium,True,Excellent
8545,59,1,2,1824,1783,1456,0.019435,5,2024-05-06 00:46:37,Medium,True,Excellent
8546,492,1,1,694,999,1613,0.009077,4,2024-01-03 20:01:40,Medium,True,Excellent
8547,325,4,1,458,502,1451,0.002575,5,2024-04-26 20:58:46,Medium,False,Good
8548,169,1,1,1038,1149,500,0.012046,4,2024-08-06 01:01:35,Medium,True,Excellent
8549,291,4,5,531,478,2025,0.002532,4,2024-02-26 14:12:42,Simple,True,Good
8550,296,1,7,2455,2256,1132,0.023637,4,2024-10-31 13:43:43,Complex,True,Excellent
8551,65,4,5,313,321,2410,0.001627,2,2024-06-14 06:06:38,Simple,True,Fair
8552,63,3,3,1543,2081,2588,0.015805,4,2024-07-11 20:02:54,Complex,True,Good
8553,31,3,1,1222,1306,674,0.008702,3,2024-07-27 08:47:23,Medium,True,Good
8554,177,2,9,413,351,755,0.002531,4,2024-12-22 04:40:37,Simple,True,Excellent
8555,199,3,9,697,1121,2205,0.007434,4,2024-03-08 08:54:15,Medium,True,Good
8556,308,1,8,279,246,1706,0.002279,3,2024-07-18 11:28:03,Simple,False,Good
8557,238,2,5,469,713,1800,0.005487,5,2024-06-05 00:38:34,Medium,True,Excellent
8558,77,1,6,434,633,500,0.006478,4,2024-01-03 09:46:16,Medium,True,Excellent
8559,420,1,1,931,780,664,0.007092,3,2024-09-05 20:59:41,Medium,True,Good
8560,455,1,2,247,392,1143,0.003724,4,2024-04-11 19:04:53,Simple,False,Excellent
8561,438,1,4,494,441,3950,0.004387,4,2024-09-26 02:38:48,Simple,True,Excellent
8562,18,4,4,269,416,2482,0.001928,5,2024-04-21 08:33:43,Simple,True,Good
8563,467,1,6,374,386,777,0.004041,4,2024-10-25 10:03:51,Simple,True,Excellent
8564,261,4,9,235,321,5194,0.001588,3,2024-07-22 00:18:34,Simple,True,Good
8565,330,4,6,1652,1496,3089,0.007009,3,2024-09-22 16:49:35,Medium,False,Good
8566,55,2,2,169,278,2840,0.002097,5,2024-08-18 06:51:58,Simple,True,Excellent
8567,151,2,7,145,184,1487,0.00159,2,2024-04-15 08:11:58,Simple,True,Fair
8568,424,4,2,970,1597,1106,0.007997,4,2024-12-04 13:59:37,Medium,False,Good
8569,286,4,6,335,313,1310,0.001679,5,2024-12-01 09:14:17,Simple,True,Good
8570,276,4,7,305,442,1236,0.002072,1,2024-10-19 22:13:15,Simple,True,Fair
8571,353,4,2,514,625,2440,0.002921,4,2024-06-25 04:20:27,Medium,True,Good
8572,289,4,6,565,770,2468,0.004226,3,2024-10-09 11:10:45,Medium,True,Good
8573,88,4,6,432,444,3564,0.00241,4,2024-11-02 13:25:14,Simple,True,Good
8574,165,4,1,2215,1919,1469,0.008897,4,2024-10-22 19:28:01,Medium,True,Good
8575,340,1,9,679,865,2022,0.008798,4,2024-08-10 20:13:51,Medium,True,Excellent
8576,217,2,6,808,856,747,0.006433,3,2024-07-20 13:22:19,Medium,True,Good
8577,56,2,8,1033,1390,1359,0.010487,3,2024-03-28 13:33:16,Medium,True,Good
8578,402,3,6,87,120,1271,0.000877,4,2024-06-28 11:06:12,Simple,True,Good
8579,447,3,7,2005,2323,2074,0.016697,3,2024-06-27 14:47:11,Complex,True,Good
8580,85,4,2,762,900,5671,0.0046,4,2024-12-21 00:57:22,Medium,False,Good
8581,359,5,9,4246,4000,1808,0.011102,4,2024-05-23 16:48:56,Complex,True,Good
8582,473,3,1,379,329,1694,0.002237,4,2024-11-20 05:59:02,Simple,True,Good
8583,119,3,8,696,964,1325,0.006961,5,2024-10-09 23:10:12,Medium,True,Good
8584,348,1,2,112,181,1413,0.001775,4,2024-11-15 09:53:39,Simple,True,Excellent
8585,303,4,6,350,377,614,0.001889,4,2024-02-21 18:19:48,Simple,False,Good
8586,420,4,7,230,233,1504,0.001172,2,2024-01-01 02:46:36,Simple,True,Fair
8587,125,4,1,1015,1013,2668,0.004911,3,2024-02-26 02:47:42,Medium,True,Good
8588,357,2,6,1070,1715,2217,0.014774,5,2024-03-04 13:14:39,Medium,True,Excellent
8589,278,2,8,3817,3986,2003,0.02978,4,2024-12-13 06:46:38,Complex,True,Excellent
8590,365,1,6,935,861,1222,0.008951,2,2024-01-10 07:23:39,Medium,True,Fair
8591,255,3,2,1033,869,1388,0.00648,3,2024-03-26 23:21:00,Medium,True,Good
8592,124,2,1,638,1063,1051,0.008612,4,2024-09-22 08:02:46,Medium,True,Excellent
8593,250,1,2,1333,2175,2471,0.02291,5,2024-08-26 12:34:32,Complex,True,Excellent
8594,42,3,3,380,541,1008,0.00354,2,2024-06-01 10:55:49,Medium,True,Fair
8595,251,4,6,462,633,1426,0.002953,4,2024-05-30 16:09:12,Medium,True,Good
8596,429,1,6,1099,1344,4916,0.012967,3,2024-04-12 05:49:05,Medium,True,Good
8597,174,1,3,618,748,2206,0.00692,4,2024-10-02 18:59:49,Medium,True,Excellent
8598,311,2,4,302,320,3321,0.002476,2,2024-08-18 10:18:00,Simple,True,Fair
8599,438,2,6,1837,2880,3569,0.022431,4,2024-03-04 06:35:32,Complex,True,Excellent
8600,475,1,1,369,391,3434,0.00401,4,2024-08-18 07:59:23,Simple,True,Excellent
8601,468,3,1,2216,3630,1745,0.026376,3,2024-05-12 13:40:10,Complex,False,Good
8602,65,1,4,298,484,1119,0.004978,3,2024-07-10 06:31:45,Simple,False,Good
8603,402,1,2,1228,1590,2824,0.015865,3,2024-08-21 15:39:16,Medium,False,Good
8604,15,4,6,994,1050,500,0.005756,3,2024-11-14 08:56:16,Medium,True,Good
8605,469,4,2,703,735,965,0.003554,4,2024-10-16 16:10:17,Medium,True,Good
8606,152,1,6,1640,1652,1784,0.015361,5,2024-07-09 09:37:13,Medium,True,Excellent
8607,100,2,9,1051,1167,1068,0.00984,5,2024-03-05 06:45:04,Medium,False,Excellent
8608,159,4,6,581,580,863,0.003018,5,2024-08-06 07:41:40,Medium,True,Good
8609,103,4,4,338,319,3143,0.00157,2,2024-07-23 04:03:32,Simple,True,Fair
8610,254,1,3,980,996,2463,0.010647,5,2024-12-29 21:51:34,Medium,True,Excellent
8611,182,4,1,884,1314,3331,0.005925,4,2024-12-15 01:43:43,Medium,True,Good
8612,58,4,1,914,992,1360,0.005249,3,2024-07-03 17:46:05,Medium,True,Good
8613,322,4,2,496,558,866,0.003058,4,2024-03-12 19:19:59,Medium,False,Good
8614,460,4,1,350,558,1855,0.002764,4,2024-01-07 09:56:39,Medium,True,Good
8615,71,4,7,409,403,1797,0.001847,1,2024-11-16 06:59:29,Simple,True,Fair
8616,284,4,6,1045,1415,531,0.006866,4,2024-05-18 03:04:28,Medium,True,Good
8617,240,1,9,674,726,500,0.007867,3,2024-02-14 22:43:24,Medium,False,Good
8618,67,1,1,1222,1506,653,0.014999,5,2024-08-10 15:52:07,Medium,True,Excellent
8619,386,2,1,298,318,2577,0.002467,5,2024-07-22 23:53:36,Simple,True,Excellent
8620,187,3,2,836,1225,2666,0.008879,3,2024-11-11 13:13:15,Medium,True,Good
8621,443,4,5,745,906,1676,0.00452,3,2024-09-17 03:06:17,Medium,True,Good
8622,164,3,1,296,390,1199,0.002499,4,2024-09-03 16:51:38,Simple,True,Good
8623,414,2,1,659,835,3757,0.006616,4,2024-05-26 06:15:04,Medium,True,Excellent
8624,78,1,5,390,477,1692,0.004734,4,2024-07-30 09:12:22,Simple,False,Excellent
8625,116,1,1,889,1026,1786,0.009651,4,2024-07-04 04:35:28,Medium,True,Excellent
8626,377,3,2,1617,1706,1346,0.012213,4,2024-09-20 22:59:48,Medium,True,Good
8627,81,1,9,387,380,1558,0.004175,4,2024-02-06 05:28:31,Simple,True,Excellent
8628,47,1,1,901,1338,2004,0.013747,3,2024-12-13 06:42:53,Medium,True,Good
8629,351,1,7,222,284,578,0.002917,4,2024-11-15 22:38:59,Simple,True,Excellent
8630,214,1,6,864,1143,1898,0.01231,3,2024-09-16 22:04:16,Medium,True,Good
8631,7,1,2,233,302,1281,0.003102,4,2024-09-13 08:44:30,Simple,True,Excellent
8632,447,1,2,522,735,1210,0.00749,4,2024-09-30 17:44:25,Medium,False,Excellent
8633,164,2,7,888,1056,733,0.008075,4,2024-06-21 09:57:24,Medium,True,Excellent
8634,337,3,2,2510,2231,3168,0.016198,3,2024-03-13 17:05:28,Complex,True,Good
8635,458,1,1,3328,3241,1890,0.035367,5,2024-11-05 09:33:41,Complex,True,Excellent
8636,462,1,6,1278,1237,1603,0.011305,5,2024-06-05 04:43:50,Medium,True,Excellent
8637,98,1,1,1836,1718,1957,0.015955,2,2024-07-08 10:47:53,Medium,True,Fair
8638,269,4,8,633,790,5207,0.004225,3,2024-05-15 15:25:25,Medium,True,Good
8639,478,3,5,888,1225,1491,0.007831,4,2024-05-26 20:05:10,Medium,True,Good
8640,373,1,2,1629,2024,1756,0.018767,3,2024-07-06 17:15:10,Complex,False,Good
8641,281,3,8,947,851,2755,0.005851,4,2024-08-31 10:21:15,Medium,True,Good
8642,221,2,7,193,249,4179,0.001841,4,2024-12-27 04:03:54,Simple,True,Excellent
8643,147,2,2,555,614,1967,0.004835,2,2024-01-29 04:25:54,Medium,True,Fair
8644,475,1,2,1084,918,1468,0.010076,5,2024-08-20 09:43:51,Medium,True,Excellent
8645,237,4,1,1541,1846,7343,0.00915,3,2024-06-09 11:08:44,Medium,False,Good
8646,299,1,5,1069,1376,3906,0.012877,4,2024-09-04 18:26:56,Medium,True,Excellent
8647,157,1,5,1316,1351,1645,0.014231,5,2024-11-10 05:38:56,Medium,True,Excellent
8648,140,1,3,821,717,1915,0.006923,4,2024-02-24 22:17:17,Medium,True,Excellent
8649,258,1,2,891,883,1045,0.008365,4,2024-05-10 03:22:39,Medium,True,Excellent
8650,339,1,4,893,1071,1130,0.010004,5,2024-07-29 02:02:06,Medium,False,Excellent
8651,268,1,1,787,1164,1459,0.010636,4,2024-04-15 07:54:38,Medium,True,Excellent
8652,403,1,6,187,200,1363,0.002033,2,2024-03-04 05:12:54,Simple,False,Fair
8653,183,5,2,433,430,2899,0.001234,4,2024-06-16 00:41:25,Simple,False,Good
8654,372,1,3,690,912,2176,0.008617,4,2024-06-27 11:02:35,Medium,True,Excellent
8655,22,5,1,1358,1191,2101,0.003831,3,2024-04-12 23:37:48,Medium,True,Good
8656,364,3,6,1065,1324,2841,0.009258,4,2024-11-04 12:20:07,Medium,False,Good
8657,233,3,6,476,588,937,0.003743,3,2024-08-28 22:04:39,Medium,True,Good
8658,231,2,6,2297,2910,1924,0.02124,4,2024-10-05 11:03:56,Complex,False,Excellent
8659,482,4,7,505,467,7043,0.002502,5,2024-08-11 09:02:00,Simple,False,Good
8660,213,2,2,2708,2697,1608,0.023648,5,2024-11-28 01:13:13,Complex,True,Excellent
8661,7,5,2,403,363,1143,0.001037,3,2024-07-07 04:23:44,Simple,True,Good
8662,37,1,2,296,272,1650,0.002787,1,2024-04-06 18:24:40,Simple,False,Fair
8663,472,1,6,726,962,635,0.009456,4,2024-01-15 07:21:03,Medium,False,Excellent
8664,160,2,3,655,705,932,0.005491,5,2024-02-03 16:58:55,Medium,True,Excellent
8665,59,4,3,1856,1593,2138,0.008048,1,2024-08-06 14:29:30,Medium,True,Fair
8666,170,1,6,672,900,2548,0.009363,4,2024-01-12 05:53:01,Medium,True,Excellent
8667,320,1,9,1635,1804,1130,0.019368,4,2024-04-28 17:35:22,Medium,True,Excellent
8668,177,1,9,597,658,3018,0.006072,4,2024-11-02 18:06:24,Medium,True,Excellent
8669,377,4,8,394,367,1588,0.001778,4,2024-06-11 09:27:52,Simple,True,Good
8670,474,1,4,1760,2136,1108,0.022575,5,2024-04-13 02:27:15,Complex,False,Excellent
8671,410,5,2,1908,1973,2620,0.005552,3,2024-03-05 04:57:23,Medium,True,Good
8672,269,1,4,418,626,6789,0.006125,4,2024-03-04 15:56:06,Medium,True,Excellent
8673,462,2,1,1481,1286,500,0.011296,2,2024-02-18 22:31:05,Medium,True,Fair
8674,456,4,2,607,676,544,0.00351,4,2024-04-17 18:29:03,Medium,False,Good
8675,452,1,1,3489,4000,500,0.036981,2,2024-06-08 15:03:07,Complex,True,Fair
8676,478,1,2,2600,2803,1940,0.027867,5,2024-08-17 23:57:28,Complex,True,Excellent
8677,439,4,2,359,437,2135,0.002119,4,2024-08-29 02:58:54,Simple,True,Good
8678,162,2,9,1614,1567,1476,0.012879,3,2024-04-22 09:24:27,Medium,True,Good
8679,114,4,4,506,565,1135,0.002562,5,2024-01-07 09:44:18,Medium,True,Good
8680,91,4,1,771,845,1323,0.003939,4,2024-02-15 10:45:41,Medium,True,Good
8681,105,4,2,658,750,8499,0.003761,3,2024-01-11 12:00:53,Medium,False,Good
8682,191,1,8,933,1479,4691,0.01577,4,2024-02-02 12:07:05,Medium,True,Excellent
8683,58,1,1,396,341,1644,0.003354,5,2024-02-02 09:44:23,Simple,True,Excellent
8684,166,1,3,502,713,744,0.007516,4,2024-10-26 16:38:22,Medium,True,Excellent
8685,152,4,2,553,780,4288,0.003838,4,2024-09-30 14:42:57,Medium,True,Good
8686,443,4,3,3122,2690,2143,0.013914,2,2024-10-18 17:15:15,Complex,True,Fair
8687,16,1,2,378,404,1318,0.004029,4,2024-04-28 19:35:56,Simple,True,Excellent
8688,483,5,1,783,1236,6794,0.003641,3,2024-04-05 15:51:04,Medium,False,Good
8689,202,4,9,377,415,878,0.001909,4,2024-08-19 21:09:40,Simple,False,Good
8690,135,2,9,389,441,1923,0.003596,3,2024-12-02 11:06:08,Simple,True,Good
8691,190,4,9,1489,1454,2835,0.00758,4,2024-12-26 00:14:01,Medium,True,Good
8692,214,2,3,752,675,4898,0.00534,3,2024-09-07 13:17:42,Medium,True,Good
8693,285,1,3,437,440,1562,0.004391,4,2024-01-08 00:26:22,Simple,True,Excellent
8694,485,3,4,995,1149,1364,0.007558,5,2024-04-29 07:35:28,Medium,True,Good
8695,286,1,1,228,363,1176,0.003494,3,2024-06-05 08:07:00,Simple,True,Good
8696,32,1,7,1356,2034,2845,0.020923,5,2024-12-07 13:12:32,Complex,False,Excellent
8697,444,4,9,664,841,1120,0.003967,4,2024-06-24 18:46:50,Medium,False,Good
8698,190,4,1,574,516,2920,0.002666,3,2024-05-20 01:16:09,Medium,True,Good
8699,247,4,6,643,798,2668,0.00381,3,2024-03-07 15:08:25,Medium,True,Good
8700,48,4,2,1566,1684,1891,0.007673,5,2024-03-04 08:25:27,Medium,False,Good
8701,144,1,1,534,726,1244,0.007588,4,2024-12-26 13:10:45,Medium,True,Excellent
8702,209,1,1,1159,1780,2102,0.016713,4,2024-04-07 12:30:28,Medium,True,Excellent
8703,121,4,1,386,393,4029,0.002118,5,2024-01-02 03:36:18,Simple,True,Good
8704,300,4,1,612,798,1322,0.00433,4,2024-06-30 19:36:25,Medium,False,Good
8705,375,4,6,249,269,1471,0.001239,3,2024-10-24 08:03:40,Simple,True,Good
8706,316,1,2,2089,2530,2532,0.02695,5,2024-07-23 14:10:11,Complex,True,Excellent
8707,216,2,6,522,474,1167,0.004162,2,2024-02-17 01:29:37,Simple,True,Fair
8708,44,4,2,989,1425,708,0.007121,5,2024-04-11 04:34:59,Medium,True,Good
8709,251,1,6,911,1046,1051,0.009613,4,2024-12-05 19:30:41,Medium,True,Excellent
8710,175,4,2,925,1395,1443,0.007441,2,2024-06-03 22:16:49,Medium,False,Fair
8711,282,1,2,1066,1458,3099,0.014324,4,2024-08-24 05:15:56,Medium,True,Excellent
8712,46,2,6,857,806,972,0.006705,5,2024-08-23 17:22:57,Medium,False,Excellent
8713,461,2,6,1156,1743,3620,0.012615,5,2024-03-07 13:31:42,Medium,True,Excellent
8714,50,4,1,879,832,3008,0.004315,4,2024-01-29 22:00:12,Medium,True,Good
8715,326,4,6,412,345,4340,0.001565,3,2024-09-27 06:34:13,Simple,True,Good
8716,449,4,1,398,559,2742,0.002675,1,2024-02-20 22:05:43,Medium,True,Fair
8717,85,4,1,3006,2796,955,0.013165,3,2024-05-11 04:58:35,Complex,True,Good
8718,235,4,8,419,517,3085,0.002425,5,2024-09-14 07:00:47,Medium,False,Good
8719,316,4,2,2375,2361,2884,0.011578,1,2024-01-22 05:55:05,Complex,True,Fair
8720,476,1,8,1711,1634,1614,0.017952,4,2024-06-21 09:31:51,Medium,False,Excellent
8721,24,4,2,3970,3581,2448,0.016305,2,2024-03-03 20:08:39,Complex,True,Fair
8722,473,1,2,619,889,2317,0.009563,4,2024-10-31 22:03:06,Medium,False,Excellent
8723,303,4,1,558,667,2056,0.003592,4,2024-02-01 09:37:57,Medium,False,Good
8724,149,1,3,944,1345,1211,0.0134,4,2024-09-27 08:15:47,Medium,True,Excellent
8725,188,4,1,522,785,3927,0.003853,4,2024-12-05 01:49:02,Medium,False,Good
8726,170,2,7,385,438,1976,0.003278,4,2024-04-16 18:05:09,Simple,True,Excellent
8727,120,2,3,502,516,1227,0.00432,4,2024-10-09 21:34:47,Medium,True,Excellent
8728,173,4,7,823,765,6407,0.003537,4,2024-11-12 23:23:45,Medium,True,Good
8729,78,2,4,1044,1596,2307,0.011908,4,2024-12-15 03:48:56,Medium,True,Excellent
8730,72,1,1,722,765,1128,0.007739,3,2024-07-07 12:50:42,Medium,True,Good
8731,206,2,1,538,645,1413,0.005053,3,2024-11-25 21:24:07,Medium,False,Good
8732,76,2,1,1080,946,1839,0.008087,2,2024-10-23 12:04:47,Medium,True,Fair
8733,130,4,6,1249,1599,2631,0.007635,3,2024-09-01 08:36:30,Medium,True,Good
8734,219,4,1,936,1121,1146,0.00581,3,2024-03-31 02:18:22,Medium,True,Good
8735,14,2,4,726,738,818,0.006071,4,2024-10-30 18:52:49,Medium,True,Excellent
8736,42,4,2,163,181,2415,0.000975,2,2024-06-23 16:13:50,Simple,False,Fair
8737,497,4,1,313,383,2988,0.001772,5,2024-05-04 15:36:07,Simple,True,Good
8738,164,1,6,637,668,1824,0.006582,3,2024-01-04 00:43:09,Medium,False,Good
8739,171,4,8,439,658,2216,0.003002,4,2024-05-29 09:24:17,Medium,True,Good
8740,403,4,2,830,798,5834,0.003695,2,2024-06-21 12:53:35,Medium,True,Fair
8741,446,4,8,1558,1351,1247,0.006604,2,2024-03-17 04:20:46,Medium,True,Fair
8742,398,1,5,284,419,5269,0.004151,5,2024-03-31 17:41:55,Simple,True,Excellent
8743,291,4,4,529,586,2749,0.002778,3,2024-08-06 01:40:56,Medium,True,Good
8744,285,4,2,1662,1551,1527,0.007752,5,2024-11-11 14:58:12,Medium,False,Good
8745,423,3,2,476,605,1623,0.004148,2,2024-04-30 19:40:09,Medium,False,Fair
8746,225,1,2,496,690,2041,0.006417,4,2024-07-19 00:47:38,Medium,True,Excellent
8747,189,2,1,441,385,4486,0.003177,3,2024-02-27 20:04:19,Simple,True,Good
8748,463,3,8,931,793,2356,0.005359,3,2024-04-26 00:55:23,Medium,True,Good
8749,81,4,7,2630,2294,1847,0.010911,4,2024-08-08 13:36:07,Complex,False,Good
8750,102,2,8,758,637,2164,0.00519,4,2024-03-01 14:19:18,Medium,True,Excellent
8751,14,4,1,763,972,1252,0.004877,3,2024-09-26 10:54:16,Medium,True,Good
8752,81,2,3,1016,847,1088,0.006916,5,2024-07-12 12:56:20,Medium,True,Excellent
8753,36,4,5,1704,2286,1910,0.012446,4,2024-10-11 01:12:47,Complex,True,Good
8754,496,4,7,1268,1074,2148,0.005184,3,2024-11-14 12:38:49,Medium,True,Good
8755,224,4,1,536,547,1490,0.002957,3,2024-03-25 03:12:28,Medium,True,Good
8756,310,3,2,2301,2475,1597,0.018511,3,2024-06-02 14:55:21,Complex,False,Good
8757,28,1,2,862,900,3101,0.008183,5,2024-11-21 05:07:58,Medium,True,Excellent
8758,207,1,2,381,527,1624,0.005634,4,2024-10-25 14:04:55,Medium,True,Excellent
8759,422,4,2,316,381,2700,0.001884,4,2024-11-25 03:02:48,Simple,True,Good
8760,324,1,7,565,607,1267,0.006123,4,2024-03-18 20:35:38,Medium,True,Excellent
8761,459,2,2,656,802,1465,0.00691,4,2024-08-10 04:14:37,Medium,True,Excellent
8762,408,1,3,593,678,2519,0.007228,2,2024-11-15 03:00:50,Medium,True,Fair
8763,399,1,1,169,251,1123,0.002742,4,2024-03-07 22:10:25,Simple,True,Excellent
8764,273,2,1,2536,4000,1067,0.031735,4,2024-01-24 11:18:20,Complex,True,Excellent
8765,241,1,1,506,568,1139,0.005124,5,2024-10-03 11:43:23,Medium,True,Excellent
8766,418,4,9,1271,1525,891,0.007858,4,2024-07-11 19:57:25,Medium,True,Good
8767,469,4,1,469,423,2026,0.001994,5,2024-06-30 14:54:39,Simple,True,Good
8768,336,4,1,647,842,2454,0.004015,1,2024-03-30 05:49:12,Medium,True,Fair
8769,174,4,6,531,824,1808,0.003822,3,2024-10-31 10:28:47,Medium,False,Good
8770,296,3,5,1585,2639,915,0.016774,3,2024-07-30 15:15:43,Complex,True,Good
8771,420,5,1,832,742,1445,0.002425,5,2024-05-26 00:38:56,Medium,True,Good
8772,236,4,6,1162,1860,1671,0.008534,4,2024-02-09 09:47:12,Medium,False,Good
8773,139,2,5,1416,1353,1558,0.010494,5,2024-03-27 05:46:03,Medium,True,Excellent
8774,418,4,4,499,641,1386,0.003183,3,2024-07-03 09:51:39,Medium,True,Good
8775,240,4,2,362,596,1816,0.003039,3,2024-12-30 08:07:31,Medium,False,Good
8776,458,1,2,154,144,670,0.001393,4,2024-08-04 16:22:07,Simple,True,Excellent
8777,355,2,4,818,797,924,0.005776,5,2024-05-19 16:08:44,Medium,True,Excellent
8778,45,1,2,701,766,1133,0.008204,3,2024-07-15 21:45:08,Medium,True,Good
8779,230,4,6,235,251,1127,0.001253,4,2024-12-22 20:42:43,Simple,True,Good
8780,6,1,1,916,945,3394,0.00879,5,2024-02-27 03:10:41,Medium,True,Excellent
8781,257,1,2,533,624,5096,0.00571,2,2024-10-02 22:49:13,Medium,False,Fair
8782,119,4,6,531,592,682,0.00286,2,2024-03-05 16:39:21,Medium,False,Fair
8783,150,2,1,1578,1453,3458,0.010616,3,2024-10-16 04:32:16,Medium,False,Good
8784,131,1,2,366,392,1851,0.004253,2,2024-10-01 12:32:53,Simple,True,Fair
8785,117,3,3,337,371,1587,0.002476,3,2024-03-14 03:58:09,Simple,True,Good
8786,479,4,3,287,319,965,0.001703,2,2024-07-02 09:14:48,Simple,True,Fair
8787,305,1,1,1096,1212,2059,0.011386,2,2024-12-29 00:30:25,Medium,True,Fair
8788,35,1,9,4510,4000,1872,0.042055,5,2024-03-13 18:49:38,Complex,True,Excellent
8789,55,4,7,1327,1796,1266,0.008533,5,2024-07-02 23:36:17,Medium,False,Good
8790,94,4,6,1360,1705,821,0.00769,3,2024-01-28 04:48:36,Medium,True,Good
8791,498,4,9,680,909,812,0.004528,2,2024-04-15 08:08:30,Medium,False,Fair
8792,148,4,8,853,742,1929,0.003521,3,2024-06-09 01:08:35,Medium,False,Good
8793,76,1,3,1123,1023,1365,0.010231,4,2024-02-19 02:45:47,Medium,True,Excellent
8794,367,4,1,1086,1158,1508,0.005464,3,2024-05-07 08:54:57,Medium,True,Good
8795,423,1,2,911,881,1223,0.008875,4,2024-12-12 20:42:23,Medium,True,Excellent
8796,178,4,7,1176,1856,2818,0.009743,4,2024-06-10 00:20:32,Medium,False,Good
8797,42,4,1,439,445,2428,0.002295,4,2024-03-06 14:02:21,Simple,True,Good
8798,285,4,1,1108,1606,1632,0.00728,3,2024-12-03 03:58:12,Medium,False,Good
8799,419,2,7,1564,1821,1273,0.014781,3,2024-12-14 19:25:13,Medium,True,Good
8800,435,3,1,1291,1800,2501,0.012294,4,2024-09-22 15:47:50,Medium,False,Good
8801,158,4,1,1247,1766,763,0.008941,5,2024-05-30 04:39:13,Medium,False,Good
8802,177,2,1,1734,1589,1340,0.013955,2,2024-05-19 17:50:37,Medium,True,Fair
8803,302,1,5,1527,1683,1795,0.01733,5,2024-08-21 10:00:50,Medium,False,Excellent
8804,235,2,7,429,557,3315,0.004279,5,2024-10-29 02:03:58,Medium,True,Excellent
8805,486,3,1,263,378,1120,0.002768,5,2024-01-16 01:54:54,Simple,False,Good
8806,241,2,1,432,480,2168,0.003904,4,2024-07-03 04:08:03,Simple,False,Excellent
8807,323,4,2,669,611,1486,0.003058,1,2024-11-21 11:51:10,Medium,True,Fair
8808,460,1,1,1120,1323,2038,0.012181,3,2024-03-02 05:09:20,Medium,False,Good
8809,316,4,7,230,296,4604,0.001556,2,2024-04-06 17:23:51,Simple,False,Fair
8810,389,3,7,736,1075,2589,0.006809,4,2024-02-06 17:24:31,Medium,True,Good
8811,319,4,1,785,731,821,0.003307,3,2024-07-29 23:47:58,Medium,True,Good
8812,15,1,1,791,923,3721,0.009212,4,2024-03-07 22:18:34,Medium,True,Excellent
8813,441,2,1,1105,1025,1949,0.008703,4,2024-07-13 06:04:47,Medium,True,Excellent
8814,242,2,2,1578,1403,2272,0.010939,4,2024-08-27 23:33:49,Medium,True,Excellent
8815,435,1,7,1509,2348,1655,0.022908,5,2024-09-29 14:33:08,Complex,True,Excellent
8816,386,1,7,894,1440,1008,0.015069,4,2024-03-12 07:14:59,Medium,True,Excellent
8817,62,1,1,4080,4000,2279,0.036908,4,2024-12-24 05:12:12,Complex,True,Excellent
8818,471,4,4,989,963,1293,0.005216,3,2024-07-14 01:23:37,Medium,True,Good
8819,55,3,2,1195,1090,748,0.007803,5,2024-11-26 19:33:24,Medium,True,Good
8820,338,4,1,1399,1725,2053,0.00934,4,2024-06-16 09:41:40,Medium,True,Good
8821,86,1,3,357,390,1783,0.003839,1,2024-04-25 05:19:21,Simple,True,Fair
8822,282,5,1,342,306,1055,0.000936,5,2024-06-18 17:08:54,Simple,False,Good
8823,56,1,7,795,824,1414,0.008938,3,2024-08-30 20:26:16,Medium,True,Good
8824,497,4,7,713,781,1174,0.003998,2,2024-06-29 18:45:49,Medium,True,Fair
8825,36,3,9,1098,1517,1726,0.009786,4,2024-03-18 12:15:01,Medium,True,Good
8826,70,4,1,431,546,634,0.002828,5,2024-10-29 23:45:00,Medium,False,Good
8827,119,2,6,464,740,555,0.005582,4,2024-11-20 07:40:57,Medium,True,Excellent
8828,436,1,3,3020,2752,907,0.026629,2,2024-06-07 12:48:43,Complex,True,Fair
8829,212,4,1,376,435,1690,0.002267,5,2024-02-09 16:36:26,Simple,True,Good
8830,197,4,1,1868,1886,1132,0.009416,5,2024-01-23 07:12:25,Medium,True,Good
8831,306,1,2,600,501,1148,0.00516,4,2024-08-14 23:51:47,Medium,True,Excellent
8832,289,5,2,1722,2473,5061,0.006809,5,2024-03-15 11:41:11,Complex,False,Good
8833,460,3,1,605,679,1227,0.004871,3,2024-07-15 01:38:40,Medium,True,Good
8834,263,2,2,657,560,718,0.004288,4,2024-05-30 11:39:46,Medium,True,Excellent
8835,88,5,1,626,543,907,0.001616,3,2024-12-30 08:14:05,Medium,False,Good
8836,339,1,1,623,555,1753,0.006025,1,2024-03-11 03:30:39,Medium,True,Fair
8837,145,4,3,1898,1936,830,0.010395,4,2024-07-23 14:02:08,Medium,False,Good
8838,309,1,8,808,1031,2745,0.010972,4,2024-09-19 17:31:30,Medium,True,Excellent
8839,456,2,6,709,1034,1962,0.007699,2,2024-04-01 22:01:56,Medium,False,Fair
8840,239,3,8,2879,2948,2765,0.021741,4,2024-09-09 23:48:05,Complex,False,Good
8841,353,1,3,196,274,883,0.002475,3,2024-01-08 17:11:20,Simple,True,Good
8842,27,3,1,2154,2605,1008,0.019976,5,2024-02-11 10:06:20,Complex,False,Good
8843,412,1,2,913,1028,1273,0.010768,5,2024-10-05 11:17:43,Medium,True,Excellent
8844,220,1,7,2207,2125,844,0.02221,5,2024-04-25 18:24:07,Complex,True,Excellent
8845,439,1,1,1333,1247,971,0.011959,3,2024-04-21 04:17:34,Medium,True,Good
8846,24,4,6,628,681,1349,0.003406,1,2024-12-19 05:57:24,Medium,True,Fair
8847,261,1,2,1553,1513,3098,0.015105,4,2024-10-20 02:02:07,Medium,False,Excellent
8848,334,4,2,1778,1601,965,0.007708,4,2024-03-11 08:04:12,Medium,True,Good
8849,135,2,3,233,235,1010,0.001771,3,2024-12-15 12:55:56,Simple,False,Good
8850,185,2,8,4134,4000,669,0.030085,5,2024-03-08 08:23:05,Complex,True,Excellent
8851,50,4,3,866,1142,2849,0.006018,3,2024-08-26 23:13:27,Medium,True,Good
8852,36,2,1,2004,1758,1375,0.015034,4,2024-02-07 13:07:45,Medium,False,Excellent
8853,304,1,7,437,723,2105,0.00726,4,2024-06-15 11:40:23,Medium,True,Excellent
8854,418,4,3,53,76,1922,0.000362,4,2024-12-24 09:27:40,Simple,True,Good
8855,67,4,2,1642,1557,2322,0.007217,4,2024-02-05 17:04:14,Medium,False,Good
8856,321,4,6,256,323,1409,0.001621,5,2024-05-13 10:41:22,Simple,True,Good
8857,5,4,2,1540,2450,2106,0.012917,4,2024-06-15 22:39:25,Complex,True,Good
8858,106,2,2,698,1035,4241,0.008225,3,2024-02-11 11:55:02,Medium,True,Good
8859,146,2,8,2179,2825,2614,0.02377,5,2024-01-29 15:03:45,Complex,True,Excellent
8860,361,4,1,1600,1591,2656,0.007767,4,2024-09-11 08:33:44,Medium,True,Good
8861,194,1,2,1072,1135,922,0.010911,5,2024-03-25 03:27:26,Medium,True,Excellent
8862,13,3,1,426,641,1472,0.004853,5,2024-10-24 00:12:01,Medium,True,Good
8863,76,4,3,1833,2719,2642,0.012898,4,2024-01-17 15:25:00,Complex,True,Good
8864,96,4,6,352,384,4780,0.001804,3,2024-09-28 07:12:02,Simple,False,Good
8865,381,4,3,880,744,1483,0.003648,3,2024-11-11 22:35:39,Medium,False,Good
8866,187,4,6,666,791,697,0.003621,4,2024-05-08 08:23:53,Medium,True,Good
8867,140,2,1,502,627,1612,0.004871,4,2024-03-16 03:20:07,Medium,True,Excellent
8868,64,4,6,1028,1358,4000,0.00645,4,2024-04-06 19:50:36,Medium,True,Good
8869,93,1,4,877,1319,4544,0.01216,3,2024-05-04 21:01:04,Medium,False,Good
8870,307,1,6,1369,2104,810,0.019739,4,2024-03-22 23:08:01,Complex,True,Excellent
8871,351,4,7,545,556,2340,0.002531,5,2024-02-26 16:35:53,Medium,False,Good
8872,284,4,1,634,690,3194,0.003791,2,2024-04-11 07:02:19,Medium,False,Fair
8873,289,2,2,141,208,4517,0.001524,5,2024-02-22 16:12:50,Simple,True,Excellent
8874,257,1,3,398,380,1430,0.003859,5,2024-11-08 11:57:37,Simple,True,Excellent
8875,161,4,5,351,399,1686,0.001962,3,2024-02-03 16:42:17,Simple,True,Good
8876,2,4,2,1574,2020,2197,0.011072,4,2024-12-14 14:19:30,Complex,True,Good
8877,175,2,2,316,290,1044,0.002183,1,2024-10-14 00:12:19,Simple,True,Fair
8878,37,4,1,862,920,2582,0.005016,5,2024-07-01 16:25:27,Medium,False,Good
8879,320,5,1,836,1029,3109,0.003356,5,2024-03-20 05:59:30,Medium,False,Good
8880,426,4,8,940,1532,1809,0.007617,4,2024-07-04 21:58:28,Medium,True,Good
8881,118,3,1,502,433,809,0.003278,4,2024-10-28 19:35:49,Simple,True,Good
8882,482,1,6,727,1094,4052,0.011989,4,2024-03-10 08:24:25,Medium,True,Excellent
8883,483,4,1,564,846,4224,0.004644,1,2024-05-27 08:11:59,Medium,True,Fair
8884,440,4,4,812,827,1792,0.004434,2,2024-03-20 12:13:13,Medium,True,Fair
8885,295,4,3,1480,1598,3629,0.007882,2,2024-05-02 14:12:19,Medium,False,Fair
8886,255,2,3,2232,3087,1033,0.024975,5,2024-01-10 06:50:08,Complex,True,Excellent
8887,459,2,1,1810,1582,2408,0.011878,5,2024-09-27 19:55:45,Medium,True,Excellent
8888,140,2,5,869,765,1543,0.006621,5,2024-06-01 12:34:45,Medium,True,Excellent
8889,93,2,7,1130,1464,6764,0.011968,4,2024-05-25 04:32:43,Medium,True,Excellent
8890,348,1,3,554,782,1667,0.008586,2,2024-11-07 09:22:17,Medium,True,Fair
8891,392,4,7,400,387,1948,0.001982,3,2024-05-24 22:51:24,Simple,True,Good
8892,151,1,2,925,1135,1325,0.011874,3,2024-09-27 09:10:03,Medium,True,Good
8893,135,1,6,428,607,796,0.005653,4,2024-08-03 20:28:53,Medium,True,Excellent
8894,479,1,3,809,870,655,0.008643,3,2024-08-11 18:35:08,Medium,True,Good
8895,228,1,1,1872,2324,2844,0.025373,5,2024-03-01 17:10:25,Complex,True,Excellent
8896,222,3,1,621,567,1667,0.00409,4,2024-12-23 09:32:49,Medium,True,Good
8897,248,4,2,888,944,1088,0.005054,5,2024-06-14 06:16:12,Medium,True,Good
8898,390,4,2,837,947,3943,0.004669,4,2024-06-04 03:57:49,Medium,False,Good
8899,481,3,1,979,986,2201,0.006553,4,2024-12-12 09:52:56,Medium,True,Good
8900,385,2,3,942,1554,965,0.012916,5,2024-06-11 05:05:45,Medium,True,Excellent
8901,185,4,2,974,1161,1430,0.005703,4,2024-05-16 21:48:53,Medium,True,Good
8902,45,1,2,1077,1060,923,0.01111,4,2024-12-20 23:34:57,Medium,True,Excellent
8903,389,1,5,1509,1789,1276,0.016418,5,2024-07-22 06:32:47,Medium,True,Excellent
8904,285,4,5,1683,1408,543,0.007579,2,2024-07-16 01:14:42,Medium,False,Fair
8905,278,1,8,717,654,1235,0.006148,5,2024-08-08 19:08:46,Medium,True,Excellent
8906,346,1,1,615,638,2944,0.006245,3,2024-10-03 23:58:32,Medium,True,Good
8907,339,1,5,1030,1165,777,0.011953,4,2024-03-24 03:25:21,Medium,False,Excellent
8908,313,1,6,764,645,1198,0.005934,1,2024-02-20 13:37:13,Medium,True,Fair
8909,245,4,3,350,520,1078,0.00247,2,2024-07-20 08:20:43,Medium,True,Fair
8910,181,2,1,442,733,3124,0.005776,2,2024-08-05 03:09:35,Medium,True,Fair
8911,464,4,8,1956,2404,1397,0.011371,4,2024-12-21 12:08:04,Complex,False,Good
8912,244,1,4,568,678,1455,0.006815,1,2024-03-25 17:11:32,Medium,True,Fair
8913,448,4,1,471,786,6387,0.004027,4,2024-01-08 22:22:56,Medium,True,Good
8914,328,4,4,408,612,2371,0.003251,3,2024-03-12 20:12:22,Medium,True,Good
8915,275,4,2,670,593,2916,0.002737,4,2024-01-13 14:28:52,Medium,True,Good
8916,50,1,9,349,364,911,0.003461,1,2024-08-08 06:28:29,Simple,True,Fair
8917,421,2,1,1131,1070,671,0.008363,4,2024-03-03 02:09:45,Medium,True,Excellent
8918,295,4,7,340,372,6481,0.001918,4,2024-01-10 18:05:58,Simple,True,Good
8919,260,4,7,444,477,2028,0.002565,4,2024-09-05 14:33:36,Simple,True,Good
8920,268,2,1,2402,2545,888,0.021877,1,2024-07-28 13:34:11,Complex,True,Fair
8921,436,1,1,373,468,509,0.004944,5,2024-11-28 06:14:42,Simple,True,Excellent
8922,404,2,1,789,815,1822,0.006745,3,2024-01-25 08:42:47,Medium,True,Good
8923,328,1,9,903,1206,781,0.012739,5,2024-05-17 06:15:08,Medium,True,Excellent
8924,64,4,6,1591,2108,3346,0.010218,5,2024-09-16 11:57:43,Complex,False,Good
8925,393,4,6,476,783,704,0.003769,4,2024-06-12 05:32:16,Medium,True,Good
8926,427,3,2,451,696,2814,0.005057,4,2024-05-12 10:32:17,Medium,True,Good
8927,120,1,3,677,938,1049,0.010089,5,2024-06-09 01:17:18,Medium,True,Excellent
8928,21,4,7,2212,2663,2956,0.013066,4,2024-08-19 21:30:57,Complex,True,Good
8929,253,4,3,517,532,1322,0.002608,4,2024-06-23 07:52:41,Medium,True,Good
8930,85,1,1,2609,4000,500,0.039422,3,2024-05-18 08:52:03,Complex,False,Good
8931,309,1,3,922,1149,3193,0.011491,4,2024-09-24 02:16:20,Medium,True,Excellent
8932,172,1,5,3665,4000,2695,0.037964,1,2024-02-13 12:17:35,Complex,True,Fair
8933,240,2,2,843,796,2066,0.005903,4,2024-02-15 12:25:48,Medium,True,Excellent
8934,109,1,3,1818,1683,1446,0.016864,3,2024-11-28 09:33:06,Medium,True,Good
8935,393,2,1,757,916,1781,0.006826,4,2024-07-25 06:41:53,Medium,True,Excellent
8936,495,4,4,490,617,1486,0.003281,5,2024-08-17 15:44:39,Medium,False,Good
8937,156,1,2,538,666,2175,0.006054,5,2024-12-24 01:58:44,Medium,True,Excellent
8938,13,4,8,2753,3767,4146,0.018575,2,2024-10-30 16:03:22,Complex,False,Fair
8939,435,4,1,247,325,4243,0.001602,3,2024-10-09 23:59:52,Simple,False,Good
8940,418,1,6,1065,997,2815,0.009131,5,2024-02-28 02:29:12,Medium,True,Excellent
8941,51,4,2,1489,1517,1252,0.00742,1,2024-01-31 13:35:18,Medium,False,Fair
8942,32,4,5,579,550,5740,0.003012,4,2024-11-28 05:18:35,Medium,True,Good
8943,267,1,7,754,930,5910,0.009888,4,2024-04-15 16:04:14,Medium,True,Excellent
8944,12,4,2,327,433,4842,0.002258,4,2024-11-26 18:49:34,Simple,False,Good
8945,390,1,1,1546,1766,1171,0.018195,4,2024-12-14 10:08:24,Medium,True,Excellent
8946,417,2,1,231,323,3237,0.002645,3,2024-09-06 05:33:08,Simple,True,Good
8947,302,4,1,642,802,2413,0.003951,4,2024-11-14 20:56:43,Medium,True,Good
8948,311,4,8,2340,3358,2017,0.015232,1,2024-06-29 18:20:33,Complex,True,Fair
8949,206,1,2,666,919,2464,0.008674,3,2024-06-05 15:38:49,Medium,False,Good
8950,6,1,6,363,542,8915,0.005797,1,2024-12-22 19:54:38,Medium,True,Fair
8951,174,1,6,2446,4000,3016,0.041413,3,2024-09-17 16:11:02,Complex,True,Good
8952,476,3,3,1478,1287,3513,0.00861,4,2024-02-16 20:26:22,Medium,True,Good
8953,346,5,1,721,798,1348,0.002378,2,2024-10-15 17:39:37,Medium,True,Fair
8954,453,4,2,312,370,2471,0.001778,4,2024-08-09 23:35:21,Simple,True,Good
8955,178,4,6,942,1414,2191,0.007033,1,2024-06-27 02:36:19,Medium,True,Fair
8956,173,4,1,418,593,1872,0.00326,5,2024-05-10 12:18:25,Medium,True,Good
8957,349,4,7,435,686,3461,0.00351,5,2024-02-22 22:39:23,Medium,True,Good
8958,225,4,6,668,640,1835,0.003475,5,2024-01-13 18:25:50,Medium,True,Good
8959,221,4,8,1096,1505,2479,0.00824,3,2024-05-15 17:13:38,Medium,True,Good
8960,124,2,2,410,502,666,0.004318,4,2024-08-02 21:45:15,Medium,True,Excellent
8961,493,2,2,414,347,2518,0.002753,3,2024-05-26 21:16:33,Simple,True,Good
8962,419,4,8,1451,1293,5938,0.006118,4,2024-11-03 08:51:53,Medium,False,Good
8963,141,2,3,605,772,1706,0.005665,4,2024-04-24 19:55:00,Medium,True,Excellent
8964,5,5,6,859,830,1294,0.002256,4,2024-10-28 09:49:41,Medium,True,Good
8965,330,1,9,359,528,532,0.005171,4,2024-05-17 13:52:45,Medium,False,Excellent
8966,275,1,1,1041,1090,1991,0.010167,5,2024-04-20 12:05:42,Medium,True,Excellent
8967,263,1,7,1373,1206,3138,0.011549,2,2024-07-18 21:09:21,Medium,False,Fair
8968,164,1,2,422,367,1204,0.003439,2,2024-05-17 01:28:12,Simple,True,Fair
8969,80,2,5,156,138,889,0.001203,4,2024-07-23 18:15:32,Simple,True,Excellent
8970,482,1,6,871,999,1751,0.010659,5,2024-05-27 14:10:33,Medium,True,Excellent
8971,488,5,1,1038,1186,2603,0.003227,4,2024-05-14 14:12:52,Medium,True,Good
8972,446,4,7,2413,2024,699,0.009131,3,2024-07-04 11:47:09,Complex,True,Good
8973,217,5,7,463,558,2380,0.001649,5,2024-01-26 11:03:33,Medium,True,Good
8974,486,1,2,200,251,4111,0.002719,1,2024-04-28 13:12:52,Simple,True,Fair
8975,478,4,7,1509,1314,3747,0.007004,5,2024-05-14 00:34:45,Medium,True,Good
8976,122,4,1,842,724,1752,0.003356,5,2024-04-10 06:59:14,Medium,True,Good
8977,101,2,2,1652,2535,1386,0.021726,5,2024-11-10 14:55:10,Complex,True,Excellent
8978,419,4,4,782,768,694,0.003826,3,2024-02-06 20:34:00,Medium,False,Good
8979,125,4,1,523,532,2761,0.002505,1,2024-05-31 04:57:23,Medium,False,Fair
8980,174,1,3,1908,2803,2826,0.02913,3,2024-04-27 16:56:27,Complex,True,Good
8981,425,1,5,533,570,3400,0.005226,5,2024-01-20 08:23:50,Medium,True,Excellent
8982,461,2,1,1103,1129,4766,0.009815,3,2024-08-11 13:48:57,Medium,True,Good
8983,74,1,6,987,1288,1480,0.013471,4,2024-10-06 18:47:43,Medium,True,Excellent
8984,154,4,1,1550,1533,3291,0.007636,5,2024-05-27 22:39:04,Medium,True,Good
8985,265,4,3,1936,2121,2619,0.011617,2,2024-09-07 14:22:07,Complex,True,Fair
8986,349,1,5,837,958,2466,0.009645,4,2024-09-25 15:18:55,Medium,True,Excellent
8987,308,4,5,1490,1270,8725,0.006941,4,2024-02-29 14:00:02,Medium,True,Good
8988,481,3,3,614,523,928,0.00363,4,2024-08-24 02:55:20,Medium,True,Good
8989,316,4,1,1870,1624,1545,0.007695,4,2024-04-11 03:01:01,Medium,True,Good
8990,215,1,2,367,558,3193,0.006108,4,2024-03-25 02:12:55,Medium,True,Excellent
8991,351,2,2,1594,1981,500,0.016554,5,2024-02-28 17:39:06,Medium,True,Excellent
8992,401,4,1,1304,1111,1866,0.006036,5,2024-09-24 18:35:52,Medium,True,Good
8993,424,4,3,1110,1012,2754,0.005166,4,2024-02-19 14:24:23,Medium,False,Good
8994,182,4,8,656,576,2025,0.002736,4,2024-02-23 04:50:12,Medium,True,Good
8995,18,1,2,490,562,718,0.005321,4,2024-02-01 00:22:11,Medium,True,Excellent
8996,70,1,8,587,687,2460,0.006438,4,2024-05-11 11:50:47,Medium,True,Excellent
8997,254,4,3,998,1007,5116,0.004666,4,2024-10-18 23:43:08,Medium,True,Good
8998,158,1,1,1884,2462,1265,0.023216,3,2024-09-10 06:26:40,Complex,True,Good
8999,36,1,6,2048,2061,742,0.020514,3,2024-05-21 04:32:47,Complex,False,Good
9000,273,4,1,312,353,1167,0.001637,2,2024-09-27 10:30:02,Simple,False,Fair
9001,61,1,1,2355,2447,676,0.024915,4,2024-03-19 15:56:23,Complex,True,Excellent
9002,207,4,2,641,796,1299,0.003648,4,2024-04-15 20:42:30,Medium,False,Good
9003,52,1,8,1445,1438,3724,0.013871,4,2024-01-18 05:24:24,Medium,True,Excellent
9004,300,2,2,365,358,3087,0.002754,4,2024-05-22 13:43:46,Simple,True,Excellent
9005,448,4,2,288,361,880,0.001769,4,2024-08-10 07:41:39,Simple,False,Good
9006,94,4,6,789,840,2819,0.004302,2,2024-09-19 10:36:50,Medium,False,Fair
9007,318,1,1,927,895,2455,0.009677,5,2024-12-22 17:41:24,Medium,True,Excellent
9008,263,4,2,590,702,1249,0.003758,4,2024-04-17 16:47:02,Medium,True,Good
9009,408,4,4,810,1325,9283,0.006084,4,2024-01-15 20:08:48,Medium,True,Good
9010,43,3,2,3273,3084,2495,0.019739,3,2024-09-26 16:00:12,Complex,True,Good
9011,152,1,1,1014,1297,2187,0.013127,4,2024-03-27 15:01:39,Medium,True,Excellent
9012,92,4,7,1231,1050,1338,0.005632,5,2024-07-12 21:18:57,Medium,True,Good
9013,296,5,4,1041,1046,1841,0.003344,5,2024-02-22 18:54:15,Medium,True,Good
9014,62,4,1,412,361,1267,0.001976,4,2024-08-12 14:24:56,Simple,False,Good
9015,100,5,1,1713,1954,500,0.005892,1,2024-03-24 13:11:28,Medium,True,Fair
9016,201,2,1,729,793,872,0.005761,4,2024-06-23 12:33:07,Medium,False,Excellent
9017,245,1,1,516,726,1114,0.007104,3,2024-01-16 03:28:34,Medium,True,Good
9018,237,5,2,2785,4000,4255,0.010822,5,2024-01-04 03:46:10,Complex,False,Good
9019,376,5,6,326,310,879,0.000985,4,2024-04-28 06:56:38,Simple,True,Good
9020,271,4,1,208,193,2231,0.00094,4,2024-01-18 18:40:58,Simple,False,Good
9021,439,4,1,432,598,1811,0.002738,3,2024-08-15 09:30:23,Medium,True,Good
9022,487,2,1,1202,1078,3082,0.009048,3,2024-10-28 05:49:06,Medium,True,Good
9023,392,2,3,2214,3111,1760,0.023777,4,2024-08-30 23:06:48,Complex,True,Excellent
9024,445,2,1,938,862,6931,0.006649,4,2024-03-05 18:38:24,Medium,True,Excellent
9025,241,4,2,533,770,1112,0.003552,2,2024-02-23 10:54:55,Medium,True,Fair
9026,452,4,7,922,793,1124,0.003961,3,2024-11-06 05:28:33,Medium,False,Good
9027,313,4,1,400,385,1272,0.002027,4,2024-01-18 05:36:38,Simple,True,Good
9028,342,3,1,142,155,4001,0.001019,4,2024-03-23 13:03:08,Simple,True,Good
9029,134,2,5,1285,1174,1207,0.010246,5,2024-04-21 15:28:36,Medium,True,Excellent
9030,432,1,9,1280,1246,1193,0.012169,5,2024-04-22 22:42:52,Medium,True,Excellent
9031,77,5,9,2076,2161,2236,0.006327,4,2024-06-01 13:26:32,Complex,True,Good
9032,3,3,2,234,292,1619,0.002156,4,2024-05-04 15:45:49,Simple,True,Good
9033,237,1,3,203,206,2954,0.001861,5,2024-11-11 09:43:10,Simple,False,Excellent
9034,105,1,6,1775,1650,1956,0.017881,4,2024-10-01 18:36:30,Medium,True,Excellent
9035,134,4,2,755,817,3109,0.004403,4,2024-11-04 10:58:45,Medium,True,Good
9036,239,1,8,1167,1427,2015,0.01526,3,2024-11-11 20:22:31,Medium,False,Good
9037,342,4,5,2910,4000,1155,0.019385,3,2024-08-18 06:31:56,Complex,False,Good
9038,76,1,1,460,579,2853,0.006142,2,2024-12-10 00:46:34,Medium,True,Fair
9039,157,2,3,2628,4000,4439,0.030913,4,2024-05-13 20:42:01,Complex,True,Excellent
9040,403,2,2,315,280,2857,0.002384,3,2024-11-06 06:51:04,Simple,False,Good
9041,204,4,5,1401,1252,1041,0.006099,4,2024-05-06 23:17:53,Medium,True,Good
9042,391,4,6,910,896,3886,0.004094,3,2024-08-24 21:48:54,Medium,True,Good
9043,356,5,1,1935,2821,2283,0.008307,3,2024-05-27 11:35:53,Complex,True,Good
9044,240,4,6,1178,1035,1365,0.005535,3,2024-05-26 05:13:40,Medium,True,Good
9045,250,4,2,1125,1642,1274,0.007404,2,2024-09-12 08:35:23,Medium,True,Fair
9046,154,3,1,587,495,1844,0.003318,5,2024-01-24 17:40:47,Simple,False,Good
9047,112,4,5,448,731,4282,0.00375,4,2024-04-12 11:06:49,Medium,True,Good
9048,26,2,1,1779,1666,1332,0.014256,3,2024-02-20 21:03:12,Medium,True,Good
9049,266,4,3,617,902,1091,0.004814,3,2024-01-13 12:55:22,Medium,True,Good
9050,455,1,3,519,610,2502,0.005837,3,2024-12-04 05:06:49,Medium,True,Good
9051,282,4,3,244,262,3583,0.001262,3,2024-04-13 11:05:20,Simple,True,Good
9052,447,3,4,497,807,1984,0.005571,4,2024-11-16 15:15:12,Medium,True,Good
9053,444,1,8,287,372,4002,0.003761,4,2024-10-09 19:04:22,Simple,True,Excellent
9054,99,2,1,1028,1114,643,0.00922,5,2024-06-26 04:56:14,Medium,True,Excellent
9055,392,4,2,488,756,1407,0.003528,4,2024-07-03 11:51:34,Medium,True,Good
9056,396,1,2,1091,951,3531,0.008608,2,2024-07-02 11:16:49,Medium,True,Fair
9057,276,4,9,605,886,1716,0.004054,1,2024-04-30 10:09:07,Medium,False,Fair
9058,146,2,6,1487,1640,663,0.014259,1,2024-11-25 08:04:37,Medium,False,Fair
9059,404,1,1,607,535,1209,0.004835,4,2024-09-23 10:16:04,Medium,True,Excellent
9060,439,4,1,710,1163,2469,0.005332,5,2024-03-13 08:42:26,Medium,True,Good
9061,125,1,2,1534,1365,1057,0.012738,3,2024-01-25 16:05:02,Medium,True,Good
9062,466,2,1,2090,3393,1093,0.02594,4,2024-10-25 21:02:23,Complex,True,Excellent
9063,296,1,8,1438,1247,7376,0.011561,5,2024-03-20 19:16:28,Medium,True,Excellent
9064,482,4,3,1784,1644,1490,0.007652,2,2024-02-04 03:54:14,Medium,True,Fair
9065,352,4,2,454,444,3084,0.002101,4,2024-03-10 01:47:01,Simple,True,Good
9066,388,4,2,368,325,3535,0.001646,4,2024-02-15 12:13:49,Simple,True,Good
9067,453,2,2,582,953,2082,0.008324,3,2024-11-12 21:17:00,Medium,True,Good
9068,267,4,1,1447,1207,1286,0.005734,5,2024-09-29 22:40:12,Medium,False,Good
9069,261,2,5,3384,3455,1410,0.029616,5,2024-10-05 02:17:22,Complex,True,Excellent
9070,266,2,2,1139,1074,969,0.008255,4,2024-06-17 17:14:23,Medium,True,Excellent
9071,108,1,3,292,438,655,0.004679,3,2024-12-01 03:38:45,Simple,True,Good
9072,373,1,1,2088,2301,4024,0.021439,4,2024-11-04 05:53:30,Complex,True,Excellent
9073,47,4,1,1001,1238,1547,0.00666,3,2024-01-12 02:10:29,Medium,False,Good
9074,121,1,8,671,740,1682,0.008099,5,2024-05-14 02:25:50,Medium,True,Excellent
9075,234,1,1,945,1417,2201,0.013023,5,2024-11-24 14:30:45,Medium,True,Excellent
9076,79,4,1,1469,1920,1412,0.010485,4,2024-06-19 17:19:39,Medium,True,Good
9077,214,4,1,535,599,2887,0.002703,4,2024-10-03 03:12:30,Medium,True,Good
9078,191,5,2,611,542,1596,0.0017,5,2024-04-07 17:14:03,Medium,True,Good
9079,17,5,6,1253,1188,1014,0.00331,5,2024-09-11 04:38:35,Medium,True,Good
9080,246,1,6,889,1008,1330,0.009449,5,2024-10-26 14:36:51,Medium,True,Excellent
9081,248,4,6,1953,1770,1737,0.008762,5,2024-04-28 16:04:14,Medium,True,Good
9082,127,4,2,2078,1948,2035,0.009494,3,2024-03-11 08:15:01,Medium,False,Good
9083,379,2,1,140,159,1381,0.001399,4,2024-12-25 23:01:57,Simple,True,Excellent
9084,40,3,6,1056,1318,2628,0.008985,4,2024-04-30 09:46:14,Medium,True,Good
9085,168,3,1,734,998,1214,0.006356,4,2024-09-23 14:51:55,Medium,False,Good
9086,311,4,8,962,917,1758,0.00488,1,2024-07-14 05:25:09,Medium,True,Fair
9087,34,3,2,1336,1127,1109,0.008492,1,2024-04-12 19:15:41,Medium,True,Fair
9088,409,3,1,1359,2228,1076,0.016214,2,2024-07-15 22:39:04,Complex,False,Fair
9089,140,1,3,392,490,2209,0.004612,4,2024-03-04 12:41:53,Simple,True,Excellent
9090,211,1,7,3217,4000,6530,0.039427,4,2024-09-04 00:00:09,Complex,True,Excellent
9091,238,4,2,159,207,3526,0.001065,4,2024-07-09 10:34:17,Simple,False,Good
9092,160,1,3,220,184,3812,0.001917,5,2024-06-20 06:42:19,Simple,True,Excellent
9093,219,2,2,633,552,1592,0.004261,5,2024-10-18 09:50:29,Medium,True,Excellent
9094,210,1,1,1190,996,1657,0.009831,5,2024-09-10 22:28:44,Medium,True,Excellent
9095,130,1,7,759,1052,1750,0.010628,1,2024-09-28 15:57:45,Medium,True,Fair
9096,393,2,2,1787,2031,2472,0.016467,5,2024-03-03 13:02:21,Complex,True,Excellent
9097,314,2,7,630,656,1456,0.004898,4,2024-12-10 07:45:47,Medium,True,Excellent
9098,113,4,1,290,268,2388,0.001322,4,2024-12-04 03:53:01,Simple,True,Good
9099,133,1,1,1074,1087,4587,0.00999,1,2024-05-14 03:11:56,Medium,True,Fair
9100,219,4,2,1986,1898,6859,0.008727,4,2024-05-14 21:37:55,Medium,True,Good
9101,150,1,4,183,237,815,0.002173,5,2024-12-13 23:08:09,Simple,True,Excellent
9102,2,3,4,1383,1570,3505,0.010469,5,2024-04-12 18:17:46,Medium,False,Good
9103,63,4,2,427,378,2850,0.001758,4,2024-06-24 07:37:12,Simple,True,Good
9104,166,1,7,862,1027,2166,0.009305,4,2024-10-13 16:11:19,Medium,True,Excellent
9105,87,4,7,1104,1782,1962,0.00965,2,2024-01-18 05:48:58,Medium,True,Fair
9106,28,3,9,396,390,3708,0.002733,4,2024-05-13 20:32:02,Simple,True,Good
9107,322,1,1,470,503,1986,0.005331,4,2024-03-06 20:41:19,Medium,True,Excellent
9108,301,1,5,480,585,1032,0.005267,4,2024-06-03 16:27:07,Medium,True,Excellent
9109,30,4,1,987,950,915,0.004277,1,2024-11-19 05:55:54,Medium,True,Fair
9110,261,4,6,412,431,1771,0.002204,4,2024-01-29 03:12:32,Simple,True,Good
9111,44,2,1,1529,1859,3319,0.014872,5,2024-06-23 15:43:25,Medium,True,Excellent
9112,488,4,6,449,493,1186,0.002536,5,2024-07-31 01:27:21,Simple,True,Good
9113,110,4,1,348,436,801,0.002007,4,2024-08-23 03:22:32,Simple,True,Good
9114,395,1,2,1683,2236,7217,0.023601,5,2024-06-20 06:49:19,Complex,True,Excellent
9115,243,2,1,1553,2254,3272,0.016467,2,2024-02-12 06:21:17,Complex,True,Fair
9116,355,4,7,2155,3438,1088,0.017205,1,2024-04-13 06:01:46,Complex,True,Fair
9117,150,4,2,284,260,1284,0.001382,3,2024-08-28 13:33:21,Simple,True,Good
9118,195,1,8,598,730,1190,0.007251,4,2024-07-25 06:08:33,Medium,False,Excellent
9119,466,1,2,1490,1596,2252,0.017043,4,2024-09-13 09:29:46,Medium,True,Excellent
9120,398,1,2,484,631,8102,0.006702,4,2024-07-18 01:13:47,Medium,True,Excellent
9121,470,4,2,842,891,1360,0.004231,3,2024-09-19 12:54:08,Medium,False,Good
9122,134,4,8,364,448,2600,0.002317,4,2024-08-04 15:09:23,Simple,True,Good
9123,35,4,3,702,767,2362,0.00376,4,2024-03-13 22:14:39,Medium,True,Good
9124,110,1,3,297,475,1463,0.005138,5,2024-11-08 18:38:50,Simple,True,Excellent
9125,297,1,1,1047,1091,1565,0.009909,5,2024-08-23 18:41:01,Medium,True,Excellent
9126,416,1,6,138,193,1296,0.001977,4,2024-01-31 21:53:27,Simple,True,Excellent
9127,500,1,3,1252,1063,1174,0.010692,1,2024-07-25 17:09:49,Medium,True,Fair
9128,50,4,6,246,353,2245,0.00194,5,2024-12-27 19:33:06,Simple,True,Good
9129,480,2,2,676,854,4291,0.006905,5,2024-10-31 08:47:02,Medium,True,Excellent
9130,54,1,2,763,709,2701,0.007437,3,2024-09-05 10:11:16,Medium,True,Good
9131,47,2,1,701,842,504,0.006156,4,2024-06-27 14:38:12,Medium,True,Excellent
9132,183,4,2,136,205,2037,0.000947,4,2024-09-14 02:20:21,Simple,True,Good
9133,10,4,1,1205,1201,4220,0.006101,3,2024-03-28 17:12:32,Medium,True,Good
9134,219,4,1,2506,2259,7594,0.011685,3,2024-06-20 23:35:56,Complex,True,Good
9135,432,1,8,517,556,1634,0.005468,4,2024-03-09 01:16:30,Medium,True,Excellent
9136,320,4,2,314,346,672,0.00161,2,2024-08-16 08:39:17,Simple,True,Fair
9137,62,2,1,1122,1095,524,0.008118,5,2024-03-05 04:24:43,Medium,True,Excellent
9138,175,2,1,1160,1050,1325,0.00825,2,2024-07-30 18:17:34,Medium,True,Fair
9139,125,1,3,839,719,3130,0.00707,4,2024-05-09 08:12:44,Medium,True,Excellent
9140,445,4,3,862,841,1676,0.004016,4,2024-06-12 12:02:43,Medium,True,Good
9141,140,4,9,2066,2047,2952,0.009463,5,2024-12-14 16:26:35,Complex,True,Good
9142,184,4,5,545,575,678,0.003091,2,2024-06-18 17:56:04,Medium,True,Fair
9143,40,1,6,512,750,2232,0.007583,5,2024-08-28 13:01:05,Medium,True,Excellent
9144,356,4,1,1415,1509,812,0.007044,5,2024-06-12 06:32:46,Medium,True,Good
9145,150,1,5,750,651,3941,0.006954,4,2024-10-14 18:26:29,Medium,True,Excellent
9146,15,5,9,1707,2017,500,0.005738,4,2024-08-18 20:38:57,Complex,True,Good
9147,452,4,1,418,489,1995,0.00244,4,2024-04-22 11:03:46,Simple,False,Good
9148,456,2,2,1115,1675,1549,0.012318,3,2024-05-31 07:39:04,Medium,True,Good
9149,494,4,1,1775,1819,1020,0.008545,1,2024-05-22 23:23:41,Medium,False,Fair
9150,441,1,6,1580,1373,2028,0.014411,4,2024-01-29 00:58:52,Medium,True,Excellent
9151,2,1,9,203,193,1015,0.001832,2,2024-11-05 16:16:24,Simple,False,Fair
9152,32,1,6,797,982,1585,0.010702,4,2024-08-24 16:35:43,Medium,True,Excellent
9153,389,1,7,177,260,3552,0.002403,4,2024-08-07 06:14:10,Simple,True,Excellent
9154,190,3,8,891,746,723,0.004743,5,2024-09-06 04:40:21,Medium,False,Good
9155,214,2,3,1694,1982,3132,0.015653,4,2024-03-07 12:31:58,Medium,True,Excellent
9156,296,1,7,1310,1510,1816,0.016202,5,2024-02-28 19:26:09,Medium,True,Excellent
9157,216,3,5,1175,1449,2530,0.010667,4,2024-06-28 19:13:36,Medium,False,Good
9158,282,3,2,213,287,861,0.001867,4,2024-11-30 21:37:02,Simple,True,Good
9159,32,1,3,489,678,715,0.006144,5,2024-03-26 00:19:41,Medium,True,Excellent
9160,326,4,2,932,1300,1616,0.006137,2,2024-06-01 01:23:50,Medium,False,Fair
9161,35,1,7,3044,2542,1343,0.023061,4,2024-10-23 17:11:43,Complex,True,Excellent
9162,285,4,6,522,551,1196,0.002497,3,2024-09-07 22:39:57,Medium,True,Good
9163,199,1,3,2111,1999,1088,0.020808,4,2024-07-07 14:28:00,Medium,False,Excellent
9164,182,1,1,466,402,1847,0.00403,4,2024-04-27 01:27:14,Simple,True,Excellent
9165,353,4,2,2536,2608,531,0.012113,2,2024-01-16 01:51:41,Complex,True,Fair
9166,371,4,2,1098,1335,1730,0.00697,4,2024-09-20 15:45:52,Medium,True,Good
9167,78,4,1,102,105,2551,0.000572,4,2024-11-25 09:32:24,Simple,True,Good
9168,148,4,2,361,428,1203,0.002169,2,2024-03-12 07:20:51,Simple,True,Fair
9169,284,1,2,1023,1439,889,0.013283,3,2024-02-06 02:02:00,Medium,True,Good
9170,351,1,1,816,1173,6221,0.011562,4,2024-07-29 22:30:23,Medium,True,Excellent
9171,492,1,4,769,757,1666,0.008118,4,2024-11-14 04:29:47,Medium,True,Excellent
9172,155,1,1,778,668,5867,0.006797,3,2024-12-26 17:56:36,Medium,True,Good
9173,244,4,2,189,162,4827,0.000884,2,2024-04-18 22:09:13,Simple,True,Fair
9174,269,4,7,2143,2515,732,0.012831,5,2024-04-09 11:49:06,Complex,True,Good
9175,417,3,2,601,954,2548,0.006953,3,2024-02-26 16:48:50,Medium,True,Good
9176,191,1,3,890,933,3933,0.009285,3,2024-02-18 14:32:04,Medium,False,Good
9177,74,2,2,485,535,1125,0.004081,3,2024-01-19 13:52:19,Medium,False,Good
9178,250,3,1,755,730,3395,0.005319,5,2024-06-14 10:38:26,Medium,True,Good
9179,482,3,3,2364,2056,777,0.015656,2,2024-06-07 13:24:41,Complex,True,Fair
9180,243,4,1,776,712,1923,0.003462,4,2024-03-16 15:12:17,Medium,False,Good
9181,134,1,7,551,655,2304,0.005948,4,2024-06-22 00:25:35,Medium,True,Excellent
9182,123,4,6,667,732,1160,0.003666,4,2024-02-26 13:40:35,Medium,True,Good
9183,198,4,1,1042,1053,592,0.005307,2,2024-07-25 17:00:05,Medium,False,Fair
9184,46,2,8,234,256,2007,0.001893,5,2024-11-19 09:22:52,Simple,True,Excellent
9185,316,1,1,257,238,5273,0.002199,2,2024-04-19 12:57:51,Simple,True,Fair
9186,323,4,7,633,696,1035,0.003536,3,2024-09-02 21:00:03,Medium,True,Good
9187,143,4,8,505,436,2079,0.002327,3,2024-06-15 16:13:20,Simple,True,Good
9188,79,3,6,589,581,1889,0.00395,3,2024-04-03 17:30:00,Medium,True,Good
9189,46,1,2,363,381,1086,0.003699,4,2024-08-06 19:42:15,Simple,True,Excellent
9190,432,2,7,599,715,626,0.0058,3,2024-03-12 03:10:38,Medium,False,Good
9191,261,1,6,533,463,757,0.004699,5,2024-03-28 19:29:32,Simple,True,Excellent
9192,240,4,9,1818,3023,1755,0.0148,4,2024-05-20 02:23:59,Complex,True,Good
9193,24,4,1,3076,4000,899,0.019107,5,2024-02-28 05:53:59,Complex,True,Good
9194,271,4,1,1322,1378,1949,0.006263,2,2024-01-16 19:16:35,Medium,True,Fair
9195,200,2,1,478,493,1892,0.004299,2,2024-07-04 10:33:30,Simple,True,Fair
9196,128,5,6,738,790,3616,0.002324,2,2024-12-03 08:56:46,Medium,True,Fair
9197,218,1,4,1457,1296,955,0.012431,5,2024-04-14 10:17:22,Medium,False,Excellent
9198,265,1,8,1420,1346,800,0.01475,3,2024-05-23 09:37:51,Medium,True,Good
9199,141,4,2,593,675,1960,0.003503,4,2024-10-04 13:10:23,Medium,False,Good
9200,46,2,6,978,1324,571,0.009844,5,2024-12-21 01:08:35,Medium,False,Excellent
9201,439,2,2,874,905,1820,0.007928,4,2024-04-08 17:19:49,Medium,True,Excellent
9202,367,4,7,915,1234,3515,0.005743,4,2024-05-01 22:16:58,Medium,True,Good
9203,144,1,1,158,181,847,0.001834,3,2024-01-01 16:21:19,Simple,False,Good
9204,392,1,9,834,1340,2341,0.013136,5,2024-07-06 18:42:33,Medium,True,Excellent
9205,77,2,3,291,249,993,0.002027,3,2024-06-01 09:48:30,Simple,True,Good
9206,32,4,2,407,421,2398,0.002042,4,2024-05-01 10:46:45,Simple,True,Good
9207,467,1,1,1342,1266,911,0.012946,3,2024-04-25 18:39:35,Medium,True,Good
9208,289,4,2,907,1314,1802,0.006959,3,2024-10-11 12:39:54,Medium,True,Good
9209,266,1,8,421,479,1153,0.005014,2,2024-07-25 06:09:59,Simple,True,Fair
9210,83,1,2,1441,2066,1063,0.021432,2,2024-02-02 22:23:34,Complex,True,Fair
9211,30,5,2,399,392,1890,0.001205,4,2024-09-04 20:35:58,Simple,False,Good
9212,360,4,1,315,526,2975,0.002461,2,2024-06-17 11:37:14,Medium,True,Fair
9213,216,3,4,759,1108,1982,0.008258,4,2024-09-14 18:46:51,Medium,True,Good
9214,82,1,6,2519,2100,996,0.019226,4,2024-03-28 20:08:27,Complex,True,Excellent
9215,28,1,6,523,802,1370,0.00869,5,2024-03-09 21:05:04,Medium,True,Excellent
9216,35,4,4,538,452,1994,0.00221,5,2024-12-28 16:23:35,Simple,False,Good
9217,189,4,3,312,311,1889,0.001481,3,2024-09-24 12:19:22,Simple,True,Good
9218,457,4,1,325,286,1638,0.001477,3,2024-11-25 20:21:20,Simple,False,Good
9219,118,2,2,1094,1384,1357,0.011159,5,2024-03-13 06:27:14,Medium,True,Excellent
9220,314,2,3,214,247,972,0.002102,4,2024-09-06 01:31:18,Simple,True,Excellent
9221,210,3,3,334,457,2694,0.002911,3,2024-09-30 15:30:36,Simple,False,Good
9222,28,2,7,937,1079,1610,0.007851,1,2024-05-04 02:04:18,Medium,False,Fair
9223,404,1,2,944,920,1556,0.008922,4,2024-05-05 04:41:46,Medium,True,Excellent
9224,368,1,1,440,474,1577,0.004347,3,2024-03-13 16:35:22,Simple,True,Good
9225,42,1,2,1857,1851,2329,0.01908,4,2024-05-29 20:42:30,Medium,True,Excellent
9226,460,4,6,1262,1336,1286,0.007151,5,2024-07-31 17:01:56,Medium,True,Good
9227,201,1,6,3569,4000,1977,0.039506,5,2024-11-12 08:19:08,Complex,False,Excellent
9228,448,2,1,745,1077,1340,0.009302,4,2024-05-22 15:41:46,Medium,True,Excellent
9229,114,4,5,830,1097,2383,0.005598,2,2024-11-17 17:26:55,Medium,True,Fair
9230,160,4,5,938,1353,816,0.006657,3,2024-02-12 02:40:16,Medium,True,Good
9231,26,3,1,789,1127,1854,0.008358,4,2024-03-21 20:02:44,Medium,True,Good
9232,433,1,6,1809,2371,638,0.023055,5,2024-02-25 06:16:14,Complex,True,Excellent
9233,159,4,2,708,605,900,0.002977,3,2024-01-30 11:43:09,Medium,True,Good
9234,470,2,2,1357,1249,2054,0.010949,5,2024-01-26 18:56:18,Medium,True,Excellent
9235,279,1,3,896,1082,1902,0.011527,5,2024-11-12 23:23:29,Medium,True,Excellent
9236,200,4,1,562,515,1107,0.002543,5,2024-12-07 03:25:08,Medium,True,Good
9237,341,1,1,805,805,1065,0.008687,1,2024-06-19 05:17:21,Medium,False,Fair
9238,469,4,7,757,1242,1728,0.006165,3,2024-11-30 13:32:37,Medium,False,Good
9239,251,1,9,1285,1459,2532,0.014326,3,2024-02-15 00:03:31,Medium,False,Good
9240,45,1,2,676,807,3032,0.008834,4,2024-03-24 18:08:57,Medium,True,Excellent
9241,96,3,6,702,688,3132,0.004531,5,2024-12-22 20:37:53,Medium,True,Good
9242,133,1,1,657,818,2040,0.007699,4,2024-04-20 09:00:32,Medium,True,Excellent
9243,359,1,7,890,1447,1736,0.014456,4,2024-10-09 19:04:20,Medium,True,Excellent
9244,15,5,9,1291,1694,572,0.005078,2,2024-06-02 04:18:44,Medium,False,Fair
9245,201,4,1,471,412,2081,0.002035,4,2024-05-02 01:38:59,Simple,True,Good
9246,476,4,2,235,378,3890,0.001977,2,2024-11-22 06:36:03,Simple,True,Fair
9247,335,1,1,1441,1203,3081,0.011183,4,2024-01-31 19:29:24,Medium,True,Excellent
9248,50,2,6,1294,1138,3123,0.008774,3,2024-09-15 20:22:15,Medium,True,Good
9249,436,1,1,299,474,3408,0.005141,2,2024-04-03 05:40:16,Simple,True,Fair
9250,193,1,2,1133,1105,6636,0.011257,3,2024-02-01 09:27:26,Medium,True,Good
9251,428,1,2,963,851,1284,0.008395,3,2024-02-29 22:25:37,Medium,False,Good
9252,366,3,2,1506,2165,1542,0.016168,3,2024-10-19 06:58:02,Complex,False,Good
9253,57,2,6,479,540,1828,0.00434,4,2024-03-10 14:07:25,Medium,True,Excellent
9254,290,4,7,268,232,1277,0.001188,5,2024-05-04 14:03:54,Simple,True,Good
9255,340,4,5,541,728,1698,0.003596,5,2024-06-19 06:33:52,Medium,True,Good
9256,254,4,5,235,333,1074,0.001701,4,2024-12-24 02:25:16,Simple,True,Good
9257,146,4,5,1054,903,1034,0.004758,4,2024-05-17 00:36:12,Medium,True,Good
9258,217,4,1,345,378,1976,0.002075,5,2024-05-02 05:48:47,Simple,True,Good
9259,335,4,1,1755,1544,3691,0.007433,3,2024-05-17 15:20:14,Medium,True,Good
9260,90,3,7,418,557,2359,0.003681,4,2024-06-08 13:53:52,Medium,True,Good
9261,35,2,2,2798,3692,4646,0.027106,2,2024-05-13 11:47:10,Complex,False,Fair
9262,498,1,8,2208,3071,747,0.030527,5,2024-01-07 12:49:51,Complex,True,Excellent
9263,486,1,2,1157,1006,2236,0.00918,4,2024-04-17 22:15:44,Medium,True,Excellent
9264,163,4,4,1967,1687,2431,0.008269,4,2024-11-28 19:02:40,Medium,True,Good
9265,233,4,5,1734,1604,1193,0.008197,5,2024-02-18 07:05:02,Medium,True,Good
9266,319,1,1,996,831,1757,0.008122,5,2024-01-02 06:25:46,Medium,False,Excellent
9267,396,2,1,1758,1624,512,0.012823,4,2024-09-27 16:30:32,Medium,True,Excellent
9268,345,1,6,594,762,1527,0.008197,4,2024-02-11 20:53:22,Medium,True,Excellent
9269,419,4,6,1803,2389,2132,0.012093,3,2024-09-11 18:02:01,Complex,True,Good
9270,85,1,2,894,856,2099,0.0084,4,2024-01-22 04:16:07,Medium,True,Excellent
9271,388,1,1,565,490,4113,0.004875,5,2024-07-18 22:11:57,Simple,True,Excellent
9272,246,2,2,499,417,1242,0.003452,2,2024-09-19 01:22:04,Simple,True,Fair
9273,243,4,1,1637,1641,617,0.008183,5,2024-05-11 20:01:07,Medium,True,Good
9274,162,4,4,498,491,4596,0.002354,4,2024-08-29 02:54:46,Simple,True,Good
9275,430,5,2,826,1207,2416,0.003286,4,2024-01-08 04:27:17,Medium,True,Good
9276,177,2,4,455,579,816,0.004714,5,2024-07-20 10:31:22,Medium,True,Excellent
9277,66,4,2,1565,1944,996,0.010439,4,2024-04-22 20:14:29,Medium,True,Good
9278,406,1,2,508,633,2089,0.006615,2,2024-05-25 10:56:09,Medium,False,Fair
9279,143,4,7,810,939,1079,0.005034,2,2024-12-14 08:30:17,Medium,False,Fair
9280,287,4,2,1174,1391,4216,0.006516,5,2024-06-13 02:11:03,Medium,True,Good
9281,238,4,6,395,509,2239,0.002317,2,2024-07-30 14:47:03,Medium,True,Fair
9282,48,1,5,904,870,2607,0.008039,5,2024-06-19 08:11:19,Medium,True,Excellent
9283,333,2,1,736,803,1393,0.006459,5,2024-08-12 12:31:37,Medium,True,Excellent
9284,112,2,1,806,770,1652,0.005883,1,2024-12-25 19:24:20,Medium,True,Fair
9285,59,1,6,1655,1830,6328,0.018782,5,2024-09-10 13:19:54,Medium,True,Excellent
9286,342,4,9,311,306,2401,0.001595,5,2024-11-14 18:20:35,Simple,True,Good
9287,162,4,7,1374,2276,2323,0.011142,3,2024-05-29 04:24:59,Complex,False,Good
9288,283,1,9,299,358,653,0.003649,4,2024-10-04 17:08:56,Simple,True,Excellent
9289,91,1,2,832,1326,1451,0.01273,4,2024-07-31 19:33:25,Medium,True,Excellent
9290,422,1,1,904,1281,1838,0.011877,3,2024-07-15 02:37:31,Medium,True,Good
9291,367,1,7,1029,934,2408,0.008998,5,2024-07-14 09:05:29,Medium,True,Excellent
9292,3,2,6,3421,3307,1317,0.025412,4,2024-01-09 09:02:04,Complex,True,Excellent
9293,75,2,1,503,702,1419,0.005267,5,2024-03-27 06:14:23,Medium,True,Excellent
9294,164,1,2,795,848,2591,0.007712,3,2024-01-31 07:32:50,Medium,False,Good
9295,162,1,8,889,1395,1032,0.013994,3,2024-09-23 01:51:23,Medium,True,Good
9296,289,1,2,1121,1309,1496,0.012195,5,2024-12-03 21:35:15,Medium,True,Excellent
9297,116,4,1,1174,1047,1525,0.0049,4,2024-03-16 20:51:32,Medium,False,Good
9298,474,4,7,1000,1239,3885,0.005928,1,2024-04-09 02:36:37,Medium,True,Fair
9299,342,1,5,1086,1612,1527,0.016382,3,2024-10-05 12:04:59,Medium,True,Good
9300,471,1,2,1994,2957,1324,0.028108,3,2024-02-25 04:36:10,Complex,True,Good
9301,69,4,3,719,700,584,0.003461,4,2024-02-02 11:53:26,Medium,True,Good
9302,102,4,1,1694,1739,3128,0.008327,4,2024-04-05 22:02:31,Medium,False,Good
9303,486,4,2,1381,2139,7598,0.009745,4,2024-05-23 03:20:13,Complex,False,Good
9304,348,1,1,238,217,875,0.002143,4,2024-09-17 14:11:59,Simple,True,Excellent
9305,489,4,6,2087,2612,4577,0.011809,1,2024-09-27 23:56:29,Complex,True,Fair
9306,22,2,2,3271,2776,3739,0.023847,4,2024-08-25 15:04:22,Complex,False,Excellent
9307,35,4,8,1865,1688,1469,0.008316,2,2024-12-22 01:55:37,Medium,True,Fair
9308,378,1,2,364,448,3150,0.004406,1,2024-10-02 04:02:40,Simple,True,Fair
9309,54,1,1,883,1248,3990,0.012149,3,2024-04-20 20:06:18,Medium,True,Good
9310,247,2,4,372,332,1831,0.002776,4,2024-12-20 01:03:03,Simple,True,Excellent
9311,204,4,5,870,872,3517,0.004112,4,2024-12-20 11:51:26,Medium,True,Good
9312,266,1,6,190,193,3605,0.001817,3,2024-01-24 06:29:55,Simple,True,Good
9313,428,4,7,652,685,2131,0.003759,5,2024-07-11 20:38:25,Medium,True,Good
9314,95,4,4,370,484,1824,0.002639,3,2024-09-09 20:55:13,Simple,False,Good
9315,296,1,8,847,737,814,0.007421,3,2024-04-02 08:09:33,Medium,False,Good
9316,456,2,1,179,262,1474,0.002194,4,2024-08-14 13:55:36,Simple,True,Excellent
9317,383,1,7,885,1399,2841,0.013876,2,2024-02-15 17:22:54,Medium,True,Fair
9318,441,2,5,700,778,1041,0.006418,5,2024-07-08 05:37:15,Medium,True,Excellent
9319,439,4,6,3660,3125,546,0.014928,2,2024-03-24 06:04:31,Complex,True,Fair
9320,358,4,1,940,787,712,0.004275,4,2024-04-23 20:56:06,Medium,True,Good
9321,261,4,1,389,499,693,0.002249,5,2024-09-16 12:13:47,Simple,True,Good
9322,344,4,3,705,744,1352,0.003888,5,2024-02-25 01:35:22,Medium,True,Good
9323,191,5,6,2823,3464,2222,0.011216,4,2024-08-03 04:34:46,Complex,True,Good
9324,467,1,2,547,846,2340,0.009242,5,2024-12-08 21:33:04,Medium,True,Excellent
9325,401,2,2,313,445,2777,0.003884,4,2024-03-25 15:11:04,Simple,True,Excellent
9326,479,1,1,643,805,1283,0.008718,2,2024-08-29 21:51:13,Medium,True,Fair
9327,319,3,1,1941,2267,1458,0.017286,4,2024-01-28 05:08:44,Complex,False,Good
9328,205,1,9,437,510,2621,0.005336,5,2024-10-18 10:07:25,Medium,True,Excellent
9329,168,3,4,1167,1716,2879,0.0129,3,2024-08-13 07:19:21,Medium,True,Good
9330,301,4,3,100,150,4557,0.000767,5,2024-10-04 04:29:02,Simple,False,Good
9331,118,4,6,254,334,1704,0.001563,4,2024-09-25 00:33:36,Simple,True,Good
9332,409,1,6,2214,3354,786,0.035868,2,2024-04-17 11:41:25,Complex,True,Fair
9333,259,1,1,553,647,3576,0.006343,3,2024-04-23 12:26:44,Medium,False,Good
9334,183,1,2,803,712,3820,0.007056,4,2024-01-29 05:56:49,Medium,True,Excellent
9335,316,5,1,912,808,1868,0.002457,4,2024-07-11 18:21:45,Medium,True,Good
9336,96,4,1,180,276,1733,0.001495,3,2024-09-03 08:34:55,Simple,True,Good
9337,369,3,2,2517,2578,731,0.017936,5,2024-10-25 06:33:05,Complex,True,Good
9338,265,4,5,235,317,835,0.001494,5,2024-07-17 15:33:44,Simple,False,Good
9339,145,4,2,371,512,1391,0.002628,5,2024-10-17 13:10:24,Medium,True,Good
9340,92,1,2,951,856,500,0.007944,2,2024-12-10 02:23:26,Medium,True,Fair
9341,394,1,3,365,503,1771,0.004615,5,2024-12-24 15:40:30,Medium,True,Excellent
9342,379,5,6,417,368,1329,0.001179,4,2024-05-12 20:13:55,Simple,True,Good
9343,219,2,1,835,909,1023,0.007723,5,2024-08-26 09:07:49,Medium,True,Excellent
9344,481,1,1,158,232,825,0.002233,5,2024-11-25 03:22:34,Simple,True,Excellent
9345,186,1,2,1396,1182,1349,0.011775,5,2024-01-03 07:44:59,Medium,False,Excellent
9346,325,1,2,920,964,946,0.008879,4,2024-02-16 12:18:22,Medium,True,Excellent
9347,74,1,2,436,623,1042,0.006387,5,2024-08-18 01:40:04,Medium,True,Excellent
9348,259,1,8,2749,2648,3037,0.026506,2,2024-01-06 12:45:20,Complex,True,Fair
9349,387,4,7,482,636,2095,0.003327,5,2024-10-19 13:26:40,Medium,True,Good
9350,346,4,1,328,482,3165,0.002182,4,2024-10-05 16:14:19,Simple,True,Good
9351,90,4,9,1326,1451,1132,0.007779,3,2024-11-16 11:25:21,Medium,True,Good
9352,399,1,1,315,278,1208,0.002512,3,2024-11-20 22:40:06,Simple,True,Good
9353,326,1,1,338,350,1474,0.003225,3,2024-06-30 07:34:45,Simple,True,Good
9354,50,4,7,299,324,2719,0.001676,2,2024-02-09 08:08:47,Simple,True,Fair
9355,103,4,3,1793,1814,773,0.009713,4,2024-04-27 11:49:32,Medium,True,Good
9356,186,1,1,748,797,500,0.007211,3,2024-03-12 17:31:17,Medium,False,Good
9357,418,4,5,1352,2027,500,0.010552,4,2024-03-28 04:07:18,Complex,True,Good
9358,361,2,2,1188,1759,1745,0.014193,5,2024-06-17 02:37:38,Medium,True,Excellent
9359,464,1,9,3120,4000,3377,0.040789,5,2024-01-05 14:46:10,Complex,True,Excellent
9360,167,4,9,377,455,800,0.002375,4,2024-09-05 23:56:58,Simple,False,Good
9361,131,4,1,495,489,2680,0.002321,3,2024-04-20 19:22:53,Simple,True,Good
9362,117,2,7,2335,3049,2206,0.025504,3,2024-12-09 23:51:59,Complex,True,Good
9363,55,4,6,188,181,1327,0.000851,4,2024-02-25 08:17:03,Simple,True,Good
9364,117,2,7,325,510,2525,0.004142,4,2024-02-08 17:39:56,Medium,True,Excellent
9365,192,4,6,880,787,1353,0.00372,5,2024-09-27 09:04:53,Medium,True,Good
9366,182,3,8,235,361,1195,0.002568,5,2024-08-13 21:29:46,Simple,False,Good
9367,431,4,7,279,456,2145,0.002394,5,2024-05-31 04:39:47,Simple,True,Good
9368,185,4,6,762,1121,1228,0.006039,3,2024-06-03 21:40:10,Medium,True,Good
9369,269,1,6,876,832,1017,0.009133,5,2024-02-10 04:02:36,Medium,True,Excellent
9370,224,4,7,488,568,1429,0.003037,4,2024-08-25 18:56:58,Medium,True,Good
9371,209,4,1,695,805,2403,0.003953,3,2024-10-16 14:51:04,Medium,True,Good
9372,415,4,2,546,894,1969,0.004875,3,2024-08-27 10:08:38,Medium,True,Good
9373,256,2,3,1147,1053,1031,0.008536,4,2024-01-12 06:13:16,Medium,True,Excellent
9374,266,2,3,2109,2390,2584,0.019825,5,2024-05-18 17:15:17,Complex,True,Excellent
9375,136,4,2,1710,1720,3292,0.008815,4,2024-01-12 13:56:38,Medium,False,Good
9376,152,2,3,1188,1904,2180,0.015919,5,2024-08-07 22:07:55,Medium,True,Excellent
9377,22,1,2,313,411,4100,0.004411,5,2024-02-29 15:17:07,Simple,True,Excellent
9378,17,1,1,1522,1780,1740,0.018903,3,2024-10-15 16:35:50,Medium,True,Good
9379,463,5,8,2806,3265,2672,0.010139,3,2024-01-19 07:13:43,Complex,False,Good
9380,360,5,1,675,714,2238,0.002262,4,2024-06-19 08:18:44,Medium,True,Good
9381,21,4,9,1559,1486,1831,0.007551,4,2024-01-13 07:18:22,Medium,True,Good
9382,110,5,1,758,1029,1929,0.003256,4,2024-01-25 01:15:37,Medium,True,Good
9383,305,4,2,244,333,4385,0.001535,5,2024-03-15 16:43:33,Simple,True,Good
9384,467,1,2,2090,2097,2738,0.019556,5,2024-04-09 14:29:41,Complex,True,Excellent
9385,407,4,4,3970,3548,1443,0.016765,5,2024-04-14 13:31:50,Complex,True,Good
9386,424,2,2,595,564,1693,0.004568,2,2024-01-16 06:28:42,Medium,True,Fair
9387,423,4,1,773,663,626,0.00321,5,2024-07-08 21:47:55,Medium,True,Good
9388,357,2,3,3475,2963,1196,0.024008,3,2024-10-28 00:01:02,Complex,True,Good
9389,341,5,1,231,293,5136,0.000859,4,2024-11-22 03:32:15,Simple,True,Good
9390,321,1,1,1546,1678,1916,0.015904,4,2024-12-27 00:07:56,Medium,True,Excellent
9391,183,4,6,1258,2006,2514,0.010474,1,2024-09-18 04:58:51,Complex,True,Fair
9392,243,4,1,637,628,2671,0.003328,3,2024-02-27 08:17:42,Medium,False,Good
9393,14,1,2,868,726,1695,0.006765,5,2024-07-04 06:22:25,Medium,True,Excellent
9394,229,3,1,835,1196,1307,0.00798,3,2024-02-11 03:59:19,Medium,False,Good
9395,244,1,4,1838,2891,547,0.02835,3,2024-05-25 00:13:54,Complex,True,Good
9396,328,2,6,1637,1578,2493,0.012728,4,2024-01-28 20:29:49,Medium,True,Excellent
9397,388,1,1,402,463,903,0.004849,5,2024-12-26 06:37:21,Simple,True,Excellent
9398,170,4,7,365,372,3562,0.002028,1,2024-08-20 12:44:25,Simple,True,Fair
9399,326,2,2,1639,1894,1486,0.014094,1,2024-10-27 18:34:03,Medium,False,Fair
9400,489,4,2,1560,1573,1193,0.00801,2,2024-09-12 18:24:02,Medium,True,Fair
9401,465,4,2,4183,4000,1019,0.020967,4,2024-08-10 05:46:10,Complex,True,Good
9402,483,1,1,907,954,1303,0.009226,3,2024-11-20 01:38:21,Medium,True,Good
9403,288,1,8,642,548,1076,0.00577,4,2024-01-24 01:00:15,Medium,True,Excellent
9404,349,2,6,374,526,662,0.004338,5,2024-11-07 17:52:41,Medium,False,Excellent
9405,11,1,4,352,371,1914,0.003857,3,2024-12-08 19:10:36,Simple,True,Good
9406,430,4,1,634,848,1989,0.003835,3,2024-01-02 14:11:49,Medium,False,Good
9407,463,1,4,727,1122,1525,0.011245,5,2024-09-18 15:40:45,Medium,True,Excellent
9408,51,3,1,487,492,1568,0.003768,5,2024-11-01 09:59:52,Simple,True,Good
9409,86,2,8,511,784,3082,0.006173,5,2024-02-24 04:02:37,Medium,True,Excellent
9410,148,1,5,991,1321,3019,0.012254,2,2024-02-05 03:49:56,Medium,True,Fair
9411,18,1,5,414,548,1821,0.005567,3,2024-02-12 02:38:47,Medium,True,Good
9412,249,3,3,546,464,1454,0.00295,5,2024-10-01 12:43:54,Simple,True,Good
9413,324,3,7,612,781,597,0.005423,4,2024-03-01 22:47:55,Medium,False,Good
9414,95,4,2,196,232,968,0.001164,5,2024-01-04 17:27:24,Simple,True,Good
9415,195,1,8,443,408,834,0.003793,5,2024-07-03 20:49:30,Simple,True,Excellent
9416,427,4,2,306,480,3007,0.002575,3,2024-05-04 11:38:28,Simple,True,Good
9417,338,4,1,858,1258,887,0.006365,4,2024-09-29 02:47:25,Medium,True,Good
9418,112,4,5,1569,1488,1313,0.007051,3,2024-08-03 07:43:07,Medium,True,Good
9419,465,4,2,1803,2266,3307,0.012449,5,2024-07-06 00:04:26,Complex,True,Good
9420,410,3,1,3209,4000,1355,0.025523,3,2024-02-26 14:57:16,Complex,True,Good
9421,184,1,7,511,847,868,0.009207,2,2024-09-14 14:08:24,Medium,False,Fair
9422,136,4,2,483,598,2775,0.002749,4,2024-10-07 03:29:38,Medium,True,Good
9423,452,1,3,821,793,2422,0.007693,5,2024-12-09 07:36:28,Medium,True,Excellent
9424,50,2,5,1887,1759,941,0.014974,4,2024-07-22 21:51:52,Medium,True,Excellent
9425,415,2,1,1354,1729,2691,0.012734,4,2024-06-29 09:24:13,Medium,True,Excellent
9426,136,4,6,1015,957,1577,0.004563,1,2024-05-15 02:33:30,Medium,True,Fair
9427,25,1,6,614,872,2073,0.009099,5,2024-04-15 06:48:31,Medium,False,Excellent
9428,266,1,9,413,357,3432,0.003221,4,2024-04-05 10:27:20,Simple,True,Excellent
9429,297,1,1,2575,2709,1254,0.025379,5,2024-10-14 18:18:37,Complex,True,Excellent
9430,93,1,7,687,1111,1458,0.011506,4,2024-04-28 04:06:10,Medium,True,Excellent
9431,261,2,2,461,391,2805,0.003044,4,2024-08-02 13:50:10,Simple,False,Excellent
9432,356,1,1,731,611,540,0.006184,5,2024-06-07 23:31:48,Medium,True,Excellent
9433,285,1,7,267,351,1363,0.003464,3,2024-03-15 20:06:07,Simple,True,Good
9434,44,4,3,1120,1177,2774,0.006328,5,2024-07-18 14:15:06,Medium,True,Good
9435,342,4,2,964,850,965,0.004043,1,2024-04-11 11:30:36,Medium,True,Fair
9436,263,1,3,1139,1150,1614,0.010448,5,2024-04-12 12:52:57,Medium,True,Excellent
9437,489,4,2,176,216,1660,0.001162,5,2024-05-30 12:10:37,Simple,False,Good
9438,447,1,1,615,886,1002,0.009597,5,2024-10-26 09:25:51,Medium,True,Excellent
9439,310,5,2,539,895,2605,0.002905,3,2024-08-06 19:31:21,Medium,False,Good
9440,93,4,5,1484,2002,1605,0.010826,4,2024-08-07 15:29:45,Complex,True,Good
9441,443,1,6,608,749,1548,0.007696,4,2024-01-17 03:23:03,Medium,True,Excellent
9442,247,3,7,1636,1428,1890,0.009244,3,2024-03-12 19:28:38,Medium,True,Good
9443,40,5,4,2699,2657,1667,0.008545,3,2024-12-23 09:23:15,Complex,True,Good
9444,489,4,2,1303,1360,2444,0.007434,5,2024-03-19 05:55:55,Medium,True,Good
9445,445,4,2,893,1450,2469,0.007696,2,2024-09-11 17:06:05,Medium,False,Fair
9446,437,1,1,557,534,4515,0.005207,5,2024-01-11 06:05:29,Medium,True,Excellent
9447,89,2,1,593,648,2029,0.005444,4,2024-01-11 08:15:56,Medium,True,Excellent
9448,442,1,5,1152,1031,7042,0.011081,2,2024-08-13 13:08:45,Medium,True,Fair
9449,363,1,7,1412,1337,1512,0.012763,5,2024-03-01 14:26:01,Medium,True,Excellent
9450,329,4,1,623,603,1061,0.002934,5,2024-03-10 02:06:09,Medium,False,Good
9451,41,3,2,292,337,1443,0.002537,4,2024-10-24 21:09:05,Simple,True,Good
9452,496,4,6,731,897,2537,0.004223,3,2024-11-03 04:05:51,Medium,False,Good
9453,436,4,2,1463,1227,1312,0.006109,3,2024-09-02 22:35:31,Medium,True,Good
9454,390,4,7,823,904,953,0.004614,4,2024-02-20 04:52:46,Medium,True,Good
9455,91,3,3,1230,1158,1761,0.007703,3,2024-04-11 14:45:03,Medium,False,Good
9456,394,1,8,1954,2467,3111,0.025305,4,2024-07-25 08:20:13,Complex,True,Excellent
9457,473,2,1,1340,1740,953,0.015251,3,2024-09-28 04:47:18,Medium,True,Good
9458,302,5,5,1646,1538,3115,0.00447,4,2024-06-21 00:26:15,Medium,True,Good
9459,176,4,2,540,891,5790,0.004884,5,2024-01-09 17:52:26,Medium,True,Good
9460,437,1,1,586,582,1201,0.005911,4,2024-09-04 20:42:05,Medium,True,Excellent
9461,50,3,4,3296,3042,4481,0.020421,4,2024-07-07 14:38:43,Complex,True,Good
9462,194,1,1,485,636,596,0.005926,5,2024-03-13 07:04:15,Medium,True,Excellent
9463,217,2,1,576,805,3372,0.006135,4,2024-03-07 00:56:09,Medium,True,Excellent
9464,455,1,2,412,436,884,0.004329,2,2024-10-28 01:16:59,Simple,True,Fair
9465,332,1,1,446,407,2510,0.00447,3,2024-06-19 21:08:44,Simple,True,Good
9466,326,1,1,1100,1705,1815,0.018181,4,2024-08-30 17:34:09,Medium,True,Excellent
9467,382,1,7,569,547,2840,0.005079,5,2024-07-26 10:07:17,Medium,True,Excellent
9468,207,1,3,1944,2306,2700,0.021291,3,2024-04-14 23:21:52,Complex,True,Good
9469,97,1,2,838,722,2617,0.006798,5,2024-03-22 17:41:50,Medium,True,Excellent
9470,76,2,1,606,539,5265,0.004008,4,2024-04-02 06:42:15,Medium,True,Excellent
9471,493,4,1,262,330,617,0.001747,5,2024-08-18 03:48:16,Simple,True,Good
9472,467,1,6,2473,2125,1360,0.021168,4,2024-12-20 03:43:15,Complex,False,Excellent
9473,315,3,5,1487,1410,1419,0.010262,5,2024-06-04 02:21:41,Medium,True,Good
9474,60,2,1,2030,2768,1179,0.020882,5,2024-10-15 03:49:09,Complex,True,Excellent
9475,249,3,2,845,823,1250,0.00586,1,2024-11-03 21:54:45,Medium,True,Fair
9476,398,4,5,501,560,795,0.002661,5,2024-02-07 11:03:32,Medium,False,Good
9477,152,5,3,1489,1400,841,0.004169,4,2024-12-29 14:11:42,Medium,False,Good
9478,57,1,1,423,545,5406,0.005188,1,2024-09-27 01:00:22,Medium,True,Fair
9479,122,5,2,559,678,3407,0.001871,4,2024-08-20 12:56:03,Medium,False,Good
9480,268,1,6,1664,2374,2854,0.023287,5,2024-06-28 11:37:04,Complex,False,Excellent
9481,144,4,2,2098,2219,1396,0.010317,2,2024-04-13 15:56:50,Complex,True,Fair
9482,107,1,3,1003,936,6664,0.009014,4,2024-02-23 02:15:46,Medium,True,Excellent
9483,225,1,1,1259,1467,1013,0.015288,5,2024-01-07 18:31:33,Medium,True,Excellent
9484,423,4,1,760,648,1879,0.002946,5,2024-10-23 22:22:32,Medium,False,Good
9485,244,5,8,1895,1662,922,0.005264,4,2024-12-10 05:01:52,Medium,False,Good
9486,26,1,1,884,1372,1705,0.013825,1,2024-10-28 13:02:19,Medium,True,Fair
9487,283,3,9,877,750,1244,0.005774,2,2024-04-09 04:20:30,Medium,True,Fair
9488,168,2,9,2183,1966,2501,0.016685,3,2024-01-29 13:35:10,Medium,True,Good
9489,365,1,2,766,980,1388,0.009791,3,2024-10-10 10:53:55,Medium,True,Good
9490,470,2,7,847,760,2190,0.005539,4,2024-12-15 20:49:08,Medium,True,Excellent
9491,87,1,1,614,556,2895,0.00547,3,2024-10-27 14:12:42,Medium,True,Good
9492,122,1,6,472,691,3281,0.006328,5,2024-12-06 14:44:34,Medium,True,Excellent
9493,184,2,4,463,405,1649,0.00341,4,2024-09-11 03:52:31,Simple,True,Excellent
9494,93,4,6,3963,4000,3593,0.020266,3,2024-05-31 17:19:44,Complex,True,Good
9495,99,1,2,536,564,1681,0.005406,4,2024-03-07 13:59:19,Medium,True,Excellent
9496,245,2,2,256,344,1997,0.003022,4,2024-11-14 21:04:26,Simple,True,Excellent
9497,86,1,2,1066,1073,844,0.010709,5,2024-03-30 03:39:21,Medium,True,Excellent
9498,36,2,4,382,420,1814,0.003152,3,2024-06-23 09:21:34,Simple,False,Good
9499,461,4,3,324,347,1176,0.001867,5,2024-01-11 06:33:47,Simple,True,Good
9500,120,4,6,1145,1093,762,0.005301,4,2024-02-20 13:59:50,Medium,True,Good
9501,259,4,9,1412,1595,4958,0.007754,3,2024-03-06 16:22:34,Medium,True,Good
9502,20,4,1,598,897,1515,0.004556,5,2024-07-03 03:07:50,Medium,False,Good
9503,338,4,6,906,852,2555,0.003902,4,2024-05-03 11:23:58,Medium,True,Good
9504,285,1,3,2058,1863,781,0.019674,4,2024-10-28 01:12:39,Medium,True,Excellent
9505,232,4,2,534,554,619,0.002942,2,2024-04-11 15:24:00,Medium,True,Fair
9506,79,4,1,482,471,3696,0.002379,3,2024-03-10 11:25:01,Simple,True,Good
9507,138,3,8,1054,994,1082,0.006554,5,2024-11-11 21:37:59,Medium,True,Good
9508,189,5,5,405,454,2452,0.001383,4,2024-09-30 02:31:03,Simple,False,Good
9509,185,1,9,172,207,1617,0.002054,4,2024-01-16 10:37:19,Simple,True,Excellent
9510,400,1,1,768,1161,1305,0.0111,5,2024-08-28 00:42:33,Medium,True,Excellent
9511,149,1,6,2854,4000,859,0.040756,4,2024-02-29 12:43:54,Complex,True,Excellent
9512,120,4,8,326,463,679,0.002218,3,2024-01-24 21:06:14,Simple,False,Good
9513,71,2,9,1310,2065,551,0.018069,5,2024-11-06 15:28:40,Complex,True,Excellent
9514,410,1,1,1640,1531,943,0.014616,5,2024-05-07 23:27:02,Medium,True,Excellent
9515,217,1,6,608,520,800,0.00558,5,2024-08-03 23:51:15,Medium,True,Excellent
9516,220,2,1,341,488,3099,0.004109,4,2024-06-23 07:20:44,Simple,True,Excellent
9517,420,1,1,1467,1766,2301,0.018334,4,2024-10-04 05:07:39,Medium,True,Excellent
9518,426,2,6,253,418,1374,0.003457,5,2024-04-04 13:23:32,Simple,True,Excellent
9519,490,4,3,1530,1301,2096,0.007062,2,2024-07-19 14:46:23,Medium,True,Fair
9520,352,2,3,449,456,1603,0.003744,5,2024-04-13 04:17:04,Simple,True,Excellent
9521,73,1,6,613,657,6109,0.006889,5,2024-02-15 03:33:28,Medium,True,Excellent
9522,491,4,1,776,918,4561,0.004984,2,2024-01-14 01:00:51,Medium,True,Fair
9523,98,4,2,1866,1567,1653,0.008383,3,2024-08-06 20:58:49,Medium,True,Good
9524,264,4,1,497,636,500,0.003373,2,2024-09-17 05:44:44,Medium,True,Fair
9525,276,4,8,1274,1139,2300,0.006201,5,2024-04-10 07:04:02,Medium,False,Good
9526,276,4,5,644,781,3200,0.003857,5,2024-12-19 02:49:01,Medium,True,Good
9527,3,1,2,183,281,1968,0.002895,3,2024-11-18 11:58:11,Simple,True,Good
9528,302,1,8,898,797,1724,0.00777,4,2024-04-19 05:38:25,Medium,True,Excellent
9529,18,1,3,1122,1459,3722,0.013552,5,2024-05-28 21:50:30,Medium,True,Excellent
9530,323,4,5,512,658,3440,0.003187,5,2024-05-12 09:11:14,Medium,True,Good
9531,148,2,2,517,632,8283,0.005007,4,2024-08-01 12:39:22,Medium,True,Excellent
9532,83,1,1,333,344,1870,0.003412,5,2024-02-06 07:15:18,Simple,True,Excellent
9533,145,1,6,1387,1200,2014,0.012127,5,2024-07-31 02:08:57,Medium,False,Excellent
9534,168,4,1,1654,1500,4080,0.008243,4,2024-12-05 09:07:21,Medium,False,Good
9535,390,3,1,610,931,502,0.005999,4,2024-02-24 11:23:52,Medium,True,Good
9536,454,1,2,1248,1333,2614,0.01416,5,2024-07-19 14:53:51,Medium,False,Excellent
9537,202,2,6,902,828,1587,0.006431,5,2024-07-18 09:01:48,Medium,True,Excellent
9538,207,3,2,1330,1608,5974,0.012021,4,2024-02-26 18:53:04,Medium,True,Good
9539,466,4,9,1083,1087,1938,0.005048,3,2024-10-11 20:14:39,Medium,True,Good
9540,403,1,1,823,1103,1418,0.011505,3,2024-10-02 17:21:15,Medium,True,Good
9541,337,1,2,1963,2397,3017,0.022669,3,2024-03-26 18:51:33,Complex,True,Good
9542,171,5,3,1181,1469,2645,0.004843,5,2024-12-11 07:32:25,Medium,True,Good
9543,280,4,5,375,582,2132,0.002956,4,2024-10-31 06:09:44,Medium,True,Good
9544,315,1,1,460,560,923,0.006103,5,2024-07-02 04:04:42,Medium,True,Excellent
9545,337,1,1,597,653,1521,0.006859,5,2024-09-25 22:31:39,Medium,True,Excellent
9546,483,1,2,290,407,2116,0.004177,2,2024-02-06 22:42:37,Simple,True,Fair
9547,287,4,6,423,381,951,0.001788,3,2024-12-08 23:26:25,Simple,True,Good
9548,180,1,3,1689,1871,923,0.018535,1,2024-08-25 08:41:49,Medium,False,Fair
9549,217,4,2,580,510,3340,0.002668,3,2024-02-15 14:42:04,Medium,True,Good
9550,77,1,1,113,166,1561,0.001772,3,2024-08-29 04:02:07,Simple,False,Good
9551,481,4,2,443,493,1457,0.002598,5,2024-01-16 12:06:18,Simple,True,Good
9552,360,4,1,659,1083,5020,0.005715,5,2024-03-16 02:00:39,Medium,True,Good
9553,174,1,3,933,1119,2566,0.010807,5,2024-05-31 01:42:00,Medium,True,Excellent
9554,472,5,2,922,1075,2889,0.003437,4,2024-12-11 15:23:25,Medium,True,Good
9555,373,1,2,1423,1326,1130,0.012031,3,2024-08-29 17:47:32,Medium,True,Good
9556,65,1,8,222,283,1043,0.002613,5,2024-11-11 15:18:10,Simple,False,Excellent
9557,157,2,4,141,175,980,0.001311,5,2024-09-15 20:03:41,Simple,True,Excellent
9558,497,1,8,1018,849,806,0.008799,4,2024-02-02 18:47:09,Medium,True,Excellent
9559,264,4,2,539,725,2193,0.00355,5,2024-02-21 16:50:33,Medium,True,Good
9560,491,3,2,506,591,2562,0.004379,3,2024-01-29 13:12:21,Medium,True,Good
9561,64,4,2,480,701,908,0.003776,3,2024-11-17 02:05:56,Medium,True,Good
9562,274,1,2,1247,1221,1977,0.011124,5,2024-10-28 04:50:46,Medium,True,Excellent
9563,363,4,7,1271,1518,5337,0.006857,5,2024-07-13 03:56:51,Medium,True,Good
9564,164,1,1,2257,2767,627,0.025679,3,2024-08-11 14:17:20,Complex,True,Good
9565,429,4,1,680,1066,1178,0.005634,4,2024-10-23 21:33:17,Medium,True,Good
9566,105,2,4,454,620,1246,0.005418,4,2024-03-07 03:54:18,Medium,True,Excellent
9567,251,3,7,548,461,2268,0.003431,4,2024-06-11 10:24:30,Simple,True,Good
9568,84,4,7,397,332,2189,0.00157,4,2024-08-29 00:31:44,Simple,True,Good
9569,415,4,6,1173,1079,1775,0.005088,5,2024-04-23 14:23:13,Medium,True,Good
9570,48,1,6,2235,2020,719,0.021607,2,2024-08-27 05:59:11,Complex,True,Fair
9571,172,4,9,950,923,2534,0.004363,5,2024-10-25 17:58:21,Medium,False,Good
9572,64,4,7,626,546,1088,0.002816,3,2024-10-01 19:19:29,Medium,False,Good
9573,415,3,1,1078,1458,2720,0.010903,4,2024-03-06 05:27:14,Medium,True,Good
9574,213,1,6,2067,1924,1429,0.020379,2,2024-07-22 12:05:18,Medium,True,Fair
9575,117,1,1,1089,1000,1803,0.010391,3,2024-08-05 07:35:02,Medium,True,Good
9576,454,4,6,608,873,1435,0.004698,4,2024-03-19 11:31:59,Medium,False,Good
9577,460,4,2,1144,1483,5834,0.007099,5,2024-12-20 19:35:04,Medium,False,Good
9578,170,4,3,345,437,3783,0.002325,3,2024-06-20 19:05:03,Simple,True,Good
9579,265,2,5,185,277,2566,0.002302,4,2024-04-27 12:04:18,Simple,True,Excellent
9580,54,4,2,330,468,1687,0.002108,4,2024-04-12 01:48:21,Simple,True,Good
9581,212,4,1,934,1355,2517,0.006928,4,2024-02-29 04:05:17,Medium,True,Good
9582,266,1,2,1901,1589,2792,0.015177,2,2024-10-05 09:46:10,Medium,False,Fair
9583,266,1,6,1608,1645,835,0.017953,5,2024-08-02 06:59:39,Medium,True,Excellent
9584,77,1,9,263,353,3774,0.003398,3,2024-11-03 23:06:16,Simple,True,Good
9585,473,3,2,1472,1555,5091,0.010722,4,2024-10-16 22:17:34,Medium,False,Good
9586,372,1,5,2083,2511,1914,0.024214,4,2024-01-12 01:21:16,Complex,True,Excellent
9587,424,1,2,2615,2229,2318,0.020241,1,2024-02-03 22:07:17,Complex,True,Fair
9588,187,2,8,3958,3806,3166,0.030432,1,2024-12-03 18:47:35,Complex,True,Fair
9589,410,2,1,662,573,1527,0.004356,5,2024-09-18 07:35:27,Medium,True,Excellent
9590,53,1,3,750,855,719,0.007872,5,2024-01-17 02:19:40,Medium,True,Excellent
9591,322,4,3,1823,1569,816,0.008319,5,2024-06-25 18:34:39,Medium,True,Good
9592,88,2,1,505,529,1918,0.003996,4,2024-09-20 12:06:10,Medium,True,Excellent
9593,395,2,2,399,485,2616,0.004244,4,2024-09-24 01:13:17,Simple,True,Excellent
9594,266,1,4,918,807,1694,0.008648,4,2024-11-04 19:19:37,Medium,True,Excellent
9595,498,4,3,576,707,1550,0.003374,3,2024-06-05 15:44:03,Medium,True,Good
9596,105,1,8,713,635,1230,0.006033,3,2024-06-28 08:14:27,Medium,True,Good
9597,217,4,3,1539,1981,2879,0.010665,4,2024-10-22 11:32:15,Medium,True,Good
9598,20,1,1,2231,2574,1347,0.026034,3,2024-05-30 07:12:52,Complex,True,Good
9599,107,1,2,191,248,1133,0.002695,5,2024-10-10 00:46:56,Simple,True,Excellent
9600,375,5,1,567,771,3606,0.002104,3,2024-01-13 12:31:46,Medium,True,Good
9601,326,1,2,725,955,1338,0.009886,4,2024-09-18 08:51:03,Medium,True,Excellent
9602,131,4,3,1244,1087,870,0.005611,5,2024-05-10 04:21:39,Medium,True,Good
9603,380,3,3,1325,1743,829,0.013384,4,2024-02-25 04:45:55,Medium,True,Good
9604,272,5,1,1326,1226,990,0.004035,4,2024-11-08 10:51:14,Medium,True,Good
9605,250,3,2,1197,1448,1430,0.011119,4,2024-07-13 13:46:00,Medium,False,Good
9606,80,4,5,840,875,3727,0.004361,1,2024-07-21 09:33:17,Medium,True,Fair
9607,404,4,1,2399,2457,1013,0.013265,5,2024-09-14 17:57:13,Complex,False,Good
9608,44,4,2,1333,1735,1789,0.009234,3,2024-07-07 13:07:28,Medium,True,Good
9609,267,4,1,560,756,1044,0.003913,2,2024-03-31 15:47:46,Medium,False,Fair
9610,11,4,6,1173,1112,1039,0.005927,5,2024-09-08 14:42:30,Medium,True,Good
9611,303,5,6,1313,1401,3241,0.004246,5,2024-06-27 01:30:31,Medium,False,Good
9612,268,5,1,1316,2189,1466,0.006417,4,2024-11-01 13:16:30,Complex,True,Good
9613,198,1,2,447,509,741,0.004864,3,2024-05-05 19:38:43,Medium,True,Good
9614,11,1,5,418,522,5559,0.00511,5,2024-08-21 04:02:37,Medium,True,Excellent
9615,427,2,1,284,321,1132,0.002515,3,2024-04-21 08:52:47,Simple,False,Good
9616,24,4,1,1179,1023,1833,0.004878,5,2024-06-22 23:13:08,Medium,True,Good
9617,87,2,1,329,439,584,0.003366,5,2024-08-24 19:59:30,Simple,True,Excellent
9618,112,4,1,1257,1092,1819,0.005913,4,2024-10-31 23:58:25,Medium,False,Good
9619,277,3,2,704,655,1195,0.004533,4,2024-08-26 01:37:26,Medium,True,Good
9620,35,1,7,549,528,1343,0.004969,2,2024-10-13 22:42:20,Medium,False,Fair
9621,404,4,2,656,785,4465,0.003902,4,2024-01-18 18:57:41,Medium,True,Good
9622,390,4,1,277,342,1362,0.001835,5,2024-03-05 17:14:49,Simple,True,Good
9623,78,4,3,770,850,934,0.004499,5,2024-06-06 10:35:24,Medium,True,Good
9624,294,4,8,773,667,1475,0.003403,5,2024-02-18 18:53:56,Medium,False,Good
9625,363,2,5,1912,1663,5324,0.012547,4,2024-01-17 17:33:15,Medium,True,Excellent
9626,306,1,2,649,855,1070,0.007752,2,2024-03-30 00:30:12,Medium,True,Fair
9627,290,2,1,480,585,5514,0.004826,4,2024-05-04 06:34:55,Medium,True,Excellent
9628,402,4,1,549,573,1746,0.002726,3,2024-08-30 08:16:19,Medium,False,Good
9629,79,1,3,1351,1130,1215,0.012275,3,2024-06-17 01:11:45,Medium,False,Good
9630,37,4,2,1227,1148,3729,0.00595,3,2024-04-28 07:38:35,Medium,True,Good
9631,248,4,3,529,535,1461,0.002691,2,2024-09-10 23:35:26,Medium,True,Fair
9632,369,4,3,1571,1914,1528,0.009786,4,2024-03-04 17:04:15,Medium,True,Good
9633,6,4,1,1007,1619,582,0.007837,5,2024-01-03 05:16:34,Medium,True,Good
9634,190,4,5,3611,4000,944,0.020684,4,2024-08-31 09:04:09,Complex,True,Good
9635,313,1,2,763,1044,3222,0.009452,4,2024-05-18 16:57:20,Medium,True,Excellent
9636,412,4,6,1482,1396,1037,0.006285,4,2024-08-04 17:14:00,Medium,False,Good
9637,322,1,6,613,539,1781,0.005815,3,2024-12-28 21:29:47,Medium,True,Good
9638,110,4,1,1382,1405,633,0.00771,3,2024-10-25 01:55:09,Medium,True,Good
9639,156,4,2,365,363,3467,0.001933,4,2024-08-04 23:18:59,Simple,True,Good
9640,276,1,9,279,372,2658,0.003735,3,2024-01-26 20:22:13,Simple,True,Good
9641,136,4,6,196,265,655,0.001355,2,2024-05-01 15:26:20,Simple,True,Fair
9642,228,4,1,2347,2998,1825,0.014099,5,2024-11-15 23:32:21,Complex,True,Good
9643,368,1,1,2092,3116,3651,0.029483,4,2024-01-10 18:50:02,Complex,True,Excellent
9644,273,4,2,572,623,1953,0.003271,3,2024-02-10 04:14:45,Medium,True,Good
9645,372,2,3,531,725,2774,0.00584,2,2024-10-03 14:11:38,Medium,True,Fair
9646,243,1,2,1259,1053,2747,0.009693,2,2024-12-25 17:39:46,Medium,True,Fair
9647,50,5,2,264,429,1069,0.001161,5,2024-12-08 15:34:44,Simple,False,Good
9648,199,2,6,2000,1776,1607,0.013837,5,2024-11-10 14:08:18,Medium,True,Excellent
9649,281,5,9,523,786,3703,0.002267,3,2024-01-24 23:03:15,Medium,True,Good
9650,57,4,7,1023,1161,1085,0.005956,1,2024-03-08 21:08:21,Medium,True,Fair
9651,414,1,6,441,621,3380,0.00663,5,2024-03-31 22:25:54,Medium,True,Excellent
9652,219,1,2,389,438,2751,0.004287,4,2024-04-12 08:50:36,Simple,False,Excellent
9653,208,3,8,1817,1874,1816,0.012103,3,2024-12-09 14:38:42,Medium,True,Good
9654,423,1,2,3199,2709,1298,0.026476,2,2024-04-09 02:56:32,Complex,True,Fair
9655,359,1,4,986,840,2131,0.008415,4,2024-10-19 15:03:23,Medium,True,Excellent
9656,41,4,1,591,535,1083,0.002728,3,2024-11-29 03:17:24,Medium,True,Good
9657,438,1,2,720,647,2165,0.006707,5,2024-07-02 12:16:50,Medium,True,Excellent
9658,290,1,1,967,912,1689,0.008756,5,2024-09-14 11:37:57,Medium,True,Excellent
9659,259,1,3,1660,2018,695,0.021988,5,2024-11-24 17:01:45,Complex,False,Excellent
9660,106,4,2,1163,1024,1021,0.005343,4,2024-10-19 21:39:16,Medium,True,Good
9661,188,1,6,619,763,2111,0.007473,2,2024-08-12 11:52:44,Medium,True,Fair
9662,125,4,6,1494,1299,946,0.006216,3,2024-01-03 07:20:12,Medium,True,Good
9663,185,3,6,656,928,1050,0.005858,4,2024-01-31 21:55:37,Medium,False,Good
9664,226,1,1,1149,1408,2637,0.01459,1,2024-04-09 01:01:45,Medium,True,Fair
9665,176,3,3,816,879,639,0.005571,4,2024-03-19 03:49:24,Medium,True,Good
9666,207,4,1,787,1177,1115,0.006119,2,2024-11-06 01:41:05,Medium,False,Fair
9667,258,1,6,275,428,2479,0.00419,3,2024-06-02 06:37:10,Simple,True,Good
9668,44,2,1,610,631,3285,0.004884,2,2024-11-16 13:02:27,Medium,False,Fair
9669,276,4,8,1210,1428,2088,0.007358,4,2024-05-14 13:01:10,Medium,True,Good
9670,357,3,1,1257,1109,805,0.0077,3,2024-11-04 22:09:55,Medium,True,Good
9671,355,2,4,901,1162,1955,0.010109,5,2024-09-13 14:58:28,Medium,False,Excellent
9672,416,5,6,809,986,2146,0.002667,3,2024-10-14 17:41:26,Medium,False,Good
9673,488,1,2,1187,1190,737,0.011678,4,2024-02-01 12:07:12,Medium,True,Excellent
9674,71,4,8,495,717,1134,0.003424,3,2024-10-31 00:45:41,Medium,True,Good
9675,441,4,3,180,169,2490,0.000924,4,2024-02-04 04:11:04,Simple,True,Good
9676,473,1,1,2662,2562,4107,0.02618,4,2024-05-08 10:27:17,Complex,True,Excellent
9677,449,3,3,183,224,782,0.001676,5,2024-02-29 15:45:05,Simple,True,Good
9678,146,3,7,1494,1471,3553,0.010621,5,2024-12-12 10:26:12,Medium,True,Good
9679,361,1,1,570,621,1514,0.00614,4,2024-01-21 08:55:24,Medium,True,Excellent
9680,191,1,5,712,706,799,0.006904,1,2024-07-18 08:41:16,Medium,False,Fair
9681,107,3,6,406,353,1942,0.002675,5,2024-04-17 05:45:24,Simple,True,Good
9682,4,1,1,676,630,1758,0.006403,4,2024-12-02 03:01:48,Medium,True,Excellent
9683,147,3,2,1285,1169,2758,0.00797,4,2024-03-21 23:24:03,Medium,True,Good
9684,58,3,2,1793,1702,1391,0.01228,5,2024-02-21 23:10:17,Medium,True,Good
9685,206,1,2,1043,903,1037,0.009836,1,2024-08-22 05:27:40,Medium,True,Fair
9686,62,4,2,502,424,2055,0.00228,5,2024-02-07 03:29:18,Simple,True,Good
9687,108,1,2,356,392,500,0.003908,5,2024-01-16 13:14:23,Simple,True,Excellent
9688,65,1,1,714,1151,862,0.011657,4,2024-01-11 14:50:16,Medium,True,Excellent
9689,425,4,7,788,694,835,0.003125,4,2024-11-23 12:45:40,Medium,False,Good
9690,226,1,6,2167,2789,3217,0.026401,4,2024-09-20 11:59:15,Complex,True,Excellent
9691,384,1,6,818,1223,1399,0.011259,4,2024-02-26 14:04:27,Medium,True,Excellent
9692,220,4,2,231,266,2541,0.001371,3,2024-08-08 23:26:45,Simple,False,Good
9693,321,2,3,310,457,1257,0.0037,4,2024-09-26 08:59:08,Simple,True,Excellent
9694,430,4,1,648,795,2327,0.003688,4,2024-04-24 07:11:09,Medium,True,Good
9695,464,4,7,677,948,1769,0.004517,5,2024-04-16 22:44:43,Medium,True,Good
9696,82,3,4,447,686,1140,0.005243,4,2024-08-19 19:40:50,Medium,False,Good
9697,320,2,6,285,461,3663,0.003829,3,2024-08-31 21:44:59,Simple,True,Good
9698,280,4,8,3083,4000,4912,0.018912,3,2024-02-01 09:02:53,Complex,True,Good
9699,112,2,1,1103,1807,2242,0.014373,3,2024-10-29 09:30:19,Medium,True,Good
9700,217,1,6,1145,1240,1970,0.013628,1,2024-12-01 07:38:39,Medium,True,Fair
9701,1,1,1,1795,1959,2647,0.018249,2,2024-07-25 16:06:23,Medium,True,Fair
9702,359,2,6,630,909,2435,0.007548,4,2024-08-08 13:40:51,Medium,True,Excellent
9703,308,1,4,943,829,1890,0.007508,1,2024-11-13 14:01:51,Medium,True,Fair
9704,192,2,6,609,557,4462,0.004296,3,2024-09-03 22:20:04,Medium,False,Good
9705,15,5,2,971,1044,1173,0.00286,2,2024-08-29 21:31:08,Medium,True,Fair
9706,69,4,6,780,659,1437,0.003192,4,2024-06-08 05:16:09,Medium,True,Good
9707,409,4,1,288,299,1432,0.001535,4,2024-09-07 11:00:36,Simple,False,Good
9708,436,3,3,1542,1587,1792,0.010491,5,2024-01-06 11:24:07,Medium,True,Good
9709,428,4,1,1395,2165,1156,0.009975,2,2024-06-13 03:04:06,Complex,True,Fair
9710,199,1,6,1329,1444,1107,0.012997,4,2024-12-30 16:34:36,Medium,True,Excellent
9711,137,1,2,226,274,4069,0.002664,3,2024-08-12 16:13:52,Simple,False,Good
9712,255,4,3,1203,1012,4865,0.005316,4,2024-10-02 08:32:58,Medium,False,Good
9713,2,1,4,2624,3145,806,0.031302,4,2024-09-08 20:25:47,Complex,True,Excellent
9714,55,1,6,1573,2601,2700,0.026499,4,2024-09-12 15:04:17,Complex,True,Excellent
9715,231,4,2,344,413,786,0.00224,2,2024-05-30 00:43:03,Simple,True,Fair
9716,79,3,1,1204,1274,1037,0.009394,5,2024-11-27 21:10:43,Medium,False,Good
9717,334,1,2,433,440,1699,0.004277,2,2024-07-02 10:01:39,Simple,False,Fair
9718,318,5,1,397,345,1406,0.000953,5,2024-05-06 14:52:43,Simple,True,Good
9719,273,2,1,332,350,2126,0.002674,5,2024-03-11 17:23:46,Simple,True,Excellent
9720,312,2,9,756,717,1893,0.005395,5,2024-03-01 03:15:29,Medium,False,Excellent
9721,308,4,6,524,710,1052,0.003415,5,2024-04-19 09:00:40,Medium,True,Good
9722,236,2,1,575,858,2903,0.007091,5,2024-06-09 03:46:26,Medium,True,Excellent
9723,164,2,1,1019,1005,1167,0.007381,5,2024-08-12 02:47:22,Medium,True,Excellent
9724,413,3,3,290,288,4947,0.00183,1,2024-06-06 19:14:14,Simple,True,Fair
9725,44,2,1,644,611,845,0.004683,5,2024-10-22 10:06:59,Medium,True,Excellent
9726,64,1,2,1639,2351,768,0.022684,4,2024-09-13 16:53:32,Complex,True,Excellent
9727,72,4,1,491,580,4089,0.003039,4,2024-04-06 20:42:14,Medium,False,Good
9728,59,4,3,1322,1469,1727,0.007291,2,2024-10-05 09:52:42,Medium,True,Fair
9729,412,2,1,389,539,2792,0.003988,2,2024-09-21 13:40:34,Medium,True,Fair
9730,165,2,2,812,681,2960,0.00584,2,2024-07-30 22:32:08,Medium,False,Fair
9731,444,4,7,120,174,500,0.000955,5,2024-07-09 02:36:02,Simple,True,Good
9732,228,5,6,1397,1250,1177,0.003888,4,2024-04-10 10:29:45,Medium,True,Good
9733,463,5,4,594,505,1245,0.001524,4,2024-07-24 03:13:18,Medium,True,Good
9734,202,3,1,666,677,992,0.004804,4,2024-03-09 10:03:33,Medium,False,Good
9735,255,4,2,809,715,3450,0.003831,2,2024-05-11 00:18:09,Medium,False,Fair
9736,222,4,2,1874,2119,1140,0.010456,2,2024-05-03 15:28:30,Complex,True,Fair
9737,416,1,3,610,828,1229,0.008162,4,2024-12-18 09:15:16,Medium,True,Excellent
9738,66,4,6,1423,2210,3389,0.010149,3,2024-06-26 04:32:43,Complex,True,Good
9739,300,2,2,494,495,1170,0.004221,3,2024-07-17 07:05:17,Simple,True,Good
9740,10,1,4,932,786,3416,0.0074,4,2024-03-16 17:53:44,Medium,True,Excellent
9741,209,2,1,1764,1813,1860,0.015899,5,2024-12-28 18:54:01,Medium,True,Excellent
9742,59,1,1,634,934,2830,0.008875,4,2024-07-31 17:10:25,Medium,True,Excellent
9743,117,2,2,325,343,2635,0.002601,4,2024-03-24 18:18:57,Simple,True,Excellent
9744,92,4,1,243,223,1800,0.001059,3,2024-11-14 02:25:56,Simple,False,Good
9745,328,5,9,748,792,2406,0.002539,5,2024-04-25 05:39:00,Medium,False,Good
9746,478,4,8,1261,1623,4148,0.007386,4,2024-03-18 09:50:08,Medium,False,Good
9747,220,4,1,591,772,1309,0.004043,4,2024-03-21 14:41:01,Medium,True,Good
9748,43,5,6,752,640,3113,0.001906,4,2024-03-26 20:04:28,Medium,True,Good
9749,234,3,1,1469,1637,1066,0.010413,3,2024-08-02 14:24:05,Medium,True,Good
9750,25,1,1,1154,1351,900,0.014562,3,2024-04-15 15:59:49,Medium,True,Good
9751,160,2,6,1084,1807,2697,0.013319,3,2024-10-08 15:04:35,Medium,True,Good
9752,125,2,2,714,887,3673,0.006995,4,2024-03-18 02:33:09,Medium,True,Excellent
9753,61,4,1,444,382,1082,0.001844,5,2024-01-23 05:16:54,Simple,False,Good
9754,59,4,1,266,419,1601,0.002116,3,2024-02-23 23:31:34,Simple,False,Good
9755,398,2,1,1715,1482,1888,0.011894,3,2024-10-01 15:47:22,Medium,True,Good
9756,68,4,3,306,281,1838,0.001447,5,2024-08-03 22:25:27,Simple,True,Good
9757,452,3,1,332,295,900,0.00205,3,2024-07-06 23:46:15,Simple,False,Good
9758,150,1,3,1137,1546,1168,0.014849,1,2024-08-07 01:42:28,Medium,True,Fair
9759,431,5,2,498,613,1908,0.001849,4,2024-06-05 14:04:34,Medium,True,Good
9760,455,1,2,984,1516,6125,0.015188,2,2024-01-28 04:14:35,Medium,False,Fair
9761,318,2,2,652,833,2711,0.00623,4,2024-11-10 01:35:01,Medium,True,Excellent
9762,480,2,3,777,890,913,0.006608,5,2024-03-27 22:50:51,Medium,True,Excellent
9763,278,4,1,134,210,2894,0.001006,4,2024-02-05 16:11:28,Simple,True,Good
9764,141,4,6,325,353,1400,0.001873,3,2024-01-08 16:59:22,Simple,True,Good
9765,140,1,2,993,916,2620,0.009686,5,2024-06-12 18:42:18,Medium,False,Excellent
9766,346,4,2,631,650,710,0.003162,3,2024-01-10 22:55:36,Medium,True,Good
9767,214,1,1,2690,2512,4329,0.024356,4,2024-11-06 06:18:03,Complex,True,Excellent
9768,456,4,2,359,444,3125,0.002424,5,2024-02-17 12:12:16,Simple,True,Good
9769,474,3,1,818,902,3897,0.006529,4,2024-07-13 10:31:48,Medium,True,Good
9770,345,5,1,585,626,1094,0.001778,4,2024-09-13 11:48:23,Medium,True,Good
9771,395,2,1,1866,2017,905,0.016614,5,2024-02-07 07:54:05,Complex,False,Excellent
9772,61,2,6,1707,2505,1632,0.018099,5,2024-08-06 08:14:33,Complex,True,Excellent
9773,428,4,6,703,1058,1890,0.005311,5,2024-01-24 06:05:40,Medium,True,Good
9774,391,1,3,731,918,2131,0.009832,5,2024-05-05 01:02:23,Medium,True,Excellent
9775,290,3,5,296,269,698,0.001861,2,2024-06-29 11:41:59,Simple,False,Fair
9776,79,4,2,428,392,1810,0.002068,2,2024-05-10 08:19:53,Simple,True,Fair
9777,368,5,6,1875,2788,1396,0.007952,2,2024-11-03 05:15:58,Complex,False,Fair
9778,30,5,6,259,345,2706,0.000967,5,2024-02-16 21:09:06,Simple,True,Good
9779,203,4,4,344,425,2445,0.002148,2,2024-08-16 03:26:28,Simple,True,Fair
9780,11,2,9,1160,1177,3951,0.009399,5,2024-06-17 15:59:54,Medium,True,Excellent
9781,17,2,3,1267,1312,1824,0.010037,3,2024-04-12 23:32:36,Medium,True,Good
9782,108,3,6,2611,2502,2409,0.016176,5,2024-06-28 07:42:28,Complex,True,Good
9783,377,5,3,937,786,2187,0.002481,4,2024-02-12 16:11:04,Medium,True,Good
9784,438,3,8,613,811,1558,0.006125,4,2024-06-06 17:52:39,Medium,True,Good
9785,47,1,1,561,575,2405,0.005652,3,2024-05-18 09:40:00,Medium,True,Good
9786,294,3,8,754,709,1854,0.005236,4,2024-10-12 05:42:30,Medium,True,Good
9787,494,4,7,1667,1959,1104,0.010078,5,2024-02-23 05:24:16,Medium,True,Good
9788,63,4,1,436,525,1209,0.002511,3,2024-02-18 00:00:39,Medium,False,Good
9789,405,2,1,392,454,2811,0.003807,2,2024-09-05 07:13:07,Simple,True,Fair
9790,158,1,2,394,535,1761,0.005618,3,2024-11-30 08:18:05,Medium,True,Good
9791,485,4,2,570,629,4636,0.003445,3,2024-08-01 03:03:19,Medium,True,Good
9792,292,1,8,776,648,2839,0.006591,5,2024-01-14 07:58:00,Medium,True,Excellent
9793,118,2,7,1746,1484,1111,0.010697,4,2024-11-30 21:32:42,Medium,True,Excellent
9794,419,4,4,2342,2701,3152,0.0131,4,2024-03-06 04:59:19,Complex,True,Good
9795,71,4,7,985,1094,1316,0.005346,4,2024-11-14 06:45:39,Medium,True,Good
9796,409,4,6,219,240,2536,0.001283,4,2024-01-26 22:33:31,Simple,True,Good
9797,246,3,2,797,1086,1895,0.006851,3,2024-07-24 17:14:10,Medium,True,Good
9798,453,1,7,2900,4000,2073,0.036063,4,2024-01-18 22:12:07,Complex,True,Excellent
9799,46,3,7,2437,3875,1684,0.025911,5,2024-09-12 21:26:46,Complex,True,Good
9800,213,2,2,535,809,3244,0.007083,3,2024-09-12 09:32:56,Medium,True,Good
9801,55,1,2,1389,1306,1670,0.013695,4,2024-05-11 09:00:40,Medium,False,Excellent
9802,488,1,1,1808,1559,1537,0.015613,3,2024-04-04 17:44:01,Medium,True,Good
9803,141,1,4,264,404,813,0.003827,4,2024-12-28 11:42:12,Simple,True,Excellent
9804,80,1,2,1734,2632,2168,0.025778,4,2024-04-12 05:49:57,Complex,True,Excellent
9805,193,4,2,396,628,1923,0.0032,4,2024-02-22 03:29:06,Medium,False,Good
9806,17,1,1,1588,1677,886,0.016995,4,2024-01-20 11:24:01,Medium,True,Excellent
9807,312,4,6,817,1303,1442,0.006419,3,2024-03-08 03:14:53,Medium,False,Good
9808,425,4,8,1010,1082,1355,0.005509,4,2024-05-17 12:55:07,Medium,True,Good
9809,266,4,9,1591,1326,1541,0.006469,5,2024-11-15 23:11:11,Medium,True,Good
9810,398,4,7,168,243,1273,0.001178,2,2024-05-29 10:44:28,Simple,True,Fair
9811,302,3,1,658,875,688,0.006426,3,2024-03-13 14:09:33,Medium,False,Good
9812,171,4,4,189,276,1883,0.001315,4,2024-04-13 00:20:27,Simple,True,Good
9813,312,2,2,1867,2693,500,0.023454,3,2024-03-14 21:36:16,Complex,True,Good
9814,293,4,3,2186,2056,2048,0.010936,5,2024-08-01 05:40:34,Complex,True,Good
9815,337,1,1,1564,1598,1753,0.015481,4,2024-12-20 00:26:26,Medium,True,Excellent
9816,401,1,6,197,279,2454,0.002654,2,2024-12-07 17:34:27,Simple,True,Fair
9817,253,2,2,450,387,3615,0.002882,4,2024-07-27 22:30:51,Simple,True,Excellent
9818,78,3,7,388,459,1334,0.003006,4,2024-03-18 18:52:33,Simple,True,Good
9819,368,1,1,937,853,2745,0.008761,5,2024-11-23 09:18:37,Medium,False,Excellent
9820,97,4,1,399,592,6485,0.002763,5,2024-04-25 01:21:56,Medium,True,Good
9821,325,1,1,1521,1283,1074,0.013792,4,2024-10-29 19:11:00,Medium,True,Excellent
9822,480,2,1,475,425,2521,0.003587,4,2024-12-30 18:35:14,Simple,True,Excellent
9823,375,4,2,896,806,2111,0.004279,4,2024-01-08 04:56:47,Medium,True,Good
9824,456,4,1,1249,1528,500,0.008154,4,2024-01-26 04:42:59,Medium,True,Good
9825,318,5,2,721,730,1442,0.002155,5,2024-08-22 17:53:42,Medium,True,Good
9826,460,3,6,2471,2866,1962,0.021039,4,2024-10-09 07:49:15,Complex,True,Good
9827,144,1,1,354,441,3299,0.004007,3,2024-11-04 16:53:29,Simple,True,Good
9828,478,4,5,909,1094,2515,0.00534,3,2024-02-23 08:56:41,Medium,True,Good
9829,351,1,7,1241,1402,4455,0.014273,3,2024-02-10 03:34:42,Medium,True,Good
9830,230,2,1,597,838,1391,0.006644,2,2024-10-22 16:54:53,Medium,True,Fair
9831,275,4,2,212,292,981,0.001466,4,2024-05-10 01:51:16,Simple,True,Good
9832,185,4,2,2326,2185,1150,0.010505,4,2024-06-06 18:38:19,Complex,False,Good
9833,110,1,2,988,1425,1008,0.013889,5,2024-11-13 20:15:13,Medium,True,Excellent
9834,456,1,2,620,734,3835,0.007265,1,2024-09-23 09:27:53,Medium,True,Fair
9835,175,4,1,370,348,1316,0.001852,5,2024-10-24 19:48:19,Simple,True,Good
9836,133,1,1,510,456,1103,0.004172,4,2024-12-10 07:39:26,Simple,True,Excellent
9837,483,1,1,684,1002,599,0.009968,5,2024-11-29 22:41:48,Medium,True,Excellent
9838,72,1,6,258,336,1730,0.003537,5,2024-11-20 23:12:37,Simple,True,Excellent
9839,310,1,2,501,770,1188,0.008338,3,2024-03-18 05:41:36,Medium,True,Good
9840,500,3,7,1995,2988,2017,0.02077,4,2024-05-27 11:07:24,Complex,True,Good
9841,98,4,1,829,1116,4196,0.005937,3,2024-10-03 09:08:13,Medium,True,Good
9842,340,1,3,794,1113,1000,0.012202,4,2024-12-05 09:51:01,Medium,True,Excellent
9843,120,2,1,782,1283,1545,0.011001,4,2024-03-31 03:34:13,Medium,True,Excellent
9844,198,2,2,1111,1014,500,0.00836,5,2024-01-09 15:55:10,Medium,True,Excellent
9845,322,1,2,223,251,1698,0.002407,5,2024-07-17 02:49:14,Simple,True,Excellent
9846,379,3,2,713,642,2656,0.004129,3,2024-09-24 12:59:39,Medium,True,Good
9847,156,4,2,1094,1304,5524,0.00715,2,2024-04-15 21:55:39,Medium,True,Fair
9848,100,1,1,332,450,1383,0.004617,3,2024-02-04 16:22:36,Simple,True,Good
9849,296,3,1,4042,4000,2073,0.029346,5,2024-06-15 00:34:56,Complex,True,Good
9850,373,1,1,1435,1493,1034,0.013841,2,2024-02-20 06:43:22,Medium,True,Fair
9851,478,4,2,766,917,1385,0.004691,4,2024-12-30 17:28:12,Medium,True,Good
9852,278,2,9,2345,2340,1775,0.018925,4,2024-11-05 05:07:39,Complex,True,Excellent
9853,300,4,1,370,338,1792,0.001546,2,2024-09-22 21:16:49,Simple,True,Fair
9854,414,4,1,1870,2464,1963,0.01349,4,2024-11-30 01:46:06,Complex,True,Good
9855,356,4,3,242,378,2136,0.001905,2,2024-10-09 00:27:05,Simple,True,Fair
9856,226,4,7,766,773,673,0.003972,4,2024-02-02 15:07:16,Medium,False,Good
9857,117,4,6,853,1077,1754,0.005866,5,2024-11-10 14:24:22,Medium,False,Good
9858,360,4,5,302,276,1222,0.001349,3,2024-05-24 09:44:32,Simple,False,Good
9859,70,4,3,312,433,2034,0.002108,5,2024-06-10 21:54:44,Simple,True,Good
9860,396,4,6,1173,1528,2360,0.007193,4,2024-01-05 00:30:53,Medium,False,Good
9861,5,1,3,398,632,2633,0.006122,3,2024-10-09 04:39:38,Medium,False,Good
9862,133,5,2,1399,1446,6387,0.004568,4,2024-11-24 04:36:45,Medium,False,Good
9863,80,4,8,1471,1519,3028,0.007818,5,2024-11-26 23:07:35,Medium,True,Good
9864,194,2,3,708,1122,500,0.00836,2,2024-07-20 10:38:08,Medium,True,Fair
9865,463,2,7,900,873,2303,0.006549,2,2024-11-03 08:33:29,Medium,True,Fair
9866,447,2,6,1322,2133,687,0.015969,4,2024-05-31 00:55:05,Complex,True,Excellent
9867,327,1,2,410,510,3447,0.005124,3,2024-10-16 00:50:58,Medium,False,Good
9868,315,4,2,441,694,3587,0.003576,3,2024-02-13 11:06:20,Medium,True,Good
9869,332,1,3,2619,2300,1617,0.022987,5,2024-10-17 00:24:28,Complex,True,Excellent
9870,371,5,1,1262,1062,1039,0.003111,5,2024-01-10 20:11:43,Medium,True,Good
9871,418,1,9,2043,1821,1655,0.018039,4,2024-03-16 14:15:12,Medium,True,Excellent
9872,133,4,3,1244,1223,1296,0.005694,4,2024-04-06 13:50:29,Medium,True,Good
9873,230,5,7,1687,2671,1239,0.008571,5,2024-07-29 06:05:16,Complex,True,Good
9874,97,4,7,1454,1274,1625,0.006806,4,2024-01-10 03:57:54,Medium,True,Good
9875,144,1,2,4287,4000,2283,0.042634,5,2024-04-09 12:31:53,Complex,True,Excellent
9876,94,1,8,1129,1473,1469,0.015566,2,2024-03-06 17:59:44,Medium,True,Fair
9877,392,4,2,503,512,820,0.002326,3,2024-05-18 17:11:31,Medium,True,Good
9878,456,2,1,137,197,500,0.001444,4,2024-12-15 05:49:07,Simple,True,Excellent
9879,493,4,2,1260,1527,1849,0.006975,2,2024-06-13 00:03:31,Medium,True,Fair
9880,74,4,1,1032,1199,936,0.005784,4,2024-04-26 22:38:58,Medium,True,Good
9881,456,3,2,462,457,1301,0.003294,5,2024-07-30 16:46:38,Simple,True,Good
9882,325,4,3,223,324,1560,0.001507,5,2024-04-11 07:52:01,Simple,True,Good
9883,489,2,1,1815,1743,7027,0.01323,3,2024-02-14 08:25:44,Medium,True,Good
9884,187,1,4,1122,1747,1751,0.019115,4,2024-06-20 03:49:02,Medium,True,Excellent
9885,473,1,2,1500,1322,817,0.013754,5,2024-07-05 23:40:34,Medium,False,Excellent
9886,244,1,7,560,500,1301,0.004767,4,2024-11-15 11:53:11,Medium,True,Excellent
9887,203,3,7,492,767,2611,0.005137,3,2024-05-12 17:03:52,Medium,True,Good
9888,489,2,3,797,803,1742,0.005941,4,2024-02-02 10:03:42,Medium,True,Excellent
9889,29,4,1,447,562,4380,0.003037,4,2024-02-03 18:50:03,Medium,False,Good
9890,90,4,5,1249,1165,763,0.005244,5,2024-07-14 03:40:21,Medium,True,Good
9891,47,3,1,523,706,1851,0.005069,3,2024-10-06 07:18:22,Medium,True,Good
9892,37,4,1,505,462,3062,0.00214,5,2024-09-29 01:36:11,Simple,True,Good
9893,149,2,2,1499,1391,1471,0.01011,4,2024-05-22 16:13:23,Medium,True,Excellent
9894,484,1,7,984,1411,1742,0.01294,4,2024-01-09 03:30:31,Medium,True,Excellent
9895,318,4,2,1725,2153,2551,0.009942,4,2024-09-07 12:37:06,Complex,False,Good
9896,368,2,1,897,1054,1664,0.008603,5,2024-02-11 14:20:30,Medium,True,Excellent
9897,352,4,2,865,859,914,0.004595,4,2024-03-04 14:18:52,Medium,True,Good
9898,469,1,2,3076,3177,2317,0.029335,1,2024-11-20 12:23:56,Complex,True,Fair
9899,172,2,2,579,505,3953,0.004131,3,2024-09-04 08:36:44,Medium,True,Good
9900,469,4,6,566,479,792,0.002247,4,2024-08-19 15:22:19,Simple,True,Good
9901,396,1,1,1293,1576,2708,0.016943,4,2024-02-20 15:34:47,Medium,True,Excellent
9902,146,1,1,1233,1479,874,0.01565,5,2024-07-03 00:50:04,Medium,False,Excellent
9903,434,4,3,2311,2310,500,0.01067,4,2024-11-20 00:49:46,Complex,True,Good
9904,15,4,4,588,512,2188,0.002346,2,2024-11-18 04:05:12,Medium,False,Fair
9905,363,1,7,495,641,724,0.005877,4,2024-03-28 19:08:47,Medium,True,Excellent
9906,435,4,7,812,988,1472,0.004822,2,2024-03-25 08:33:36,Medium,True,Fair
9907,197,4,1,586,916,2627,0.004769,4,2024-01-04 04:29:57,Medium,True,Good
9908,345,3,1,1500,2285,834,0.015755,3,2024-08-11 02:17:05,Complex,True,Good
9909,29,1,1,231,226,1845,0.002438,4,2024-05-18 07:46:54,Simple,True,Excellent
9910,417,4,1,615,532,3567,0.002881,2,2024-03-21 07:54:30,Medium,False,Fair
9911,258,3,2,816,833,1092,0.006255,5,2024-11-11 12:06:22,Medium,False,Good
9912,97,4,2,1050,990,1395,0.005167,4,2024-09-29 13:03:06,Medium,True,Good
9913,194,2,2,740,732,3188,0.005854,1,2024-11-16 03:25:22,Medium,True,Fair
9914,222,4,1,1000,979,1998,0.004468,4,2024-09-01 17:30:10,Medium,True,Good
9915,16,2,1,997,1049,3059,0.008998,4,2024-01-31 14:32:37,Medium,False,Excellent
9916,474,1,4,403,470,1063,0.004375,5,2024-06-09 22:31:37,Simple,True,Excellent
9917,323,4,4,446,655,1238,0.003317,4,2024-02-21 08:18:55,Medium,True,Good
9918,81,4,2,1527,2485,1261,0.011608,5,2024-12-21 23:33:44,Complex,False,Good
9919,158,2,1,234,224,1372,0.001687,4,2024-02-06 13:48:40,Simple,True,Excellent
9920,229,1,6,853,1114,1529,0.010393,5,2024-01-12 18:47:01,Medium,True,Excellent
9921,235,5,2,763,756,2352,0.002374,5,2024-05-18 06:02:18,Medium,False,Good
9922,135,2,6,931,1122,949,0.008597,4,2024-10-27 21:40:18,Medium,True,Excellent
9923,117,2,6,1458,1466,1248,0.011394,4,2024-12-11 06:01:11,Medium,True,Excellent
9924,445,4,1,1670,2413,1835,0.011788,5,2024-10-03 07:35:50,Complex,True,Good
9925,20,3,2,1394,1594,5264,0.01106,4,2024-11-23 10:56:27,Medium,True,Good
9926,309,4,9,870,1294,1816,0.006984,4,2024-05-06 02:55:52,Medium,False,Good
9927,267,2,6,696,977,889,0.007285,4,2024-10-31 08:46:41,Medium,False,Excellent
9928,428,2,2,245,400,2168,0.003398,4,2024-10-09 22:57:02,Simple,True,Excellent
9929,277,1,6,810,1125,1482,0.010713,4,2024-10-16 06:44:03,Medium,True,Excellent
9930,82,2,4,293,429,769,0.003131,1,2024-12-05 19:38:07,Simple,True,Fair
9931,23,4,3,2349,1996,1528,0.010114,4,2024-05-14 05:30:38,Medium,True,Good
9932,8,2,1,701,1120,2725,0.009052,4,2024-04-09 02:29:42,Medium,True,Excellent
9933,52,2,9,1321,1225,1152,0.009381,4,2024-07-22 18:26:38,Medium,True,Excellent
9934,492,3,4,771,1032,580,0.006884,3,2024-12-09 07:47:32,Medium,False,Good
9935,49,3,2,2515,2107,2445,0.01384,5,2024-04-04 21:11:39,Complex,True,Good
9936,455,4,2,1777,1518,1932,0.007958,3,2024-08-15 21:56:47,Medium,True,Good
9937,7,3,2,895,856,3653,0.005816,3,2024-10-05 05:50:41,Medium,False,Good
9938,218,5,4,172,222,1557,0.000692,4,2024-12-18 03:07:08,Simple,False,Good
9939,43,1,4,1936,2692,2060,0.028715,5,2024-07-25 11:53:11,Complex,True,Excellent
9940,189,1,6,2981,4000,1339,0.039759,4,2024-12-07 04:37:33,Complex,True,Excellent
9941,444,3,7,543,570,3241,0.003641,4,2024-03-22 23:47:57,Medium,True,Good
9942,359,1,3,926,773,2666,0.008145,4,2024-10-16 23:27:05,Medium,True,Excellent
9943,159,1,1,891,839,2280,0.008934,3,2024-05-12 01:27:21,Medium,False,Good
9944,396,4,1,680,755,888,0.004009,3,2024-07-25 15:30:10,Medium,True,Good
9945,258,1,6,588,769,2146,0.007789,5,2024-03-16 09:09:27,Medium,False,Excellent
9946,171,4,9,904,1019,2509,0.005221,4,2024-02-18 21:41:41,Medium,False,Good
9947,320,2,8,825,1016,6169,0.007951,5,2024-04-19 19:27:03,Medium,True,Excellent
9948,363,4,3,453,483,2245,0.002473,5,2024-09-25 08:14:20,Simple,True,Good
9949,101,4,2,526,742,4066,0.00363,4,2024-09-11 16:01:48,Medium,True,Good
9950,449,4,5,671,767,865,0.003611,4,2024-10-21 05:51:09,Medium,True,Good
9951,112,2,1,707,884,2877,0.006723,4,2024-05-09 14:20:31,Medium,True,Excellent
9952,465,1,1,799,716,1978,0.00698,5,2024-10-10 18:33:24,Medium,True,Excellent
9953,184,4,3,222,347,1857,0.001865,5,2024-05-14 21:21:38,Simple,True,Good
9954,482,3,9,663,684,2072,0.005072,4,2024-12-20 10:33:19,Medium,True,Good
9955,236,4,6,3359,3684,3815,0.01662,5,2024-04-09 11:34:19,Complex,True,Good
9956,27,2,1,441,632,2331,0.004948,4,2024-05-06 04:22:38,Medium,True,Excellent
9957,164,2,2,380,495,1587,0.003616,4,2024-08-16 00:57:05,Simple,True,Excellent
9958,459,1,6,462,605,3468,0.00649,3,2024-01-17 03:37:31,Medium,False,Good
9959,307,4,1,564,595,1278,0.002856,5,2024-08-15 09:59:40,Medium,True,Good
9960,321,1,1,504,767,1717,0.007586,3,2024-09-22 14:54:22,Medium,True,Good
9961,203,2,1,296,399,968,0.003176,4,2024-12-09 02:16:38,Simple,True,Excellent
9962,498,2,3,684,723,2493,0.005751,3,2024-11-14 18:06:00,Medium,True,Good
9963,315,2,8,891,1431,1531,0.011091,2,2024-06-10 11:04:21,Medium,True,Fair
9964,391,4,2,1241,1302,1463,0.007073,4,2024-11-29 03:44:18,Medium,True,Good
9965,141,1,2,1082,929,1563,0.010208,3,2024-07-24 19:10:44,Medium,True,Good
9966,88,3,2,1432,2266,4000,0.015436,4,2024-03-04 13:38:57,Complex,True,Good
9967,287,4,2,2976,2559,1233,0.012464,4,2024-06-16 04:29:16,Complex,False,Good
9968,450,4,6,608,593,664,0.002926,5,2024-12-01 11:59:55,Medium,True,Good
9969,114,1,9,712,967,1296,0.010607,4,2024-02-24 11:41:13,Medium,True,Excellent
9970,379,1,6,1248,1535,647,0.016529,3,2024-04-13 12:54:32,Medium,True,Good
9971,485,4,1,1152,1002,2423,0.004521,2,2024-08-03 06:19:42,Medium,True,Fair
9972,456,5,1,2021,1855,847,0.005707,3,2024-11-20 19:02:33,Medium,True,Good
9973,257,1,6,155,210,3412,0.002123,5,2024-07-31 08:44:22,Simple,True,Excellent
9974,166,4,1,1037,1393,1747,0.006549,5,2024-11-03 23:07:26,Medium,True,Good
9975,166,1,2,2292,2746,1933,0.028062,4,2024-01-04 12:41:26,Complex,True,Excellent
9976,246,1,1,2921,2483,771,0.023776,5,2024-06-08 07:04:39,Complex,True,Excellent
9977,477,1,8,649,784,4868,0.007656,4,2024-04-25 12:49:54,Medium,True,Excellent
9978,249,4,3,687,775,1369,0.003895,5,2024-03-07 16:32:12,Medium,True,Good
9979,445,1,1,743,1160,986,0.010514,5,2024-11-18 21:43:45,Medium,True,Excellent
9980,41,4,1,4283,4000,808,0.019587,3,2024-04-19 15:15:43,Complex,False,Good
9981,336,3,2,993,1495,1352,0.010271,4,2024-06-16 08:56:02,Medium,True,Good
9982,247,1,6,627,912,2436,0.008323,3,2024-10-12 09:34:26,Medium,False,Good
9983,359,2,5,1092,1265,2881,0.010389,4,2024-09-29 10:59:48,Medium,True,Excellent
9984,164,2,1,671,1030,1975,0.008411,5,2024-07-12 18:16:56,Medium,True,Excellent
9985,131,1,1,848,929,7386,0.008754,5,2024-06-08 18:34:10,Medium,True,Excellent
9986,17,2,2,549,868,1864,0.006836,2,2024-01-12 08:51:17,Medium,True,Fair
9987,297,4,2,562,535,3865,0.002634,4,2024-12-22 12:31:52,Medium,True,Good
9988,1,4,2,270,387,500,0.001964,4,2024-11-18 05:54:58,Simple,True,Good
9989,84,3,8,640,629,630,0.004178,5,2024-11-09 12:39:33,Medium,False,Good
9990,500,2,3,1029,933,2160,0.006753,1,2024-09-09 23:25:28,Medium,True,Fair
9991,7,1,2,176,250,818,0.002699,3,2024-02-24 20:25:57,Simple,True,Good
9992,325,1,1,434,405,3006,0.004312,2,2024-08-06 22:53:19,Simple,True,Fair
9993,494,5,3,329,414,2112,0.001193,4,2024-08-18 07:16:50,Simple,True,Good
9994,249,2,4,684,767,973,0.006217,4,2024-09-06 05:06:41,Medium,True,Excellent
9995,313,5,1,1258,1182,12000,0.003546,5,2024-05-08 07:57:02,Medium,True,Good
9996,184,2,4,1452,2300,2309,0.018787,5,2024-08-11 09:00:28,Complex,True,Excellent
9997,332,1,2,317,328,2458,0.003574,3,2024-03-03 16:10:13,Simple,True,Good
9998,185,2,3,2637,2954,2620,0.022163,4,2024-02-12 12:52:22,Complex,True,Excellent
9999,60,1,3,818,758,2862,0.007467,2,2024-10-06 13:28:35,Medium,False,Fair
10000,491,1,1,957,1480,2146,0.015777,2,2024-06-06 15:46:53,Medium,True,Fair
